2026-10-07T15:30:56.4978413Z Current runner version: '2.337.0'
2026-10-07T15:30:56.5001915Z ##[group]Runner Image Provisioner
2026-10-07T15:30:56.5003166Z Hosted Compute Agent
2026-10-07T15:30:56.5004032Z Version: 20261002.596
2026-10-07T15:30:56.5005022Z Commit: c3d12f3313a95f25162a1503be624f3b0617f8c0
2026-10-07T15:30:56.5006257Z Build Date: 2026-10-02T22:28:27Z
2026-10-07T15:30:56.5007094Z Worker ID: {64749f6e-6dd5-4679-a679-e2e3713d56b4}
2026-10-07T15:30:56.5007830Z Region: eastus
2026-10-07T15:30:56.5008394Z Cloud: Azure
2026-10-07T15:30:56.5009123Z ##[endgroup]
2026-10-07T15:30:56.5010709Z ##[group]Operating System
2026-10-07T15:30:56.5011340Z Microsoft Windows Server 2022
2026-10-07T15:30:56.5012176Z 10.0.20348
2026-10-07T15:30:56.5012841Z Datacenter
2026-10-07T15:30:56.5013629Z ##[endgroup]
2026-10-07T15:30:56.5014240Z ##[group]Runner Image
2026-10-07T15:30:56.5014790Z Image: windows-2022
2026-10-07T15:30:56.5015356Z Version: 20261004.326.1
2026-10-07T15:30:56.5017078Z Included Software: https://github.com/actions/runner-images/blob/win22/20261004.326/images/windows/Windows2022-Readme.md
2026-10-07T15:30:56.5019087Z Image Release: https://github.com/actions/runner-images/releases/tag/win22%2F20261004.326
2026-10-07T15:30:56.5020072Z ##[endgroup]
2026-10-07T15:30:56.5021189Z ##[group]GITHUB_TOKEN Permissions
2026-10-07T15:30:56.5023318Z Contents: read
2026-10-07T15:30:56.5023960Z Metadata: read
2026-10-07T15:30:56.5024480Z ##[endgroup]
2026-10-07T15:30:56.5026404Z Secret source: Actions
2026-10-07T15:30:56.5027316Z Cache mode: write
2026-10-07T15:30:56.5027977Z Prepare workflow directory
2026-10-07T15:30:56.5368421Z Prepare all required actions
2026-10-07T15:30:56.5414582Z Getting action download info
2026-10-07T15:30:56.7135230Z Download action repository 'actions/checkout@de0fac2e4500dabe0009e67214ff5f5447ce83dd' (SHA:de0fac2e4500dabe0009e67214ff5f5447ce83dd)
2026-10-07T15:30:56.8284014Z Download action repository 'compnerd/gha-setup-swift@bbae8ce86bac5a3449f3992b3d88bc4ca25f2057' (SHA:bbae8ce86bac5a3449f3992b3d88bc4ca25f2057)
2026-10-07T15:30:56.9514939Z Download action repository 'actions/upload-artifact@ea165f8d65b6e75b540449e92b4886f43607fa02' (SHA:ea165f8d65b6e75b540449e92b4886f43607fa02)
2026-10-07T15:30:57.2887408Z Getting action download info
2026-10-07T15:30:57.3952449Z Download action repository 'actions/cache@v6' (SHA:55cc8345863c7cc4c66a329aec7e433d2d1c52a9)
2026-10-07T15:30:57.5213031Z Download action repository 'actions/upload-artifact@v4' (SHA:ea165f8d65b6e75b540449e92b4886f43607fa02)
2026-10-07T15:30:57.6744333Z Download action repository 'compnerd/gha-setup-vsdevenv@f1ba60d553a3216ce1b89abe0201213536bc7557' (SHA:f1ba60d553a3216ce1b89abe0201213536bc7557)
2026-10-07T15:30:57.9040288Z Complete job name: windows
2026-10-07T15:30:58.0861411Z ##[group]Run actions/checkout@de0fac2e4500dabe0009e67214ff5f5447ce83dd
2026-10-07T15:30:58.0863113Z with:
2026-10-07T15:30:58.0863898Z   repository: rossbuckley1990-hash/rightclick
2026-10-07T15:30:58.0871151Z   token: ***
2026-10-07T15:30:58.0871904Z   ssh-strict: true
2026-10-07T15:30:58.0872648Z   ssh-user: git
2026-10-07T15:30:58.0873399Z   persist-credentials: true
2026-10-07T15:30:58.0874221Z   clean: true
2026-10-07T15:30:58.0874977Z   sparse-checkout-cone-mode: true
2026-10-07T15:30:58.0875844Z   fetch-depth: 1
2026-10-07T15:30:58.0876568Z   fetch-tags: false
2026-10-07T15:30:58.0877304Z   show-progress: true
2026-10-07T15:30:58.0878054Z   lfs: false
2026-10-07T15:30:58.0878749Z   submodules: false
2026-10-07T15:30:58.0879497Z   set-safe-directory: true
2026-10-07T15:30:58.0880499Z ##[endgroup]
2026-10-07T15:30:58.2237524Z Syncing repository: rossbuckley1990-hash/rightclick
2026-10-07T15:30:58.2240012Z ##[group]Getting Git version info
2026-10-07T15:30:58.2241156Z Working directory is 'D:\a\rightclick\rightclick'
2026-10-07T15:30:58.3205306Z [command]"C:\Program Files\Git\bin\git.exe" version
2026-10-07T15:30:58.6783665Z git version 2.56.0.windows.1
2026-10-07T15:30:58.6825350Z ##[endgroup]
2026-10-07T15:30:58.6842532Z Temporarily overriding HOME='D:\a\_temp\7c2dc9af-e847-4391-b05e-5af6d3962e82' before making global git config changes
2026-10-07T15:30:58.6847829Z Adding repository directory to the temporary git global config as a safe directory
2026-10-07T15:30:58.6853497Z [command]"C:\Program Files\Git\bin\git.exe" config --global --add safe.directory D:\a\rightclick\rightclick
2026-10-07T15:30:58.7407658Z Deleting the contents of 'D:\a\rightclick\rightclick'
2026-10-07T15:30:58.7412996Z ##[group]Initializing the repository
2026-10-07T15:30:58.7420632Z [command]"C:\Program Files\Git\bin\git.exe" init D:\a\rightclick\rightclick
2026-10-07T15:30:58.8224033Z Initialized empty Git repository in D:/a/rightclick/rightclick/.git/
2026-10-07T15:30:58.8255132Z [command]"C:\Program Files\Git\bin\git.exe" remote add origin https://github.com/rossbuckley1990-hash/rightclick
2026-10-07T15:30:58.8782789Z ##[endgroup]
2026-10-07T15:30:58.8784238Z ##[group]Disabling automatic garbage collection
2026-10-07T15:30:58.8790056Z [command]"C:\Program Files\Git\bin\git.exe" config --local gc.auto 0
2026-10-07T15:30:58.9059035Z ##[endgroup]
2026-10-07T15:30:58.9060550Z ##[group]Setting up auth
2026-10-07T15:30:58.9061563Z Removing SSH command configuration
2026-10-07T15:30:58.9069953Z [command]"C:\Program Files\Git\bin\git.exe" config --local --name-only --get-regexp core\.sshCommand
2026-10-07T15:30:58.9358465Z [command]"C:\Program Files\Git\bin\git.exe" submodule foreach --recursive "sh -c \"git config --local --name-only --get-regexp 'core\.sshCommand' && git config --local --unset-all 'core.sshCommand' || :\""
2026-10-07T15:31:00.4014812Z Removing HTTP extra header
2026-10-07T15:31:00.4024869Z [command]"C:\Program Files\Git\bin\git.exe" config --local --name-only --get-regexp http\.https\:\/\/github\.com\/\.extraheader
2026-10-07T15:31:00.4302123Z [command]"C:\Program Files\Git\bin\git.exe" submodule foreach --recursive "sh -c \"git config --local --name-only --get-regexp 'http\.https\:\/\/github\.com\/\.extraheader' && git config --local --unset-all 'http.https://github.com/.extraheader' || :\""
2026-10-07T15:31:00.8930424Z Removing includeIf entries pointing to credentials config files
2026-10-07T15:31:00.8952160Z [command]"C:\Program Files\Git\bin\git.exe" config --local --name-only --get-regexp ^includeIf\.gitdir:
2026-10-07T15:31:00.9246492Z [command]"C:\Program Files\Git\bin\git.exe" submodule foreach --recursive "git config --local --show-origin --name-only --get-regexp remote.origin.url"
2026-10-07T15:31:01.3956300Z [command]"C:\Program Files\Git\bin\git.exe" config --file D:\a\_temp\git-credentials-14f89871-8ebb-404d-abcb-0d6250eca026.config http.https://github.com/.extraheader "AUTHORIZATION: basic ***"
2026-10-07T15:31:01.4244753Z [command]"C:\Program Files\Git\bin\git.exe" config --local includeIf.gitdir:D:/a/rightclick/rightclick/.git.path D:\a\_temp\git-credentials-14f89871-8ebb-404d-abcb-0d6250eca026.config
2026-10-07T15:31:01.4523332Z [command]"C:\Program Files\Git\bin\git.exe" config --local includeIf.gitdir:D:/a/rightclick/rightclick/.git/worktrees/*.path D:\a\_temp\git-credentials-14f89871-8ebb-404d-abcb-0d6250eca026.config
2026-10-07T15:31:01.4846892Z [command]"C:\Program Files\Git\bin\git.exe" config --local includeIf.gitdir:/github/workspace/.git.path /github/runner_temp/git-credentials-14f89871-8ebb-404d-abcb-0d6250eca026.config
2026-10-07T15:31:01.5118805Z [command]"C:\Program Files\Git\bin\git.exe" config --local includeIf.gitdir:/github/workspace/.git/worktrees/*.path /github/runner_temp/git-credentials-14f89871-8ebb-404d-abcb-0d6250eca026.config
2026-10-07T15:31:01.5385219Z ##[endgroup]
2026-10-07T15:31:01.5385876Z ##[group]Fetching the repository
2026-10-07T15:31:01.5396887Z [command]"C:\Program Files\Git\bin\git.exe" -c protocol.version=2 fetch --no-tags --prune --no-recurse-submodules --depth=1 origin +1b5a566b0d32c828bdc36305422281233ce89fee:refs/remotes/pull/52/merge
2026-10-07T15:31:02.8751363Z From https://github.com/rossbuckley1990-hash/rightclick
2026-10-07T15:31:02.8752113Z  * [new ref]         1b5a566b0d32c828bdc36305422281233ce89fee -> pull/52/merge
2026-10-07T15:31:02.8778547Z ##[endgroup]
2026-10-07T15:31:02.8779443Z ##[group]Determining the checkout info
2026-10-07T15:31:02.8780396Z ##[endgroup]
2026-10-07T15:31:02.8789243Z [command]"C:\Program Files\Git\bin\git.exe" sparse-checkout disable
2026-10-07T15:31:02.9221470Z [command]"C:\Program Files\Git\bin\git.exe" config --local --unset-all extensions.worktreeConfig
2026-10-07T15:31:02.9495388Z ##[group]Checking out the ref
2026-10-07T15:31:02.9496017Z [command]"C:\Program Files\Git\bin\git.exe" checkout --progress --force refs/remotes/pull/52/merge
2026-10-07T15:31:03.3786883Z Note: switching to 'refs/remotes/pull/52/merge'.
2026-10-07T15:31:03.3787350Z 
2026-10-07T15:31:03.3787769Z You are in 'detached HEAD' state. You can look around, make experimental
2026-10-07T15:31:03.3788698Z changes and commit them, and you can discard any commits you make in this
2026-10-07T15:31:03.3790223Z state without impacting any branches by switching back to a branch.
2026-10-07T15:31:03.3790802Z 
2026-10-07T15:31:03.3791205Z If you want to create a new branch to retain commits you create, you may
2026-10-07T15:31:03.3792040Z do so (now or later) by using -c with the switch command. Example:
2026-10-07T15:31:03.3792505Z 
2026-10-07T15:31:03.3792712Z   git switch -c <new-branch-name>
2026-10-07T15:31:03.3793892Z 
2026-10-07T15:31:03.3794064Z Or undo this operation with:
2026-10-07T15:31:03.3794363Z 
2026-10-07T15:31:03.3794504Z   git switch -
2026-10-07T15:31:03.3794697Z 
2026-10-07T15:31:03.3795069Z Turn off this advice by setting config variable advice.detachedHead to false
2026-10-07T15:31:03.3795644Z 
2026-10-07T15:31:03.3796338Z HEAD is now at 1b5a566 Merge 018c96cc812ad402f90df01027396d3780d145e7 into 7622c133d6db92424f0b959880fa09d7655daad2
2026-10-07T15:31:03.3850937Z ##[endgroup]
2026-10-07T15:31:03.4237583Z [command]"C:\Program Files\Git\bin\git.exe" log -1 --format=%H
2026-10-07T15:31:03.4497893Z 1b5a566b0d32c828bdc36305422281233ce89fee
2026-10-07T15:31:03.5116785Z ##[group]Run compnerd/gha-setup-swift@bbae8ce86bac5a3449f3992b3d88bc4ca25f2057
2026-10-07T15:31:03.5117264Z with:
2026-10-07T15:31:03.5117460Z   swift-version: swift-6.2-release
2026-10-07T15:31:03.5117713Z   swift-build: 6.2-RELEASE
2026-10-07T15:31:03.5117921Z   source: swift.org
2026-10-07T15:31:03.5118102Z   build_arch: amd64
2026-10-07T15:31:03.5118291Z   update-sdk-modules: false
2026-10-07T15:31:03.5118503Z   cache: false
2026-10-07T15:31:03.5118675Z ##[endgroup]
2026-10-07T15:31:03.5182066Z ##[start-action display=Handle deprecated parameters and validate inputs;id=__compnerd_gha-setup-swift.__run]
2026-10-07T15:31:03.5320435Z ##[group]Run # Handle backward compatibility for deprecated parameters
2026-10-07T15:31:03.5321013Z [36;1m# Handle backward compatibility for deprecated parameters[0m
2026-10-07T15:31:03.5321397Z [36;1m$SwiftVersion = "swift-6.2-release"[0m
2026-10-07T15:31:03.5321685Z [36;1m$SwiftBuild = "6.2-RELEASE"[0m
2026-10-07T15:31:03.5321973Z [36;1m[0m
2026-10-07T15:31:03.5322294Z [36;1m# Ensure that only the deprecated or the new parameter set is used at one time.[0m
2026-10-07T15:31:03.5322763Z [36;1m$errors = @([0m
2026-10-07T15:31:03.5323466Z [36;1m  if (![String]::IsNullOrEmpty("") -and ![String]::IsNullOrEmpty($SwiftVersion)) { "Cannot specify both 'branch' (deprecated) and 'swift-version'. Please use only 'swift-version'." }[0m
2026-10-07T15:31:03.5324629Z [36;1m  if (![String]::IsNullOrEmpty("") -and ![String]::IsNullOrEmpty($SwiftBuild)) { "Cannot specify both 'tag' (deprecated) and 'swift-build'. Please use only 'swift-build'." }[0m
2026-10-07T15:31:03.5325356Z [36;1m)[0m
2026-10-07T15:31:03.5325638Z [36;1mforeach ($error in $errors) { Write-Host "::error::$error" }[0m
2026-10-07T15:31:03.5325977Z [36;1mif ($errors) { exit 1 }[0m
2026-10-07T15:31:03.5326190Z [36;1m[0m
2026-10-07T15:31:03.5326406Z [36;1m# Handle deprecated parameters with warnings.[0m
2026-10-07T15:31:03.5326733Z [36;1mif (![String]::IsNullOrEmpty("")) {[0m
2026-10-07T15:31:03.5327533Z [36;1m  Write-Host "::warning::The 'branch' input is deprecated and will be removed in a future version. Please use 'swift-version' instead."[0m
2026-10-07T15:31:03.5328117Z [36;1m  $SwiftVersion = ""[0m
2026-10-07T15:31:03.5328320Z [36;1m}[0m
2026-10-07T15:31:03.5328474Z [36;1m[0m
2026-10-07T15:31:03.5328655Z [36;1mif (![String]::IsNullOrEmpty("")) {[0m
2026-10-07T15:31:03.5329220Z [36;1m  Write-Host "::warning::The 'tag' input is deprecated and will be removed in a future version. Please use 'swift-build' instead."[0m
2026-10-07T15:31:03.5329788Z [36;1m  $SwiftBuild = ""[0m
2026-10-07T15:31:03.5354935Z [36;1m}[0m
2026-10-07T15:31:03.5355156Z [36;1m[0m
2026-10-07T15:31:03.5355348Z [36;1mswitch ("swift.org") {[0m
2026-10-07T15:31:03.5355589Z [36;1m  "swift.org" {[0m
2026-10-07T15:31:03.5355810Z [36;1m    if (-not $SwiftVersion) {[0m
2026-10-07T15:31:03.5356221Z [36;1m      Write-Host "::error::swift-version is required when using swift.org source"[0m
2026-10-07T15:31:03.5356629Z [36;1m      exit 1[0m
2026-10-07T15:31:03.5356815Z [36;1m    }[0m
2026-10-07T15:31:03.5356975Z [36;1m[0m
2026-10-07T15:31:03.5357145Z [36;1m    if (-not $SwiftBuild) {[0m
2026-10-07T15:31:03.5357523Z [36;1m      Write-Host "::error::swift-build is required when using swift.org source"[0m
2026-10-07T15:31:03.5357914Z [36;1m      exit 1[0m
2026-10-07T15:31:03.5358093Z [36;1m    }[0m
2026-10-07T15:31:03.5358250Z [36;1m  }[0m
2026-10-07T15:31:03.5358408Z [36;1m[0m
2026-10-07T15:31:03.5358565Z [36;1m  "custom" {[0m
2026-10-07T15:31:03.5358755Z [36;1m    if (-not "") {[0m
2026-10-07T15:31:03.5359089Z [36;1m      Write-Host "::error::github-repo is required when using custom source"[0m
2026-10-07T15:31:03.5359468Z [36;1m      exit 1[0m
2026-10-07T15:31:03.5359642Z [36;1m    }[0m
2026-10-07T15:31:03.5359803Z [36;1m[0m
2026-10-07T15:31:03.5359962Z [36;1m    if (-not "") {[0m
2026-10-07T15:31:03.5362304Z [36;1m      Write-Host "::error::release-tag-name is required when using custom source"[0m
2026-10-07T15:31:03.5362795Z [36;1m      exit 1[0m
2026-10-07T15:31:03.5362997Z [36;1m    }[0m
2026-10-07T15:31:03.5363161Z [36;1m[0m
2026-10-07T15:31:03.5363325Z [36;1m    if (-not "") {[0m
2026-10-07T15:31:03.5363718Z [36;1m      Write-Host "::error::release-asset-name is required when using custom source"[0m
2026-10-07T15:31:03.5364123Z [36;1m      exit 1[0m
2026-10-07T15:31:03.5364310Z [36;1m    }[0m
2026-10-07T15:31:03.5364472Z [36;1m  }[0m
2026-10-07T15:31:03.5364632Z [36;1m}[0m
2026-10-07T15:31:03.5364787Z [36;1m[0m
2026-10-07T15:31:03.5365020Z [36;1m# Export resolved values for use in subsequent steps.[0m
2026-10-07T15:31:03.5365619Z [36;1mWrite-Output "RESOLVED_SWIFT_VERSION=$SwiftVersion" | Out-File -FilePath $env:GITHUB_ENV -Encoding utf8 -Append[0m
2026-10-07T15:31:03.5366405Z [36;1mWrite-Output "RESOLVED_SWIFT_BUILD=$SwiftBuild" | Out-File -FilePath $env:GITHUB_ENV -Encoding utf8 -Append[0m
2026-10-07T15:31:03.5468580Z shell: C:\Program Files\PowerShell\7\pwsh.EXE -command ". '{0}'"
2026-10-07T15:31:03.5468933Z ##[endgroup]
2026-10-07T15:31:03.9950362Z ##[end-action id=__compnerd_gha-setup-swift.__run;outcome=success;conclusion=success;duration_ms=476]
2026-10-07T15:31:03.9952942Z ##[start-action display=Validate Linux distribution;id=__compnerd_gha-setup-swift.__run_2]
2026-10-07T15:31:03.9969144Z ##[end-action id=__compnerd_gha-setup-swift.__run_2;outcome=skipped;conclusion=skipped;duration_ms=0]
2026-10-07T15:31:03.9972130Z ##[start-action display=Generate cache key (Windows);id=__compnerd_gha-setup-swift.cache-key]
2026-10-07T15:31:03.9979692Z ##[end-action id=__compnerd_gha-setup-swift.cache-key;outcome=skipped;conclusion=skipped;duration_ms=0]
2026-10-07T15:31:03.9981810Z ##[start-action display=Generate cache key (Linux/macOS);id=__compnerd_gha-setup-swift.cache-key-posix]
2026-10-07T15:31:03.9989176Z ##[end-action id=__compnerd_gha-setup-swift.cache-key-posix;outcome=skipped;conclusion=skipped;duration_ms=0]
2026-10-07T15:31:03.9991321Z ##[start-action display=Restore cached toolchain;id=__compnerd_gha-setup-swift.cache-restore]
2026-10-07T15:31:03.9994756Z ##[end-action id=__compnerd_gha-setup-swift.cache-restore;outcome=skipped;conclusion=skipped;duration_ms=0]
2026-10-07T15:31:03.9997358Z ##[start-action display=Fetch installer from GitHub release (Windows);id=__compnerd_gha-setup-swift.__run_3]
2026-10-07T15:31:04.0006084Z ##[end-action id=__compnerd_gha-setup-swift.__run_3;outcome=skipped;conclusion=skipped;duration_ms=0]
2026-10-07T15:31:04.0008827Z ##[start-action display=Fetch installer from GitHub release (Linux/macOS);id=__compnerd_gha-setup-swift.__run_4]
2026-10-07T15:31:04.0013208Z ##[end-action id=__compnerd_gha-setup-swift.__run_4;outcome=skipped;conclusion=skipped;duration_ms=0]
2026-10-07T15:31:04.0015048Z ##[start-action display=Fetch installer from swift.org;id=__compnerd_gha-setup-swift.__run_5]
2026-10-07T15:31:04.0129715Z ##[group]Run # Download the appropriate installer
2026-10-07T15:31:04.0130093Z [36;1m# Download the appropriate installer[0m
2026-10-07T15:31:04.0130388Z [36;1m$URL = if ("amd64" -eq "amd64") {[0m
2026-10-07T15:31:04.0131070Z [36;1m  "https://download.swift.org/${env:RESOLVED_SWIFT_VERSION}/windows10/swift-${env:RESOLVED_SWIFT_BUILD}/swift-${env:RESOLVED_SWIFT_BUILD}-windows10.exe"[0m
2026-10-07T15:31:04.0131718Z [36;1m} else {[0m
2026-10-07T15:31:04.0132335Z [36;1m  "https://download.swift.org/${env:RESOLVED_SWIFT_VERSION}/windows10-amd64/swift-${env:RESOLVED_SWIFT_BUILD}/swift-${env:RESOLVED_SWIFT_BUILD}-windows10-amd64.exe"[0m
2026-10-07T15:31:04.0133008Z [36;1m}[0m
2026-10-07T15:31:04.0133165Z [36;1m[0m
2026-10-07T15:31:04.0133401Z [36;1m$Path = [IO.Path]::Combine(${env:Temp}, "installer.exe")[0m
2026-10-07T15:31:04.0133701Z [36;1m[0m
2026-10-07T15:31:04.0133946Z [36;1mWrite-Host "Downloading package from $URL to $Path..."[0m
2026-10-07T15:31:04.0134253Z [36;1mtry {[0m
2026-10-07T15:31:04.0135198Z [36;1m  (New-Object System.Net.WebClient).DownloadFile($URL, $Path)[0m
2026-10-07T15:31:04.0135581Z [36;1m} catch {[0m
2026-10-07T15:31:04.0135902Z [36;1m  Write-Host "::error::Package download failed: $($_.Exception.Message)"[0m
2026-10-07T15:31:04.0136273Z [36;1m}[0m
2026-10-07T15:31:04.0173696Z shell: C:\Program Files\PowerShell\7\pwsh.EXE -command ". '{0}'"
2026-10-07T15:31:04.0174030Z env:
2026-10-07T15:31:04.0174221Z   RESOLVED_SWIFT_VERSION: swift-6.2-release
2026-10-07T15:31:04.0174488Z   RESOLVED_SWIFT_BUILD: 6.2-RELEASE
2026-10-07T15:31:04.0174731Z ##[endgroup]
2026-10-07T15:31:04.3253150Z Downloading package from https://download.swift.org/swift-6.2-release/windows10/swift-6.2-RELEASE/swift-6.2-RELEASE-windows10.exe to C:\Users\RUNNER~1\AppData\Local\Temp\installer.exe...
2026-10-07T15:31:06.2223464Z ##[end-action id=__compnerd_gha-setup-swift.__run_5;outcome=success;conclusion=success;duration_ms=2220]
2026-10-07T15:31:06.2226766Z ##[start-action display=Fetch installer from swift.org (Linux);id=__compnerd_gha-setup-swift.__run_6]
2026-10-07T15:31:06.2232573Z ##[end-action id=__compnerd_gha-setup-swift.__run_6;outcome=skipped;conclusion=skipped;duration_ms=0]
2026-10-07T15:31:06.2234600Z ##[start-action display=Fetch installer from swift.org (macOS);id=__compnerd_gha-setup-swift.__run_7]
2026-10-07T15:31:06.2238758Z ##[end-action id=__compnerd_gha-setup-swift.__run_7;outcome=skipped;conclusion=skipped;duration_ms=0]
2026-10-07T15:31:06.2240551Z ##[start-action display=Save toolchain to cache;id=__compnerd_gha-setup-swift.__actions_cache]
2026-10-07T15:31:06.2244988Z ##[end-action id=__compnerd_gha-setup-swift.__actions_cache;outcome=skipped;conclusion=skipped;duration_ms=0]
2026-10-07T15:31:06.2246805Z ##[start-action display=Install Swift;id=__compnerd_gha-setup-swift.install-swift]
2026-10-07T15:31:06.2346086Z ##[group]Run # Perform installation
2026-10-07T15:31:06.2346385Z [36;1m# Perform installation[0m
2026-10-07T15:31:06.2346725Z [36;1m$Installer = [IO.Path]::Combine(${env:Temp}, "installer.exe")[0m
2026-10-07T15:31:06.2348065Z [36;1m$Arguments = "/quiet /log ${env:Temp}\install.log ".Split(" ", [StringSplitOptions]"RemoveEmptyEntries")[0m
2026-10-07T15:31:06.2348529Z [36;1m[0m
2026-10-07T15:31:06.2348817Z [36;1mWrite-Host "::debug::Installer Arguments: $($Arguments -join ' ')"[0m
2026-10-07T15:31:06.2349169Z [36;1mtry {[0m
2026-10-07T15:31:06.2349593Z [36;1m  $Process = Start-Process -FilePath $Installer -ArgumentList $Arguments -Wait -PassThru -Verb RunAs[0m
2026-10-07T15:31:06.2350103Z [36;1m  switch ($Process.ExitCode) {[0m
2026-10-07T15:31:06.2350417Z [36;1m    0 { Write-Host "::debug::Installation successful" }[0m
2026-10-07T15:31:06.2350863Z [36;1m    3010 { Write-Host "::notice::Installation successful; reboot required"}[0m
2026-10-07T15:31:06.2351241Z [36;1m    default {[0m
2026-10-07T15:31:06.2351594Z [36;1m      Write-Host "::error::Installation process returned unexpected exit code: $_"[0m
2026-10-07T15:31:06.2352391Z [36;1m      exit $_[0m
2026-10-07T15:31:06.2352788Z [36;1m    }[0m
2026-10-07T15:31:06.2353136Z [36;1m  }[0m
2026-10-07T15:31:06.2353387Z [36;1m} catch {[0m
2026-10-07T15:31:06.2353689Z [36;1m  Write-Host "::error::Installation failed: $($_.Exception.Message)"[0m
2026-10-07T15:31:06.2354044Z [36;1m  exit 1[0m
2026-10-07T15:31:06.2354221Z [36;1m}[0m
2026-10-07T15:31:06.2354381Z [36;1m[0m
2026-10-07T15:31:06.2354572Z [36;1mforeach ($level in "Machine", "User") {[0m
2026-10-07T15:31:06.2355023Z [36;1m  [Environment]::GetEnvironmentVariables($level).GetEnumerator() | ForEach-Object {[0m
2026-10-07T15:31:06.2355599Z [36;1m    # For Path variables, append the new values, if they're not already in there[0m
2026-10-07T15:31:06.2356002Z [36;1m    if ($_.Name -eq "Path") {[0m
2026-10-07T15:31:06.2356357Z [36;1m      $_.Value = ("${env:Path};$($_.Value)" -Split ';' | Select -Unique) -Join ';'[0m
2026-10-07T15:31:06.2356711Z [36;1m    }[0m
2026-10-07T15:31:06.2357037Z [36;1m    $_[0m
2026-10-07T15:31:06.2357259Z [36;1m  } | Set-Content -Path { "Env:$($_.Name)" }[0m
2026-10-07T15:31:06.2357557Z [36;1m}[0m
2026-10-07T15:31:06.2357710Z [36;1m[0m
2026-10-07T15:31:06.2357934Z [36;1m# `GITHUB_PATH` prepends entries, so reverse them.[0m
2026-10-07T15:31:06.2358289Z [36;1m$Paths = @($env:Path -Split ';' | Select -Unique)[0m
2026-10-07T15:31:06.2358586Z [36;1m[Array]::Reverse($Paths)[0m
2026-10-07T15:31:06.2358903Z [36;1m$Paths | Out-File -FilePath $env:GITHUB_PATH -Encoding utf8[0m
2026-10-07T15:31:06.2359383Z [36;1m# Clear the original path via `GITHUB_ENV` and filter it when copying so it doesn't[0m
2026-10-07T15:31:06.2359831Z [36;1m# double up with the entries from `GITHUB_PATH`[0m
2026-10-07T15:31:06.2360281Z [36;1mWrite-Output "Path=" | Out-File -FilePath $env:GITHUB_ENV -Encoding utf8 -Append[0m
2026-10-07T15:31:06.2361100Z [36;1mGet-ChildItem Env: | Where-Object { $_.Name -ne "Path" } | ForEach-Object { echo "$($_.Name)=$($_.Value)" | Out-File -FilePath $env:GITHUB_ENV -Encoding utf8 -Append }[0m
2026-10-07T15:31:06.2399015Z shell: C:\Program Files\PowerShell\7\pwsh.EXE -command ". '{0}'"
2026-10-07T15:31:06.2399348Z env:
2026-10-07T15:31:06.2399538Z   RESOLVED_SWIFT_VERSION: swift-6.2-release
2026-10-07T15:31:06.2399807Z   RESOLVED_SWIFT_BUILD: 6.2-RELEASE
2026-10-07T15:31:06.2400032Z ##[endgroup]
2026-10-07T15:31:55.3462471Z ##[end-action id=__compnerd_gha-setup-swift.install-swift;outcome=success;conclusion=success;duration_ms=49121]
2026-10-07T15:31:55.3465573Z ##[start-action display=Upload Error Logs;id=__compnerd_gha-setup-swift.__actions_upload-artifact]
2026-10-07T15:31:55.3472872Z ##[end-action id=__compnerd_gha-setup-swift.__actions_upload-artifact;outcome=skipped;conclusion=skipped;duration_ms=0]
2026-10-07T15:31:55.3475143Z ##[start-action display=Check Swift version;id=__compnerd_gha-setup-swift.swift-version]
2026-10-07T15:31:55.3576070Z ##[group]Run $Output = swift --version
2026-10-07T15:31:55.3576513Z [36;1m$Output = swift --version[0m
2026-10-07T15:31:55.3576986Z [36;1mif ($LASTEXITCODE -ne 0) {[0m
2026-10-07T15:31:55.3577419Z [36;1m  Write-Host "::error::Swift exited with code $LASTEXITCODE"[0m
2026-10-07T15:31:55.3577831Z [36;1m  exit 1[0m
2026-10-07T15:31:55.3578064Z [36;1m}[0m
2026-10-07T15:31:55.3578310Z [36;1mif ($Output.Length -eq 0) {[0m
2026-10-07T15:31:55.3578682Z [36;1m  Write-Host "::error::`swift --version` output is empty"[0m
2026-10-07T15:31:55.3579118Z [36;1m  exit 1[0m
2026-10-07T15:31:55.3579370Z [36;1m}[0m
2026-10-07T15:31:55.3579658Z [36;1m$Match = ([regex]"\d+.\d+(.\d+)?").Match($Output)[0m
2026-10-07T15:31:55.3580045Z [36;1mif ($Match.Success) {[0m
2026-10-07T15:31:55.3580426Z [36;1m  $SwiftVersion = [System.Version]($Match.Groups[0].Value)[0m
2026-10-07T15:31:55.3581153Z [36;1m  Write-Output is_newer_than_5_9=$($SwiftVersion -gt [System.Version]"5.9") | Out-File $env:GITHUB_OUTPUT -Append -Encoding UTF8[0m
2026-10-07T15:31:55.3581767Z [36;1m}[0m
2026-10-07T15:31:55.3587698Z shell: C:\Program Files\PowerShell\7\pwsh.EXE -command ". '{0}'"
2026-10-07T15:31:55.3588138Z env:
2026-10-07T15:31:55.3588444Z   RESOLVED_SWIFT_VERSION: swift-6.2-release
2026-10-07T15:31:55.3588802Z   RESOLVED_SWIFT_BUILD: 6.2-RELEASE
2026-10-07T15:31:55.3605928Z   Path: 
2026-10-07T15:31:55.3606331Z   ACTIONS_ORCHESTRATION_ID: b055bc7f-33c2-82ae-b42f-a9e8f46d46e1.windows.__default
2026-10-07T15:31:55.3606836Z   ACTIONS_RUNNER_ACTION_ARCHIVE_CACHE: C:\actionarchivecache\
2026-10-07T15:31:55.3607197Z   ACTIONS_RUNNER_RETURN_JOB_RESULT_FOR_HOSTED: 1
2026-10-07T15:31:55.3607511Z   AGENT_TOOLSDIRECTORY: C:\hostedtoolcache\windows
2026-10-07T15:31:55.3607812Z   ALLUSERSPROFILE: C:\ProgramData
2026-10-07T15:31:55.3608077Z   ANDROID_HOME: C:\Android\android-sdk
2026-10-07T15:31:55.3608375Z   ANDROID_NDK: C:\Android\android-sdk\ndk\27.3.13750724
2026-10-07T15:31:55.3608735Z   ANDROID_NDK_HOME: C:\Android\android-sdk\ndk\27.3.13750724
2026-10-07T15:31:55.3609314Z   ANDROID_NDK_LATEST_HOME: C:\Android\android-sdk\ndk\30.0.16248370
2026-10-07T15:31:55.3609718Z   ANDROID_NDK_ROOT: C:\Android\android-sdk\ndk\27.3.13750724
2026-10-07T15:31:55.3610034Z   ANDROID_SDK_ROOT: C:\Android\android-sdk
2026-10-07T15:31:55.3610379Z   ANT_HOME: C:\ProgramData\chocolatey\lib\ant\tools\apache-ant-1.10.18
2026-10-07T15:31:55.3610755Z   APPDATA: C:\Users\runneradmin\AppData\Roaming
2026-10-07T15:31:55.3611061Z   AZ_DEVOPS_GLOBAL_CONFIG_DIR: C:\azureDevOpsCli
2026-10-07T15:31:55.3611343Z   AZURE_CONFIG_DIR: C:\azureCli
2026-10-07T15:31:55.3611608Z   AZURE_DEVOPS_CACHE_DIR: C:\azureDevOpsCli\cache
2026-10-07T15:31:55.3612012Z   AZURE_EXTENSION_DIR: C:\Program Files\Common Files\AzureCliExtensionDirectory
2026-10-07T15:31:55.3612390Z   CABAL_DIR: C:\cabal
2026-10-07T15:31:55.3612622Z   ChocolateyInstall: C:\ProgramData\chocolatey
2026-10-07T15:31:55.3612938Z   ChromeWebDriver: C:\SeleniumWebDrivers\ChromeDriver
2026-10-07T15:31:55.3613219Z   CI: true
2026-10-07T15:31:55.3613401Z   COBERTURA_HOME: C:\cobertura-2.1.1
2026-10-07T15:31:55.3613690Z   CommonProgramFiles: C:\Program Files\Common Files
2026-10-07T15:31:55.3614050Z   CommonProgramFiles(x86): C:\Program Files (x86)\Common Files
2026-10-07T15:31:55.3614407Z   CommonProgramW6432: C:\Program Files\Common Files
2026-10-07T15:31:55.3614698Z   COMPUTERNAME: runnervmtn0fv
2026-10-07T15:31:55.3614935Z   ComSpec: C:\Windows\system32\cmd.exe
2026-10-07T15:31:55.3615171Z   CONDA: C:\Miniconda
2026-10-07T15:31:55.3615369Z   DOTNET_MULTILEVEL_LOOKUP: 0
2026-10-07T15:31:55.3615579Z   DOTNET_NOLOGO: 1
2026-10-07T15:31:55.3615774Z   DOTNET_SKIP_FIRST_TIME_EXPERIENCE: 1
2026-10-07T15:31:55.3616048Z   DriverData: C:\Windows\System32\Drivers\DriverData
2026-10-07T15:31:55.3616363Z   EdgeWebDriver: C:\SeleniumWebDrivers\EdgeDriver
2026-10-07T15:31:55.3616644Z   ENABLE_RUNNER_TRACING: true
2026-10-07T15:31:55.3616863Z   GCM_INTERACTIVE: Never
2026-10-07T15:31:55.3617116Z   GeckoWebDriver: C:\SeleniumWebDrivers\GeckoDriver
2026-10-07T15:31:55.3617505Z   GHCUP_INSTALL_BASE_PREFIX: C:\
2026-10-07T15:31:55.3617731Z   GHCUP_MSYS2: C:\msys64
2026-10-07T15:31:55.3617951Z   GITHUB_ACTION: __compnerd_gha-setup-swift
2026-10-07T15:31:55.3618415Z   GITHUB_ACTION_PATH: D:\a\_actions\compnerd\gha-setup-swift\bbae8ce86bac5a3449f3992b3d88bc4ca25f2057
2026-10-07T15:31:55.3618864Z   GITHUB_ACTION_REF: 
2026-10-07T15:31:55.3619120Z   GITHUB_ACTION_REPOSITORY: 
2026-10-07T15:31:55.3619335Z   GITHUB_ACTIONS: true
2026-10-07T15:31:55.3619541Z   GITHUB_ACTOR: rossbuckley1990-hash
2026-10-07T15:31:55.3619781Z   GITHUB_ACTOR_ID: 255341254
2026-10-07T15:31:55.3620031Z   GITHUB_API_URL: https://api.github.com
2026-10-07T15:31:55.3620478Z   GITHUB_ARTIFACTS: D:\a\_temp\_runner_file_commands\artifacts_7701f655-5584-4707-ab4c-2cdc192ba5fc
2026-10-07T15:31:55.3621132Z   GITHUB_ARTIFACTS_LIST: D:\a\_temp\_runner_file_commands\artifacts_list_7701f655-5584-4707-ab4c-2cdc192ba5fc
2026-10-07T15:31:55.3621596Z   GITHUB_BASE_REF: main
2026-10-07T15:31:55.3621948Z   GITHUB_ENV: D:\a\_temp\_runner_file_commands\set_env_7701f655-5584-4707-ab4c-2cdc192ba5fc
2026-10-07T15:31:55.3622366Z   GITHUB_EVENT_NAME: pull_request
2026-10-07T15:31:55.3622657Z   GITHUB_EVENT_PATH: D:\a\_temp\_github_workflow\event.json
2026-10-07T15:31:55.3623015Z   GITHUB_GRAPHQL_URL: https://api.github.com/graphql
2026-10-07T15:31:55.3623394Z   GITHUB_HEAD_REF: codex/agency-portable-convergence-20261007
2026-10-07T15:31:55.3623717Z   GITHUB_JOB: windows
2026-10-07T15:31:55.3624085Z   GITHUB_OUTPUT: D:\a\_temp\_runner_file_commands\set_output_7701f655-5584-4707-ab4c-2cdc192ba5fc
2026-10-07T15:31:55.3624649Z   GITHUB_PATH: D:\a\_temp\_runner_file_commands\add_path_7701f655-5584-4707-ab4c-2cdc192ba5fc
2026-10-07T15:31:55.3625068Z   GITHUB_REF: refs/pull/52/merge
2026-10-07T15:31:55.3625298Z   GITHUB_REF_NAME: 52/merge
2026-10-07T15:31:55.3625519Z   GITHUB_REF_PROTECTED: false
2026-10-07T15:31:55.3625741Z   GITHUB_REF_TYPE: branch
2026-10-07T15:31:55.3626702Z   GITHUB_REPOSITORY: rossbuckley1990-hash/rightclick
2026-10-07T15:31:55.3627044Z   GITHUB_REPOSITORY_ID: 1405448709
2026-10-07T15:31:55.3627314Z   GITHUB_REPOSITORY_OWNER: rossbuckley1990-hash
2026-10-07T15:31:55.3627602Z   GITHUB_REPOSITORY_OWNER_ID: 255341254
2026-10-07T15:31:55.3627858Z   GITHUB_RETENTION_DAYS: 90
2026-10-07T15:31:55.3628067Z   GITHUB_RUN_ATTEMPT: 1
2026-10-07T15:31:55.3628281Z   GITHUB_RUN_ID: 37644529029
2026-10-07T15:31:55.3628486Z   GITHUB_RUN_NUMBER: 21
2026-10-07T15:31:55.3628702Z   GITHUB_SERVER_URL: https://github.com
2026-10-07T15:31:55.3629018Z   GITHUB_SHA: 1b5a566b0d32c828bdc36305422281233ce89fee
2026-10-07T15:31:55.3629468Z   GITHUB_STATE: D:\a\_temp\_runner_file_commands\save_state_7701f655-5584-4707-ab4c-2cdc192ba5fc
2026-10-07T15:31:55.3630076Z   GITHUB_STEP_SUMMARY: D:\a\_temp\_runner_file_commands\step_summary_7701f655-5584-4707-ab4c-2cdc192ba5fc
2026-10-07T15:31:55.3630555Z   GITHUB_TRIGGERING_ACTOR: rossbuckley1990-hash
2026-10-07T15:31:55.3630840Z   GITHUB_WORKFLOW: Portable runtime
2026-10-07T15:31:55.3631351Z   GITHUB_WORKFLOW_REF: rossbuckley1990-hash/rightclick/.github/workflows/portable-runtime.yml@refs/pull/52/merge
2026-10-07T15:31:55.3631921Z   GITHUB_WORKFLOW_SHA: 1b5a566b0d32c828bdc36305422281233ce89fee
2026-10-07T15:31:55.3632264Z   GITHUB_WORKSPACE: D:\a\rightclick\rightclick
2026-10-07T15:31:55.3632604Z   GOROOT_1_24_X64: C:\hostedtoolcache\windows\go\1.24.13\x64
2026-10-07T15:31:55.3632959Z   GOROOT_1_25_X64: C:\hostedtoolcache\windows\go\1.25.14\x64
2026-10-07T15:31:55.3633301Z   GOROOT_1_26_X64: C:\hostedtoolcache\windows\go\1.26.8\x64
2026-10-07T15:31:55.3633686Z   GRADLE_HOME: C:\ProgramData\chocolatey\lib\gradle\tools\gradle-9.8.0
2026-10-07T15:31:55.3634023Z   HOMEDRIVE: C:
2026-10-07T15:31:55.3634217Z   HOMEPATH: \Users\runneradmin
2026-10-07T15:31:55.3634466Z   IEWebDriver: C:\SeleniumWebDrivers\IEDriver
2026-10-07T15:31:55.3634725Z   ImageOS: win22
2026-10-07T15:31:55.3634910Z   ImageVersion: 20261004.326.1
2026-10-07T15:31:55.3635245Z   JAVA_HOME: C:\hostedtoolcache\windows\Java_Temurin-Hotspot_jdk\8.0.504-1\x64
2026-10-07T15:31:55.3635829Z   JAVA_HOME_11_X64: C:\hostedtoolcache\windows\Java_Temurin-Hotspot_jdk\11.0.32-101\x64
2026-10-07T15:31:55.3636352Z   JAVA_HOME_17_X64: C:\hostedtoolcache\windows\Java_Temurin-Hotspot_jdk\17.0.20-101\x64
2026-10-07T15:31:55.3636871Z   JAVA_HOME_21_X64: C:\hostedtoolcache\windows\Java_Temurin-Hotspot_jdk\21.0.12-101.0\x64
2026-10-07T15:31:55.3637407Z   JAVA_HOME_25_X64: C:\hostedtoolcache\windows\Java_Temurin-Hotspot_jdk\25.0.4-101.0\x64
2026-10-07T15:31:55.3637921Z   JAVA_HOME_8_X64: C:\hostedtoolcache\windows\Java_Temurin-Hotspot_jdk\8.0.504-1\x64
2026-10-07T15:31:55.3638342Z   LOCALAPPDATA: C:\Users\runneradmin\AppData\Local
2026-10-07T15:31:55.3638628Z   LOGONSERVER: \\runnervmtn0fv
2026-10-07T15:31:55.3638923Z   M2: C:\ProgramData\chocolatey\lib\maven\apache-maven-3.9.16\bin
2026-10-07T15:31:55.3639258Z   M2_REPO: C:\ProgramData\m2
2026-10-07T15:31:55.3639535Z   MAVEN_OPTS: -Xms256m
2026-10-07T15:31:55.3639758Z   npm_config_prefix: C:\npm\prefix
2026-10-07T15:31:55.3640001Z   NUMBER_OF_PROCESSORS: 4
2026-10-07T15:31:55.3640215Z   OS: Windows_NT
2026-10-07T15:31:55.3640465Z   PATHEXT: .COM;.EXE;.BAT;.CMD;.VBS;.VBE;.JS;.JSE;.WSF;.WSH;.MSC
2026-10-07T15:31:55.3640801Z   PGBIN: C:\Program Files\PostgreSQL\14\bin
2026-10-07T15:31:55.3641075Z   PGDATA: C:\PostgreSQL\14\data
2026-10-07T15:31:55.3641298Z   PGPASSWORD: root
2026-10-07T15:31:55.3641508Z   PGROOT: C:\Program Files\PostgreSQL\14
2026-10-07T15:31:55.3641754Z   PGUSER: postgres
2026-10-07T15:31:55.3641943Z   PHPROOT: c:\tools\php
2026-10-07T15:31:55.3642173Z   PIPX_BIN_DIR: C:\Program Files (x86)\pipx_bin
2026-10-07T15:31:55.3642455Z   PIPX_HOME: C:\Program Files (x86)\pipx
2026-10-07T15:31:55.3642766Z   POWERSHELL_DISTRIBUTION_CHANNEL: GitHub-Actions-win22
2026-10-07T15:31:55.3643072Z   POWERSHELL_UPDATECHECK: Off
2026-10-07T15:31:55.3643304Z   PROCESSOR_ARCHITECTURE: AMD64
2026-10-07T15:31:55.3643707Z   PROCESSOR_IDENTIFIER: AMD64 Family 25 Model 1 Stepping 1, AuthenticAMD
2026-10-07T15:31:55.3644071Z   PROCESSOR_LEVEL: 25
2026-10-07T15:31:55.3644270Z   PROCESSOR_REVISION: 0101
2026-10-07T15:31:55.3644486Z   ProgramData: C:\ProgramData
2026-10-07T15:31:55.3644714Z   ProgramFiles: C:\Program Files
2026-10-07T15:31:55.3644969Z   ProgramFiles(x86): C:\Program Files (x86)
2026-10-07T15:31:55.3645240Z   ProgramW6432: C:\Program Files
2026-10-07T15:31:55.3645608Z   PSModuleAnalysisCachePath: C:\PSModuleAnalysisCachePath\ModuleAnalysisCache
2026-10-07T15:31:55.3646721Z   PSModulePath: C:\\Modules\az_15.6.1;C:\Users\packer\Documents\WindowsPowerShell\Modules;C:\Program Files\WindowsPowerShell\Modules;C:\Windows\system32\WindowsPowerShell\v1.0\Modules;C:\Program Files\Microsoft SQL Server\130\Tools\PowerShell\Modules\
2026-10-07T15:31:55.3647692Z   PUBLIC: C:\Users\Public
2026-10-07T15:31:55.3647903Z   RTOOLS45_HOME: C:\rtools45
2026-10-07T15:31:55.3648104Z   RUNNER_ARCH: X64
2026-10-07T15:31:55.3648303Z   RUNNER_ENVIRONMENT: github-hosted
2026-10-07T15:31:55.3648563Z   RUNNER_NAME: GitHub Actions 1000002232
2026-10-07T15:31:55.3648810Z   RUNNER_OS: Windows
2026-10-07T15:31:55.3649002Z   RUNNER_TEMP: D:\a\_temp
2026-10-07T15:31:55.3649237Z   RUNNER_TOOL_CACHE: C:\hostedtoolcache\windows
2026-10-07T15:31:55.3649583Z   RUNNER_TRACKING_ID: github_a5c45516-c86e-46c2-afca-96eb99aef086
2026-10-07T15:31:55.3649917Z   RUNNER_WORKSPACE: D:\a\rightclick
2026-10-07T15:31:55.3650163Z   SBT_HOME: C:\Program Files (x86)\sbt\
2026-10-07T15:31:55.3650690Z   SDKROOT: C:\Users\runneradmin\AppData\Local\Programs\Swift\Platforms\6.2.0\Windows.platform\Developer\SDKs\Windows.sdk\
2026-10-07T15:31:55.3651257Z   SELENIUM_JAR_PATH: C:\selenium\selenium-server.jar
2026-10-07T15:31:55.3651545Z   SystemDrive: C:
2026-10-07T15:31:55.3651734Z   SystemRoot: C:\Windows
2026-10-07T15:31:55.3651970Z   TEMP: C:\Users\runneradmin\AppData\Local\Temp
2026-10-07T15:31:55.3652264Z   TMP: C:\Users\runneradmin\AppData\Local\Temp
2026-10-07T15:31:55.3652533Z   USERDOMAIN: runnervmtn0fv
2026-10-07T15:31:55.3653344Z   USERDOMAIN_ROAMINGPROFILE: runnervmtn0fv
2026-10-07T15:31:55.3653602Z   USERNAME: SYSTEM
2026-10-07T15:31:55.3653803Z   USERPROFILE: C:\Users\runneradmin
2026-10-07T15:31:55.3654048Z   VCPKG_INSTALLATION_ROOT: C:\vcpkg
2026-10-07T15:31:55.3654273Z   windir: C:\Windows
2026-10-07T15:31:55.3654504Z   WIX: C:\Program Files (x86)\WiX Toolset v3.14\
2026-10-07T15:31:55.3654769Z ##[endgroup]
2026-10-07T15:31:56.7203978Z ##[end-action id=__compnerd_gha-setup-swift.swift-version;outcome=success;conclusion=success;duration_ms=1372]
2026-10-07T15:31:56.7206728Z ##[start-action display=VS2022 Compatibility Setup;id=__compnerd_gha-setup-swift.__compnerd_gha-setup-vsdevenv]
2026-10-07T15:31:56.7212943Z ##[end-action id=__compnerd_gha-setup-swift.__compnerd_gha-setup-vsdevenv;outcome=skipped;conclusion=skipped;duration_ms=0]
2026-10-07T15:31:56.7215184Z ##[start-action display=VS2022 Compatibility Installation;id=__compnerd_gha-setup-swift.__run_8]
2026-10-07T15:31:56.7220027Z ##[end-action id=__compnerd_gha-setup-swift.__run_8;outcome=skipped;conclusion=skipped;duration_ms=0]
2026-10-07T15:31:56.7222027Z ##[start-action display=Update SDK Module Definitions;id=__compnerd_gha-setup-swift.__run_9]
2026-10-07T15:31:56.7226109Z ##[end-action id=__compnerd_gha-setup-swift.__run_9;outcome=skipped;conclusion=skipped;duration_ms=0]
2026-10-07T15:31:56.7228100Z ##[start-action display=Install Swift;id=__compnerd_gha-setup-swift.__run_10]
2026-10-07T15:31:56.7231059Z ##[end-action id=__compnerd_gha-setup-swift.__run_10;outcome=skipped;conclusion=skipped;duration_ms=0]
2026-10-07T15:31:56.7233073Z ##[start-action display=Install Swift;id=__compnerd_gha-setup-swift.__run_11]
2026-10-07T15:31:56.7236037Z ##[end-action id=__compnerd_gha-setup-swift.__run_11;outcome=skipped;conclusion=skipped;duration_ms=0]
2026-10-07T15:31:56.7364408Z ##[group]Run git rev-parse HEAD | Out-File -Encoding utf8 portable-source.txt
2026-10-07T15:31:56.7365035Z [36;1mgit rev-parse HEAD | Out-File -Encoding utf8 portable-source.txt[0m
2026-10-07T15:31:56.7365541Z [36;1mswift --version | Out-File -Encoding utf8 portable-toolchain.txt[0m
2026-10-07T15:31:56.7366259Z [36;1mswift test --force-resolved-versions --filter HostProtectedReferenceTests 2>&1 | Tee-Object -FilePath windows-protected-files.log[0m
2026-10-07T15:31:56.7366942Z [36;1mif ($LASTEXITCODE -ne 0) { exit $LASTEXITCODE }[0m
2026-10-07T15:31:56.7370977Z shell: C:\Program Files\PowerShell\7\pwsh.EXE -command ". '{0}'"
2026-10-07T15:31:56.7371304Z env:
2026-10-07T15:31:56.7371500Z   RESOLVED_SWIFT_VERSION: swift-6.2-release
2026-10-07T15:31:56.7371775Z   RESOLVED_SWIFT_BUILD: 6.2-RELEASE
2026-10-07T15:31:56.7372005Z   Path: 
2026-10-07T15:31:56.7372325Z   ACTIONS_ORCHESTRATION_ID: b055bc7f-33c2-82ae-b42f-a9e8f46d46e1.windows.__default
2026-10-07T15:31:56.7372830Z   ACTIONS_RUNNER_ACTION_ARCHIVE_CACHE: C:\actionarchivecache\
2026-10-07T15:31:56.7373176Z   ACTIONS_RUNNER_RETURN_JOB_RESULT_FOR_HOSTED: 1
2026-10-07T15:31:56.7373484Z   AGENT_TOOLSDIRECTORY: C:\hostedtoolcache\windows
2026-10-07T15:31:56.7373783Z   ALLUSERSPROFILE: C:\ProgramData
2026-10-07T15:31:56.7374025Z   ANDROID_HOME: C:\Android\android-sdk
2026-10-07T15:31:56.7374311Z   ANDROID_NDK: C:\Android\android-sdk\ndk\27.3.13750724
2026-10-07T15:31:56.7374648Z   ANDROID_NDK_HOME: C:\Android\android-sdk\ndk\27.3.13750724
2026-10-07T15:31:56.7375028Z   ANDROID_NDK_LATEST_HOME: C:\Android\android-sdk\ndk\30.0.16248370
2026-10-07T15:31:56.7375403Z   ANDROID_NDK_ROOT: C:\Android\android-sdk\ndk\27.3.13750724
2026-10-07T15:31:56.7375710Z   ANDROID_SDK_ROOT: C:\Android\android-sdk
2026-10-07T15:31:56.7376055Z   ANT_HOME: C:\ProgramData\chocolatey\lib\ant\tools\apache-ant-1.10.18
2026-10-07T15:31:56.7376421Z   APPDATA: C:\Users\runneradmin\AppData\Roaming
2026-10-07T15:31:56.7376724Z   AZ_DEVOPS_GLOBAL_CONFIG_DIR: C:\azureDevOpsCli
2026-10-07T15:31:56.7376990Z   AZURE_CONFIG_DIR: C:\azureCli
2026-10-07T15:31:56.7377239Z   AZURE_DEVOPS_CACHE_DIR: C:\azureDevOpsCli\cache
2026-10-07T15:31:56.7377794Z   AZURE_EXTENSION_DIR: C:\Program Files\Common Files\AzureCliExtensionDirectory
2026-10-07T15:31:56.7378165Z   CABAL_DIR: C:\cabal
2026-10-07T15:31:56.7378388Z   ChocolateyInstall: C:\ProgramData\chocolatey
2026-10-07T15:31:56.7378704Z   ChromeWebDriver: C:\SeleniumWebDrivers\ChromeDriver
2026-10-07T15:31:56.7378980Z   CI: true
2026-10-07T15:31:56.7379153Z   COBERTURA_HOME: C:\cobertura-2.1.1
2026-10-07T15:31:56.7379429Z   CommonProgramFiles: C:\Program Files\Common Files
2026-10-07T15:31:56.7379783Z   CommonProgramFiles(x86): C:\Program Files (x86)\Common Files
2026-10-07T15:31:56.7380132Z   CommonProgramW6432: C:\Program Files\Common Files
2026-10-07T15:31:56.7380422Z   COMPUTERNAME: runnervmtn0fv
2026-10-07T15:31:56.7380651Z   ComSpec: C:\Windows\system32\cmd.exe
2026-10-07T15:31:56.7380885Z   CONDA: C:\Miniconda
2026-10-07T15:31:56.7381080Z   DOTNET_MULTILEVEL_LOOKUP: 0
2026-10-07T15:31:56.7381283Z   DOTNET_NOLOGO: 1
2026-10-07T15:31:56.7381478Z   DOTNET_SKIP_FIRST_TIME_EXPERIENCE: 1
2026-10-07T15:31:56.7381758Z   DriverData: C:\Windows\System32\Drivers\DriverData
2026-10-07T15:31:56.7382070Z   EdgeWebDriver: C:\SeleniumWebDrivers\EdgeDriver
2026-10-07T15:31:56.7382347Z   ENABLE_RUNNER_TRACING: true
2026-10-07T15:31:56.7382561Z   GCM_INTERACTIVE: Never
2026-10-07T15:31:56.7382808Z   GeckoWebDriver: C:\SeleniumWebDrivers\GeckoDriver
2026-10-07T15:31:56.7383093Z   GHCUP_INSTALL_BASE_PREFIX: C:\
2026-10-07T15:31:56.7383319Z   GHCUP_MSYS2: C:\msys64
2026-10-07T15:31:56.7383544Z   GITHUB_ACTION: __compnerd_gha-setup-swift
2026-10-07T15:31:56.7384011Z   GITHUB_ACTION_PATH: D:\a\_actions\compnerd\gha-setup-swift\bbae8ce86bac5a3449f3992b3d88bc4ca25f2057
2026-10-07T15:31:56.7384463Z   GITHUB_ACTION_REF: 
2026-10-07T15:31:56.7384662Z   GITHUB_ACTION_REPOSITORY: 
2026-10-07T15:31:56.7386316Z   GITHUB_ACTIONS: true
2026-10-07T15:31:56.7386587Z   GITHUB_ACTOR: rossbuckley1990-hash
2026-10-07T15:31:56.7386849Z   GITHUB_ACTOR_ID: 255341254
2026-10-07T15:31:56.7387095Z   GITHUB_API_URL: https://api.github.com
2026-10-07T15:31:56.7387526Z   GITHUB_ARTIFACTS: D:\a\_temp\_runner_file_commands\artifacts_7701f655-5584-4707-ab4c-2cdc192ba5fc
2026-10-07T15:31:56.7388157Z   GITHUB_ARTIFACTS_LIST: D:\a\_temp\_runner_file_commands\artifacts_list_7701f655-5584-4707-ab4c-2cdc192ba5fc
2026-10-07T15:31:56.7388609Z   GITHUB_BASE_REF: main
2026-10-07T15:31:56.7388942Z   GITHUB_ENV: D:\a\_temp\_runner_file_commands\set_env_7701f655-5584-4707-ab4c-2cdc192ba5fc
2026-10-07T15:31:56.7389339Z   GITHUB_EVENT_NAME: pull_request
2026-10-07T15:31:56.7389629Z   GITHUB_EVENT_PATH: D:\a\_temp\_github_workflow\event.json
2026-10-07T15:31:56.7389979Z   GITHUB_GRAPHQL_URL: https://api.github.com/graphql
2026-10-07T15:31:56.7390338Z   GITHUB_HEAD_REF: codex/agency-portable-convergence-20261007
2026-10-07T15:31:56.7390651Z   GITHUB_JOB: windows
2026-10-07T15:31:56.7390998Z   GITHUB_OUTPUT: D:\a\_temp\_runner_file_commands\set_output_7701f655-5584-4707-ab4c-2cdc192ba5fc
2026-10-07T15:31:56.7391548Z   GITHUB_PATH: D:\a\_temp\_runner_file_commands\add_path_7701f655-5584-4707-ab4c-2cdc192ba5fc
2026-10-07T15:31:56.7391946Z   GITHUB_REF: refs/pull/52/merge
2026-10-07T15:31:56.7392167Z   GITHUB_REF_NAME: 52/merge
2026-10-07T15:31:56.7392374Z   GITHUB_REF_PROTECTED: false
2026-10-07T15:31:56.7392592Z   GITHUB_REF_TYPE: branch
2026-10-07T15:31:56.7392830Z   GITHUB_REPOSITORY: rossbuckley1990-hash/rightclick
2026-10-07T15:31:56.7393114Z   GITHUB_REPOSITORY_ID: 1405448709
2026-10-07T15:31:56.7393372Z   GITHUB_REPOSITORY_OWNER: rossbuckley1990-hash
2026-10-07T15:31:56.7393646Z   GITHUB_REPOSITORY_OWNER_ID: 255341254
2026-10-07T15:31:56.7393882Z   GITHUB_RETENTION_DAYS: 90
2026-10-07T15:31:56.7394083Z   GITHUB_RUN_ATTEMPT: 1
2026-10-07T15:31:56.7394274Z   GITHUB_RUN_ID: 37644529029
2026-10-07T15:31:56.7394478Z   GITHUB_RUN_NUMBER: 21
2026-10-07T15:31:56.7394690Z   GITHUB_SERVER_URL: https://github.com
2026-10-07T15:31:56.7394976Z   GITHUB_SHA: 1b5a566b0d32c828bdc36305422281233ce89fee
2026-10-07T15:31:56.7395528Z   GITHUB_STATE: D:\a\_temp\_runner_file_commands\save_state_7701f655-5584-4707-ab4c-2cdc192ba5fc
2026-10-07T15:31:56.7396125Z   GITHUB_STEP_SUMMARY: D:\a\_temp\_runner_file_commands\step_summary_7701f655-5584-4707-ab4c-2cdc192ba5fc
2026-10-07T15:31:56.7396595Z   GITHUB_TRIGGERING_ACTOR: rossbuckley1990-hash
2026-10-07T15:31:56.7396878Z   GITHUB_WORKFLOW: Portable runtime
2026-10-07T15:31:56.7397370Z   GITHUB_WORKFLOW_REF: rossbuckley1990-hash/rightclick/.github/workflows/portable-runtime.yml@refs/pull/52/merge
2026-10-07T15:31:56.7397937Z   GITHUB_WORKFLOW_SHA: 1b5a566b0d32c828bdc36305422281233ce89fee
2026-10-07T15:31:56.7398275Z   GITHUB_WORKSPACE: D:\a\rightclick\rightclick
2026-10-07T15:31:56.7398593Z   GOROOT_1_24_X64: C:\hostedtoolcache\windows\go\1.24.13\x64
2026-10-07T15:31:56.7398947Z   GOROOT_1_25_X64: C:\hostedtoolcache\windows\go\1.25.14\x64
2026-10-07T15:31:56.7399288Z   GOROOT_1_26_X64: C:\hostedtoolcache\windows\go\1.26.8\x64
2026-10-07T15:31:56.7399675Z   GRADLE_HOME: C:\ProgramData\chocolatey\lib\gradle\tools\gradle-9.8.0
2026-10-07T15:31:56.7400008Z   HOMEDRIVE: C:
2026-10-07T15:31:56.7400197Z   HOMEPATH: \Users\runneradmin
2026-10-07T15:31:56.7400448Z   IEWebDriver: C:\SeleniumWebDrivers\IEDriver
2026-10-07T15:31:56.7400706Z   ImageOS: win22
2026-10-07T15:31:56.7400892Z   ImageVersion: 20261004.326.1
2026-10-07T15:31:56.7401226Z   JAVA_HOME: C:\hostedtoolcache\windows\Java_Temurin-Hotspot_jdk\8.0.504-1\x64
2026-10-07T15:31:56.7401732Z   JAVA_HOME_11_X64: C:\hostedtoolcache\windows\Java_Temurin-Hotspot_jdk\11.0.32-101\x64
2026-10-07T15:31:56.7402256Z   JAVA_HOME_17_X64: C:\hostedtoolcache\windows\Java_Temurin-Hotspot_jdk\17.0.20-101\x64
2026-10-07T15:31:56.7402778Z   JAVA_HOME_21_X64: C:\hostedtoolcache\windows\Java_Temurin-Hotspot_jdk\21.0.12-101.0\x64
2026-10-07T15:31:56.7403768Z   JAVA_HOME_25_X64: C:\hostedtoolcache\windows\Java_Temurin-Hotspot_jdk\25.0.4-101.0\x64
2026-10-07T15:31:56.7404316Z   JAVA_HOME_8_X64: C:\hostedtoolcache\windows\Java_Temurin-Hotspot_jdk\8.0.504-1\x64
2026-10-07T15:31:56.7404739Z   LOCALAPPDATA: C:\Users\runneradmin\AppData\Local
2026-10-07T15:31:56.7405032Z   LOGONSERVER: \\runnervmtn0fv
2026-10-07T15:31:56.7405339Z   M2: C:\ProgramData\chocolatey\lib\maven\apache-maven-3.9.16\bin
2026-10-07T15:31:56.7405693Z   M2_REPO: C:\ProgramData\m2
2026-10-07T15:31:56.7405912Z   MAVEN_OPTS: -Xms256m
2026-10-07T15:31:56.7406123Z   npm_config_prefix: C:\npm\prefix
2026-10-07T15:31:56.7406367Z   NUMBER_OF_PROCESSORS: 4
2026-10-07T15:31:56.7406568Z   OS: Windows_NT
2026-10-07T15:31:56.7406820Z   PATHEXT: .COM;.EXE;.BAT;.CMD;.VBS;.VBE;.JS;.JSE;.WSF;.WSH;.MSC
2026-10-07T15:31:56.7407159Z   PGBIN: C:\Program Files\PostgreSQL\14\bin
2026-10-07T15:31:56.7407423Z   PGDATA: C:\PostgreSQL\14\data
2026-10-07T15:31:56.7407640Z   PGPASSWORD: root
2026-10-07T15:31:56.7407844Z   PGROOT: C:\Program Files\PostgreSQL\14
2026-10-07T15:31:56.7408088Z   PGUSER: postgres
2026-10-07T15:31:56.7408266Z   PHPROOT: c:\tools\php
2026-10-07T15:31:56.7408537Z   PIPX_BIN_DIR: C:\Program Files (x86)\pipx_bin
2026-10-07T15:31:56.7408819Z   PIPX_HOME: C:\Program Files (x86)\pipx
2026-10-07T15:31:56.7409123Z   POWERSHELL_DISTRIBUTION_CHANNEL: GitHub-Actions-win22
2026-10-07T15:31:56.7409427Z   POWERSHELL_UPDATECHECK: Off
2026-10-07T15:31:56.7409651Z   PROCESSOR_ARCHITECTURE: AMD64
2026-10-07T15:31:56.7409970Z   PROCESSOR_IDENTIFIER: AMD64 Family 25 Model 1 Stepping 1, AuthenticAMD
2026-10-07T15:31:56.7410321Z   PROCESSOR_LEVEL: 25
2026-10-07T15:31:56.7410524Z   PROCESSOR_REVISION: 0101
2026-10-07T15:31:56.7410760Z   ProgramData: C:\ProgramData
2026-10-07T15:31:56.7410987Z   ProgramFiles: C:\Program Files
2026-10-07T15:31:56.7411230Z   ProgramFiles(x86): C:\Program Files (x86)
2026-10-07T15:31:56.7411487Z   ProgramW6432: C:\Program Files
2026-10-07T15:31:56.7411857Z   PSModuleAnalysisCachePath: C:\PSModuleAnalysisCachePath\ModuleAnalysisCache
2026-10-07T15:31:56.7412965Z   PSModulePath: C:\\Modules\az_15.6.1;C:\Users\packer\Documents\WindowsPowerShell\Modules;C:\Program Files\WindowsPowerShell\Modules;C:\Windows\system32\WindowsPowerShell\v1.0\Modules;C:\Program Files\Microsoft SQL Server\130\Tools\PowerShell\Modules\
2026-10-07T15:31:56.7414015Z   PUBLIC: C:\Users\Public
2026-10-07T15:31:56.7414229Z   RTOOLS45_HOME: C:\rtools45
2026-10-07T15:31:56.7414438Z   RUNNER_ARCH: X64
2026-10-07T15:31:56.7414635Z   RUNNER_ENVIRONMENT: github-hosted
2026-10-07T15:31:56.7414882Z   RUNNER_NAME: GitHub Actions 1000002232
2026-10-07T15:31:56.7415118Z   RUNNER_OS: Windows
2026-10-07T15:31:56.7415311Z   RUNNER_TEMP: D:\a\_temp
2026-10-07T15:31:56.7415548Z   RUNNER_TOOL_CACHE: C:\hostedtoolcache\windows
2026-10-07T15:31:56.7415892Z   RUNNER_TRACKING_ID: github_a5c45516-c86e-46c2-afca-96eb99aef086
2026-10-07T15:31:56.7416227Z   RUNNER_WORKSPACE: D:\a\rightclick
2026-10-07T15:31:56.7416474Z   SBT_HOME: C:\Program Files (x86)\sbt\
2026-10-07T15:31:56.7417000Z   SDKROOT: C:\Users\runneradmin\AppData\Local\Programs\Swift\Platforms\6.2.0\Windows.platform\Developer\SDKs\Windows.sdk\
2026-10-07T15:31:56.7417568Z   SELENIUM_JAR_PATH: C:\selenium\selenium-server.jar
2026-10-07T15:31:56.7417845Z   SystemDrive: C:
2026-10-07T15:31:56.7418033Z   SystemRoot: C:\Windows
2026-10-07T15:31:56.7418265Z   TEMP: C:\Users\runneradmin\AppData\Local\Temp
2026-10-07T15:31:56.7418561Z   TMP: C:\Users\runneradmin\AppData\Local\Temp
2026-10-07T15:31:56.7418829Z   USERDOMAIN: runnervmtn0fv
2026-10-07T15:31:56.7419066Z   USERDOMAIN_ROAMINGPROFILE: runnervmtn0fv
2026-10-07T15:31:56.7419331Z   USERNAME: SYSTEM
2026-10-07T15:31:56.7419522Z   USERPROFILE: C:\Users\runneradmin
2026-10-07T15:31:56.7419763Z   VCPKG_INSTALLATION_ROOT: C:\vcpkg
2026-10-07T15:31:56.7419988Z   windir: C:\Windows
2026-10-07T15:31:56.7420202Z   WIX: C:\Program Files (x86)\WiX Toolset v3.14\
2026-10-07T15:31:56.7420465Z ##[endgroup]
2026-10-07T15:32:06.4958889Z [31;1mFetching https://github.com/apple/swift-numerics.git[0m
2026-10-07T15:32:06.5007154Z [31;1mFetching https://github.com/apple/swift-http-structured-headers.git[0m
2026-10-07T15:32:06.5010365Z [31;1mFetching https://github.com/apple/swift-async-algorithms.git[0m
2026-10-07T15:32:06.9330024Z [31;1m[1/6658] Fetching swift-numerics[0m
2026-10-07T15:32:06.9332083Z [31;1m[3131/7911] Fetching swift-numerics, swift-http-structured-headers[0m
2026-10-07T15:32:07.0526424Z [31;1mFetched https://github.com/apple/swift-http-structured-headers.git from cache (0.71s)[0m
2026-10-07T15:32:07.1390627Z [31;1mFetched https://github.com/apple/swift-numerics.git from cache (0.77s)[0m
2026-10-07T15:32:07.1400561Z [31;1mFetching https://github.com/apple/swift-system.git[0m
2026-10-07T15:32:07.1688341Z [31;1mFetching https://github.com/apple/swift-nio-transport-services.git[0m
2026-10-07T15:32:07.2232409Z [31;1m[1/6795] Fetching swift-async-algorithms[0m
2026-10-07T15:32:07.3469141Z [31;1mFetched https://github.com/apple/swift-async-algorithms.git from cache (1.00s)[0m
2026-10-07T15:32:07.3945219Z [31;1mFetching https://github.com/apple/swift-nio.git[0m
2026-10-07T15:32:07.8724577Z [31;1m[1/2867] Fetching swift-nio-transport-services[0m
2026-10-07T15:32:07.9016088Z [31;1m[2868/10094] Fetching swift-nio-transport-services, swift-system[0m
2026-10-07T15:32:08.1526271Z [31;1mFetched https://github.com/apple/swift-nio-transport-services.git from cache (0.98s)[0m
2026-10-07T15:32:08.1858139Z [31;1mFetching https://github.com/apple/swift-protobuf.git[0m
2026-10-07T15:32:08.1904396Z [31;1mFetched https://github.com/apple/swift-system.git from cache (1.05s)[0m
2026-10-07T15:32:08.2320828Z [31;1mFetching https://github.com/apple/swift-nio-extras.git[0m
2026-10-07T15:32:08.8526033Z [31;1m[1/6702] Fetching swift-nio-extras[0m
2026-10-07T15:32:09.0295006Z [31;1mFetched https://github.com/apple/swift-nio-extras.git from cache (0.80s)[0m
2026-10-07T15:32:09.0697168Z [31;1mFetching https://github.com/apple/swift-log.git[0m
2026-10-07T15:32:09.7472784Z [31;1m[1/8257] Fetching swift-log[0m
2026-10-07T15:32:09.8777706Z [31;1mFetched https://github.com/apple/swift-log.git from cache (0.81s)[0m
2026-10-07T15:32:09.9278865Z [31;1mFetching https://github.com/apple/swift-certificates.git[0m
2026-10-07T15:32:11.1783771Z [31;1m[1/7608] Fetching swift-certificates[0m
2026-10-07T15:32:11.3678271Z [31;1mFetched https://github.com/apple/swift-certificates.git from cache (1.40s)[0m
2026-10-07T15:32:11.5803527Z [31;1mFetching https://github.com/apple/swift-asn1.git[0m
2026-10-07T15:32:12.7342825Z [31;1m[1/1986] Fetching swift-asn1[0m
2026-10-07T15:32:12.8838672Z [31;1mFetched https://github.com/apple/swift-asn1.git from cache (1.30s)[0m
2026-10-07T15:32:12.9368679Z [31;1mFetching https://github.com/apple/swift-http-types.git[0m
2026-10-07T15:32:13.3810591Z [31;1m[1/86357] Fetching swift-nio[0m
2026-10-07T15:32:13.7063996Z [31;1mFetched https://github.com/apple/swift-nio.git from cache (6.30s)[0m
2026-10-07T15:32:13.8329131Z [31;1mFetching https://github.com/swift-server/swift-service-lifecycle.git[0m
2026-10-07T15:32:14.6817046Z [31;1m[1/2867] Fetching swift-service-lifecycle[0m
2026-10-07T15:32:14.7018477Z [31;1m[2868/4806] Fetching swift-service-lifecycle, swift-http-types[0m
2026-10-07T15:32:14.8636419Z [31;1mFetched https://github.com/swift-server/swift-service-lifecycle.git from cache (1.09s)[0m
2026-10-07T15:32:14.8715285Z [31;1mFetched https://github.com/apple/swift-http-types.git from cache (1.93s)[0m
2026-10-07T15:32:14.9989511Z [31;1mFetching https://github.com/apple/swift-nio-ssl.git[0m
2026-10-07T15:32:15.0549126Z [31;1mFetching https://github.com/apple/swift-crypto.git[0m
2026-10-07T15:32:18.4286221Z [31;1m[1/16854] Fetching swift-nio-ssl[0m
2026-10-07T15:32:18.6105820Z [31;1mFetched https://github.com/apple/swift-nio-ssl.git from cache (3.68s)[0m
2026-10-07T15:32:18.6438475Z [31;1mFetching https://github.com/grpc/grpc-swift.git[0m
2026-10-07T15:32:18.7428940Z [31;1m[1/18564] Fetching swift-crypto[0m
2026-10-07T15:32:18.9362844Z [31;1mFetched https://github.com/apple/swift-crypto.git from cache (3.99s)[0m
2026-10-07T15:32:18.9695185Z [31;1mFetching https://github.com/apple/swift-algorithms.git[0m
2026-10-07T15:32:19.1882824Z [31;1m[1/54705] Fetching swift-protobuf[0m
2026-10-07T15:32:19.4590076Z [31;1mFetched https://github.com/apple/swift-protobuf.git from cache (11.27s)[0m
2026-10-07T15:32:19.5032499Z [31;1mFetching https://github.com/mattt/eventsource.git[0m
2026-10-07T15:32:19.7632561Z [31;1m[1/6164] Fetching swift-algorithms[0m
2026-10-07T15:32:19.8894225Z [31;1mFetched https://github.com/apple/swift-algorithms.git from cache (0.92s)[0m
2026-10-07T15:32:19.9268141Z [31;1mFetching https://github.com/apple/swift-collections.git[0m
2026-10-07T15:32:20.9999416Z [31;1m[1/303] Fetching eventsource[0m
2026-10-07T15:32:21.1537660Z [31;1mFetched https://github.com/mattt/eventsource.git from cache (1.65s)[0m
2026-10-07T15:32:21.2419594Z [31;1mFetching https://github.com/apple/swift-nio-http2.git[0m
2026-10-07T15:32:21.3178491Z [31;1m[1/51604] Fetching grpc-swift[0m
2026-10-07T15:32:21.4749873Z [31;1mFetched https://github.com/grpc/grpc-swift.git from cache (2.83s)[0m
2026-10-07T15:32:21.5092943Z [31;1mFetching https://github.com/apple/swift-atomics.git[0m
2026-10-07T15:32:21.6580827Z [31;1m[1/28544] Fetching swift-collections[0m
2026-10-07T15:32:22.0241486Z [31;1mFetched https://github.com/apple/swift-collections.git from cache (2.10s)[0m
2026-10-07T15:32:22.2165101Z [31;1m[1/1885] Fetching swift-atomics[0m
2026-10-07T15:32:22.3594201Z [31;1mFetched https://github.com/apple/swift-atomics.git from cache (0.85s)[0m
2026-10-07T15:32:22.8342205Z [31;1m[1/12288] Fetching swift-nio-http2[0m
2026-10-07T15:32:22.9896703Z [31;1mFetched https://github.com/apple/swift-nio-http2.git from cache (1.76s)[0m
2026-10-07T15:32:23.0898358Z [31;1mCreating working copy for https://github.com/apple/swift-nio-transport-services.git[0m
2026-10-07T15:32:23.0901842Z [31;1mCreating working copy for https://github.com/apple/swift-numerics.git[0m
2026-10-07T15:32:23.1070137Z [31;1mCreating working copy for https://github.com/apple/swift-http-structured-headers.git[0m
2026-10-07T15:32:23.4091024Z [31;1mCreating working copy for https://github.com/apple/swift-system.git[0m
2026-10-07T15:32:23.4103318Z [31;1mWorking copy of https://github.com/apple/swift-nio-transport-services.git resolved at 1.28.0[0m
2026-10-07T15:32:23.4152797Z [31;1mWorking copy of https://github.com/apple/swift-numerics.git resolved at 1.1.1[0m
2026-10-07T15:32:23.4288712Z [31;1mWorking copy of https://github.com/apple/swift-http-structured-headers.git resolved at 1.7.0[0m
2026-10-07T15:32:23.4366390Z [31;1mCreating working copy for https://github.com/apple/swift-nio.git[0m
2026-10-07T15:32:23.5456503Z [31;1mCreating working copy for https://github.com/apple/swift-async-algorithms.git[0m
2026-10-07T15:32:23.6654234Z [31;1mCreating working copy for https://github.com/apple/swift-protobuf.git[0m
2026-10-07T15:32:23.7508186Z [31;1mWorking copy of https://github.com/apple/swift-system.git resolved at 1.8.1[0m
2026-10-07T15:32:23.7518788Z [31;1mCreating working copy for https://github.com/apple/swift-nio-extras.git[0m
2026-10-07T15:32:23.9594915Z [31;1mWorking copy of https://github.com/apple/swift-async-algorithms.git resolved at 1.1.7[0m
2026-10-07T15:32:24.0738957Z [31;1mCreating working copy for https://github.com/apple/swift-log.git[0m
2026-10-07T15:32:24.1542982Z [31;1mWorking copy of https://github.com/apple/swift-nio-extras.git resolved at 1.35.1[0m
2026-10-07T15:32:24.3815527Z [31;1mCreating working copy for https://github.com/apple/swift-certificates.git[0m
2026-10-07T15:32:24.4199396Z [31;1mWorking copy of https://github.com/apple/swift-log.git resolved at 1.15.1[0m
2026-10-07T15:32:24.4308294Z [31;1mCreating working copy for https://github.com/apple/swift-asn1.git[0m
2026-10-07T15:32:24.4332519Z [31;1mWorking copy of https://github.com/apple/swift-nio.git resolved at 2.103.0[0m
2026-10-07T15:32:24.6093728Z [31;1mCreating working copy for https://github.com/apple/swift-http-types.git[0m
2026-10-07T15:32:24.8155090Z [31;1mWorking copy of https://github.com/apple/swift-asn1.git resolved at 1.7.3[0m
2026-10-07T15:32:24.9025724Z [31;1mWorking copy of https://github.com/apple/swift-certificates.git resolved at 1.21.0[0m
2026-10-07T15:32:24.9260501Z [31;1mCreating working copy for https://github.com/swift-server/swift-service-lifecycle.git[0m
2026-10-07T15:32:25.1323767Z [31;1mCreating working copy for https://github.com/apple/swift-nio-ssl.git[0m
2026-10-07T15:32:25.2111658Z [31;1mWorking copy of https://github.com/swift-server/swift-service-lifecycle.git resolved at 2.12.1[0m
2026-10-07T15:32:25.2113385Z [31;1mCreating working copy for https://github.com/apple/swift-crypto.git[0m
2026-10-07T15:32:25.2577237Z [31;1mWorking copy of https://github.com/apple/swift-http-types.git resolved at 1.8.0[0m
2026-10-07T15:32:25.3704031Z [31;1mCreating working copy for https://github.com/grpc/grpc-swift.git[0m
2026-10-07T15:32:26.1906949Z [31;1mWorking copy of https://github.com/apple/swift-nio-ssl.git resolved at 2.37.5[0m
2026-10-07T15:32:26.2338438Z [31;1mWorking copy of https://github.com/apple/swift-protobuf.git resolved at 1.38.1[0m
2026-10-07T15:32:26.2950631Z [31;1mCreating working copy for https://github.com/apple/swift-algorithms.git[0m
2026-10-07T15:32:26.4639599Z [31;1mCreating working copy for https://github.com/mattt/eventsource.git[0m
2026-10-07T15:32:26.6324632Z [31;1mWorking copy of https://github.com/apple/swift-algorithms.git resolved at 1.2.1[0m
2026-10-07T15:32:26.6440468Z [31;1mCreating working copy for https://github.com/apple/swift-collections.git[0m
2026-10-07T15:32:26.7150860Z [31;1mWorking copy of https://github.com/mattt/eventsource.git resolved at 1.5.1[0m
2026-10-07T15:32:26.7360818Z [31;1mWorking copy of https://github.com/apple/swift-crypto.git resolved at 4.5.2[0m
2026-10-07T15:32:26.8405499Z [31;1mCreating working copy for https://github.com/apple/swift-nio-http2.git[0m
2026-10-07T15:32:26.8607734Z [31;1mCreating working copy for https://github.com/apple/swift-atomics.git[0m
2026-10-07T15:32:26.9342953Z [31;1mWorking copy of https://github.com/grpc/grpc-swift.git resolved at 1.26.2[0m
2026-10-07T15:32:27.2199465Z [31;1mWorking copy of https://github.com/apple/swift-atomics.git resolved at 1.3.1[0m
2026-10-07T15:32:27.5319740Z [31;1mWorking copy of https://github.com/apple/swift-collections.git resolved at 1.7.1[0m
2026-10-07T15:32:27.6572162Z [31;1mWorking copy of https://github.com/apple/swift-nio-http2.git resolved at 1.46.0[0m
2026-10-07T15:34:23.9072606Z [31;1mwarning: 'rightclick': found 3 file(s) which are unhandled; explicitly declare them as resources or exclude from the target[0m
2026-10-07T15:34:23.9075054Z [31;1m    D:\a\rightclick\rightclick\Tests\RightClickCoreTests\Fixtures\MOAT005G4IssuesCreateRealResponse.json[0m
2026-10-07T15:34:23.9076711Z [31;1m    D:\a\rightclick\rightclick\Tests\RightClickCoreTests\Fixtures\WindowsActualAcknowledgementDeclaration.json[0m
2026-10-07T15:34:23.9078491Z [31;1m    D:\a\rightclick\rightclick\Tests\RightClickCoreTests\Fixtures\MOAT005G3IssuesCreateRequest.json[0m
2026-10-07T15:35:29.1049293Z [31;1m[1/1] Compiling plugin SwiftProtobufPlugin[0m
2026-10-07T15:35:39.6399875Z [31;1m[2/2] Compiling plugin GRPCSwiftPlugin[0m
2026-10-07T15:35:39.6402167Z [31;1mBuilding for debugging...[0m
2026-10-07T15:35:39.7652096Z [31;1m[2/452] Write sources[0m
2026-10-07T15:35:39.8934494Z [31;1m[25/452] Compiling _AtomicsShims.c[0m
2026-10-07T15:35:39.9687007Z [31;1m[26/452] Compiling CXKCPShims shims.c[0m
2026-10-07T15:35:39.9774071Z [31;1m[27/452] Compiling SimpleFIPS202.c[0m
2026-10-07T15:35:40.0343087Z [31;1m[28/452] Compiling KeccakSponge.c[0m
2026-10-07T15:35:40.1349703Z [31;1m[29/452] Compiling KeccakHash.c[0m
2026-10-07T15:35:40.8519331Z [31;1m[30/452] Compiling KeccakP-1600-opt64.c[0m
2026-10-07T15:35:40.9827287Z [31;1m[31/452] Compiling CSystem shims.c[0m
2026-10-07T15:35:41.7683981Z [31;1m[32/452] Write swift-version--4333013971676CF4.txt[0m
2026-10-07T15:35:41.7901346Z [31;1mD:\a\rightclick\rightclick\Sources\RightClickHostFiles\HostFiles.c:42:9: warning: 'wcscat' is deprecated: This function or variable may be unsafe. Consider using wcscat_s instead. To disable deprecation, use _CRT_SECURE_NO_WARNINGS. See online help for details. [-Wdeprecated-declarations][0m
2026-10-07T15:35:41.8108306Z [31;1m[0m
2026-10-07T15:35:41.8163753Z [31;1m   42 |         wcscat(unc, actual + 8);[0m
2026-10-07T15:35:41.8533223Z [31;1m[0m
2026-10-07T15:35:41.8577222Z [31;1m      |         ^[0m
2026-10-07T15:35:41.8641839Z [31;1m[0m
2026-10-07T15:35:41.8670019Z [31;1mC:\Program Files (x86)\Windows Kits\10\Include\10.0.26100.0\ucrt\corecrt_wstring.h:100:5: note: 'wcscat' has been explicitly marked deprecated here[0m
2026-10-07T15:35:41.8693600Z [31;1m[0m
2026-10-07T15:35:41.9097183Z [31;1m  100 |     __DEFINE_CPP_OVERLOAD_STANDARD_FUNC_0_1([0m
2026-10-07T15:35:41.9129210Z [31;1m[0m
2026-10-07T15:35:41.9211772Z [31;1m      |     ^[0m
2026-10-07T15:35:42.0971668Z [31;1m[0m
2026-10-07T15:35:42.1038697Z [31;1mC:\Program Files (x86)\Windows Kits\10\Include\10.0.26100.0\ucrt\corecrt.h:874:5: note: expanded from macro '__DEFINE_CPP_OVERLOAD_STANDARD_FUNC_0_1'[0m
2026-10-07T15:35:42.4187657Z [31;1m[0m
2026-10-07T15:35:42.4449708Z [31;1m  874 |     __DEFINE_CPP_OVERLOAD_STANDARD_FUNC_0_1_EX(_ReturnType, _ReturnPolicy, _DeclSpec, _FuncName, _FuncName##_s, _DstType, _SalAttributeDst, _DstType, _Dst, _TType1, _TArg1)[0m
2026-10-07T15:35:42.4572324Z [31;1m[0m
2026-10-07T15:35:42.5018168Z [31;1m      |     ^[0m
2026-10-07T15:35:42.5030757Z [31;1m[0m
2026-10-07T15:35:42.5081929Z [31;1mC:\Program Files (x86)\Windows Kits\10\Include\10.0.26100.0\ucrt\corecrt.h:1933:17: note: expanded from macro '__DEFINE_CPP_OVERLOAD_STANDARD_FUNC_0_1_EX'[0m
2026-10-07T15:35:42.5296784Z [31;1m[0m
2026-10-07T15:35:42.5312142Z [31;1m 1933 |                 _CRT_INSECURE_DEPRECATE(_SecureFuncName) _DeclSpec _ReturnType __cdecl _FuncName(_SalAttributeDst _DstType *_Dst, _TType1 _TArg1);[0m
2026-10-07T15:35:42.5392249Z [31;1m[0m
2026-10-07T15:35:42.5559592Z [31;1m      |                 ^[0m
2026-10-07T15:35:42.5605459Z [31;1m[0m
2026-10-07T15:35:42.5654238Z [31;1mC:\Program Files\Microsoft Visual Studio\2022\Enterprise\VC\Tools\MSVC\14.44.35207\include\vcruntime.h:368:55: note: expanded from macro '_CRT_INSECURE_DEPRECATE'[0m
2026-10-07T15:35:42.5708468Z [31;1m[0m
2026-10-07T15:35:42.6131403Z [31;1m  368 |         #define _CRT_INSECURE_DEPRECATE(_Replacement) _CRT_DEPRECATE_TEXT(    \[0m
2026-10-07T15:35:42.6138330Z [31;1m[0m
2026-10-07T15:35:42.6197455Z [31;1m      |                                                       ^[0m
2026-10-07T15:35:42.7274339Z [31;1m[0m
2026-10-07T15:35:42.7313577Z [31;1mC:\Program Files\Microsoft Visual Studio\2022\Enterprise\VC\Tools\MSVC\14.44.35207\include\vcruntime.h:358:47: note: expanded from macro '_CRT_DEPRECATE_TEXT'[0m
2026-10-07T15:35:42.7694565Z [31;1m[0m
2026-10-07T15:35:42.8106233Z [31;1m  358 | #define _CRT_DEPRECATE_TEXT(_Text) __declspec(deprecated(_Text))[0m
2026-10-07T15:35:42.8357207Z [31;1m[0m
2026-10-07T15:35:42.8393703Z [31;1m      |                                               ^[0m
2026-10-07T15:35:42.8798958Z [31;1m[0m
2026-10-07T15:35:42.9261798Z [31;1m1 warning generated.[0m
2026-10-07T15:35:42.9390238Z [31;1m[0m
2026-10-07T15:35:42.9484616Z [31;1m[33/452] Compiling RightClickHostFiles HostFiles.c[0m
2026-10-07T15:35:42.9542209Z [31;1m[34/452] Compiling CNIOWASI CNIOWASI.c[0m
2026-10-07T15:35:43.0275703Z [31;1m[35/452] Compiling CNIOPosix event_loop_id.c[0m
2026-10-07T15:35:43.0486370Z [31;1m[36/452] Compiling CNIOOpenBSD shim.c[0m
2026-10-07T15:35:43.0518082Z [31;1m[37/452] Compiling CNIOLinux shim.c[0m
2026-10-07T15:35:43.0869687Z [31;1m[38/452] Compiling CNIOLinux liburing_shims.c[0m
2026-10-07T15:35:43.1300697Z [31;1m[39/452] Compiling CNIOLLHTTP c_nio_http.c[0m
2026-10-07T15:35:43.1509598Z [31;1m[40/452] Compiling CNIOLLHTTP c_nio_api.c[0m
2026-10-07T15:35:43.1540950Z [31;1m[41/452] Compiling CNIOFreeBSD shim.c[0m
2026-10-07T15:35:43.1894200Z [31;1m[42/452] Compiling CNIODarwin shim.c[0m
2026-10-07T15:35:43.2319381Z [31;1m[43/452] Compiling CNIOWindows shim.c[0m
2026-10-07T15:35:43.2532426Z [31;1m[44/452] Compiling CNIOWindows WSAStartup.c[0m
2026-10-07T15:35:43.2563018Z [31;1m[45/452] Compiling CNIOLLHTTP c_nio_llhttp.c[0m
2026-10-07T15:35:43.3299142Z [31;1m[46/452] Compiling fiat_p256_adx_sqr.S[0m
2026-10-07T15:35:43.3430961Z [31;1m[47/452] Compiling fiat_p256_adx_mul.S[0m
2026-10-07T15:35:43.3520526Z [31;1m[48/452] Compiling fiat_curve25519_adx_square.S[0m
2026-10-07T15:35:43.3576006Z [31;1m[49/452] Compiling fiat_curve25519_adx_mul.S[0m
2026-10-07T15:35:43.3615551Z [31;1m[50/452] Compiling md5-x86_64-linux.S[0m
2026-10-07T15:35:43.3682623Z [31;1m[51/452] Compiling md5-x86_64-apple.S[0m
2026-10-07T15:35:43.3707582Z [31;1m[52/452] Compiling md5-586-linux.S[0m
2026-10-07T15:35:43.4306950Z [31;1m[53/452] Compiling CCryptoBoringSSLShims shims.c[0m
2026-10-07T15:35:43.4742551Z [31;1m[54/452] Compiling md5-586-apple.S[0m
2026-10-07T15:35:43.5565502Z [31;1m[55/452] Compiling chacha20_poly1305_x86_64-linux.S[0m
2026-10-07T15:35:43.6645134Z [31;1m[56/452] Compiling chacha20_poly1305_x86_64-apple.S[0m
2026-10-07T15:35:43.7600823Z [31;1m[57/452] Compiling chacha20_poly1305_armv8-win.S[0m
2026-10-07T15:35:43.8568684Z [31;1m[58/452] Compiling chacha20_poly1305_armv8-linux.S[0m
2026-10-07T15:35:44.0234009Z [31;1m[59/452] Compiling chacha20_poly1305_armv8-apple.S[0m
2026-10-07T15:35:44.1252009Z [31;1m[60/452] Compiling chacha-x86_64-linux.S[0m
2026-10-07T15:35:44.2328627Z [31;1m[61/452] Compiling chacha-x86_64-apple.S[0m
2026-10-07T15:35:44.3162711Z [31;1m[62/452] Compiling chacha-x86-linux.S[0m
2026-10-07T15:35:44.4149980Z [31;1m[63/452] Compiling chacha-x86-apple.S[0m
2026-10-07T15:35:44.5396013Z [31;1m[64/452] Compiling chacha-armv8-win.S[0m
2026-10-07T15:35:44.6510866Z [31;1m[65/452] Compiling chacha-armv8-linux.S[0m
2026-10-07T15:35:44.7664033Z [31;1m[66/452] Compiling chacha-armv8-apple.S[0m
2026-10-07T15:35:44.8750949Z [31;1m[67/452] Compiling chacha-armv4-linux.S[0m
2026-10-07T15:35:44.9978117Z [31;1m[68/452] Compiling aes128gcmsiv-x86_64-linux.S[0m
2026-10-07T15:35:45.0751424Z [31;1m[69/452] Compiling aes128gcmsiv-x86_64-apple.S[0m
2026-10-07T15:35:45.1296828Z [31;1m[70/452] Compiling x86_64-mont5-linux.S[0m
2026-10-07T15:35:45.2187965Z [31;1m[71/452] Compiling x86_64-mont5-apple.S[0m
2026-10-07T15:35:45.3291543Z [31;1m[72/452] Compiling x86_64-mont-linux.S[0m
2026-10-07T15:35:45.4404639Z [31;1m[73/452] Compiling x86_64-mont-apple.S[0m
2026-10-07T15:35:45.5751331Z [31;1m[74/452] Compiling x86-mont-linux.S[0m
2026-10-07T15:35:45.6800127Z [31;1m[75/452] Compiling x86-mont-apple.S[0m
2026-10-07T15:35:45.7196309Z [31;1m[76/452] Compiling err_data.cc[0m
2026-10-07T15:35:45.7885940Z [31;1m[77/452] Compiling vpaes-x86_64-linux.S[0m
2026-10-07T15:35:45.8472611Z [31;1m[78/452] Compiling vpaes-x86_64-apple.S[0m
2026-10-07T15:35:45.8888262Z [31;1m[79/452] Compiling vpaes-x86-linux.S[0m
2026-10-07T15:35:45.9489458Z [31;1m[80/452] Compiling vpaes-x86-apple.S[0m
2026-10-07T15:35:45.9933557Z [31;1m[81/452] Compiling vpaes-armv8-win.S[0m
2026-10-07T15:35:46.0500444Z [31;1m[82/452] Compiling vpaes-armv8-linux.S[0m
2026-10-07T15:35:46.0947371Z [31;1m[83/452] Compiling vpaes-armv8-apple.S[0m
2026-10-07T15:35:46.1520185Z [31;1m[84/452] Compiling vpaes-armv7-linux.S[0m
2026-10-07T15:35:46.1969525Z [31;1m[85/452] Compiling sha512-x86_64-linux.S[0m
2026-10-07T15:35:46.2230200Z [31;1m[86/452] Compiling sha512-x86_64-apple.S[0m
2026-10-07T15:35:46.3083583Z [31;1m[87/452] Compiling sha512-armv8-win.S[0m
2026-10-07T15:35:46.3492350Z [31;1m[88/452] Compiling sha512-armv8-linux.S[0m
2026-10-07T15:35:46.3568474Z [31;1m[89/452] Compiling c-nioatomics.c[0m
2026-10-07T15:35:46.3892675Z [31;1m[90/452] Compiling sha512-armv8-apple.S[0m
2026-10-07T15:35:46.4229417Z [31;1m[91/452] Compiling sha512-armv4-linux.S[0m
2026-10-07T15:35:46.4589483Z [31;1m[92/452] Compiling sha512-586-linux.S[0m
2026-10-07T15:35:46.4683640Z [31;1m[93/452] Compiling sha512-586-apple.S[0m
2026-10-07T15:35:46.5411867Z [31;1m[94/452] Compiling sha256-x86_64-linux.S[0m
2026-10-07T15:35:46.5613710Z [31;1m[95/452] Compiling sha256-x86_64-apple.S[0m
2026-10-07T15:35:46.5662558Z [31;1m[96/452] Compiling sha256-armv8-win.S[0m
2026-10-07T15:35:46.6410981Z [31;1m[97/452] Compiling sha256-armv8-linux.S[0m
2026-10-07T15:35:46.6614822Z [31;1m[98/452] Compiling sha256-armv8-apple.S[0m
2026-10-07T15:35:46.6948408Z [31;1m[99/452] Compiling sha256-armv4-linux.S[0m
2026-10-07T15:35:46.7553227Z [31;1m[100/452] Compiling sha256-586-linux.S[0m
2026-10-07T15:35:46.7584727Z [31;1m[101/452] Compiling sha256-586-apple.S[0m
2026-10-07T15:35:46.7659127Z [31;1m[102/452] Compiling sha1-x86_64-linux.S[0m
2026-10-07T15:35:46.8253155Z [31;1m[103/452] Compiling sha1-x86_64-apple.S[0m
2026-10-07T15:35:46.8584514Z [31;1m[104/452] Compiling sha1-armv8-win.S[0m
2026-10-07T15:35:46.8662007Z [31;1m[105/452] Compiling sha1-armv8-linux.S[0m
2026-10-07T15:35:46.9544845Z [31;1m[106/452] Compiling sha1-armv8-apple.S[0m
2026-10-07T15:35:46.9678637Z [31;1m[107/452] Compiling sha1-armv4-large-linux.S[0m
2026-10-07T15:35:46.9905913Z [31;1m[108/452] Compiling sha1-586-linux.S[0m
2026-10-07T15:35:47.0445658Z [31;1m[109/452] Compiling sha1-586-apple.S[0m
2026-10-07T15:35:47.0656976Z [31;1m[110/452] Compiling rsaz-avx2-linux.S[0m
2026-10-07T15:35:47.0886229Z [31;1m[111/452] Compiling rsaz-avx2-apple.S[0m
2026-10-07T15:35:47.1076614Z [31;1m[112/452] Compiling c-atomics.c[0m
2026-10-07T15:35:47.1351329Z [31;1m[113/452] Compiling rdrand-x86_64-linux.S[0m
2026-10-07T15:35:47.1616069Z [31;1m[114/452] Compiling rdrand-x86_64-apple.S[0m
2026-10-07T15:35:47.1944042Z [31;1m[115/452] Compiling p256_beeu-x86_64-asm-linux.S[0m
2026-10-07T15:35:47.2094673Z [31;1m[116/452] Compiling p256_beeu-x86_64-asm-apple.S[0m
2026-10-07T15:35:47.2339361Z [31;1m[117/452] Compiling p256_beeu-armv8-asm-win.S[0m
2026-10-07T15:35:47.2615379Z [31;1m[118/452] Compiling p256_beeu-armv8-asm-linux.S[0m
2026-10-07T15:35:47.2854292Z [31;1m[119/452] Compiling p256_beeu-armv8-asm-apple.S[0m
2026-10-07T15:35:47.3167987Z [31;1m[120/452] Compiling p256-x86_64-asm-linux.S[0m
2026-10-07T15:35:47.3376545Z [31;1m[121/452] Compiling p256-x86_64-asm-apple.S[0m
2026-10-07T15:35:47.3581460Z [31;1m[122/452] Compiling p256-armv8-asm-win.S[0m
2026-10-07T15:35:47.3694585Z [31;1m[123/452] Compiling p256-armv8-asm-linux.S[0m
2026-10-07T15:35:47.4198111Z [31;1m[124/452] Compiling p256-armv8-asm-apple.S[0m
2026-10-07T15:35:47.4327318Z [31;1m[125/452] Compiling ghashv8-armv8-win.S[0m
2026-10-07T15:35:47.4584240Z [31;1m[126/452] Compiling ghashv8-armv8-linux.S[0m
2026-10-07T15:35:47.4922463Z [31;1m[127/452] Compiling ghashv8-armv8-apple.S[0m
2026-10-07T15:35:47.5161776Z [31;1m[128/452] Compiling ghashv8-armv7-linux.S[0m
2026-10-07T15:35:47.5384559Z [31;1m[129/452] Compiling ghash-x86_64-linux.S[0m
2026-10-07T15:35:47.5569354Z [31;1m[130/452] Compiling ghash-x86_64-apple.S[0m
2026-10-07T15:35:47.5846101Z [31;1m[131/452] Compiling ghash-x86-linux.S[0m
2026-10-07T15:35:47.6168222Z [31;1m[132/452] Compiling ghash-x86-apple.S[0m
2026-10-07T15:35:47.6347589Z [31;1m[133/452] Compiling ghash-ssse3-x86_64-linux.S[0m
2026-10-07T15:35:47.6553476Z [31;1m[134/452] Compiling ghash-ssse3-x86_64-apple.S[0m
2026-10-07T15:35:47.6834418Z [31;1m[135/452] Compiling ghash-ssse3-x86-linux.S[0m
2026-10-07T15:35:47.7092908Z [31;1m[136/452] Compiling ghash-ssse3-x86-apple.S[0m
2026-10-07T15:35:47.7381666Z [31;1m[137/452] Compiling ghash-neon-armv8-win.S[0m
2026-10-07T15:35:47.7579746Z [31;1m[138/452] Compiling ghash-neon-armv8-linux.S[0m
2026-10-07T15:35:47.7596725Z [31;1m[139/452] Compiling ghash-neon-armv8-apple.S[0m
2026-10-07T15:35:47.8095347Z [31;1m[140/452] Compiling ghash-armv4-linux.S[0m
2026-10-07T15:35:47.8165147Z [31;1m[141/452] Compiling co-586-linux.S[0m
2026-10-07T15:35:47.8591950Z [31;1m[142/452] Compiling co-586-apple.S[0m
2026-10-07T15:35:47.8640601Z [31;1m[143/452] Compiling bsaes-armv7-linux.S[0m
2026-10-07T15:35:47.9105780Z [31;1m[144/452] Compiling bn-armv8-win.S[0m
2026-10-07T15:35:47.9155066Z [31;1m[145/452] Compiling bn-armv8-linux.S[0m
2026-10-07T15:35:47.9578265Z [31;1m[146/452] Compiling bn-armv8-apple.S[0m
2026-10-07T15:35:47.9828912Z [31;1m[147/452] Compiling bn-586-linux.S[0m
2026-10-07T15:35:48.0086723Z [31;1m[148/452] Compiling bn-586-apple.S[0m
2026-10-07T15:35:48.0298561Z [31;1m[149/452] Compiling armv8-mont-win.S[0m
2026-10-07T15:35:48.0561332Z [31;1m[150/452] Compiling armv8-mont-linux.S[0m
2026-10-07T15:35:48.0628249Z [31;1m[151/452] Compiling armv8-mont-apple.S[0m
2026-10-07T15:35:48.1127184Z [31;1m[152/452] Compiling armv4-mont-linux.S[0m
2026-10-07T15:35:48.1292889Z [31;1m[153/452] Compiling aesv8-gcm-armv8-win.S[0m
2026-10-07T15:35:48.1548071Z [31;1m[154/452] Compiling aesv8-gcm-armv8-linux.S[0m
2026-10-07T15:35:48.1601701Z [31;1m[155/452] Compiling aesv8-gcm-armv8-apple.S[0m
2026-10-07T15:35:48.2077941Z [31;1m[156/452] Compiling aesv8-armv8-win.S[0m
2026-10-07T15:35:48.2303507Z [31;1m[157/452] Compiling aesv8-armv8-linux.S[0m
2026-10-07T15:35:48.2552373Z [31;1m[158/452] Compiling aesv8-armv8-apple.S[0m
2026-10-07T15:35:48.2617901Z [31;1m[159/452] Compiling aesv8-armv7-linux.S[0m
2026-10-07T15:35:48.3090567Z [31;1m[160/452] Compiling aesni-x86_64-linux.S[0m
2026-10-07T15:35:48.3706383Z [31;1m[161/452] Compiling aesni-x86_64-apple.S[0m
2026-10-07T15:35:48.3977648Z [31;1m[162/452] Compiling aesni-x86-linux.S[0m
2026-10-07T15:35:48.4073661Z [31;1m[163/452] Compiling aesni-x86-apple.S[0m
2026-10-07T15:35:48.4175050Z [31;1m[164/452] Compiling aesni-gcm-x86_64-linux.S[0m
2026-10-07T15:35:48.4297130Z [31;1m[165/452] Compiling aesni-gcm-x86_64-apple.S[0m
2026-10-07T15:35:48.4611853Z [31;1m[166/452] Compiling aes-gcm-avx512-x86_64-linux.S[0m
2026-10-07T15:35:48.4683595Z [31;1m[167/452] Compiling aes-gcm-avx512-x86_64-apple.S[0m
2026-10-07T15:35:48.5149898Z [31;1m[168/452] Compiling aes-gcm-avx2-x86_64-linux.S[0m
2026-10-07T15:35:50.8267118Z [31;1m[169/452] Compiling aes-gcm-avx2-x86_64-apple.S[0m
2026-10-07T15:35:51.0176788Z [31;1m[170/452] Compiling xwing.cc[0m
2026-10-07T15:35:52.2732635Z [31;1m[171/452] Compiling x_x509a.cc[0m
2026-10-07T15:35:52.2777188Z [31;1m[171/452] Compiling x_spki.cc[0m
2026-10-07T15:35:53.8052398Z [31;1m[173/452] Compiling x_x509.cc[0m
2026-10-07T15:35:56.0564121Z [31;1m[174/452] Compiling x_sig.cc[0m
2026-10-07T15:35:56.0869173Z [31;1m[175/452] Compiling x_req.cc[0m
2026-10-07T15:35:56.0897767Z [31;1m[176/452] Compiling x_pubkey.cc[0m
2026-10-07T15:35:57.9086385Z [31;1m[177/452] Compiling x_name.cc[0m
2026-10-07T15:35:59.8620611Z [31;1m[178/452] Compiling x_exten.cc[0m
2026-10-07T15:36:00.4332147Z [31;1m[179/452] Compiling x_attrib.cc[0m
2026-10-07T15:36:00.4344124Z [31;1m[180/452] Compiling x_crl.cc[0m
2026-10-07T15:36:02.1364516Z [31;1m[181/452] Compiling x_all.cc[0m
2026-10-07T15:36:02.5896446Z [31;1m[182/452] Compiling x_algor.cc[0m
2026-10-07T15:36:03.7899263Z [31;1m[183/452] Compiling x509spki.cc[0m
2026-10-07T15:36:04.3543338Z [31;1m[184/452] Compiling x509rset.cc[0m
2026-10-07T15:36:06.2035658Z [31;1m[185/452] Compiling x509name.cc[0m
2026-10-07T15:36:08.1143166Z [31;1m[186/452] Compiling x509cset.cc[0m
2026-10-07T15:36:08.1152095Z [31;1m[187/452] Compiling x509_vpm.cc[0m
2026-10-07T15:36:08.1810254Z [31;1m[188/452] Compiling x509_vfy.cc[0m
2026-10-07T15:36:08.1856463Z [31;1m[189/452] Compiling x509_v3.cc[0m
2026-10-07T15:36:09.2708544Z [31;1m[190/452] Compiling x509_txt.cc[0m
2026-10-07T15:36:11.8854154Z [31;1m[191/452] Compiling x509_trs.cc[0m
2026-10-07T15:36:13.2128296Z [31;1m[192/452] Compiling x509_set.cc[0m
2026-10-07T15:36:13.2210871Z [31;1m[193/452] Compiling x509_req.cc[0m
2026-10-07T15:36:14.4090825Z [31;1m[194/452] Compiling x509_obj.cc[0m
2026-10-07T15:36:14.9970019Z [31;1m[195/452] Compiling x509_lu.cc[0m
2026-10-07T15:36:15.6962600Z [31;1m[196/452] Compiling x509_def.cc[0m
2026-10-07T15:36:16.1891569Z [31;1m[197/452] Compiling x509_ext.cc[0m
2026-10-07T15:36:18.3234305Z [31;1m[198/452] Compiling x509_d2.cc[0m
2026-10-07T15:36:18.3300580Z [31;1m[199/452] Compiling x509_cmp.cc[0m
2026-10-07T15:36:18.3561485Z [31;1m[200/452] Compiling x509_att.cc[0m
2026-10-07T15:36:21.0248524Z [31;1m[201/452] Compiling x509.cc[0m
2026-10-07T15:36:21.0999884Z [31;1m[202/452] Compiling v3_utl.cc[0m
2026-10-07T15:36:22.0447746Z [31;1m[203/452] Compiling v3_prn.cc[0m
2026-10-07T15:36:22.1049306Z [31;1m[204/452] Compiling v3_purp.cc[0m
2026-10-07T15:36:22.1161373Z [31;1m[204/452] Compiling v3_skey.cc[0m
2026-10-07T15:36:24.8744321Z [31;1m[206/452] Compiling v3_pmaps.cc[0m
2026-10-07T15:36:25.8670523Z [31;1m[207/452] Compiling v3_pcons.cc[0m
2026-10-07T15:36:27.7660474Z [31;1m[208/452] Compiling v3_ocsp.cc[0m
2026-10-07T15:36:28.6392088Z [31;1m[209/452] Compiling v3_ncons.cc[0m
2026-10-07T15:36:28.6871028Z [31;1m[210/452] Compiling v3_int.cc[0m
2026-10-07T15:36:28.6935353Z [31;1m[211/452] Compiling v3_lib.cc[0m
2026-10-07T15:36:29.9014762Z [31;1m[212/452] Compiling v3_info.cc[0m
2026-10-07T15:36:32.4613165Z [31;1m[213/452] Compiling v3_ia5.cc[0m
2026-10-07T15:36:32.5117249Z [31;1m[214/452] Compiling v3_extku.cc[0m
2026-10-07T15:36:33.7598879Z [31;1m[215/452] Compiling v3_genn.cc[0m
2026-10-07T15:36:33.8210238Z [31;1m[216/452] Compiling v3_enum.cc[0m
2026-10-07T15:36:35.9682037Z [31;1m[217/452] Compiling v3_crld.cc[0m
2026-10-07T15:36:36.5492268Z [31;1m[218/452] Compiling v3_cpols.cc[0m
2026-10-07T15:36:37.5241594Z [31;1m[219/452] Compiling v3_conf.cc[0m
2026-10-07T15:36:37.5279731Z [31;1m[220/452] Compiling v3_bitst.cc[0m
2026-10-07T15:36:40.1289052Z [31;1m[220/452] Compiling v3_bcons.cc[0m
2026-10-07T15:36:40.2698357Z [31;1m[222/452] Compiling v3_alt.cc[0m
2026-10-07T15:36:40.3073422Z [31;1m[222/452] Compiling v3_akeya.cc[0m
2026-10-07T15:36:41.6995880Z [31;1m[224/452] Compiling t_x509a.cc[0m
2026-10-07T15:36:44.0020396Z [31;1m[225/452] Compiling v3_akey.cc[0m
2026-10-07T15:36:44.1357280Z [31;1m[226/452] Compiling t_req.cc[0m
2026-10-07T15:36:44.1487179Z [31;1m[226/452] Compiling t_x509.cc[0m
2026-10-07T15:36:45.3414226Z [31;1m[228/452] Compiling t_crl.cc[0m
2026-10-07T15:36:46.8395394Z [31;1m[229/452] Compiling rsa_pss.cc[0m
2026-10-07T15:36:47.0326619Z [31;1m[230/452] Compiling i2d_pr.cc[0m
2026-10-07T15:36:48.0370367Z [31;1m[231/452] Compiling name_print.cc[0m
2026-10-07T15:36:50.6974929Z [31;1m[232/452] Compiling policy.cc[0m
2026-10-07T15:36:51.2638676Z [31;1m[233/452] Compiling by_file.cc[0m
2026-10-07T15:36:51.2672095Z [31;1m[234/452] Compiling by_dir.cc[0m
2026-10-07T15:36:51.6772909Z [31;1m[235/452] Compiling asn1_gen.cc[0m
2026-10-07T15:36:53.9811586Z [31;1m[236/452] Compiling algorithm.cc[0m
2026-10-07T15:36:53.9823205Z [31;1m[237/452] Compiling a_verify.cc[0m
2026-10-07T15:36:54.5227101Z [31;1m[238/452] Compiling a_digest.cc[0m
2026-10-07T15:36:55.2844256Z [31;1m[239/452] Compiling a_sign.cc[0m
2026-10-07T15:36:56.1111564Z [31;1m[240/452] Compiling voprf.cc[0m
2026-10-07T15:36:57.6207728Z [31;1m[241/452] Compiling trust_token.cc[0m
2026-10-07T15:36:58.5179733Z [31;1m[242/452] Compiling pmbtoken.cc[0m
2026-10-07T15:36:58.5224537Z [31;1m[243/452] Compiling thread_win.cc[0m
2026-10-07T15:37:00.6744697Z [31;1m[244/452] Compiling thread_pthread.cc[0m
2026-10-07T15:37:00.6833875Z [31;1m[245/452] Compiling thread.cc[0m
2026-10-07T15:37:00.9117123Z [31;1m[246/452] Compiling thread_none.cc[0m
2026-10-07T15:37:02.0272328Z [31;1m[247/452] Compiling stack.cc[0m
2026-10-07T15:37:02.1413573Z [31;1m[248/452] Compiling slhdsa.cc[0m
2026-10-07T15:37:03.0846141Z [31;1m[249/452] Compiling spake2plus.cc[0m
2026-10-07T15:37:03.9199905Z [31;1m[250/452] Compiling sha512.cc[0m
2026-10-07T15:37:04.2339010Z [31;1m[251/452] Compiling siphash.cc[0m
2026-10-07T15:37:04.2639519Z [31;1m[252/452] Compiling sha256.cc[0m
2026-10-07T15:37:05.3056965Z [31;1m[253/452] Compiling sha1.cc[0m
2026-10-07T15:37:06.2571653Z [31;1m[254/452] Compiling rsa_print.cc[0m
2026-10-07T15:37:07.4853919Z [31;1m[255/452] Compiling rsa_extra.cc[0m
2026-10-07T15:37:08.1714904Z [31;1m[256/452] Compiling rsa_crypt.cc[0m
2026-10-07T15:37:08.4991818Z [31;1m[257/452] Compiling rsa_asn1.cc[0m
2026-10-07T15:37:08.6113926Z [31;1m[258/452] Compiling refcount.cc[0m
2026-10-07T15:37:10.3158074Z [31;1m[259/452] Compiling rc4.cc[0m
2026-10-07T15:37:10.6296252Z [31;1m[260/452] Compiling urandom.cc[0m
2026-10-07T15:37:10.7614536Z [31;1m[261/452] Compiling trusty.cc[0m
2026-10-07T15:37:10.7962861Z [31;1m[262/452] Compiling windows.cc[0m
2026-10-07T15:37:12.7253972Z [31;1m[263/452] Compiling rand.cc[0m
2026-10-07T15:37:12.8439878Z [31;1m[264/452] Compiling ios.cc[0m
2026-10-07T15:37:13.4989229Z [31;1m[265/452] Compiling getentropy.cc[0m
2026-10-07T15:37:13.9990653Z [31;1m[266/452] Compiling passive.cc[0m
2026-10-07T15:37:14.9676651Z [31;1m[267/452] Compiling forkunsafe.cc[0m
2026-10-07T15:37:15.0472531Z [31;1m[268/452] Compiling deterministic.cc[0m
2026-10-07T15:37:15.9116938Z [31;1m[269/452] Compiling poly1305_arm_asm.S[0m
2026-10-07T15:37:16.8426343Z [31;1m[270/452] Compiling fork_detect.cc[0m
2026-10-07T15:37:17.4398600Z [31;1m[271/452] Compiling pool.cc[0m
2026-10-07T15:37:19.1033141Z [31;1m[272/452] Compiling poly1305_vec.cc[0m
2026-10-07T15:37:19.1070261Z [31;1m[273/452] Compiling poly1305_arm.cc[0m
2026-10-07T15:37:20.8629037Z [31;1m[274/452] Compiling poly1305.cc[0m
2026-10-07T15:37:21.2568676Z [31;1m[275/452] Compiling pkcs8_x509.cc[0m
2026-10-07T15:37:22.1221814Z [31;1m[276/452] Compiling pkcs8.cc[0m
2026-10-07T15:37:23.0553593Z [31;1m[277/452] Compiling p5_pbev2.cc[0m
2026-10-07T15:37:23.2703204Z [31;1m[278/452] Compiling pkcs7_x509.cc[0m
2026-10-07T15:37:23.8946148Z [31;1m[279/452] Compiling pkcs7.cc[0m
2026-10-07T15:37:24.8668622Z [31;1m[280/452] Compiling pem_xaux.cc[0m
2026-10-07T15:37:25.8680073Z [31;1m[281/452] Compiling pem_x509.cc[0m
2026-10-07T15:37:26.4889887Z [31;1m[282/452] Compiling pem_pkey.cc[0m
2026-10-07T15:37:26.6519184Z [31;1m[283/452] Compiling pem_pk8.cc[0m
2026-10-07T15:37:28.8985195Z [31;1m[284/452] Compiling pem_oth.cc[0m
2026-10-07T15:37:28.8994086Z [31;1m[285/452] Compiling pem_info.cc[0m
2026-10-07T15:37:28.9077007Z [31;1m[286/452] Compiling pem_lib.cc[0m
2026-10-07T15:37:29.9086938Z [31;1m[287/452] Compiling pem_all.cc[0m
2026-10-07T15:37:31.0242422Z [31;1m[288/452] Compiling obj_xref.cc[0m
2026-10-07T15:37:31.5197590Z [31;1m[289/452] Compiling mlkem.cc[0m
2026-10-07T15:37:32.6180334Z [31;1m[290/452] Compiling mldsa.cc[0m
2026-10-07T15:37:33.1496914Z [31;1m[291/452] Compiling obj.cc[0m
2026-10-07T15:37:34.4102350Z [31;1m[292/452] Compiling mem.cc[0m
2026-10-07T15:37:34.8552176Z [31;1m[293/452] Compiling md5.cc[0m
2026-10-07T15:37:34.9319854Z [31;1m[294/452] Compiling md4.cc[0m
2026-10-07T15:37:35.8348784Z [31;1m[295/452] Compiling poly_rq_mul.S[0m
2026-10-07T15:37:36.6283016Z [31;1m[296/452] Compiling lhash.cc[0m
2026-10-07T15:37:36.6932597Z [31;1m[297/452] Compiling kyber.cc[0m
2026-10-07T15:37:38.0569232Z [31;1m[298/452] Compiling fips_shared_support.cc[0m
2026-10-07T15:37:38.5210064Z [31;1m[299/452] Compiling hrss.cc[0m
2026-10-07T15:37:39.0759634Z [31;1m[300/452] Compiling hpke.cc[0m
2026-10-07T15:37:41.3149657Z [31;1m[301/452] Compiling fuzzer_mode.cc[0m
2026-10-07T15:37:41.9281787Z [31;1m[302/452] Compiling ex_data.cc[0m
2026-10-07T15:37:42.4059989Z [31;1m[303/452] Compiling sign.cc[0m
2026-10-07T15:37:44.7206197Z [31;1m[304/452] Compiling scrypt.cc[0m
2026-10-07T15:37:45.1914404Z [31;1m[305/452] Compiling print.cc[0m
2026-10-07T15:37:45.2083905Z [31;1m[306/452] Compiling pbkdf.cc[0m
2026-10-07T15:37:46.5991224Z [31;1m[307/452] Compiling p_x25519_asn1.cc[0m
2026-10-07T15:37:48.1174476Z [31;1m[308/452] Compiling bcm.cc[0m
2026-10-07T15:37:48.7421361Z [31;1m[309/452] Compiling p_x25519.cc[0m
2026-10-07T15:37:49.8632791Z [31;1m[310/452] Compiling p_rsa_asn1.cc[0m
2026-10-07T15:37:50.0293333Z [31;1m[311/452] Compiling p_rsa.cc[0m
2026-10-07T15:37:51.5848617Z [31;1m[312/452] Compiling p_hkdf.cc[0m
2026-10-07T15:37:52.1735743Z [31;1m[313/452] Compiling p_ed25519_asn1.cc[0m
2026-10-07T15:37:53.4092374Z [31;1m[314/452] Compiling p_ed25519.cc[0m
2026-10-07T15:37:53.5146315Z [31;1m[315/452] Compiling p_ec_asn1.cc[0m
2026-10-07T15:37:55.1760318Z [31;1m[316/452] Compiling p_ec.cc[0m
2026-10-07T15:37:55.6612516Z [31;1m[317/452] Compiling p_dsa_asn1.cc[0m
2026-10-07T15:37:56.8214359Z [31;1m[318/452] Compiling p_dh_asn1.cc[0m
2026-10-07T15:37:57.0138639Z [31;1m[319/452] Compiling p_dh.cc[0m
2026-10-07T15:37:59.0007289Z [31;1m[320/452] Compiling evp_ctx.cc[0m
2026-10-07T15:38:00.1378675Z [31;1m[321/452] Compiling evp_asn1.cc[0m
2026-10-07T15:38:00.1384271Z [31;1m[322/452] Compiling evp.cc[0m
2026-10-07T15:38:00.2114823Z [31;1m[323/452] Compiling err.cc[0m
2026-10-07T15:38:02.2205519Z [31;1m[324/452] Compiling engine.cc[0m
2026-10-07T15:38:02.6884819Z [31;1m[325/452] Compiling ecdsa_p1363.cc[0m
2026-10-07T15:38:03.4059689Z [31;1m[326/452] Compiling ecdsa_asn1.cc[0m
2026-10-07T15:38:03.6584637Z [31;1m[327/452] Compiling ecdh.cc[0m
2026-10-07T15:38:05.5880030Z [31;1m[328/452] Compiling hash_to_curve.cc[0m
2026-10-07T15:38:06.4277933Z [31;1m[329/452] Compiling ec_derive.cc[0m
2026-10-07T15:38:06.9650341Z [31;1m[330/452] Compiling ec_asn1.cc[0m
2026-10-07T15:38:07.1389987Z [31;1m[331/452] Compiling dsa_asn1.cc[0m
2026-10-07T15:38:09.1988334Z [31;1m[332/452] Compiling dsa.cc[0m
2026-10-07T15:38:09.8537504Z [31;1m[333/452] Compiling digest_extra.cc[0m
2026-10-07T15:38:10.4454400Z [31;1m[334/452] Compiling params.cc[0m
2026-10-07T15:38:10.5576747Z [31;1m[335/452] Compiling dh_asn1.cc[0m
2026-10-07T15:38:10.6312138Z [31;1m[336/452] Compiling des.cc[0m
2026-10-07T15:38:12.6568735Z [31;1m[337/452] Compiling x25519-asm-arm.S[0m
2026-10-07T15:38:13.0516752Z [31;1m[338/452] Compiling spake25519.cc[0m
2026-10-07T15:38:13.8720525Z [31;1m[339/452] Compiling curve25519_64_adx.cc[0m
2026-10-07T15:38:14.2935103Z [31;1m[340/452] Compiling crypto.cc[0m
2026-10-07T15:38:14.7567360Z [31;1m[341/452] Compiling curve25519.cc[0m
2026-10-07T15:38:17.0513957Z [31;1m[342/452] Compiling cpu_intel.cc[0m
2026-10-07T15:38:17.0546981Z [31;1m[343/452] Compiling cpu_arm_linux.cc[0m
2026-10-07T15:38:17.4974127Z [31;1m[344/452] Compiling cpu_arm_freebsd.cc[0m
2026-10-07T15:38:18.2886609Z [31;1m[345/452] Compiling cpu_aarch64_win.cc[0m
2026-10-07T15:38:18.2916421Z [31;1m[346/452] Compiling cpu_aarch64_sysreg.cc[0m
2026-10-07T15:38:20.2664070Z [31;1m[347/452] Compiling cpu_aarch64_openbsd.cc[0m
2026-10-07T15:38:20.8609453Z [31;1m[348/452] Compiling cpu_aarch64_linux.cc[0m
2026-10-07T15:38:21.4546591Z [31;1m[349/452] Compiling cpu_aarch64_fuchsia.cc[0m
2026-10-07T15:38:21.6094813Z [31;1m[350/452] Compiling cpu_aarch64_apple.cc[0m
2026-10-07T15:38:23.0719985Z [31;1m[351/452] Compiling conf.cc[0m
2026-10-07T15:38:24.3223031Z [31;1m[352/452] Compiling cms.cc[0m
2026-10-07T15:38:24.6700039Z [31;1m[353/452] Compiling tls_cbc.cc[0m
2026-10-07T15:38:24.8948166Z [31;1m[354/452] Compiling get_cipher.cc[0m
2026-10-07T15:38:26.4041761Z [31;1m[355/452] Compiling e_tls.cc[0m
2026-10-07T15:38:27.6162136Z [31;1m[356/452] Compiling e_rc4.cc[0m
2026-10-07T15:38:27.8705375Z [31;1m[357/452] Compiling e_rc2.cc[0m
2026-10-07T15:38:28.1150557Z [31;1m[358/452] Compiling e_null.cc[0m
2026-10-07T15:38:29.8643800Z [31;1m[359/452] Compiling e_des.cc[0m
2026-10-07T15:38:30.8747787Z [31;1m[360/452] Compiling e_chacha20poly1305.cc[0m
2026-10-07T15:38:31.0740572Z [31;1m[361/452] Compiling e_aesgcmsiv.cc[0m
2026-10-07T15:38:31.3304080Z [31;1m[362/452] Compiling e_aeseax.cc[0m
2026-10-07T15:38:31.5020315Z [31;1m[363/452] Compiling e_aesctrhmac.cc[0m
2026-10-07T15:38:33.4312339Z [31;1m[364/452] Compiling derive_key.cc[0m
2026-10-07T15:38:34.1746292Z [31;1m[365/452] Compiling unicode.cc[0m
2026-10-07T15:38:35.2578734Z [31;1m[366/452] Compiling chacha.cc[0m
2026-10-07T15:38:35.5012685Z [31;1m[367/452] Compiling cbs.cc[0m
2026-10-07T15:38:35.8058352Z [31;1m[368/452] Compiling cbb.cc[0m
2026-10-07T15:38:37.5710537Z [31;1m[369/452] Compiling ber.cc[0m
2026-10-07T15:38:37.6360479Z [31;1m[370/452] Compiling asn1_compat.cc[0m
2026-10-07T15:38:38.6046749Z [31;1m[371/452] Compiling sqrt.cc[0m
2026-10-07T15:38:39.0662189Z [31;1m[372/452] Compiling buf.cc[0m
2026-10-07T15:38:40.8265527Z [31;1m[373/452] Compiling exponentiation.cc[0m
2026-10-07T15:38:40.8726013Z [31;1m[374/452] Compiling div.cc[0m
2026-10-07T15:38:41.0749718Z [31;1m[375/452] Compiling bn_asn1.cc[0m
2026-10-07T15:38:42.3518921Z [31;1m[376/452] Compiling convert.cc[0m
2026-10-07T15:38:42.9725685Z [31;1m[377/452] Compiling blake2.cc[0m
2026-10-07T15:38:44.1413423Z [31;1m[378/452] Compiling printf.cc[0m
2026-10-07T15:38:44.2879201Z [31;1m[379/452] Compiling pair.cc[0m
2026-10-07T15:38:45.7495049Z [31;1m[380/452] Compiling hexdump.cc[0m
2026-10-07T15:38:46.3020751Z [31;1m[381/452] Compiling file.cc[0m
2026-10-07T15:38:47.4249903Z [31;1m[382/452] Compiling fd.cc[0m
2026-10-07T15:38:47.6377582Z [31;1m[383/452] Compiling errno.cc[0m
2026-10-07T15:38:49.2411160Z [31;1m[384/452] Compiling bio_mem.cc[0m
2026-10-07T15:38:49.5713294Z [31;1m[385/452] Compiling bio.cc[0m
2026-10-07T15:38:50.0020034Z [31;1m[386/452] Compiling base64.cc[0m
2026-10-07T15:38:50.8944557Z [31;1m[387/452] Compiling tasn_typ.cc[0m
2026-10-07T15:38:51.8786177Z [31;1m[388/452] Compiling tasn_utl.cc[0m
2026-10-07T15:38:52.7096365Z [31;1m[389/452] Compiling tasn_fre.cc[0m
2026-10-07T15:38:53.3496678Z [31;1m[390/452] Compiling tasn_new.cc[0m
2026-10-07T15:38:54.4181483Z [31;1m[391/452] Compiling tasn_enc.cc[0m
2026-10-07T15:38:54.4259717Z [31;1m[392/452] Compiling posix_time.cc[0m
2026-10-07T15:38:54.9421144Z [31;1m[393/452] Compiling tasn_dec.cc[0m
2026-10-07T15:38:55.6152232Z [31;1m[394/452] Compiling f_string.cc[0m
2026-10-07T15:38:56.6371920Z [31;1m[395/452] Compiling f_int.cc[0m
2026-10-07T15:38:56.6384146Z [31;1m[396/452] Compiling asn_pack.cc[0m
2026-10-07T15:38:56.6386579Z [31;1m[396/452] Compiling asn1_par.cc[0m
2026-10-07T15:38:58.0658748Z [31;1m[398/452] Compiling a_utctm.cc[0m
2026-10-07T15:38:58.9273757Z [31;1m[399/452] Compiling asn1_lib.cc[0m
2026-10-07T15:38:59.0873373Z [31;1m[400/452] Compiling a_time.cc[0m
2026-10-07T15:39:01.2547506Z [31;1m[401/452] Compiling a_type.cc[0m
2026-10-07T15:39:01.5754675Z [31;1m[402/452] Compiling a_octet.cc[0m
2026-10-07T15:39:01.9120244Z [31;1m[403/452] Compiling a_strnid.cc[0m
2026-10-07T15:39:02.6122937Z [31;1m[404/452] Compiling a_strex.cc[0m
2026-10-07T15:39:03.6759506Z [31;1m[405/452] Compiling a_object.cc[0m
2026-10-07T15:39:04.1623581Z [31;1m[406/452] Compiling a_mbstr.cc[0m
2026-10-07T15:39:05.0921284Z [31;1m[407/452] Compiling a_i2d_fp.cc[0m
2026-10-07T15:39:05.1054692Z [31;1m[408/452] Compiling a_int.cc[0m
2026-10-07T15:39:05.1097843Z [31;1m[409/452] Compiling a_gentm.cc[0m
2026-10-07T15:39:06.4659640Z [31;1m[410/452] Compiling a_dup.cc[0m
2026-10-07T15:39:06.6306033Z [31;1m[411/452] Compiling a_d2i_fp.cc[0m
2026-10-07T15:39:07.5454602Z [31;1m[412/452] Write sources[0m
2026-10-07T15:39:07.5962251Z [31;1m[413/456] Compiling a_bool.cc[0m
2026-10-07T15:39:08.1462761Z [31;1m[414/458] Compiling aes.cc[0m
2026-10-07T15:39:08.5990025Z [31;1m[415/486] Compiling a_bitstr.cc[0m
2026-10-07T15:39:16.6154821Z [31;1m[417/558] Emitting module _NIOBase64[0m
2026-10-07T15:39:16.6250091Z [31;1m[418/558] Compiling _NIOBase64 Base64.swift[0m
2026-10-07T15:39:16.6253926Z [31;1m[419/559] Compiling _NIODataStructures _TinyArray.swift[0m
2026-10-07T15:39:16.8036373Z [31;1m[421/559] Emitting module _NIODataStructures[0m
2026-10-07T15:39:16.8168285Z [31;1m[422/559] Compiling _NIODataStructures PriorityQueue.swift[0m
2026-10-07T15:39:16.8191232Z [31;1m[423/559] Compiling _NIODataStructures Heap.swift[0m
2026-10-07T15:39:16.8565449Z [31;1m[424/560] Wrapping AST for _NIOBase64 for debugging[0m
2026-10-07T15:39:17.1369469Z [31;1m[425/562] Wrapping AST for _NIODataStructures for debugging[0m
2026-10-07T15:39:57.3738457Z [31;1m[427/568] Compiling NIOConcurrencyHelpers atomics.swift[0m
2026-10-07T15:40:00.7456841Z [31;1m[428/569] Compiling NIOConcurrencyHelpers NIOAtomic.swift[0m
2026-10-07T15:40:01.1985060Z [31;1m[429/569] Compiling NIOConcurrencyHelpers NIOLock.swift[0m
2026-10-07T15:40:01.2018644Z [31;1m[430/569] Emitting module NIOConcurrencyHelpers[0m
2026-10-07T15:40:01.7573997Z [31;1m[431/569] Compiling NIOConcurrencyHelpers NIOLockedValueBox.swift[0m
2026-10-07T15:40:04.6552356Z [31;1m[432/569] Compiling NIOConcurrencyHelpers NIOThreadPoolWorkAvailable.swift[0m
2026-10-07T15:40:04.9950735Z [31;1m[433/569] Emitting module RightClickARD[0m
2026-10-07T15:40:05.6725732Z [31;1m[434/569] Compiling RightClickARD ARD.swift[0m
2026-10-07T15:40:05.6756565Z [31;1m[435/570] Compiling NIOConcurrencyHelpers lock.swift[0m
2026-10-07T15:40:05.6815219Z [31;1m[438/571] Compiling SwiftProtobuf Google_Protobuf_Wrappers+Extensions.swift[0m
2026-10-07T15:40:05.8361749Z [31;1m[439/571] Compiling SwiftProtobuf HashVisitor.swift[0m
2026-10-07T15:40:05.8442237Z [31;1m[440/571] Compiling SwiftProtobuf Internal.swift[0m
2026-10-07T15:40:05.8448463Z [31;1m[441/571] Compiling SwiftProtobuf JSONDecoder.swift[0m
2026-10-07T15:40:07.4282152Z [31;1m[442/571] Compiling SwiftProtobuf JSONDecodingError.swift[0m
2026-10-07T15:40:08.8224754Z [31;1m[443/571] Compiling SwiftProtobuf JSONDecodingOptions.swift[0m
2026-10-07T15:40:09.1397066Z [31;1m[444/571] Compiling SwiftProtobuf JSONEncoder.swift[0m
2026-10-07T15:40:09.1508030Z [31;1m[445/571] Compiling SwiftProtobuf JSONEncodingError.swift[0m
2026-10-07T15:40:09.1543996Z [31;1m[446/571] Compiling SwiftProtobuf JSONEncodingOptions.swift[0m
2026-10-07T15:40:09.4107921Z [31;1m[451/571] Compiling SwiftProtobuf Google_Protobuf_ListValue+Extensions.swift[0m
2026-10-07T15:40:09.4608788Z [31;1m[452/571] Compiling SwiftProtobuf Google_Protobuf_NullValue+Extensions.swift[0m
2026-10-07T15:40:10.4982687Z [31;1m[453/571] Compiling SwiftProtobuf Google_Protobuf_Struct+Extensions.swift[0m
2026-10-07T15:40:16.3087795Z [31;1m[454/571] Compiling SwiftProtobuf Google_Protobuf_Timestamp+Extensions.swift[0m
2026-10-07T15:40:16.3138351Z [31;1m[455/571] Compiling SwiftProtobuf Google_Protobuf_Value+Extensions.swift[0m
2026-10-07T15:40:16.8107384Z [31;1m[456/571] Emitting module SystemPackage[0m
2026-10-07T15:40:16.8155250Z [31;1m[457/580] Compiling SwiftProtobuf JSONEncodingVisitor.swift[0m
2026-10-07T15:40:17.0157236Z [31;1m[458/580] Compiling SwiftProtobuf JSONMapEncodingVisitor.swift[0m
2026-10-07T15:40:17.0269697Z [31;1m[459/580] Compiling SwiftProtobuf JSONScanner.swift[0m
2026-10-07T15:40:17.0275896Z [31;1m[460/580] Compiling SwiftProtobuf MathUtils.swift[0m
2026-10-07T15:40:18.0162637Z [31;1m[461/580] Compiling SwiftProtobuf Message+AnyAdditions.swift[0m
2026-10-07T15:40:18.0420970Z [31;1m[462/580] Compiling SwiftProtobuf Message+BinaryAdditions.swift[0m
2026-10-07T15:40:18.0476741Z [31;1m[463/580] Compiling SwiftProtobuf Message+BinaryAdditions_Data.swift[0m
2026-10-07T15:40:18.0986338Z [31;1m[464/580] Compiling SwiftProtobuf Message+FieldMask.swift[0m
2026-10-07T15:40:18.1044540Z [31;1m[465/580] Compiling SwiftProtobuf Message+JSONAdditions.swift[0m
2026-10-07T15:40:18.1384911Z [31;1m[465/580] Wrapping AST for NIOConcurrencyHelpers for debugging[0m
2026-10-07T15:40:18.2198469Z [31;1m[466/580] Wrapping AST for RightClickARD for debugging[0m
2026-10-07T15:40:18.2299860Z [31;1m[468/582] Emitting module RightClickARDTests[0m
2026-10-07T15:40:18.2314960Z [31;1m[469/582] Compiling RightClickARDTests ARDPortableTests.swift[0m
2026-10-07T15:40:18.2319647Z [31;1m[471/585] Emitting module RightClickARDProbe[0m
2026-10-07T15:40:18.2322213Z [31;1m[472/585] Compiling RightClickARDProbe main.swift[0m
2026-10-07T15:40:18.2336168Z [31;1m[473/586] Emitting module SwiftProtobuf[0m
2026-10-07T15:40:18.3554284Z [31;1m[501/586] Compiling SystemPackage Syscalls.swift[0m
2026-10-07T15:40:18.3626847Z [31;1m[502/586] Compiling SystemPackage WindowsSyscallAdapters.swift[0m
2026-10-07T15:40:18.4553664Z [31;1m[503/586] Compiling SystemPackage MachPort.swift[0m
2026-10-07T15:40:18.7096132Z [31;1m[504/586] Compiling SystemPackage PlatformString.swift[0m
2026-10-07T15:40:18.7547247Z [31;1m[505/586] Compiling SystemPackage SystemString.swift[0m
2026-10-07T15:40:18.8273418Z [31;1m[506/586] Compiling SystemPackage Util+StringArray.swift[0m
2026-10-07T15:40:18.8409455Z [31;1m[507/586] Compiling SystemPackage Util.swift[0m
2026-10-07T15:40:18.8444584Z [31;1m[508/586] Compiling SystemPackage UtilConsumers.swift[0m
2026-10-07T15:40:18.8521811Z [31;1m[509/586] Compiling SystemPackage WinSDK+Overlay.swift[0m
2026-10-07T15:40:18.9968986Z [31;1m[510/586] Compiling SwiftProtobuf ProtoNameProviding.swift[0m
2026-10-07T15:40:18.9977616Z [31;1m[511/586] Compiling SwiftProtobuf ProtobufAPIVersionCheck.swift[0m
2026-10-07T15:40:24.6001076Z [31;1m[512/586] Compiling SwiftProtobuf ProtobufMap.swift[0m
2026-10-07T15:40:30.5407330Z [31;1m[513/586] Compiling SwiftProtobuf SelectiveVisitor.swift[0m
2026-10-07T15:40:36.4867890Z [31;1m[514/586] Compiling SwiftProtobuf SimpleExtensionMap.swift[0m
2026-10-07T15:40:41.2242419Z [31;1m[515/586] Compiling SwiftProtobuf StringUtils.swift[0m
2026-10-07T15:40:45.9776325Z [31;1m[516/586] Compiling SwiftProtobuf SwiftProtobufContiguousBytes.swift[0m
2026-10-07T15:40:50.7239324Z [31;1m[517/586] Compiling SwiftProtobuf SwiftProtobufError.swift[0m
2026-10-07T15:40:52.1747626Z [31;1m[518/586] Compiling SwiftProtobuf TextFormatDecoder.swift[0m
2026-10-07T15:40:57.4647450Z [31;1m[519/586] Compiling SwiftProtobuf TextFormatDecodingError.swift[0m
2026-10-07T15:40:58.5177060Z [31;1m[520/586] Compiling SwiftProtobuf TextFormatDecodingOptions.swift[0m
2026-10-07T15:40:58.5199341Z [31;1m[522/609] Compiling SwiftProtobuf AnyMessageStorage.swift[0m
2026-10-07T15:40:58.5218442Z [31;1m[523/609] Compiling SwiftProtobuf AnyUnpackError.swift[0m
2026-10-07T15:40:58.5243624Z [31;1m[524/609] Compiling SwiftProtobuf AsyncMessageSequence.swift[0m
2026-10-07T15:40:58.7213514Z [31;1m[525/609] Compiling SwiftProtobuf BinaryDecoder.swift[0m
2026-10-07T15:40:58.7217791Z [31;1m[526/609] Compiling SwiftProtobuf BinaryDecodingError.swift[0m
2026-10-07T15:40:58.7225460Z [31;1m[527/609] Compiling SwiftProtobuf BinaryDecodingOptions.swift[0m
2026-10-07T15:40:58.7227499Z [31;1m[528/609] Compiling SwiftProtobuf BinaryDelimited.swift[0m
2026-10-07T15:40:58.7251398Z [31;1m[529/609] Compiling SwiftProtobuf BinaryEncoder.swift[0m
2026-10-07T15:40:58.7253363Z [31;1m[530/609] Compiling SwiftProtobuf BinaryEncodingError.swift[0m
2026-10-07T15:40:58.7255444Z [31;1m[531/609] Compiling SwiftProtobuf BinaryEncodingOptions.swift[0m
2026-10-07T15:40:58.7257365Z [31;1m[532/609] Compiling SwiftProtobuf BinaryEncodingSizeVisitor.swift[0m
2026-10-07T15:40:58.7265002Z [31;1m[533/609] Compiling SwiftProtobuf BinaryEncodingVisitor.swift[0m
2026-10-07T15:40:58.7267009Z [31;1m[534/609] Compiling SwiftProtobuf BytecodeInterpreter.swift[0m
2026-10-07T15:40:58.7268877Z [31;1m[535/609] Compiling SwiftProtobuf BytecodeReader.swift[0m
2026-10-07T15:40:58.7270651Z [31;1m[536/609] Compiling SwiftProtobuf CustomJSONCodable.swift[0m
2026-10-07T15:40:58.7280719Z [31;1m[537/609] Compiling SwiftProtobuf Decoder.swift[0m
2026-10-07T15:40:58.7284353Z [31;1m[538/609] Compiling SwiftProtobuf DoubleParser.swift[0m
2026-10-07T15:40:58.7287064Z [31;1m[539/609] Compiling SwiftProtobuf Enum.swift[0m
2026-10-07T15:40:58.7289748Z [31;1m[540/609] Compiling SwiftProtobuf ExtensibleMessage.swift[0m
2026-10-07T15:40:58.7293745Z [31;1m[541/609] Compiling SwiftProtobuf ExtensionFieldValueSet.swift[0m
2026-10-07T15:40:58.7312158Z [31;1m[542/609] Compiling SwiftProtobuf ExtensionFields.swift[0m
2026-10-07T15:40:58.7316077Z [31;1m[543/609] Compiling SwiftProtobuf ExtensionMap.swift[0m
2026-10-07T15:40:58.7317204Z [31;1m[544/609] Compiling SwiftProtobuf FieldTag.swift[0m
2026-10-07T15:40:58.7318281Z [31;1m[545/609] Compiling SwiftProtobuf FieldTypes.swift[0m
2026-10-07T15:40:58.7319347Z [31;1m[545/609] Wrapping AST for RightClickARDTests for debugging[0m
2026-10-07T15:40:58.7320405Z [31;1m[546/619] Wrapping AST for RightClickARDProbe for debugging[0m
2026-10-07T15:40:58.7321335Z [31;1m[547/619] Write Objects.LinkFileList[0m
2026-10-07T15:40:58.7322110Z [31;1m[558/620] Emitting module Logging[0m
2026-10-07T15:40:58.7322867Z [31;1m[559/620] Compiling Logging Locks.swift[0m
2026-10-07T15:40:58.7323707Z [31;1m[560/620] Compiling Logging LogEvent.swift[0m
2026-10-07T15:40:58.7324566Z [31;1m[561/620] Compiling Logging LogHandler.swift[0m
2026-10-07T15:40:58.7325499Z [31;1m[563/622] Compiling Logging MultiplexLogHandler.swift[0m
2026-10-07T15:40:58.7326441Z [31;1m[564/622] Compiling Logging StreamLogHandler.swift[0m
2026-10-07T15:40:58.7327494Z [31;1m[565/622] Compiling Logging SwiftLogNoOpLogHandler.swift[0m
2026-10-07T15:40:58.7328479Z [31;1m[565/622] Linking rightclick-ard-probe.exe[0m
2026-10-07T15:40:58.7329312Z [31;1m[566/622] Wrapping AST for SystemPackage for debugging[0m
2026-10-07T15:40:58.7330170Z [31;1m[568/622] Compiling Logging Logger+Attributes.swift[0m
2026-10-07T15:40:58.7330867Z [31;1m[569/622] Compiling Logging Logger+With.swift[0m
2026-10-07T15:40:58.7331516Z [31;1m[570/622] Compiling Logging Logger.swift[0m
2026-10-07T15:40:58.7332329Z [31;1m[571/646] Compiling InternalCollectionsUtilities Iterable+Equality.swift[0m
2026-10-07T15:40:58.7333531Z [31;1m[572/646] Compiling InternalCollectionsUtilities LifetimeOverride.swift[0m
2026-10-07T15:40:58.7334401Z [31;1m[574/654] Emitting module InternalCollectionsUtilities[0m
2026-10-07T15:40:58.7335181Z [31;1m[575/661] Compiling CryptoBoringWrapper BoringSSLAEAD.swift[0m
2026-10-07T15:40:58.7336038Z [31;1m[576/661] Compiling CryptoBoringWrapper CryptoKitErrors_boring.swift[0m
2026-10-07T15:40:58.7336898Z [31;1m[577/661] Compiling CryptoBoringWrapper EllipticCurve.swift[0m
2026-10-07T15:40:58.7337743Z [31;1m[578/661] Compiling CryptoBoringWrapper EllipticCurvePoint.swift[0m
2026-10-07T15:40:58.7338662Z [31;1m[579/661] Compiling CryptoBoringWrapper ArbitraryPrecisionInteger.swift[0m
2026-10-07T15:40:58.7339652Z [31;1m[580/661] Compiling CryptoBoringWrapper FiniteFieldArithmeticContext.swift[0m
2026-10-07T15:40:58.7340709Z [31;1m[581/661] Compiling InternalCollectionsUtilities UInt+first and last set bit.swift[0m
2026-10-07T15:40:58.7341730Z [31;1m[582/661] Compiling InternalCollectionsUtilities UInt+reversed.swift[0m
2026-10-07T15:40:58.7342711Z [31;1m[583/661] Compiling InternalCollectionsUtilities Iterable+CopyContents.swift[0m
2026-10-07T15:40:58.7352953Z [31;1m[586/661] Compiling InternalCollectionsUtilities MutableRef.swift[0m
2026-10-07T15:40:58.7364684Z [31;1m[587/661] Compiling InternalCollectionsUtilities MutableSpan+Extras.swift[0m
2026-10-07T15:40:58.7380007Z [31;1m[588/661] Compiling InternalCollectionsUtilities OutputSpan+Extras.swift[0m
2026-10-07T15:40:58.7383655Z [31;1m[589/661] Compiling InternalCollectionsUtilities RandomAccessCollection+Offsets.swift[0m
2026-10-07T15:40:58.7518263Z [31;1m[590/661] Compiling InternalCollectionsUtilities Span+Extras.swift[0m
2026-10-07T15:40:58.7520817Z [31;1m[593/661] Emitting module CryptoBoringWrapper[0m
2026-10-07T15:40:58.7522046Z [31;1m[598/662] Compiling InternalCollectionsUtilities Strideable+LimitHelpers.swift[0m
2026-10-07T15:40:58.7523334Z [31;1m[599/662] Compiling InternalCollectionsUtilities String+Padding.swift[0m
2026-10-07T15:40:58.7524548Z [31;1m[600/662] Compiling InternalCollectionsUtilities TemporaryAllocation.swift[0m
2026-10-07T15:40:58.7525739Z [31;1m[601/662] Compiling InternalCollectionsUtilities _UnsafeBitSet+Index.swift[0m
2026-10-07T15:40:58.7526955Z [31;1m[602/662] Compiling InternalCollectionsUtilities _UnsafeBitSet+_Word.swift[0m
2026-10-07T15:40:58.7528127Z [31;1m[603/662] Compiling InternalCollectionsUtilities _UnsafeBitSet.swift[0m
2026-10-07T15:40:58.7529346Z [31;1m[604/662] Compiling InternalCollectionsUtilities UnsafeBufferPointer+Extras.swift[0m
2026-10-07T15:40:58.7530431Z [31;1m[604/662] Wrapping AST for Logging for debugging[0m
2026-10-07T15:40:58.7531330Z [31;1m[606/686] Compiling MCP HTTPServerTypes.swift[0m
2026-10-07T15:40:58.7532446Z [31;1m[607/686] Compiling InternalCollectionsUtilities UnsafeMutablePointer+Extras.swift[0m
2026-10-07T15:40:58.7533972Z [31;1m[608/686] Compiling InternalCollectionsUtilities UnsafeMutableRawBufferPointer+Extras.swift[0m
2026-10-07T15:40:58.7535382Z [31;1m[609/687] Compiling InternalCollectionsUtilities UnsafePointer+Extras.swift[0m
2026-10-07T15:40:58.7536708Z [31;1m[610/687] Compiling InternalCollectionsUtilities UnsafeRawBufferPointer+Extras.swift[0m
2026-10-07T15:40:58.7538023Z [31;1m[611/687] Compiling InternalCollectionsUtilities _SortedCollection.swift[0m
2026-10-07T15:40:58.7539217Z [31;1m[612/687] Compiling InternalCollectionsUtilities _UniqueCollection.swift[0m
2026-10-07T15:40:58.7540219Z [31;1m[614/700] Compiling CryptoBoringWrapper RandomBytes.swift[0m
2026-10-07T15:40:58.7541278Z [31;1m[615/701] Wrapping AST for InternalCollectionsUtilities for debugging[0m
2026-10-07T15:40:58.7542348Z [31;1m[616/705] Wrapping AST for CryptoBoringWrapper for debugging[0m
2026-10-07T15:40:58.7543243Z [31;1m[618/705] Emitting module SpanPreview[0m
2026-10-07T15:40:58.7544045Z [31;1m[619/705] Compiling SpanPreview InputSpan.swift[0m
2026-10-07T15:40:58.7545298Z [31;1m[620/705] Compiling SpanPreview MutableSpan+InputSpanHelpers.swift[0m
2026-10-07T15:40:58.7546407Z [31;1m[621/705] Compiling SpanPreview OutputSpan+InputSpanHelpers.swift[0m
2026-10-07T15:40:58.7547398Z [31;1m[622/739] Wrapping AST for SpanPreview for debugging[0m
2026-10-07T15:40:58.7548526Z [31;1m[624/757] Compiling Crypto AES-GCM.swift[0m
2026-10-07T15:40:58.7549329Z [31;1m[625/757] Compiling Crypto AES-GCM_boring.swift[0m
2026-10-07T15:40:58.7550144Z [31;1m[626/757] Compiling Crypto ChaChaPoly_boring.swift[0m
2026-10-07T15:40:58.7550957Z [31;1m[627/757] Compiling Crypto ChaChaPoly.swift[0m
2026-10-07T15:40:58.7551720Z [31;1m[628/757] Compiling Crypto Cipher.swift[0m
2026-10-07T15:40:58.7552476Z [31;1m[629/757] Compiling Crypto Nonces.swift[0m
2026-10-07T15:40:58.7553180Z [31;1m[630/757] Compiling Crypto ASN1.swift[0m
2026-10-07T15:40:58.7553917Z [31;1m[631/757] Compiling Crypto ASN1Any.swift[0m
2026-10-07T15:40:58.7554648Z [31;1m[632/757] Compiling Crypto ASN1BitString.swift[0m
2026-10-07T15:40:58.7555489Z [31;1m[633/757] Compiling Crypto ASN1Boolean.swift[0m
2026-10-07T15:40:58.7556298Z [31;1m[634/757] Compiling Crypto ASN1Identifier.swift[0m
2026-10-07T15:40:58.7557104Z [31;1m[635/757] Compiling Crypto ASN1Integer.swift[0m
2026-10-07T15:40:58.7557809Z [31;1m[636/811] Emitting module MCP[0m
2026-10-07T15:40:58.7558566Z [31;1m[637/811] Compiling DequeModule Deque+Codable.swift[0m
2026-10-07T15:40:58.7559459Z [31;1m[638/811] Compiling DequeModule Deque+Collection.swift[0m
2026-10-07T15:40:58.7560440Z [31;1m[639/811] Compiling DequeModule Deque+CustomReflectable.swift[0m
2026-10-07T15:40:58.7561468Z [31;1m[640/811] Compiling DequeModule Deque+Descriptions.swift[0m
2026-10-07T15:40:58.7562387Z [31;1m[641/811] Compiling DequeModule Deque+Equatable.swift[0m
2026-10-07T15:40:58.7563588Z [31;1m[642/811] Compiling DequeModule Deque+ExpressibleByArrayLiteral.swift[0m
2026-10-07T15:40:58.7564676Z [31;1m[643/811] Compiling DequeModule Deque+Extras.swift[0m
2026-10-07T15:40:58.7565568Z [31;1m[644/811] Compiling DequeModule Deque+Hashable.swift[0m
2026-10-07T15:40:58.7566466Z [31;1m[645/811] Compiling DequeModule Deque+Testing.swift[0m
2026-10-07T15:40:58.7567337Z [31;1m[646/811] Compiling DequeModule Deque._Storage.swift[0m
2026-10-07T15:40:58.7568259Z [31;1m[647/811] Compiling DequeModule Deque._UnsafeHandle.swift[0m
2026-10-07T15:40:58.7569125Z [31;1m[648/811] Compiling DequeModule Deque.swift[0m
2026-10-07T15:40:58.7569928Z [31;1m[649/811] Compiling DequeModule _DequeBuffer.swift[0m
2026-10-07T15:40:58.7570838Z [31;1m[650/811] Compiling DequeModule _DequeBufferHeader.swift[0m
2026-10-07T15:40:58.7571772Z [31;1m[651/811] Compiling DequeModule RigidDeque+Append.swift[0m
2026-10-07T15:40:58.7572744Z [31;1m[652/811] Compiling DequeModule RigidDeque+Consumption.swift[0m
2026-10-07T15:40:58.7577283Z [31;1m[653/811] Compiling DequeModule RigidDeque+ContainerOperations.swift[0m
2026-10-07T15:40:58.7582560Z [31;1m[654/811] Compiling DequeModule RigidDeque+Deprecations.swift[0m
2026-10-07T15:40:58.7587872Z [31;1m[655/811] Compiling DequeModule RigidDeque+Descriptions.swift[0m
2026-10-07T15:40:58.7593295Z [31;1m[656/811] Compiling DequeModule RigidDeque+Equatable.swift[0m
2026-10-07T15:40:58.7598470Z [31;1m[657/811] Compiling DequeModule RigidDeque+Hashable.swift[0m
2026-10-07T15:40:58.7603644Z [31;1m[658/811] Compiling DequeModule RigidDeque+Initializers.swift[0m
2026-10-07T15:40:58.7620974Z [31;1m[659/811] Compiling DequeModule RigidDeque+Insertions.swift[0m
2026-10-07T15:40:58.7631661Z [31;1m[660/811] Compiling Crypto Insecure.swift[0m
2026-10-07T15:40:58.7637168Z [31;1m[661/816] Emitting module Crypto[0m
2026-10-07T15:40:58.7647198Z [31;1m[673/831] Compiling DequeModule RigidDeque+Iterable.swift[0m
2026-10-07T15:40:58.7663605Z [31;1m[674/831] Compiling DequeModule RigidDeque+Prepend.swift[0m
2026-10-07T15:40:58.7676133Z [31;1m[675/831] Compiling DequeModule RigidDeque+Removals.swift[0m
2026-10-07T15:40:58.7677625Z [31;1m[676/832] Compiling DequeModule RigidDeque+Replacements.swift[0m
2026-10-07T15:40:58.7678746Z [31;1m[677/832] Compiling DequeModule RigidDeque+Testing.swift[0m
2026-10-07T15:40:58.7679761Z [31;1m[678/832] Compiling DequeModule RigidDeque.swift[0m
2026-10-07T15:40:58.7680797Z [31;1m[679/832] Compiling DequeModule UniqueDeque+Append.swift[0m
2026-10-07T15:40:58.7681955Z [31;1m[680/832] Compiling DequeModule UniqueDeque+Consumption.swift[0m
2026-10-07T15:40:58.7683222Z [31;1m[681/832] Compiling DequeModule UniqueDeque+ContainerOperations.swift[0m
2026-10-07T15:40:58.7684494Z [31;1m[682/832] Compiling DequeModule UniqueDeque+Deprecations.swift[0m
2026-10-07T15:40:58.7685621Z [31;1m[683/832] Compiling DequeModule UniqueDeque+Descriptions.swift[0m
2026-10-07T15:40:58.7686680Z [31;1m[684/832] Compiling DequeModule UniqueDeque+Equatable.swift[0m
2026-10-07T15:40:58.7687590Z [31;1m[697/854] Emitting module DequeModule[0m
2026-10-07T15:40:58.7688481Z [31;1m[733/859] Compiling DequeModule UniqueDeque+Hashable.swift[0m
2026-10-07T15:40:58.7689512Z [31;1m[734/859] Compiling DequeModule UniqueDeque+Initializers.swift[0m
2026-10-07T15:40:58.7690576Z [31;1m[735/859] Compiling DequeModule UniqueDeque+Insertions.swift[0m
2026-10-07T15:40:58.7691656Z [31;1m[736/859] Compiling DequeModule UniqueDeque+Iterable.swift[0m
2026-10-07T15:40:58.7692743Z [31;1m[737/859] Compiling DequeModule UniqueDeque+Prepend.swift[0m
2026-10-07T15:40:58.7693756Z [31;1m[738/859] Compiling DequeModule UniqueDeque+Removals.swift[0m
2026-10-07T15:40:58.7694666Z [31;1m[739/859] Compiling DequeModule UniqueDeque+Replacements.swift[0m
2026-10-07T15:40:58.7695494Z [31;1m[740/859] Compiling DequeModule UniqueDeque.swift[0m
2026-10-07T15:40:58.7696616Z [31;1m[741/859] Compiling DequeModule _DequeSlot.swift[0m
2026-10-07T15:40:58.7697444Z [31;1m[742/859] Compiling DequeModule _UnsafeDequeHandle.swift[0m
2026-10-07T15:40:58.7698269Z [31;1m[743/859] Compiling DequeModule _UnsafeDequeSegments.swift[0m
2026-10-07T15:40:58.7699005Z [31;1m[744/859] Compiling MCP Tools.swift[0m
2026-10-07T15:40:58.7699671Z [31;1m[745/859] Compiling Crypto CryptoError_boring.swift[0m
2026-10-07T15:40:58.7700445Z [31;1m[746/859] Compiling Crypto Insecure_HashFunctions.swift[0m
2026-10-07T15:40:58.7701176Z [31;1m[747/859] Compiling Crypto MLKEM_boring.swift[0m
2026-10-07T15:40:58.7701870Z [31;1m[748/859] Compiling Crypto MLKEM_wrapper.swift[0m
2026-10-07T15:40:58.7702573Z [31;1m[749/859] Compiling Crypto XWing_boring.swift[0m
2026-10-07T15:40:58.7703570Z [31;1m[750/859] Compiling Crypto KEM-Errors.swift[0m
2026-10-07T15:40:58.7704277Z [31;1m[751/859] Compiling Crypto KEM.swift[0m
2026-10-07T15:40:58.7704884Z [31;1m[752/859] Compiling Crypto MLKEM.swift[0m
2026-10-07T15:40:58.7705497Z [31;1m[753/859] Compiling Crypto XWing.swift[0m
2026-10-07T15:40:58.7706115Z [31;1m[754/859] Compiling Crypto ECDH_boring.swift[0m
2026-10-07T15:40:58.7706720Z [31;1m[755/859] Compiling Crypto DH.swift[0m
2026-10-07T15:40:58.7707309Z [31;1m[756/859] Compiling Crypto ECDH.swift[0m
2026-10-07T15:40:58.7707939Z [31;1m[757/859] Compiling Crypto ANSIx963.swift[0m
2026-10-07T15:40:58.7708543Z [31;1m[758/859] Compiling Crypto HKDF.swift[0m
2026-10-07T15:40:58.7709144Z [31;1m[759/859] Compiling Crypto AESWrap.swift[0m
2026-10-07T15:40:58.7709803Z [31;1m[760/859] Compiling Crypto AESWrap_boring.swift[0m
2026-10-07T15:40:58.7710485Z [31;1m[761/859] Compiling Crypto Ed25519_boring.swift[0m
2026-10-07T15:40:58.7711215Z [31;1m[762/859] Compiling Crypto NISTCurvesKeys_boring.swift[0m
2026-10-07T15:40:58.7711960Z [31;1m[763/859] Compiling Crypto X25519Keys_boring.swift[0m
2026-10-07T15:40:58.7712647Z [31;1m[764/859] Compiling Crypto Curve25519.swift[0m
2026-10-07T15:40:58.7713296Z [31;1m[765/859] Compiling Crypto Ed25519Keys.swift[0m
2026-10-07T15:40:58.7713951Z [31;1m[766/859] Compiling Crypto NISTCurvesKeys.swift[0m
2026-10-07T15:40:58.7715013Z [31;1m[767/859] Compiling Crypto X25519Keys.swift[0m
2026-10-07T15:40:58.7715991Z [31;1m[768/859] Compiling Crypto SymmetricKeys.swift[0m
2026-10-07T15:40:58.7717026Z [31;1m[781/860] Compiling Crypto HMAC.swift[0m
2026-10-07T15:40:58.7717710Z [31;1m[782/860] Compiling Crypto MACFunctions.swift[0m
2026-10-07T15:40:58.7718828Z [31;1m[783/860] Compiling Crypto MessageAuthenticationCode.swift[0m
2026-10-07T15:40:58.7719647Z [31;1m[784/860] Compiling Crypto AES.swift[0m
2026-10-07T15:40:58.7720699Z [31;1m[785/860] Compiling Crypto ECDSASignature_boring.swift[0m
2026-10-07T15:40:58.7721505Z [31;1m[786/860] Compiling Crypto ECDSA_boring.swift[0m
2026-10-07T15:40:58.7722623Z [31;1m[787/860] Compiling Crypto EdDSA_boring.swift[0m
2026-10-07T15:40:58.7723373Z [31;1m[788/860] Compiling Crypto MLDSA_boring.swift[0m
2026-10-07T15:40:58.7724086Z [31;1m[789/860] Compiling Crypto MLDSA_wrapper.swift[0m
2026-10-07T15:40:58.7730317Z [31;1m[790/860] Compiling Crypto ECDSA.swift[0m
2026-10-07T15:40:58.7731055Z [31;1m[791/860] Compiling Crypto Ed25519.swift[0m
2026-10-07T15:40:58.7731735Z [31;1m[792/860] Compiling Crypto MLDSA.swift[0m
2026-10-07T15:40:58.7732427Z [31;1m[793/860] Compiling Crypto Signature.swift[0m
2026-10-07T15:40:58.7733218Z [31;1m[794/860] Compiling Crypto CryptoKitErrors_boring.swift[0m
2026-10-07T15:40:58.7734107Z [31;1m[795/860] Compiling Crypto Optional+withUnsafeBytes_boring.swift[0m
2026-10-07T15:40:58.7734971Z [31;1m[796/860] Compiling Crypto RNG_boring.swift[0m
2026-10-07T15:40:58.7735715Z [31;1m[797/860] Compiling Crypto SafeCompare_boring.swift[0m
2026-10-07T15:40:58.7736512Z [31;1m[798/860] Compiling Crypto Zeroization_boring.swift[0m
2026-10-07T15:40:58.7737332Z [31;1m[799/860] Compiling Crypto _CryptoModuleAnchor.swift[0m
2026-10-07T15:40:58.7738310Z [31;1m[800/860] Compiling Crypto PrettyBytes.swift[0m
2026-10-07T15:40:58.7739086Z [31;1m[801/860] Compiling Crypto SafeCompare.swift[0m
2026-10-07T15:40:58.7740855Z [31;1m[802/860] Compiling Crypto SecureBytes.swift[0m
2026-10-07T15:40:58.7741646Z [31;1m[803/860] Compiling Crypto Zeroization.swift[0m
2026-10-07T15:40:58.7742421Z [31;1m[805/877] Compiling Atomics Primitives.native.swift[0m
2026-10-07T15:40:58.7743186Z [31;1m[806/877] Compiling Atomics AtomicInteger.swift[0m
2026-10-07T15:40:58.7744001Z [31;1m[807/877] Compiling Atomics AtomicOptionalWrappable.swift[0m
2026-10-07T15:40:58.7745168Z [31;1m[808/877] Compiling Atomics AtomicReference.swift[0m
2026-10-07T15:40:58.7745938Z [31;1m[809/877] Compiling Atomics AtomicStorage.swift[0m
2026-10-07T15:40:58.7747466Z [31;1m[810/877] Compiling Atomics AtomicValue.swift[0m
2026-10-07T15:40:58.7749252Z [31;1m[811/877] Compiling Atomics AtomicMemoryOrderings.swift[0m
2026-10-07T15:40:58.7750292Z [31;1m[812/877] Compiling Atomics DoubleWord.swift[0m
2026-10-07T15:40:58.7751037Z [31;1m[813/877] Compiling Atomics ManagedAtomic.swift[0m
2026-10-07T15:40:58.7751884Z [31;1m[814/877] Compiling Atomics ManagedAtomicLazyReference.swift[0m
2026-10-07T15:40:58.7754602Z [31;1m[815/881] Emitting module Atomics[0m
2026-10-07T15:40:58.7755484Z [31;1m[816/881] Compiling Atomics OptionalRawRepresentable.swift[0m
2026-10-07T15:40:58.7756357Z [31;1m[817/881] Compiling Atomics RawRepresentable.swift[0m
2026-10-07T15:40:58.7757134Z [31;1m[818/881] Compiling Atomics AtomicBool.swift[0m
2026-10-07T15:40:58.7757903Z [31;1m[819/881] Compiling Atomics IntegerConformances.swift[0m
2026-10-07T15:40:58.7758779Z [31;1m[820/881] Compiling Atomics PointerConformances.swift[0m
2026-10-07T15:40:58.7759604Z [31;1m[820/881] Wrapping AST for SwiftProtobuf for debugging[0m
2026-10-07T15:40:58.7760400Z [31;1m[822/881] Compiling Atomics UnsafeAtomic.swift[0m
2026-10-07T15:40:58.7761226Z [31;1m[823/881] Compiling Atomics UnsafeAtomicLazyReference.swift[0m
2026-10-07T15:40:58.7762095Z [31;1m[824/881] Compiling Atomics IntegerOperations.swift[0m
2026-10-07T15:40:58.7762948Z [31;1m[825/881] Compiling Atomics Unmanaged extensions.swift[0m
2026-10-07T15:40:58.7767592Z [31;1m[825/882] Wrapping AST for DequeModule for debugging[0m
2026-10-07T15:40:58.9472944Z [31;1m[850/882] Wrapping AST for Atomics for debugging[0m
2026-10-07T15:41:14.6534920Z [31;1m[853/938] Compiling NIOCore AddressedEnvelope.swift[0m
2026-10-07T15:41:14.6542372Z [31;1m[854/938] Compiling NIOCore AsyncAwaitSupport.swift[0m
2026-10-07T15:41:14.6667496Z [31;1m[855/938] Compiling NIOCore AsyncChannel.swift[0m
2026-10-07T15:41:14.6673273Z [31;1m[856/938] Compiling NIOCore AsyncChannelHandler.swift[0m
2026-10-07T15:41:14.6678515Z [31;1m[857/938] Compiling NIOCore AsyncChannelInboundStream.swift[0m
2026-10-07T15:41:14.6685167Z [31;1m[858/938] Compiling NIOCore AsyncChannelOutboundWriter.swift[0m
2026-10-07T15:41:14.6691069Z [31;1m[859/938] Compiling NIOCore NIOAsyncSequenceProducer.swift[0m
2026-10-07T15:41:14.6696281Z [31;1m[860/938] Compiling NIOCore NIOAsyncSequenceProducerStrategies.swift[0m
2026-10-07T15:41:14.6701387Z [31;1m[861/938] Compiling NIOCore NIOAsyncWriter.swift[0m
2026-10-07T15:41:14.6706412Z [31;1m[862/938] Compiling NIOCore NIOThrowingAsyncSequenceProducer.swift[0m
2026-10-07T15:41:14.6711583Z [31;1m[863/938] Compiling NIOCore BSDSocketAPI.swift[0m
2026-10-07T15:41:14.6716205Z [31;1m[864/939] Wrapping AST for Crypto for debugging[0m
2026-10-07T15:41:14.6717807Z [31;1m[865/939] Wrapping AST for MCP for debugging[0m
2026-10-07T15:41:18.6226207Z [31;1m[867/939] Emitting module NIOCore[0m
2026-10-07T15:41:22.6512764Z [31;1m[879/956] Compiling NIOCore ByteBuffer-aux.swift[0m
2026-10-07T15:41:22.6519284Z [31;1m[880/956] Compiling NIOCore ByteBuffer-binaryEncodedLengthPrefix.swift[0m
2026-10-07T15:41:22.6524624Z [31;1m[881/956] Compiling NIOCore ByteBuffer-conversions.swift[0m
2026-10-07T15:41:22.6536261Z [31;1m[882/956] Compiling NIOCore ByteBuffer-core.swift[0m
2026-10-07T15:41:22.6541106Z [31;1m[883/956] Compiling NIOCore ByteBuffer-hex.swift[0m
2026-10-07T15:41:22.6545590Z [31;1m[884/956] Compiling NIOCore ByteBuffer-int.swift[0m
2026-10-07T15:41:22.6549963Z [31;1m[885/956] Compiling NIOCore ByteBuffer-lengthPrefix.swift[0m
2026-10-07T15:41:22.6555035Z [31;1m[886/956] Compiling NIOCore ByteBuffer-multi-int.swift[0m
2026-10-07T15:41:22.6561638Z [31;1m[887/956] Compiling NIOCore ByteBuffer-quicBinaryEncodingStrategy.swift[0m
2026-10-07T15:41:22.6566056Z [31;1m[888/956] Compiling NIOCore ByteBuffer-views.swift[0m
2026-10-07T15:41:22.6567371Z [31;1m[889/956] Compiling NIOCore Channel.swift[0m
2026-10-07T15:41:22.6577337Z [31;1m[890/956] Compiling NIOCore ChannelHandler.swift[0m
2026-10-07T15:41:22.6594819Z [31;1m[891/956] Compiling NIOCore ChannelHandlers.swift[0m
2026-10-07T15:41:22.6611223Z [31;1m[892/956] Compiling NIOCore ChannelInvoker.swift[0m
2026-10-07T15:41:22.6626272Z [31;1m[893/956] Compiling NIOCore ChannelOption.swift[0m
2026-10-07T15:41:22.6640433Z [31;1m[894/956] Compiling NIOCore ChannelPipeline.swift[0m
2026-10-07T15:41:22.6653104Z [31;1m[895/956] Compiling NIOCore CircularBuffer.swift[0m
2026-10-07T15:41:22.6664324Z [31;1m[896/956] Compiling NIOCore Codec.swift[0m
2026-10-07T15:41:22.6674522Z [31;1m[897/956] Compiling NIOCore ConvenienceOptionSupport.swift[0m
2026-10-07T15:41:22.6682842Z [31;1m[898/956] Compiling NIOCore DeadChannel.swift[0m
2026-10-07T15:41:22.6690573Z [31;1m[899/956] Compiling NIOCore DispatchQueue+WithFuture.swift[0m
2026-10-07T15:41:22.6696328Z [31;1m[900/956] Compiling NIOCore EventLoop+Deprecated.swift[0m
2026-10-07T15:41:22.6705516Z [31;1m[901/956] Compiling NIOCore EventLoop+SerialExecutor.swift[0m
2026-10-07T15:41:22.6709909Z [31;1m[902/956] Compiling NIOCore EventLoop.swift[0m
2026-10-07T15:41:22.6711456Z [31;1m[903/956] Compiling NIOCore EventLoopFuture+AssumeIsolated.swift[0m
2026-10-07T15:41:22.6721596Z [31;1m[904/956] Compiling NIOCore EventLoopFuture+Deprecated.swift[0m
2026-10-07T15:41:22.6744608Z [31;1m[905/956] Compiling NIOCore EventLoopFuture+WithEventLoop.swift[0m
2026-10-07T15:41:22.6766129Z [31;1m[906/956] Compiling NIOCore EventLoopFuture.swift[0m
2026-10-07T15:41:22.6786234Z [31;1m[907/956] Compiling NIOCore FileDescriptor.swift[0m
2026-10-07T15:41:22.6805081Z [31;1m[908/956] Compiling NIOCore FileHandle.swift[0m
2026-10-07T15:41:22.6821989Z [31;1m[909/956] Compiling NIOCore FileRegion.swift[0m
2026-10-07T15:41:22.6838170Z [31;1m[910/956] Compiling NIOCore GlobalSingletons.swift[0m
2026-10-07T15:41:22.6853226Z [31;1m[911/956] Compiling NIOCore IO.swift[0m
2026-10-07T15:41:22.6867462Z [31;1m[912/956] Compiling NIOCore IOData.swift[0m
2026-10-07T15:41:22.6880413Z [31;1m[913/956] Compiling NIOCore IPProtocol.swift[0m
2026-10-07T15:41:22.6891451Z [31;1m[914/956] Compiling NIOCore IntegerBitPacking.swift[0m
2026-10-07T15:41:22.6901539Z [31;1m[915/956] Compiling NIOCore IntegerTypes.swift[0m
2026-10-07T15:41:22.6910298Z [31;1m[916/956] Compiling NIOCore Interfaces.swift[0m
2026-10-07T15:41:22.6917551Z [31;1m[917/956] Compiling NIOCore Linux.swift[0m
2026-10-07T15:41:22.6923597Z [31;1m[918/956] Compiling NIOCore MarkedCircularBuffer.swift[0m
2026-10-07T15:41:22.6929088Z [31;1m[919/956] Compiling NIOCore MulticastChannel.swift[0m
2026-10-07T15:41:22.6931877Z [31;1m[920/956] Compiling NIOCore NIOAny.swift[0m
2026-10-07T15:41:22.6935274Z [31;1m[921/956] Compiling NIOCore NIOCloseOnErrorHandler.swift[0m
2026-10-07T15:41:24.5613581Z [31;1m[922/956] Compiling NIOCore NIOCoreSendableMetatype.swift[0m
2026-10-07T15:41:24.5621760Z [31;1m[923/956] Compiling NIOCore NIODecodedAsyncSequence.swift[0m
2026-10-07T15:41:24.5633434Z [31;1m[924/956] Compiling NIOCore NIOLoopBound.swift[0m
2026-10-07T15:41:24.5644188Z [31;1m[925/956] Compiling NIOCore NIOPooledRecvBufferAllocator.swift[0m
2026-10-07T15:41:24.5654274Z [31;1m[926/956] Compiling NIOCore NIOScheduledCallback.swift[0m
2026-10-07T15:41:24.5663811Z [31;1m[927/956] Compiling NIOCore NIOSendable.swift[0m
2026-10-07T15:41:24.5672923Z [31;1m[928/956] Compiling NIOCore NIOSplitLinesMessageDecoder.swift[0m
2026-10-07T15:41:24.5681160Z [31;1m[929/956] Compiling NIOCore NIOTransportAccessibleChannelCore.swift[0m
2026-10-07T15:41:24.5688995Z [31;1m[930/956] Compiling NIOCore RecvByteBufferAllocator.swift[0m
2026-10-07T15:41:24.5696217Z [31;1m[931/956] Compiling NIOCore SingleStepByteToMessageDecoder.swift[0m
2026-10-07T15:41:24.5703132Z [31;1m[932/956] Compiling NIOCore SocketAddresses.swift[0m
2026-10-07T15:41:24.5709139Z [31;1m[933/956] Compiling NIOCore SocketOptionProvider.swift[0m
2026-10-07T15:41:24.5713567Z [31;1m[934/956] Compiling NIOCore SystemCallHelpers.swift[0m
2026-10-07T15:41:24.5717746Z [31;1m[935/956] Compiling NIOCore TimeAmount+Duration.swift[0m
2026-10-07T15:41:24.5720935Z [31;1m[936/956] Compiling NIOCore TypeAssistedChannelHandler.swift[0m
2026-10-07T15:41:24.5724133Z [31;1m[937/956] Compiling NIOCore UniversalBootstrapSupport.swift[0m
2026-10-07T15:41:24.5727189Z [31;1m[938/956] Compiling NIOCore Utilities.swift[0m
2026-10-07T15:41:40.3263143Z [31;1m[939/1015] Wrapping AST for NIOCore for debugging[0m
2026-10-07T15:41:40.5009763Z [31;1m[941/1015] Emitting module NIOPosix[0m
2026-10-07T15:41:40.5122527Z [31;1m[942/1029] Compiling NIOPosix NIOThreadPool.swift[0m
2026-10-07T15:41:40.5231004Z [31;1m[943/1029] Compiling NIOPosix NonBlockingFileIO.swift[0m
2026-10-07T15:41:40.5308596Z [31;1m[944/1029] Compiling NIOPosix PendingDatagramWritesManager.swift[0m
2026-10-07T15:41:40.5409251Z [31;1m[945/1029] Compiling NIOPosix PendingWritesManager.swift[0m
2026-10-07T15:41:40.5443808Z [31;1m[946/1033] Emitting module NIOHTTP1[0m
2026-10-07T15:41:40.5458331Z [31;1m[947/1033] Compiling NIOPosix LinuxCPUSet.swift[0m
2026-10-07T15:41:40.5463790Z [31;1m[948/1033] Compiling NIOPosix LinuxUring.swift[0m
2026-10-07T15:41:40.5486188Z [31;1m[949/1033] Compiling NIOPosix MultiThreadedEventLoopGroup.swift[0m
2026-10-07T15:41:40.5495596Z [31;1m[950/1033] Compiling NIOPosix NIOPosixSendableMetatype.swift[0m
2026-10-07T15:41:40.5519432Z [31;1m[951/1033] Compiling NIOPosix NIORandomizedDNSResolver.swift[0m
2026-10-07T15:41:40.5526772Z [31;1m[952/1033] Compiling NIOPosix HappyEyeballs.swift[0m
2026-10-07T15:41:40.5531372Z [31;1m[953/1033] Compiling NIOPosix IO.swift[0m
2026-10-07T15:41:40.5535953Z [31;1m[954/1033] Compiling NIOPosix IntegerBitPacking.swift[0m
2026-10-07T15:41:40.5540497Z [31;1m[955/1033] Compiling NIOPosix IntegerTypes.swift[0m
2026-10-07T15:41:40.5544902Z [31;1m[956/1033] Compiling NIOPosix Linux.swift[0m
2026-10-07T15:41:40.5549324Z [31;1m[957/1033] Compiling NIOHTTP1 NIOTypedHTTPClientUpgradeHandler.swift[0m
2026-10-07T15:41:40.5554016Z [31;1m[958/1033] Compiling NIOHTTP1 NIOTypedHTTPClientUpgraderStateMachine.swift[0m
2026-10-07T15:41:40.5558795Z [31;1m[959/1033] Compiling NIOHTTP1 NIOTypedHTTPServerUpgradeHandler.swift[0m
2026-10-07T15:41:40.5563508Z [31;1m[960/1033] Compiling NIOHTTP1 NIOTypedHTTPServerUpgraderStateMachine.swift[0m
2026-10-07T15:41:40.5568046Z [31;1m[962/1034] Compiling NIOPosix PipeChannel.swift[0m
2026-10-07T15:41:40.5572250Z [31;1m[963/1034] Compiling NIOPosix PipePair.swift[0m
2026-10-07T15:41:40.5576499Z [31;1m[964/1034] Compiling NIOPosix Pool.swift[0m
2026-10-07T15:41:40.5580914Z [31;1m[965/1034] Compiling NIOPosix PosixSingletons+ConcurrencyTakeOver.swift[0m
2026-10-07T15:41:40.5585458Z [31;1m[966/1034] Compiling NIOPosix PosixSingletons.swift[0m
2026-10-07T15:41:40.5589774Z [31;1m[967/1034] Compiling NIOPosix RawSocketBootstrap.swift[0m
2026-10-07T15:41:40.5594067Z [31;1m[968/1034] Compiling NIOPosix Resolver.swift[0m
2026-10-07T15:41:40.5598297Z [31;1m[969/1034] Compiling NIOPosix Selectable.swift[0m
2026-10-07T15:41:40.5602516Z [31;1m[970/1034] Compiling NIOPosix SelectableChannel.swift[0m
2026-10-07T15:41:40.5606802Z [31;1m[971/1034] Compiling NIOPosix SelectableEventLoop.swift[0m
2026-10-07T15:41:40.5611280Z [31;1m[972/1034] Compiling NIOPosix SelectorEpoll.swift[0m
2026-10-07T15:41:40.5615522Z [31;1m[973/1034] Compiling NIOPosix SelectorGeneric.swift[0m
2026-10-07T15:41:40.5619778Z [31;1m[974/1034] Compiling NIOPosix SelectorKqueue.swift[0m
2026-10-07T15:41:40.5623989Z [31;1m[975/1034] Compiling NIOPosix SelectorUring.swift[0m
2026-10-07T15:41:40.5625699Z [31;1m[975/1034] Wrapping AST for NIOHTTP1 for debugging[0m
2026-10-07T15:41:43.9869737Z [31;1m[991/1034] Compiling NIOPosix SelectorWSAPoll.swift[0m
2026-10-07T15:41:43.9870966Z [31;1m[992/1034] Compiling NIOPosix ServerSocket.swift[0m
2026-10-07T15:41:43.9879055Z [31;1m[993/1034] Compiling NIOPosix Socket.swift[0m
2026-10-07T15:41:43.9893915Z [31;1m[994/1034] Compiling NIOPosix SocketChannel.swift[0m
2026-10-07T15:41:43.9907696Z [31;1m[995/1034] Compiling NIOPosix SocketProtocols.swift[0m
2026-10-07T15:41:43.9920085Z [31;1m[996/1034] Compiling NIOPosix StructuredConcurrencyHelpers.swift[0m
2026-10-07T15:41:43.9931568Z [31;1m[997/1034] Compiling NIOPosix System.swift[0m
2026-10-07T15:41:43.9941331Z [31;1m[998/1034] Compiling NIOPosix Thread.swift[0m
2026-10-07T15:41:43.9950117Z [31;1m[999/1034] Compiling NIOPosix ThreadPosix.swift[0m
2026-10-07T15:41:43.9957479Z [31;1m[1000/1034] Compiling NIOPosix ThreadWindows.swift[0m
2026-10-07T15:41:43.9963145Z [31;1m[1001/1034] Compiling NIOPosix Utilities.swift[0m
2026-10-07T15:41:43.9968638Z [31;1m[1002/1034] Compiling NIOPosix VsockAddress.swift[0m
2026-10-07T15:41:43.9973127Z [31;1m[1003/1034] Compiling NIOPosix VsockChannelEvents.swift[0m
2026-10-07T15:41:43.9976502Z [31;1m[1004/1034] Compiling NIOPosix Windows.swift[0m
2026-10-07T15:41:44.6395111Z [31;1m[1009/1034] Compiling NIOPosix BaseSocketChannel+AccessibleTransport.swift[0m
2026-10-07T15:41:44.6402116Z [31;1m[1010/1034] Compiling NIOPosix BaseSocketChannel+SocketOptionProvider.swift[0m
2026-10-07T15:41:44.6410005Z [31;1m[1011/1034] Compiling NIOPosix BaseSocketChannel.swift[0m
2026-10-07T15:41:44.6417559Z [31;1m[1012/1034] Compiling NIOPosix BaseStreamSocketChannel.swift[0m
2026-10-07T15:41:44.6424394Z [31;1m[1013/1034] Compiling NIOPosix Bootstrap.swift[0m
2026-10-07T15:41:44.6430933Z [31;1m[1014/1034] Compiling NIOPosix ControlMessage.swift[0m
2026-10-07T15:41:44.6436775Z [31;1m[1015/1034] Compiling NIOPosix DatagramVectorReadManager.swift[0m
2026-10-07T15:41:44.6441207Z [31;1m[1016/1034] Compiling NIOPosix Errors+Any.swift[0m
2026-10-07T15:41:44.6445750Z [31;1m[1017/1034] Compiling NIOPosix FileDescriptor.swift[0m
2026-10-07T15:41:44.6448556Z [31;1m[1018/1034] Compiling NIOPosix GetaddrinfoResolver.swift[0m
2026-10-07T15:41:44.9427834Z [31;1m[1019/1035] Wrapping AST for NIOPosix for debugging[0m
2026-10-07T15:41:47.1815606Z [31;1merror: emit-module command failed with exit code 1 (use -v to see invocation)[0m
2026-10-07T15:41:47.3311135Z [31;1m[1021/1076] Emitting module RightClickCore[0m
2026-10-07T15:41:47.3429776Z [31;1mD:\a\rightclick\rightclick\Sources\RightClickCore\CapabilityABI.swift:2:8: error: no such module 'CoreFoundation'[0m
2026-10-07T15:41:47.3434232Z [31;1m[0m
2026-10-07T15:41:47.3437569Z [31;1m  1 | import Foundation[0m
2026-10-07T15:41:47.3441139Z [31;1m[0m
2026-10-07T15:41:47.3444473Z [31;1m  2 | import CoreFoundation[0m
2026-10-07T15:41:47.3447819Z [31;1m[0m
2026-10-07T15:41:47.3451153Z [31;1m    |        `- error: no such module 'CoreFoundation'[0m
2026-10-07T15:41:47.3454435Z [31;1m[0m
2026-10-07T15:41:47.3457500Z [31;1m  3 | [0m
2026-10-07T15:41:47.3460664Z [31;1m[0m
2026-10-07T15:41:47.3464199Z [31;1m  4 | public enum CapabilityABIError: Error, Equatable {[0m
2026-10-07T15:41:47.3465666Z [31;1m[0m
2026-10-07T15:41:49.1778350Z [31;1m[1022/1089] Compiling RightClickCore RCIRExecutionHost.swift[0m
2026-10-07T15:41:49.1780620Z [31;1mD:\a\rightclick\rightclick\Sources\RightClickCore\CapabilityABI.swift:2:8: error: no such module 'CoreFoundation'[0m
2026-10-07T15:41:49.1781820Z [31;1m[0m
2026-10-07T15:41:49.1782962Z [31;1m  1 | import Foundation[0m
2026-10-07T15:41:49.1783547Z [31;1m[0m
2026-10-07T15:41:49.1784022Z [31;1m  2 | import CoreFoundation[0m
2026-10-07T15:41:49.1784605Z [31;1m[0m
2026-10-07T15:41:49.1785192Z [31;1m    |        `- error: no such module 'CoreFoundation'[0m
2026-10-07T15:41:49.1785853Z [31;1m[0m
2026-10-07T15:41:49.1786257Z [31;1m  3 | [0m
2026-10-07T15:41:49.1786676Z [31;1m[0m
2026-10-07T15:41:49.1787264Z [31;1m  4 | public enum CapabilityABIError: Error, Equatable {[0m
2026-10-07T15:41:49.1787950Z [31;1m[0m
2026-10-07T15:41:49.1788635Z [31;1m[1023/1089] Compiling RightClickCore RCIRHTTPObservation.swift[0m
2026-10-07T15:41:49.1790082Z [31;1mD:\a\rightclick\rightclick\Sources\RightClickCore\CapabilityABI.swift:2:8: error: no such module 'CoreFoundation'[0m
2026-10-07T15:41:49.1791204Z [31;1m[0m
2026-10-07T15:41:49.1791661Z [31;1m  1 | import Foundation[0m
2026-10-07T15:41:49.1792199Z [31;1m[0m
2026-10-07T15:41:49.1792687Z [31;1m  2 | import CoreFoundation[0m
2026-10-07T15:41:49.1793252Z [31;1m[0m
2026-10-07T15:41:49.1793809Z [31;1m    |        `- error: no such module 'CoreFoundation'[0m
2026-10-07T15:41:49.1794515Z [31;1m[0m
2026-10-07T15:41:49.1794964Z [31;1m  3 | [0m
2026-10-07T15:41:49.1795418Z [31;1m[0m
2026-10-07T15:41:49.1796206Z [31;1m  4 | public enum CapabilityABIError: Error, Equatable {[0m
2026-10-07T15:41:49.1797018Z [31;1m[0m
2026-10-07T15:41:49.1797701Z [31;1m[1024/1089] Compiling RightClickCore RCIRHostObservation.swift[0m
2026-10-07T15:41:49.1799145Z [31;1mD:\a\rightclick\rightclick\Sources\RightClickCore\CapabilityABI.swift:2:8: error: no such module 'CoreFoundation'[0m
2026-10-07T15:41:49.1800271Z [31;1m[0m
2026-10-07T15:41:49.1800735Z [31;1m  1 | import Foundation[0m
2026-10-07T15:41:49.1801262Z [31;1m[0m
2026-10-07T15:41:49.1801716Z [31;1m  2 | import CoreFoundation[0m
2026-10-07T15:41:49.1802261Z [31;1m[0m
2026-10-07T15:41:49.1802831Z [31;1m    |        `- error: no such module 'CoreFoundation'[0m
2026-10-07T15:41:49.1803491Z [31;1m[0m
2026-10-07T15:41:49.1803954Z [31;1m  3 | [0m
2026-10-07T15:41:49.1804409Z [31;1m[0m
2026-10-07T15:41:49.1805318Z [31;1m  4 | public enum CapabilityABIError: Error, Equatable {[0m
2026-10-07T15:41:49.1806092Z [31;1m[0m
2026-10-07T15:41:49.1806847Z [31;1m[1025/1089] Compiling RightClickCore RCIRSignedReceipt.swift[0m
2026-10-07T15:41:49.1808255Z [31;1mD:\a\rightclick\rightclick\Sources\RightClickCore\CapabilityABI.swift:2:8: error: no such module 'CoreFoundation'[0m
2026-10-07T15:41:49.1809394Z [31;1m[0m
2026-10-07T15:41:49.1809819Z [31;1m  1 | import Foundation[0m
2026-10-07T15:41:49.1810379Z [31;1m[0m
2026-10-07T15:41:49.1810861Z [31;1m  2 | import CoreFoundation[0m
2026-10-07T15:41:49.1811460Z [31;1m[0m
2026-10-07T15:41:49.1812042Z [31;1m    |        `- error: no such module 'CoreFoundation'[0m
2026-10-07T15:41:49.1812714Z [31;1m[0m
2026-10-07T15:41:49.1813154Z [31;1m  3 | [0m
2026-10-07T15:41:49.1813614Z [31;1m[0m
2026-10-07T15:41:49.1814243Z [31;1m  4 | public enum CapabilityABIError: Error, Equatable {[0m
2026-10-07T15:41:49.1814958Z [31;1m[0m
2026-10-07T15:41:49.1815616Z [31;1m[1026/1089] Compiling RightClickCore RCIRUnaryInvocation.swift[0m
2026-10-07T15:41:49.1817132Z [31;1mD:\a\rightclick\rightclick\Sources\RightClickCore\CapabilityABI.swift:2:8: error: no such module 'CoreFoundation'[0m
2026-10-07T15:41:49.1818307Z [31;1m[0m
2026-10-07T15:41:49.1818833Z [31;1m  1 | import Foundation[0m
2026-10-07T15:41:49.1819398Z [31;1m[0m
2026-10-07T15:41:49.1819890Z [31;1m  2 | import CoreFoundation[0m
2026-10-07T15:41:49.1820467Z [31;1m[0m
2026-10-07T15:41:49.1821147Z [31;1m    |        `- error: no such module 'CoreFoundation'[0m
2026-10-07T15:41:49.1821849Z [31;1m[0m
2026-10-07T15:41:49.1822298Z [31;1m  3 | [0m
2026-10-07T15:41:49.1822754Z [31;1m[0m
2026-10-07T15:41:49.1823365Z [31;1m  4 | public enum CapabilityABIError: Error, Equatable {[0m
2026-10-07T15:41:49.1824279Z [31;1m[0m
2026-10-07T15:41:49.1825003Z [31;1m[1027/1089] Compiling RightClickCore RuntimePlatform.swift[0m
2026-10-07T15:41:49.1826474Z [31;1mD:\a\rightclick\rightclick\Sources\RightClickCore\CapabilityABI.swift:2:8: error: no such module 'CoreFoundation'[0m
2026-10-07T15:41:49.1827745Z [31;1m[0m
2026-10-07T15:41:49.1828745Z [31;1m  1 | import Foundation[0m
2026-10-07T15:41:49.1829376Z [31;1m[0m
2026-10-07T15:41:49.1830173Z [31;1m  2 | import CoreFoundation[0m
2026-10-07T15:41:49.1830993Z [31;1m[0m
2026-10-07T15:41:49.1831629Z [31;1m    |        `- error: no such module 'CoreFoundation'[0m
2026-10-07T15:41:49.1832330Z [31;1m[0m
2026-10-07T15:41:49.1832824Z [31;1m  3 | [0m
2026-10-07T15:41:49.1833296Z [31;1m[0m
2026-10-07T15:41:49.1833986Z [31;1m  4 | public enum CapabilityABIError: Error, Equatable {[0m
2026-10-07T15:41:49.1835047Z [31;1m[0m
2026-10-07T15:41:49.1835947Z [31;1m[1028/1089] Compiling RightClickCore SafetyPolicy.swift[0m
2026-10-07T15:41:49.1837413Z [31;1mD:\a\rightclick\rightclick\Sources\RightClickCore\CapabilityABI.swift:2:8: error: no such module 'CoreFoundation'[0m
2026-10-07T15:41:49.1839347Z [31;1m[0m
2026-10-07T15:41:49.1840055Z [31;1m  1 | import Foundation[0m
2026-10-07T15:41:49.1840811Z [31;1m[0m
2026-10-07T15:41:49.1841492Z [31;1m  2 | import CoreFoundation[0m
2026-10-07T15:41:49.1842127Z [31;1m[0m
2026-10-07T15:41:49.1843022Z [31;1m    |        `- error: no such module 'CoreFoundation'[0m
2026-10-07T15:41:49.1844116Z [31;1m[0m
2026-10-07T15:41:49.1844762Z [31;1m  3 | [0m
2026-10-07T15:41:49.1845516Z [31;1m[0m
2026-10-07T15:41:49.1846429Z [31;1m  4 | public enum CapabilityABIError: Error, Equatable {[0m
2026-10-07T15:41:49.1847780Z [31;1m[0m
2026-10-07T15:41:49.1848731Z [31;1m[1029/1089] Compiling RightClickCore ServiceCatalog.swift[0m
2026-10-07T15:41:49.1850429Z [31;1mD:\a\rightclick\rightclick\Sources\RightClickCore\CapabilityABI.swift:2:8: error: no such module 'CoreFoundation'[0m
2026-10-07T15:41:49.1851571Z [31;1m[0m
2026-10-07T15:41:49.1852300Z [31;1m  1 | import Foundation[0m
2026-10-07T15:41:49.1853747Z [31;1m[0m
2026-10-07T15:41:49.1857329Z [31;1m  2 | import CoreFoundation[0m
2026-10-07T15:41:49.1860425Z [31;1m[0m
2026-10-07T15:41:49.1863513Z [31;1m    |        `- error: no such module 'CoreFoundation'[0m
2026-10-07T15:41:49.1866288Z [31;1m[0m
2026-10-07T15:41:49.1869580Z [31;1m  3 | [0m
2026-10-07T15:41:49.1872862Z [31;1m[0m
2026-10-07T15:41:49.1876351Z [31;1m  4 | public enum CapabilityABIError: Error, Equatable {[0m
2026-10-07T15:41:49.1879274Z [31;1m[0m
2026-10-07T15:41:49.1882791Z [31;1m[1030/1089] Compiling RightClickCore ServiceContext.swift[0m
2026-10-07T15:41:49.1886585Z [31;1mD:\a\rightclick\rightclick\Sources\RightClickCore\CapabilityABI.swift:2:8: error: no such module 'CoreFoundation'[0m
2026-10-07T15:41:49.1888786Z [31;1m[0m
2026-10-07T15:41:49.1892087Z [31;1m  1 | import Foundation[0m
2026-10-07T15:41:49.1895257Z [31;1m[0m
2026-10-07T15:41:49.1898737Z [31;1m  2 | import CoreFoundation[0m
2026-10-07T15:41:49.1901935Z [31;1m[0m
2026-10-07T15:41:49.1905245Z [31;1m    |        `- error: no such module 'CoreFoundation'[0m
2026-10-07T15:41:49.1908383Z [31;1m[0m
2026-10-07T15:41:49.1911820Z [31;1m  3 | [0m
2026-10-07T15:41:49.1915000Z [31;1m[0m
2026-10-07T15:41:49.1940682Z [31;1m  4 | public enum CapabilityABIError: Error, Equatable {[0m
2026-10-07T15:41:49.1941693Z [31;1m[0m
2026-10-07T15:41:49.1942655Z [31;1m[1031/1089] Compiling RightClickCore ServiceOutcome.swift[0m
2026-10-07T15:41:49.1944405Z [31;1mD:\a\rightclick\rightclick\Sources\RightClickCore\CapabilityABI.swift:2:8: error: no such module 'CoreFoundation'[0m
2026-10-07T15:41:49.1945708Z [31;1m[0m
2026-10-07T15:41:49.1946528Z [31;1m  1 | import Foundation[0m
2026-10-07T15:41:49.1947127Z [31;1m[0m
2026-10-07T15:41:49.1948068Z [31;1m  2 | import CoreFoundation[0m
2026-10-07T15:41:49.1948868Z [31;1m[0m
2026-10-07T15:41:49.1949726Z [31;1m    |        `- error: no such module 'CoreFoundation'[0m
2026-10-07T15:41:49.1950793Z [31;1m[0m
2026-10-07T15:41:49.1951548Z [31;1m  3 | [0m
2026-10-07T15:41:49.1952367Z [31;1m[0m
2026-10-07T15:41:49.1954543Z [31;1m  4 | public enum CapabilityABIError: Error, Equatable {[0m
2026-10-07T15:41:49.1956716Z [31;1m[0m
2026-10-07T15:41:49.1959750Z [31;1m[1032/1089] Compiling RightClickCore SharingCatalog.swift[0m
2026-10-07T15:41:49.1962607Z [31;1mD:\a\rightclick\rightclick\Sources\RightClickCore\CapabilityABI.swift:2:8: error: no such module 'CoreFoundation'[0m
2026-10-07T15:41:49.1964345Z [31;1m[0m
2026-10-07T15:41:49.1967225Z [31;1m  1 | import Foundation[0m
2026-10-07T15:41:49.1969899Z [31;1m[0m
2026-10-07T15:41:49.1972723Z [31;1m  2 | import CoreFoundation[0m
2026-10-07T15:41:49.1975348Z [31;1m[0m
2026-10-07T15:41:49.1978238Z [31;1m    |        `- error: no such module 'CoreFoundation'[0m
2026-10-07T15:41:49.1980618Z [31;1m[0m
2026-10-07T15:41:49.1983337Z [31;1m  3 | [0m
2026-10-07T15:41:49.1986032Z [31;1m[0m
2026-10-07T15:41:49.1988965Z [31;1m  4 | public enum CapabilityABIError: Error, Equatable {[0m
2026-10-07T15:41:49.1991108Z [31;1m[0m
2026-10-07T15:41:49.1994107Z [31;1m[1033/1089] Compiling RightClickCore SharingExecutionModel.swift[0m
2026-10-07T15:41:49.1996880Z [31;1mD:\a\rightclick\rightclick\Sources\RightClickCore\CapabilityABI.swift:2:8: error: no such module 'CoreFoundation'[0m
2026-10-07T15:41:49.1998683Z [31;1m[0m
2026-10-07T15:41:49.2001536Z [31;1m  1 | import Foundation[0m
2026-10-07T15:41:49.2004209Z [31;1m[0m
2026-10-07T15:41:49.2007026Z [31;1m  2 | import CoreFoundation[0m
2026-10-07T15:41:49.2009631Z [31;1m[0m
2026-10-07T15:41:49.2012515Z [31;1m    |        `- error: no such module 'CoreFoundation'[0m
2026-10-07T15:41:49.2014891Z [31;1m[0m
2026-10-07T15:41:49.2017587Z [31;1m  3 | [0m
2026-10-07T15:41:49.2020282Z [31;1m[0m
2026-10-07T15:41:49.2023326Z [31;1m  4 | public enum CapabilityABIError: Error, Equatable {[0m
2026-10-07T15:41:49.2025518Z [31;1m[0m
2026-10-07T15:41:49.2028682Z [31;1m[1034/1089] Compiling RightClickCore WASMCapabilityArtifactResolver.swift[0m
2026-10-07T15:41:49.2031350Z [31;1mD:\a\rightclick\rightclick\Sources\RightClickCore\CapabilityABI.swift:2:8: error: no such module 'CoreFoundation'[0m
2026-10-07T15:41:49.2033036Z [31;1m[0m
2026-10-07T15:41:49.2035882Z [31;1m  1 | import Foundation[0m
2026-10-07T15:41:49.2038521Z [31;1m[0m
2026-10-07T15:41:49.2041226Z [31;1m  2 | import CoreFoundation[0m
2026-10-07T15:41:49.2043767Z [31;1m[0m
2026-10-07T15:41:49.2046573Z [31;1m    |        `- error: no such module 'CoreFoundation'[0m
2026-10-07T15:41:49.2049061Z [31;1m[0m
2026-10-07T15:41:49.2051731Z [31;1m  3 | [0m
2026-10-07T15:41:49.2054344Z [31;1m[0m
2026-10-07T15:41:49.2057210Z [31;1m  4 | public enum CapabilityABIError: Error, Equatable {[0m
2026-10-07T15:41:49.2059437Z [31;1m[0m
2026-10-07T15:41:50.4371724Z [31;1m[1035/1089] Compiling RightClickCore GraphQLHTTP.swift[0m
2026-10-07T15:41:50.4374446Z [31;1mD:\a\rightclick\rightclick\Sources\RightClickCore\CapabilityABI.swift:2:8: error: no such module 'CoreFoundation'[0m
2026-10-07T15:41:50.4376189Z [31;1m[0m
2026-10-07T15:41:50.4378731Z [31;1m  1 | import Foundation[0m
2026-10-07T15:41:50.4381180Z [31;1m[0m
2026-10-07T15:41:50.4383795Z [31;1m  2 | import CoreFoundation[0m
2026-10-07T15:41:50.4387158Z [31;1m[0m
2026-10-07T15:41:50.4389559Z [31;1m    |        `- error: no such module 'CoreFoundation'[0m
2026-10-07T15:41:50.4392113Z [31;1m[0m
2026-10-07T15:41:50.4394588Z [31;1m  3 | [0m
2026-10-07T15:41:50.4397046Z [31;1m[0m
2026-10-07T15:41:50.4399718Z [31;1m  4 | public enum CapabilityABIError: Error, Equatable {[0m
2026-10-07T15:41:50.4402372Z [31;1m[0m
2026-10-07T15:41:50.4405316Z [31;1m[1036/1089] Compiling RightClickCore GraphQLReflector.swift[0m
2026-10-07T15:41:50.4408815Z [31;1mD:\a\rightclick\rightclick\Sources\RightClickCore\CapabilityABI.swift:2:8: error: no such module 'CoreFoundation'[0m
2026-10-07T15:41:50.4410309Z [31;1m[0m
2026-10-07T15:41:50.4413298Z [31;1m  1 | import Foundation[0m
2026-10-07T15:41:50.4415705Z [31;1m[0m
2026-10-07T15:41:50.4418251Z [31;1m  2 | import CoreFoundation[0m
2026-10-07T15:41:50.4420668Z [31;1m[0m
2026-10-07T15:41:50.4423431Z [31;1m    |        `- error: no such module 'CoreFoundation'[0m
2026-10-07T15:41:50.4425783Z [31;1m[0m
2026-10-07T15:41:50.4429156Z [31;1m  3 | [0m
2026-10-07T15:41:50.4431338Z [31;1m[0m
2026-10-07T15:41:50.4434073Z [31;1m  4 | public enum CapabilityABIError: Error, Equatable {[0m
2026-10-07T15:41:50.4436969Z [31;1m[0m
2026-10-07T15:41:50.4440299Z [31;1m[1037/1089] Compiling RightClickCore KafkaCapabilityArtifactResolver.swift[0m
2026-10-07T15:41:50.4443775Z [31;1mD:\a\rightclick\rightclick\Sources\RightClickCore\CapabilityABI.swift:2:8: error: no such module 'CoreFoundation'[0m
2026-10-07T15:41:50.4445532Z [31;1m[0m
2026-10-07T15:41:50.4448680Z [31;1m  1 | import Foundation[0m
2026-10-07T15:41:50.4450766Z [31;1m[0m
2026-10-07T15:41:50.4453379Z [31;1m  2 | import CoreFoundation[0m
2026-10-07T15:41:50.4455790Z [31;1m[0m
2026-10-07T15:41:50.4459121Z [31;1m    |        `- error: no such module 'CoreFoundation'[0m
2026-10-07T15:41:50.4461708Z [31;1m[0m
2026-10-07T15:41:50.4464157Z [31;1m  3 | [0m
2026-10-07T15:41:50.4466595Z [31;1m[0m
2026-10-07T15:41:50.4469434Z [31;1m  4 | public enum CapabilityABIError: Error, Equatable {[0m
2026-10-07T15:41:50.4472401Z [31;1m[0m
2026-10-07T15:41:50.4475365Z [31;1m[1038/1089] Compiling RightClickCore KubernetesCapabilityArtifactResolver.swift[0m
2026-10-07T15:41:50.4478027Z [31;1mD:\a\rightclick\rightclick\Sources\RightClickCore\CapabilityABI.swift:2:8: error: no such module 'CoreFoundation'[0m
2026-10-07T15:41:50.4480298Z [31;1m[0m
2026-10-07T15:41:50.4483651Z [31;1m  1 | import Foundation[0m
2026-10-07T15:41:50.4485994Z [31;1m[0m
2026-10-07T15:41:50.4488853Z [31;1m  2 | import CoreFoundation[0m
2026-10-07T15:41:50.4499456Z [31;1m[0m
2026-10-07T15:41:50.4500276Z [31;1m    |        `- error: no such module 'CoreFoundation'[0m
2026-10-07T15:41:50.4501206Z [31;1m[0m
2026-10-07T15:41:50.4501964Z [31;1m  3 | [0m
2026-10-07T15:41:50.4502331Z [31;1m[0m
2026-10-07T15:41:50.4505578Z [31;1m  4 | public enum CapabilityABIError: Error, Equatable {[0m
2026-10-07T15:41:50.4508180Z [31;1m[0m
2026-10-07T15:41:50.4511517Z [31;1m[1039/1089] Compiling RightClickCore MCPCapabilityArtifactResolver.swift[0m
2026-10-07T15:41:50.4514860Z [31;1mD:\a\rightclick\rightclick\Sources\RightClickCore\CapabilityABI.swift:2:8: error: no such module 'CoreFoundation'[0m
2026-10-07T15:41:50.4517347Z [31;1m[0m
2026-10-07T15:41:50.4520103Z [31;1m  1 | import Foundation[0m
2026-10-07T15:41:50.4523248Z [31;1m[0m
2026-10-07T15:41:50.4526047Z [31;1m  2 | import CoreFoundation[0m
2026-10-07T15:41:50.4528777Z [31;1m[0m
2026-10-07T15:41:50.4531678Z [31;1m    |        `- error: no such module 'CoreFoundation'[0m
2026-10-07T15:41:50.4534215Z [31;1m[0m
2026-10-07T15:41:50.4537013Z [31;1m  3 | [0m
2026-10-07T15:41:50.4539373Z [31;1m[0m
2026-10-07T15:41:50.4543165Z [31;1m  4 | public enum CapabilityABIError: Error, Equatable {[0m
2026-10-07T15:41:50.4546002Z [31;1m[0m
2026-10-07T15:41:50.4548617Z [31;1m[1040/1089] Compiling RightClickCore OAuthOIDCAuthority.swift[0m
2026-10-07T15:41:50.4551489Z [31;1mD:\a\rightclick\rightclick\Sources\RightClickCore\CapabilityABI.swift:2:8: error: no such module 'CoreFoundation'[0m
2026-10-07T15:41:50.4553317Z [31;1m[0m
2026-10-07T15:41:50.4555827Z [31;1m  1 | import Foundation[0m
2026-10-07T15:41:50.4558235Z [31;1m[0m
2026-10-07T15:41:50.4561353Z [31;1m  2 | import CoreFoundation[0m
2026-10-07T15:41:50.4563850Z [31;1m[0m
2026-10-07T15:41:50.4566452Z [31;1m    |        `- error: no such module 'CoreFoundation'[0m
2026-10-07T15:41:50.4568776Z [31;1m[0m
2026-10-07T15:41:50.4571229Z [31;1m  3 | [0m
2026-10-07T15:41:50.4574027Z [31;1m[0m
2026-10-07T15:41:50.4576525Z [31;1m  4 | public enum CapabilityABIError: Error, Equatable {[0m
2026-10-07T15:41:50.4578770Z [31;1m[0m
2026-10-07T15:41:50.4581498Z [31;1m[1041/1089] Compiling RightClickCore OpenAPIAuthority.swift[0m
2026-10-07T15:41:50.4584946Z [31;1mD:\a\rightclick\rightclick\Sources\RightClickCore\CapabilityABI.swift:2:8: error: no such module 'CoreFoundation'[0m
2026-10-07T15:41:50.4586633Z [31;1m[0m
2026-10-07T15:41:50.4589171Z [31;1m  1 | import Foundation[0m
2026-10-07T15:41:50.4591918Z [31;1m[0m
2026-10-07T15:41:50.4594362Z [31;1m  2 | import CoreFoundation[0m
2026-10-07T15:41:50.4596842Z [31;1m[0m
2026-10-07T15:41:50.4599764Z [31;1m    |        `- error: no such module 'CoreFoundation'[0m
2026-10-07T15:41:50.4602984Z [31;1m[0m
2026-10-07T15:41:50.4605427Z [31;1m  3 | [0m
2026-10-07T15:41:50.4607883Z [31;1m[0m
2026-10-07T15:41:50.4611189Z [31;1m  4 | public enum CapabilityABIError: Error, Equatable {[0m
2026-10-07T15:41:50.4613605Z [31;1m[0m
2026-10-07T15:41:50.4616112Z [31;1m[1042/1089] Compiling RightClickCore OpenAPIReflector.swift[0m
2026-10-07T15:41:50.4619002Z [31;1mD:\a\rightclick\rightclick\Sources\RightClickCore\CapabilityABI.swift:2:8: error: no such module 'CoreFoundation'[0m
2026-10-07T15:41:50.4620786Z [31;1m[0m
2026-10-07T15:41:50.4623177Z [31;1m  1 | import Foundation[0m
2026-10-07T15:41:50.4625956Z [31;1m[0m
2026-10-07T15:41:50.4628377Z [31;1m  2 | import CoreFoundation[0m
2026-10-07T15:41:50.4631003Z [31;1m[0m
2026-10-07T15:41:50.4634212Z [31;1m    |        `- error: no such module 'CoreFoundation'[0m
2026-10-07T15:41:50.4636769Z [31;1m[0m
2026-10-07T15:41:50.4639076Z [31;1m  3 | [0m
2026-10-07T15:41:50.4642397Z [31;1m[0m
2026-10-07T15:41:50.4644989Z [31;1m  4 | public enum CapabilityABIError: Error, Equatable {[0m
2026-10-07T15:41:50.4646951Z [31;1m[0m
2026-10-07T15:41:50.4650568Z [31;1m[1043/1089] Compiling RightClickCore OriginPinnedHTTP.swift[0m
2026-10-07T15:41:50.4653815Z [31;1mD:\a\rightclick\rightclick\Sources\RightClickCore\CapabilityABI.swift:2:8: error: no such module 'CoreFoundation'[0m
2026-10-07T15:41:50.4655597Z [31;1m[0m
2026-10-07T15:41:50.4658119Z [31;1m  1 | import Foundation[0m
2026-10-07T15:41:50.4660501Z [31;1m[0m
2026-10-07T15:41:50.4663268Z [31;1m  2 | import CoreFoundation[0m
2026-10-07T15:41:50.4665662Z [31;1m[0m
2026-10-07T15:41:50.4668259Z [31;1m    |        `- error: no such module 'CoreFoundation'[0m
2026-10-07T15:41:50.4671163Z [31;1m[0m
2026-10-07T15:41:50.4673535Z [31;1m  3 | [0m
2026-10-07T15:41:50.4675875Z [31;1m[0m
2026-10-07T15:41:50.4678539Z [31;1m  4 | public enum CapabilityABIError: Error, Equatable {[0m
2026-10-07T15:41:50.4680765Z [31;1m[0m
2026-10-07T15:41:50.4683529Z [31;1m[1044/1089] Compiling RightClickCore OutcomeVerifier.swift[0m
2026-10-07T15:41:50.4694165Z [31;1mD:\a\rightclick\rightclick\Sources\RightClickCore\CapabilityABI.swift:2:8: error: no such module 'CoreFoundation'[0m
2026-10-07T15:41:50.4695861Z [31;1m[0m
2026-10-07T15:41:50.4698345Z [31;1m  1 | import Foundation[0m
2026-10-07T15:41:50.4700686Z [31;1m[0m
2026-10-07T15:41:50.4703205Z [31;1m  2 | import CoreFoundation[0m
2026-10-07T15:41:50.4705569Z [31;1m[0m
2026-10-07T15:41:50.4708863Z [31;1m    |        `- error: no such module 'CoreFoundation'[0m
2026-10-07T15:41:50.4710994Z [31;1m[0m
2026-10-07T15:41:50.4713337Z [31;1m  3 | [0m
2026-10-07T15:41:50.4715744Z [31;1m[0m
2026-10-07T15:41:50.4718369Z [31;1m  4 | public enum CapabilityABIError: Error, Equatable {[0m
2026-10-07T15:41:50.4720567Z [31;1m[0m
2026-10-07T15:41:50.4724038Z [31;1m[1045/1089] Compiling RightClickCore ProductSurface.swift[0m
2026-10-07T15:41:50.4726669Z [31;1mD:\a\rightclick\rightclick\Sources\RightClickCore\CapabilityABI.swift:2:8: error: no such module 'CoreFoundation'[0m
2026-10-07T15:41:50.4728331Z [31;1m[0m
2026-10-07T15:41:50.4730820Z [31;1m  1 | import Foundation[0m
2026-10-07T15:41:50.4733396Z [31;1m[0m
2026-10-07T15:41:50.4735760Z [31;1m  2 | import CoreFoundation[0m
2026-10-07T15:41:50.4737870Z [31;1m[0m
2026-10-07T15:41:50.4740824Z [31;1m    |        `- error: no such module 'CoreFoundation'[0m
2026-10-07T15:41:50.4742892Z [31;1m[0m
2026-10-07T15:41:50.4745319Z [31;1m  3 | [0m
2026-10-07T15:41:50.4748055Z [31;1m[0m
2026-10-07T15:41:50.4751338Z [31;1m  4 | public enum CapabilityABIError: Error, Equatable {[0m
2026-10-07T15:41:50.4753336Z [31;1m[0m
2026-10-07T15:41:50.4755967Z [31;1m[1046/1089] Compiling RightClickCore RCIR.swift[0m
2026-10-07T15:41:50.4759598Z [31;1mD:\a\rightclick\rightclick\Sources\RightClickCore\CapabilityABI.swift:2:8: error: no such module 'CoreFoundation'[0m
2026-10-07T15:41:50.4761135Z [31;1m[0m
2026-10-07T15:41:50.4764228Z [31;1m  1 | import Foundation[0m
2026-10-07T15:41:50.4767231Z [31;1m[0m
2026-10-07T15:41:50.4770040Z [31;1m  2 | import CoreFoundation[0m
2026-10-07T15:41:50.4772796Z [31;1m[0m
2026-10-07T15:41:50.4775926Z [31;1m    |        `- error: no such module 'CoreFoundation'[0m
2026-10-07T15:41:50.4778770Z [31;1m[0m
2026-10-07T15:41:50.4781746Z [31;1m  3 | [0m
2026-10-07T15:41:50.4784664Z [31;1m[0m
2026-10-07T15:41:50.4787765Z [31;1m  4 | public enum CapabilityABIError: Error, Equatable {[0m
2026-10-07T15:41:50.4790493Z [31;1m[0m
2026-10-07T15:41:50.4793722Z [31;1m[1047/1089] Compiling RightClickCore RCIRDeferredExecution.swift[0m
2026-10-07T15:41:50.4797056Z [31;1mD:\a\rightclick\rightclick\Sources\RightClickCore\CapabilityABI.swift:2:8: error: no such module 'CoreFoundation'[0m
2026-10-07T15:41:50.4799939Z [31;1m[0m
2026-10-07T15:41:50.4802752Z [31;1m  1 | import Foundation[0m
2026-10-07T15:41:50.4805553Z [31;1m[0m
2026-10-07T15:41:50.4808547Z [31;1m  2 | import CoreFoundation[0m
2026-10-07T15:41:50.4811357Z [31;1m[0m
2026-10-07T15:41:50.4814443Z [31;1m    |        `- error: no such module 'CoreFoundation'[0m
2026-10-07T15:41:50.4817221Z [31;1m[0m
2026-10-07T15:41:50.4820139Z [31;1m  3 | [0m
2026-10-07T15:41:50.4823911Z [31;1m[0m
2026-10-07T15:41:50.4827103Z [31;1m  4 | public enum CapabilityABIError: Error, Equatable {[0m
2026-10-07T15:41:50.4829116Z [31;1m[0m
2026-10-07T15:41:50.4832456Z [31;1m[1048/1089] Compiling RightClickCore CapabilityExperience.swift[0m
2026-10-07T15:41:50.4835736Z [31;1mD:\a\rightclick\rightclick\Sources\RightClickCore\CapabilityABI.swift:2:8: error: no such module 'CoreFoundation'[0m
2026-10-07T15:41:50.4837680Z [31;1m[0m
2026-10-07T15:41:50.4840744Z [31;1m  1 | import Foundation[0m
2026-10-07T15:41:50.4843588Z [31;1m[0m
2026-10-07T15:41:50.4846689Z [31;1m  2 | import CoreFoundation[0m
2026-10-07T15:41:50.4849376Z [31;1m[0m
2026-10-07T15:41:50.4852451Z [31;1m    |        `- error: no such module 'CoreFoundation'[0m
2026-10-07T15:41:50.4855200Z [31;1m[0m
2026-10-07T15:41:50.4858133Z [31;1m  3 | [0m
2026-10-07T15:41:50.4861007Z [31;1m[0m
2026-10-07T15:41:50.4864476Z [31;1m  4 | public enum CapabilityABIError: Error, Equatable {[0m
2026-10-07T15:41:50.4866832Z [31;1m[0m
2026-10-07T15:41:50.4870165Z [31;1m[1049/1089] Compiling RightClickCore CapabilityExperienceLedger.swift[0m
2026-10-07T15:41:50.4873386Z [31;1mD:\a\rightclick\rightclick\Sources\RightClickCore\CapabilityABI.swift:2:8: error: no such module 'CoreFoundation'[0m
2026-10-07T15:41:50.4875275Z [31;1m[0m
2026-10-07T15:41:50.4879350Z [31;1m  1 | import Foundation[0m
2026-10-07T15:41:50.4881951Z [31;1m[0m
2026-10-07T15:41:50.4884813Z [31;1m  2 | import CoreFoundation[0m
2026-10-07T15:41:50.4887678Z [31;1m[0m
2026-10-07T15:41:50.4891077Z [31;1m    |        `- error: no such module 'CoreFoundation'[0m
2026-10-07T15:41:50.4893507Z [31;1m[0m
2026-10-07T15:41:50.4896495Z [31;1m  3 | [0m
2026-10-07T15:41:50.4899723Z [31;1m[0m
2026-10-07T15:41:50.4902814Z [31;1m  4 | public enum CapabilityABIError: Error, Equatable {[0m
2026-10-07T15:41:50.4906509Z [31;1m[0m
2026-10-07T15:41:50.4909970Z [31;1m[1050/1089] Compiling RightClickCore CapabilityInterface.swift[0m
2026-10-07T15:41:50.4913159Z [31;1mD:\a\rightclick\rightclick\Sources\RightClickCore\CapabilityABI.swift:2:8: error: no such module 'CoreFoundation'[0m
2026-10-07T15:41:50.4915026Z [31;1m[0m
2026-10-07T15:41:50.4918133Z [31;1m  1 | import Foundation[0m
2026-10-07T15:41:50.4920998Z [31;1m[0m
2026-10-07T15:41:50.4924259Z [31;1m  2 | import CoreFoundation[0m
2026-10-07T15:41:50.4927074Z [31;1m[0m
2026-10-07T15:41:50.4930182Z [31;1m    |        `- error: no such module 'CoreFoundation'[0m
2026-10-07T15:41:50.4932954Z [31;1m[0m
2026-10-07T15:41:50.4936175Z [31;1m  3 | [0m
2026-10-07T15:41:50.4939058Z [31;1m[0m
2026-10-07T15:41:50.4942143Z [31;1m  4 | public enum CapabilityABIError: Error, Equatable {[0m
2026-10-07T15:41:50.4944876Z [31;1m[0m
2026-10-07T15:41:50.4948033Z [31;1m[1051/1089] Compiling RightClickCore CapabilityProtectedReference.swift[0m
2026-10-07T15:41:50.4950751Z [31;1mD:\a\rightclick\rightclick\Sources\RightClickCore\CapabilityABI.swift:2:8: error: no such module 'CoreFoundation'[0m
2026-10-07T15:41:50.4953220Z [31;1m[0m
2026-10-07T15:41:50.4956183Z [31;1m  1 | import Foundation[0m
2026-10-07T15:41:50.4958825Z [31;1m[0m
2026-10-07T15:41:50.4961912Z [31;1m  2 | import CoreFoundation[0m
2026-10-07T15:41:50.4964113Z [31;1m[0m
2026-10-07T15:41:50.4966596Z [31;1m    |        `- error: no such module 'CoreFoundation'[0m
2026-10-07T15:41:50.4968966Z [31;1m[0m
2026-10-07T15:41:50.4971889Z [31;1m  3 | [0m
2026-10-07T15:41:50.4974591Z [31;1m[0m
2026-10-07T15:41:50.4977356Z [31;1m  4 | public enum CapabilityABIError: Error, Equatable {[0m
2026-10-07T15:41:50.4979613Z [31;1m[0m
2026-10-07T15:41:50.4982772Z [31;1m[1052/1089] Compiling RightClickCore CapabilityReflector.swift[0m
2026-10-07T15:41:50.4985533Z [31;1mD:\a\rightclick\rightclick\Sources\RightClickCore\CapabilityABI.swift:2:8: error: no such module 'CoreFoundation'[0m
2026-10-07T15:41:50.4989272Z [31;1m[0m
2026-10-07T15:41:50.4992712Z [31;1m  1 | import Foundation[0m
2026-10-07T15:41:50.4995532Z [31;1m[0m
2026-10-07T15:41:50.4998330Z [31;1m  2 | import CoreFoundation[0m
2026-10-07T15:41:50.5000516Z [31;1m[0m
2026-10-07T15:41:50.5003650Z [31;1m    |        `- error: no such module 'CoreFoundation'[0m
2026-10-07T15:41:50.5006435Z [31;1m[0m
2026-10-07T15:41:50.5008259Z [31;1m  3 | [0m
2026-10-07T15:41:50.5011594Z [31;1m[0m
2026-10-07T15:41:50.5013796Z [31;1m  4 | public enum CapabilityABIError: Error, Equatable {[0m
2026-10-07T15:41:50.5016914Z [31;1m[0m
2026-10-07T15:41:50.5020029Z [31;1m[1053/1089] Compiling RightClickCore CapabilityReflectorSource.swift[0m
2026-10-07T15:41:50.5023017Z [31;1mD:\a\rightclick\rightclick\Sources\RightClickCore\CapabilityABI.swift:2:8: error: no such module 'CoreFoundation'[0m
2026-10-07T15:41:50.5024916Z [31;1m[0m
2026-10-07T15:41:50.5027751Z [31;1m  1 | import Foundation[0m
2026-10-07T15:41:50.5030274Z [31;1m[0m
2026-10-07T15:41:50.5032979Z [31;1m  2 | import CoreFoundation[0m
2026-10-07T15:41:50.5035526Z [31;1m[0m
2026-10-07T15:41:50.5038307Z [31;1m    |        `- error: no such module 'CoreFoundation'[0m
2026-10-07T15:41:50.5040785Z [31;1m[0m
2026-10-07T15:41:50.5043430Z [31;1m  3 | [0m
2026-10-07T15:41:50.5046027Z [31;1m[0m
2026-10-07T15:41:50.5048976Z [31;1m  4 | public enum CapabilityABIError: Error, Equatable {[0m
2026-10-07T15:41:50.5051421Z [31;1m[0m
2026-10-07T15:41:50.5054336Z [31;1m[1054/1089] Compiling RightClickCore CapabilityRuntimeDefaults.swift[0m
2026-10-07T15:41:50.5057404Z [31;1mD:\a\rightclick\rightclick\Sources\RightClickCore\CapabilityABI.swift:2:8: error: no such module 'CoreFoundation'[0m
2026-10-07T15:41:50.5059238Z [31;1m[0m
2026-10-07T15:41:50.5066212Z [31;1m  1 | import Foundation[0m
2026-10-07T15:41:50.5067246Z [31;1m[0m
2026-10-07T15:41:50.5069756Z [31;1m  2 | import CoreFoundation[0m
2026-10-07T15:41:50.5072647Z [31;1m[0m
2026-10-07T15:41:50.5079564Z [31;1m    |        `- error: no such module 'CoreFoundation'[0m
2026-10-07T15:41:50.5080215Z [31;1m[0m
2026-10-07T15:41:50.5085586Z [31;1m  3 | [0m
2026-10-07T15:41:50.5088795Z [31;1m[0m
2026-10-07T15:41:50.5091875Z [31;1m  4 | public enum CapabilityABIError: Error, Equatable {[0m
2026-10-07T15:41:50.5094536Z [31;1m[0m
2026-10-07T15:41:50.5097721Z [31;1m[1055/1089] Compiling RightClickCore CapabilitySnapshotFreshness.swift[0m
2026-10-07T15:41:50.5100329Z [31;1mD:\a\rightclick\rightclick\Sources\RightClickCore\CapabilityABI.swift:2:8: error: no such module 'CoreFoundation'[0m
2026-10-07T15:41:50.5102587Z [31;1m[0m
2026-10-07T15:41:50.5105151Z [31;1m  1 | import Foundation[0m
2026-10-07T15:41:50.5107602Z [31;1m[0m
2026-10-07T15:41:50.5110213Z [31;1m  2 | import CoreFoundation[0m
2026-10-07T15:41:50.5113054Z [31;1m[0m
2026-10-07T15:41:50.5116974Z [31;1m    |        `- error: no such module 'CoreFoundation'[0m
2026-10-07T15:41:50.5120203Z [31;1m[0m
2026-10-07T15:41:50.5123038Z [31;1m  3 | [0m
2026-10-07T15:41:50.5125768Z [31;1m[0m
2026-10-07T15:41:50.5129239Z [31;1m  4 | public enum CapabilityABIError: Error, Equatable {[0m
2026-10-07T15:41:50.5132746Z [31;1m[0m
2026-10-07T15:41:50.5136232Z [31;1m[1056/1089] Compiling RightClickCore ConfiguredOpenAPISource.swift[0m
2026-10-07T15:41:50.5139528Z [31;1mD:\a\rightclick\rightclick\Sources\RightClickCore\CapabilityABI.swift:2:8: error: no such module 'CoreFoundation'[0m
2026-10-07T15:41:50.5142535Z [31;1m[0m
2026-10-07T15:41:50.5145335Z [31;1m  1 | import Foundation[0m
2026-10-07T15:41:50.5148531Z [31;1m[0m
2026-10-07T15:41:50.5151219Z [31;1m  2 | import CoreFoundation[0m
2026-10-07T15:41:50.5153361Z [31;1m[0m
2026-10-07T15:41:50.5155680Z [31;1m    |        `- error: no such module 'CoreFoundation'[0m
2026-10-07T15:41:50.5158227Z [31;1m[0m
2026-10-07T15:41:50.5161373Z [31;1m  3 | [0m
2026-10-07T15:41:50.5163604Z [31;1m[0m
2026-10-07T15:41:50.5166369Z [31;1m  4 | public enum CapabilityABIError: Error, Equatable {[0m
2026-10-07T15:41:50.5168484Z [31;1m[0m
2026-10-07T15:41:50.5171068Z [31;1m[1057/1089] Compiling RightClickCore ContentItem.swift[0m
2026-10-07T15:41:50.5174172Z [31;1mD:\a\rightclick\rightclick\Sources\RightClickCore\CapabilityABI.swift:2:8: error: no such module 'CoreFoundation'[0m
2026-10-07T15:41:50.5175689Z [31;1m[0m
2026-10-07T15:41:50.5178519Z [31;1m  1 | import Foundation[0m
2026-10-07T15:41:50.5180989Z [31;1m[0m
2026-10-07T15:41:50.5183628Z [31;1m  2 | import CoreFoundation[0m
2026-10-07T15:41:50.5186122Z [31;1m[0m
2026-10-07T15:41:50.5188848Z [31;1m    |        `- error: no such module 'CoreFoundation'[0m
2026-10-07T15:41:50.5191158Z [31;1m[0m
2026-10-07T15:41:50.5193693Z [31;1m  3 | [0m
2026-10-07T15:41:50.5196269Z [31;1m[0m
2026-10-07T15:41:50.5199025Z [31;1m  4 | public enum CapabilityABIError: Error, Equatable {[0m
2026-10-07T15:41:50.5201295Z [31;1m[0m
2026-10-07T15:41:50.5204103Z [31;1m[1058/1089] Compiling RightClickCore GRPCReflectionTransport.swift[0m
2026-10-07T15:41:50.5207081Z [31;1mD:\a\rightclick\rightclick\Sources\RightClickCore\CapabilityABI.swift:2:8: error: no such module 'CoreFoundation'[0m
2026-10-07T15:41:50.5208996Z [31;1m[0m
2026-10-07T15:41:50.5211584Z [31;1m  1 | import Foundation[0m
2026-10-07T15:41:50.5214017Z [31;1m[0m
2026-10-07T15:41:50.5216895Z [31;1m  2 | import CoreFoundation[0m
2026-10-07T15:41:50.5219854Z [31;1m[0m
2026-10-07T15:41:50.5222676Z [31;1m    |        `- error: no such module 'CoreFoundation'[0m
2026-10-07T15:41:50.5225231Z [31;1m[0m
2026-10-07T15:41:50.5228510Z [31;1m  3 | [0m
2026-10-07T15:41:50.5231141Z [31;1m[0m
2026-10-07T15:41:50.5234009Z [31;1m  4 | public enum CapabilityABIError: Error, Equatable {[0m
2026-10-07T15:41:50.5236323Z [31;1m[0m
2026-10-07T15:41:50.5239253Z [31;1m[1059/1089] Compiling RightClickCore GRPCReflector.swift[0m
2026-10-07T15:41:50.5242415Z [31;1mD:\a\rightclick\rightclick\Sources\RightClickCore\CapabilityABI.swift:2:8: error: no such module 'CoreFoundation'[0m
2026-10-07T15:41:50.5244307Z [31;1m[0m
2026-10-07T15:41:50.5247553Z [31;1m  1 | import Foundation[0m
2026-10-07T15:41:50.5250668Z [31;1m[0m
2026-10-07T15:41:50.5253454Z [31;1m  2 | import CoreFoundation[0m
2026-10-07T15:41:50.5256629Z [31;1m[0m
2026-10-07T15:41:50.5259900Z [31;1m    |        `- error: no such module 'CoreFoundation'[0m
2026-10-07T15:41:50.5262514Z [31;1m[0m
2026-10-07T15:41:50.5265066Z [31;1m  3 | [0m
2026-10-07T15:41:50.5267565Z [31;1m[0m
2026-10-07T15:41:50.5270351Z [31;1m  4 | public enum CapabilityABIError: Error, Equatable {[0m
2026-10-07T15:41:50.5272690Z [31;1m[0m
2026-10-07T15:41:50.5275400Z [31;1m[1060/1089] Compiling RightClickCore GRPCWireCodec.swift[0m
2026-10-07T15:41:50.5278364Z [31;1mD:\a\rightclick\rightclick\Sources\RightClickCore\CapabilityABI.swift:2:8: error: no such module 'CoreFoundation'[0m
2026-10-07T15:41:50.5280011Z [31;1m[0m
2026-10-07T15:41:50.5282520Z [31;1m  1 | import Foundation[0m
2026-10-07T15:41:50.5285068Z [31;1m[0m
2026-10-07T15:41:50.5287783Z [31;1m  2 | import CoreFoundation[0m
2026-10-07T15:41:50.5290204Z [31;1m[0m
2026-10-07T15:41:50.5292903Z [31;1m    |        `- error: no such module 'CoreFoundation'[0m
2026-10-07T15:41:50.5295274Z [31;1m[0m
2026-10-07T15:41:50.5297821Z [31;1m  3 | [0m
2026-10-07T15:41:50.5300292Z [31;1m[0m
2026-10-07T15:41:50.5303086Z [31;1m  4 | public enum CapabilityABIError: Error, Equatable {[0m
2026-10-07T15:41:50.5305354Z [31;1m[0m
2026-10-07T15:41:50.5308081Z [31;1m[1061/1089] Compiling RightClickCore A2AReflector.swift[0m
2026-10-07T15:41:50.5310987Z [31;1mD:\a\rightclick\rightclick\Sources\RightClickCore\CapabilityABI.swift:2:8: error: no such module 'CoreFoundation'[0m
2026-10-07T15:41:50.5312798Z [31;1m[0m
2026-10-07T15:41:50.5315385Z [31;1m  1 | import Foundation[0m
2026-10-07T15:41:50.5317892Z [31;1m[0m
2026-10-07T15:41:50.5320433Z [31;1m  2 | import CoreFoundation[0m
2026-10-07T15:41:50.5322866Z [31;1m[0m
2026-10-07T15:41:50.5325604Z [31;1m    |        `- error: no such module 'CoreFoundation'[0m
2026-10-07T15:41:50.5327905Z [31;1m[0m
2026-10-07T15:41:50.5330570Z [31;1m  3 | [0m
2026-10-07T15:41:50.5333033Z [31;1m[0m
2026-10-07T15:41:50.5335775Z [31;1m  4 | public enum CapabilityABIError: Error, Equatable {[0m
2026-10-07T15:41:50.5338079Z [31;1m[0m
2026-10-07T15:41:50.5340926Z [31;1m[1062/1089] Compiling RightClickCore ARDRegistrySource.swift[0m
2026-10-07T15:41:50.5343767Z [31;1mD:\a\rightclick\rightclick\Sources\RightClickCore\CapabilityABI.swift:2:8: error: no such module 'CoreFoundation'[0m
2026-10-07T15:41:50.5345617Z [31;1m[0m
2026-10-07T15:41:50.5348274Z [31;1m  1 | import Foundation[0m
2026-10-07T15:41:50.5350578Z [31;1m[0m
2026-10-07T15:41:50.5352957Z [31;1m  2 | import CoreFoundation[0m
2026-10-07T15:41:50.5355574Z [31;1m[0m
2026-10-07T15:41:50.5358280Z [31;1m    |        `- error: no such module 'CoreFoundation'[0m
2026-10-07T15:41:50.5360601Z [31;1m[0m
2026-10-07T15:41:50.5363158Z [31;1m  3 | [0m
2026-10-07T15:41:50.5365634Z [31;1m[0m
2026-10-07T15:41:50.5368322Z [31;1m  4 | public enum CapabilityABIError: Error, Equatable {[0m
2026-10-07T15:41:50.5370659Z [31;1m[0m
2026-10-07T15:41:50.5373479Z [31;1m[1063/1089] Compiling RightClickCore ActionExtensionCatalog.swift[0m
2026-10-07T15:41:50.5376396Z [31;1mD:\a\rightclick\rightclick\Sources\RightClickCore\CapabilityABI.swift:2:8: error: no such module 'CoreFoundation'[0m
2026-10-07T15:41:50.5379508Z [31;1m[0m
2026-10-07T15:41:50.5382489Z [31;1m  1 | import Foundation[0m
2026-10-07T15:41:50.5385227Z [31;1m[0m
2026-10-07T15:41:50.5388081Z [31;1m  2 | import CoreFoundation[0m
2026-10-07T15:41:50.5390791Z [31;1m[0m
2026-10-07T15:41:50.5393707Z [31;1m    |        `- error: no such module 'CoreFoundation'[0m
2026-10-07T15:41:50.5396130Z [31;1m[0m
2026-10-07T15:41:50.5398847Z [31;1m  3 | [0m
2026-10-07T15:41:50.5401532Z [31;1m[0m
2026-10-07T15:41:50.5405674Z [31;1m  4 | public enum CapabilityABIError: Error, Equatable {[0m
2026-10-07T15:41:50.5406651Z [31;1m[0m
2026-10-07T15:41:50.5409976Z [31;1m[1064/1089] Compiling RightClickCore BonjourGRPCSource.swift[0m
2026-10-07T15:41:50.5413040Z [31;1mD:\a\rightclick\rightclick\Sources\RightClickCore\CapabilityABI.swift:2:8: error: no such module 'CoreFoundation'[0m
2026-10-07T15:41:50.5415108Z [31;1m[0m
2026-10-07T15:41:50.5417823Z [31;1m  1 | import Foundation[0m
2026-10-07T15:41:50.5420134Z [31;1m[0m
2026-10-07T15:41:50.5423416Z [31;1m  2 | import CoreFoundation[0m
2026-10-07T15:41:50.5426446Z [31;1m[0m
2026-10-07T15:41:50.5429297Z [31;1m    |        `- error: no such module 'CoreFoundation'[0m
2026-10-07T15:41:50.5431822Z [31;1m[0m
2026-10-07T15:41:50.5434486Z [31;1m  3 | [0m
2026-10-07T15:41:50.5437126Z [31;1m[0m
2026-10-07T15:41:50.5440023Z [31;1m  4 | public enum CapabilityABIError: Error, Equatable {[0m
2026-10-07T15:41:50.5442376Z [31;1m[0m
2026-10-07T15:41:50.5445377Z [31;1m[1065/1089] Compiling RightClickCore BonjourGraphQLSource.swift[0m
2026-10-07T15:41:50.5448404Z [31;1mD:\a\rightclick\rightclick\Sources\RightClickCore\CapabilityABI.swift:2:8: error: no such module 'CoreFoundation'[0m
2026-10-07T15:41:50.5450370Z [31;1m[0m
2026-10-07T15:41:50.5452961Z [31;1m  1 | import Foundation[0m
2026-10-07T15:41:50.5455308Z [31;1m[0m
2026-10-07T15:41:50.5458433Z [31;1m  2 | import CoreFoundation[0m
2026-10-07T15:41:50.5460739Z [31;1m[0m
2026-10-07T15:41:50.5463668Z [31;1m    |        `- error: no such module 'CoreFoundation'[0m
2026-10-07T15:41:50.5466325Z [31;1m[0m
2026-10-07T15:41:50.5468992Z [31;1m  3 | [0m
2026-10-07T15:41:50.5471534Z [31;1m[0m
2026-10-07T15:41:50.5474443Z [31;1m  4 | public enum CapabilityABIError: Error, Equatable {[0m
2026-10-07T15:41:50.5476958Z [31;1m[0m
2026-10-07T15:41:50.5479860Z [31;1m[1066/1089] Compiling RightClickCore BonjourOpenAPISource.swift[0m
2026-10-07T15:41:50.5482901Z [31;1mD:\a\rightclick\rightclick\Sources\RightClickCore\CapabilityABI.swift:2:8: error: no such module 'CoreFoundation'[0m
2026-10-07T15:41:50.5484891Z [31;1m[0m
2026-10-07T15:41:50.5487781Z [31;1m  1 | import Foundation[0m
2026-10-07T15:41:50.5490378Z [31;1m[0m
2026-10-07T15:41:50.5492981Z [31;1m  2 | import CoreFoundation[0m
2026-10-07T15:41:50.5495619Z [31;1m[0m
2026-10-07T15:41:50.5498366Z [31;1m    |        `- error: no such module 'CoreFoundation'[0m
2026-10-07T15:41:50.5500830Z [31;1m[0m
2026-10-07T15:41:50.5503482Z [31;1m  3 | [0m
2026-10-07T15:41:50.5506060Z [31;1m[0m
2026-10-07T15:41:50.5508881Z [31;1m  4 | public enum CapabilityABIError: Error, Equatable {[0m
2026-10-07T15:41:50.5511336Z [31;1m[0m
2026-10-07T15:41:50.5514324Z [31;1m[1067/1089] Compiling RightClickCore BoundedCapabilityProcess.swift[0m
2026-10-07T15:41:50.5517331Z [31;1mD:\a\rightclick\rightclick\Sources\RightClickCore\CapabilityABI.swift:2:8: error: no such module 'CoreFoundation'[0m
2026-10-07T15:41:50.5519238Z [31;1m[0m
2026-10-07T15:41:50.5522090Z [31;1m  1 | import Foundation[0m
2026-10-07T15:41:50.5524727Z [31;1m[0m
2026-10-07T15:41:50.5527554Z [31;1m  2 | import CoreFoundation[0m
2026-10-07T15:41:50.5530121Z [31;1m[0m
2026-10-07T15:41:50.5532953Z [31;1m    |        `- error: no such module 'CoreFoundation'[0m
2026-10-07T15:41:50.5535229Z [31;1m[0m
2026-10-07T15:41:50.5538151Z [31;1m  3 | [0m
2026-10-07T15:41:50.5540890Z [31;1m[0m
2026-10-07T15:41:50.5543735Z [31;1m  4 | public enum CapabilityABIError: Error, Equatable {[0m
2026-10-07T15:41:50.5546139Z [31;1m[0m
2026-10-07T15:41:50.5548961Z [31;1m[1068/1089] Compiling RightClickCore BundleScan.swift[0m
2026-10-07T15:41:50.5552088Z [31;1mD:\a\rightclick\rightclick\Sources\RightClickCore\CapabilityABI.swift:2:8: error: no such module 'CoreFoundation'[0m
2026-10-07T15:41:50.5553979Z [31;1m[0m
2026-10-07T15:41:50.5556812Z [31;1m  1 | import Foundation[0m
2026-10-07T15:41:50.5559357Z [31;1m[0m
2026-10-07T15:41:50.5562072Z [31;1m  2 | import CoreFoundation[0m
2026-10-07T15:41:50.5565321Z [31;1m[0m
2026-10-07T15:41:50.5567660Z [31;1m    |        `- error: no such module 'CoreFoundation'[0m
2026-10-07T15:41:50.5570163Z [31;1m[0m
2026-10-07T15:41:50.5572821Z [31;1m  3 | [0m
2026-10-07T15:41:50.5575417Z [31;1m[0m
2026-10-07T15:41:50.5578215Z [31;1m  4 | public enum CapabilityABIError: Error, Equatable {[0m
2026-10-07T15:41:50.5580677Z [31;1m[0m
2026-10-07T15:41:50.5583478Z [31;1m[1069/1089] Compiling RightClickCore Capability.swift[0m
2026-10-07T15:41:50.5586609Z [31;1mD:\a\rightclick\rightclick\Sources\RightClickCore\CapabilityABI.swift:2:8: error: no such module 'CoreFoundation'[0m
2026-10-07T15:41:50.5588277Z [31;1m[0m
2026-10-07T15:41:50.5591227Z [31;1m  1 | import Foundation[0m
2026-10-07T15:41:50.5601133Z [31;1m[0m
2026-10-07T15:41:50.5604318Z [31;1m  2 | import CoreFoundation[0m
2026-10-07T15:41:50.5607387Z [31;1m[0m
2026-10-07T15:41:50.5610380Z [31;1m    |        `- error: no such module 'CoreFoundation'[0m
2026-10-07T15:41:50.5613054Z [31;1m[0m
2026-10-07T15:41:50.5616435Z [31;1m  3 | [0m
2026-10-07T15:41:50.5619141Z [31;1m[0m
2026-10-07T15:41:50.5622050Z [31;1m  4 | public enum CapabilityABIError: Error, Equatable {[0m
2026-10-07T15:41:50.5624478Z [31;1m[0m
2026-10-07T15:41:50.5627354Z [31;1m[1070/1089] Compiling RightClickCore CapabilityABI.swift[0m
2026-10-07T15:41:50.5630499Z [31;1mD:\a\rightclick\rightclick\Sources\RightClickCore\CapabilityABI.swift:2:8: error: no such module 'CoreFoundation'[0m
2026-10-07T15:41:50.5632443Z [31;1m[0m
2026-10-07T15:41:50.5635261Z [31;1m  1 | import Foundation[0m
2026-10-07T15:41:50.5637851Z [31;1m[0m
2026-10-07T15:41:50.5640560Z [31;1m  2 | import CoreFoundation[0m
2026-10-07T15:41:50.5643137Z [31;1m[0m
2026-10-07T15:41:50.5645932Z [31;1m    |        `- error: no such module 'CoreFoundation'[0m
2026-10-07T15:41:50.5648522Z [31;1m[0m
2026-10-07T15:41:50.5651155Z [31;1m  3 | [0m
2026-10-07T15:41:50.5654299Z [31;1m[0m
2026-10-07T15:41:50.5656723Z [31;1m  4 | public enum CapabilityABIError: Error, Equatable {[0m
2026-10-07T15:41:50.5659176Z [31;1m[0m
2026-10-07T15:41:50.5662050Z [31;1m[1071/1089] Compiling RightClickCore CapabilityABIAdapter.swift[0m
2026-10-07T15:41:50.5665135Z [31;1mD:\a\rightclick\rightclick\Sources\RightClickCore\CapabilityABI.swift:2:8: error: no such module 'CoreFoundation'[0m
2026-10-07T15:41:50.5667130Z [31;1m[0m
2026-10-07T15:41:50.5669898Z [31;1m  1 | import Foundation[0m
2026-10-07T15:41:50.5672395Z [31;1m[0m
2026-10-07T15:41:50.5675142Z [31;1m  2 | import CoreFoundation[0m
2026-10-07T15:41:50.5677721Z [31;1m[0m
2026-10-07T15:41:50.5680396Z [31;1m    |        `- error: no such module 'CoreFoundation'[0m
2026-10-07T15:41:50.5682979Z [31;1m[0m
2026-10-07T15:41:50.5685601Z [31;1m  3 | [0m
2026-10-07T15:41:50.5688201Z [31;1m[0m
2026-10-07T15:41:50.5691298Z [31;1m  4 | public enum CapabilityABIError: Error, Equatable {[0m
2026-10-07T15:41:50.5693720Z [31;1m[0m
2026-10-07T15:41:50.5696588Z [31;1m[1072/1089] Compiling RightClickCore CapabilityArtifactResolver.swift[0m
2026-10-07T15:41:50.5699541Z [31;1mD:\a\rightclick\rightclick\Sources\RightClickCore\CapabilityABI.swift:2:8: error: no such module 'CoreFoundation'[0m
2026-10-07T15:41:50.5701390Z [31;1m[0m
2026-10-07T15:41:50.5704108Z [31;1m  1 | import Foundation[0m
2026-10-07T15:41:50.5706734Z [31;1m[0m
2026-10-07T15:41:50.5709414Z [31;1m  2 | import CoreFoundation[0m
2026-10-07T15:41:50.5711876Z [31;1m[0m
2026-10-07T15:41:50.5714709Z [31;1m    |        `- error: no such module 'CoreFoundation'[0m
2026-10-07T15:41:50.5717095Z [31;1m[0m
2026-10-07T15:41:50.5719695Z [31;1m  3 | [0m
2026-10-07T15:41:50.5722280Z [31;1m[0m
2026-10-07T15:41:50.5725160Z [31;1m  4 | public enum CapabilityABIError: Error, Equatable {[0m
2026-10-07T15:41:50.5727592Z [31;1m[0m
2026-10-07T15:41:50.5730989Z [31;1m[1073/1089] Compiling RightClickCore CapabilityArtifactSnapshot.swift[0m
2026-10-07T15:41:50.5734964Z [31;1mD:\a\rightclick\rightclick\Sources\RightClickCore\CapabilityABI.swift:2:8: error: no such module 'CoreFoundation'[0m
2026-10-07T15:41:50.5736176Z [31;1m[0m
2026-10-07T15:41:50.5738836Z [31;1m  1 | import Foundation[0m
2026-10-07T15:41:50.5741337Z [31;1m[0m
2026-10-07T15:41:50.5743991Z [31;1m  2 | import CoreFoundation[0m
2026-10-07T15:41:50.5746644Z [31;1m[0m
2026-10-07T15:41:50.5749421Z [31;1m    |        `- error: no such module 'CoreFoundation'[0m
2026-10-07T15:41:50.5751939Z [31;1m[0m
2026-10-07T15:41:50.5754556Z [31;1m  3 | [0m
2026-10-07T15:41:50.5757179Z [31;1m[0m
2026-10-07T15:41:50.5759815Z [31;1m  4 | public enum CapabilityABIError: Error, Equatable {[0m
2026-10-07T15:41:50.5762526Z [31;1m[0m
2026-10-07T15:41:50.5765587Z [31;1m[1074/1089] Compiling RightClickCore CapabilityEngine.swift[0m
2026-10-07T15:41:50.5768587Z [31;1mD:\a\rightclick\rightclick\Sources\RightClickCore\CapabilityABI.swift:2:8: error: no such module 'CoreFoundation'[0m
2026-10-07T15:41:50.5770385Z [31;1m[0m
2026-10-07T15:41:50.5773822Z [31;1m  1 | import Foundation[0m
2026-10-07T15:41:50.5776325Z [31;1m[0m
2026-10-07T15:41:50.5778808Z [31;1m  2 | import CoreFoundation[0m
2026-10-07T15:41:50.5781242Z [31;1m[0m
2026-10-07T15:41:50.5783865Z [31;1m    |        `- error: no such module 'CoreFoundation'[0m
2026-10-07T15:41:50.5786165Z [31;1m[0m
2026-10-07T15:41:50.5788654Z [31;1m  3 | [0m
2026-10-07T15:41:50.5791119Z [31;1m[0m
2026-10-07T15:41:50.5793819Z [31;1m  4 | public enum CapabilityABIError: Error, Equatable {[0m
2026-10-07T15:41:50.5795991Z [31;1m[0m
2026-10-07T15:41:50.5798259Z [31;1merror: fatalError[0m
2026-10-07T15:41:50.6048347Z ##[error]Process completed with exit code 1.
2026-10-07T15:41:50.6232144Z ##[group]Run actions/upload-artifact@ea165f8d65b6e75b540449e92b4886f43607fa02
2026-10-07T15:41:50.6232609Z with:
2026-10-07T15:41:50.6232931Z   name: native-windows-evidence-1b5a566b0d32c828bdc36305422281233ce89fee
2026-10-07T15:41:50.6233560Z   path: portable-source.txt
portable-toolchain.txt
windows-*.log
windows-binary-sha256.txt

2026-10-07T15:41:50.6234024Z   if-no-files-found: warn
2026-10-07T15:41:50.6234247Z   compression-level: 6
2026-10-07T15:41:50.6234630Z   overwrite: false
2026-10-07T15:41:50.6234827Z   include-hidden-files: false
2026-10-07T15:41:50.6235044Z env:
2026-10-07T15:41:50.6235228Z   RESOLVED_SWIFT_VERSION: swift-6.2-release
2026-10-07T15:41:50.6235508Z   RESOLVED_SWIFT_BUILD: 6.2-RELEASE
2026-10-07T15:41:50.6235735Z   Path: 
2026-10-07T15:41:50.6236046Z   ACTIONS_ORCHESTRATION_ID: b055bc7f-33c2-82ae-b42f-a9e8f46d46e1.windows.__default
2026-10-07T15:41:50.6236510Z   ACTIONS_RUNNER_ACTION_ARCHIVE_CACHE: C:\actionarchivecache\
2026-10-07T15:41:50.6236884Z   ACTIONS_RUNNER_RETURN_JOB_RESULT_FOR_HOSTED: 1
2026-10-07T15:41:50.6237202Z   AGENT_TOOLSDIRECTORY: C:\hostedtoolcache\windows
2026-10-07T15:41:50.6237511Z   ALLUSERSPROFILE: C:\ProgramData
2026-10-07T15:41:50.6237760Z   ANDROID_HOME: C:\Android\android-sdk
2026-10-07T15:41:50.6238050Z   ANDROID_NDK: C:\Android\android-sdk\ndk\27.3.13750724
2026-10-07T15:41:50.6238386Z   ANDROID_NDK_HOME: C:\Android\android-sdk\ndk\27.3.13750724
2026-10-07T15:41:50.6238765Z   ANDROID_NDK_LATEST_HOME: C:\Android\android-sdk\ndk\30.0.16248370
2026-10-07T15:41:50.6239143Z   ANDROID_NDK_ROOT: C:\Android\android-sdk\ndk\27.3.13750724
2026-10-07T15:41:50.6239453Z   ANDROID_SDK_ROOT: C:\Android\android-sdk
2026-10-07T15:41:50.6239794Z   ANT_HOME: C:\ProgramData\chocolatey\lib\ant\tools\apache-ant-1.10.18
2026-10-07T15:41:50.6240162Z   APPDATA: C:\Users\runneradmin\AppData\Roaming
2026-10-07T15:41:50.6240459Z   AZ_DEVOPS_GLOBAL_CONFIG_DIR: C:\azureDevOpsCli
2026-10-07T15:41:50.6240732Z   AZURE_CONFIG_DIR: C:\azureCli
2026-10-07T15:41:50.6240981Z   AZURE_DEVOPS_CACHE_DIR: C:\azureDevOpsCli\cache
2026-10-07T15:41:50.6241389Z   AZURE_EXTENSION_DIR: C:\Program Files\Common Files\AzureCliExtensionDirectory
2026-10-07T15:41:50.6241761Z   CABAL_DIR: C:\cabal
2026-10-07T15:41:50.6241986Z   ChocolateyInstall: C:\ProgramData\chocolatey
2026-10-07T15:41:50.6242316Z   ChromeWebDriver: C:\SeleniumWebDrivers\ChromeDriver
2026-10-07T15:41:50.6242596Z   CI: true
2026-10-07T15:41:50.6242779Z   COBERTURA_HOME: C:\cobertura-2.1.1
2026-10-07T15:41:50.6243062Z   CommonProgramFiles: C:\Program Files\Common Files
2026-10-07T15:41:50.6243421Z   CommonProgramFiles(x86): C:\Program Files (x86)\Common Files
2026-10-07T15:41:50.6243771Z   CommonProgramW6432: C:\Program Files\Common Files
2026-10-07T15:41:50.6244067Z   COMPUTERNAME: runnervmtn0fv
2026-10-07T15:41:50.6244299Z   ComSpec: C:\Windows\system32\cmd.exe
2026-10-07T15:41:50.6244537Z   CONDA: C:\Miniconda
2026-10-07T15:41:50.6244736Z   DOTNET_MULTILEVEL_LOOKUP: 0
2026-10-07T15:41:50.6244951Z   DOTNET_NOLOGO: 1
2026-10-07T15:41:50.6245145Z   DOTNET_SKIP_FIRST_TIME_EXPERIENCE: 1
2026-10-07T15:41:50.6245421Z   DriverData: C:\Windows\System32\Drivers\DriverData
2026-10-07T15:41:50.6245735Z   EdgeWebDriver: C:\SeleniumWebDrivers\EdgeDriver
2026-10-07T15:41:50.6246012Z   ENABLE_RUNNER_TRACING: true
2026-10-07T15:41:50.6246223Z   GCM_INTERACTIVE: Never
2026-10-07T15:41:50.6246503Z   GeckoWebDriver: C:\SeleniumWebDrivers\GeckoDriver
2026-10-07T15:41:50.6246798Z   GHCUP_INSTALL_BASE_PREFIX: C:\
2026-10-07T15:41:50.6247022Z   GHCUP_MSYS2: C:\msys64
2026-10-07T15:41:50.6247248Z   GITHUB_ACTION: __compnerd_gha-setup-swift
2026-10-07T15:41:50.6247717Z   GITHUB_ACTION_PATH: D:\a\_actions\compnerd\gha-setup-swift\bbae8ce86bac5a3449f3992b3d88bc4ca25f2057
2026-10-07T15:41:50.6248178Z   GITHUB_ACTION_REF: 
2026-10-07T15:41:50.6248377Z   GITHUB_ACTION_REPOSITORY: 
2026-10-07T15:41:50.6248590Z   GITHUB_ACTIONS: true
2026-10-07T15:41:50.6250186Z   GITHUB_ACTOR: rossbuckley1990-hash
2026-10-07T15:41:50.6250496Z   GITHUB_ACTOR_ID: 255341254
2026-10-07T15:41:50.6250751Z   GITHUB_API_URL: https://api.github.com
2026-10-07T15:41:50.6251190Z   GITHUB_ARTIFACTS: D:\a\_temp\_runner_file_commands\artifacts_7701f655-5584-4707-ab4c-2cdc192ba5fc
2026-10-07T15:41:50.6251843Z   GITHUB_ARTIFACTS_LIST: D:\a\_temp\_runner_file_commands\artifacts_list_7701f655-5584-4707-ab4c-2cdc192ba5fc
2026-10-07T15:41:50.6252315Z   GITHUB_BASE_REF: main
2026-10-07T15:41:50.6252762Z   GITHUB_ENV: D:\a\_temp\_runner_file_commands\set_env_7701f655-5584-4707-ab4c-2cdc192ba5fc
2026-10-07T15:41:50.6253163Z   GITHUB_EVENT_NAME: pull_request
2026-10-07T15:41:50.6253456Z   GITHUB_EVENT_PATH: D:\a\_temp\_github_workflow\event.json
2026-10-07T15:41:50.6253811Z   GITHUB_GRAPHQL_URL: https://api.github.com/graphql
2026-10-07T15:41:50.6254180Z   GITHUB_HEAD_REF: codex/agency-portable-convergence-20261007
2026-10-07T15:41:50.6254493Z   GITHUB_JOB: windows
2026-10-07T15:41:50.6254851Z   GITHUB_OUTPUT: D:\a\_temp\_runner_file_commands\set_output_7701f655-5584-4707-ab4c-2cdc192ba5fc
2026-10-07T15:41:50.6255408Z   GITHUB_PATH: D:\a\_temp\_runner_file_commands\add_path_7701f655-5584-4707-ab4c-2cdc192ba5fc
2026-10-07T15:41:50.6255811Z   GITHUB_REF: refs/pull/52/merge
2026-10-07T15:41:50.6256036Z   GITHUB_REF_NAME: 52/merge
2026-10-07T15:41:50.6256248Z   GITHUB_REF_PROTECTED: false
2026-10-07T15:41:50.6256467Z   GITHUB_REF_TYPE: branch
2026-10-07T15:41:50.6256710Z   GITHUB_REPOSITORY: rossbuckley1990-hash/rightclick
2026-10-07T15:41:50.6257006Z   GITHUB_REPOSITORY_ID: 1405448709
2026-10-07T15:41:50.6257268Z   GITHUB_REPOSITORY_OWNER: rossbuckley1990-hash
2026-10-07T15:41:50.6257556Z   GITHUB_REPOSITORY_OWNER_ID: 255341254
2026-10-07T15:41:50.6257799Z   GITHUB_RETENTION_DAYS: 90
2026-10-07T15:41:50.6258006Z   GITHUB_RUN_ATTEMPT: 1
2026-10-07T15:41:50.6258205Z   GITHUB_RUN_ID: 37644529029
2026-10-07T15:41:50.6258411Z   GITHUB_RUN_NUMBER: 21
2026-10-07T15:41:50.6258622Z   GITHUB_SERVER_URL: https://github.com
2026-10-07T15:41:50.6258910Z   GITHUB_SHA: 1b5a566b0d32c828bdc36305422281233ce89fee
2026-10-07T15:41:50.6259348Z   GITHUB_STATE: D:\a\_temp\_runner_file_commands\save_state_7701f655-5584-4707-ab4c-2cdc192ba5fc
2026-10-07T15:41:50.6259942Z   GITHUB_STEP_SUMMARY: D:\a\_temp\_runner_file_commands\step_summary_7701f655-5584-4707-ab4c-2cdc192ba5fc
2026-10-07T15:41:50.6260415Z   GITHUB_TRIGGERING_ACTOR: rossbuckley1990-hash
2026-10-07T15:41:50.6260698Z   GITHUB_WORKFLOW: Portable runtime
2026-10-07T15:41:50.6261198Z   GITHUB_WORKFLOW_REF: rossbuckley1990-hash/rightclick/.github/workflows/portable-runtime.yml@refs/pull/52/merge
2026-10-07T15:41:50.6261768Z   GITHUB_WORKFLOW_SHA: 1b5a566b0d32c828bdc36305422281233ce89fee
2026-10-07T15:41:50.6262115Z   GITHUB_WORKSPACE: D:\a\rightclick\rightclick
2026-10-07T15:41:50.6262437Z   GOROOT_1_24_X64: C:\hostedtoolcache\windows\go\1.24.13\x64
2026-10-07T15:41:50.6262779Z   GOROOT_1_25_X64: C:\hostedtoolcache\windows\go\1.25.14\x64
2026-10-07T15:41:50.6263123Z   GOROOT_1_26_X64: C:\hostedtoolcache\windows\go\1.26.8\x64
2026-10-07T15:41:50.6263506Z   GRADLE_HOME: C:\ProgramData\chocolatey\lib\gradle\tools\gradle-9.8.0
2026-10-07T15:41:50.6263834Z   HOMEDRIVE: C:
2026-10-07T15:41:50.6264017Z   HOMEPATH: \Users\runneradmin
2026-10-07T15:41:50.6264266Z   IEWebDriver: C:\SeleniumWebDrivers\IEDriver
2026-10-07T15:41:50.6264533Z   ImageOS: win22
2026-10-07T15:41:50.6264715Z   ImageVersion: 20261004.326.1
2026-10-07T15:41:50.6265044Z   JAVA_HOME: C:\hostedtoolcache\windows\Java_Temurin-Hotspot_jdk\8.0.504-1\x64
2026-10-07T15:41:50.6265541Z   JAVA_HOME_11_X64: C:\hostedtoolcache\windows\Java_Temurin-Hotspot_jdk\11.0.32-101\x64
2026-10-07T15:41:50.6266055Z   JAVA_HOME_17_X64: C:\hostedtoolcache\windows\Java_Temurin-Hotspot_jdk\17.0.20-101\x64
2026-10-07T15:41:50.6266571Z   JAVA_HOME_21_X64: C:\hostedtoolcache\windows\Java_Temurin-Hotspot_jdk\21.0.12-101.0\x64
2026-10-07T15:41:50.6267101Z   JAVA_HOME_25_X64: C:\hostedtoolcache\windows\Java_Temurin-Hotspot_jdk\25.0.4-101.0\x64
2026-10-07T15:41:50.6268142Z   JAVA_HOME_8_X64: C:\hostedtoolcache\windows\Java_Temurin-Hotspot_jdk\8.0.504-1\x64
2026-10-07T15:41:50.6268622Z   LOCALAPPDATA: C:\Users\runneradmin\AppData\Local
2026-10-07T15:41:50.6268916Z   LOGONSERVER: \\runnervmtn0fv
2026-10-07T15:41:50.6269217Z   M2: C:\ProgramData\chocolatey\lib\maven\apache-maven-3.9.16\bin
2026-10-07T15:41:50.6269548Z   M2_REPO: C:\ProgramData\m2
2026-10-07T15:41:50.6269778Z   MAVEN_OPTS: -Xms256m
2026-10-07T15:41:50.6270072Z   npm_config_prefix: C:\npm\prefix
2026-10-07T15:41:50.6270309Z   NUMBER_OF_PROCESSORS: 4
2026-10-07T15:41:50.6270503Z   OS: Windows_NT
2026-10-07T15:41:50.6270752Z   PATHEXT: .COM;.EXE;.BAT;.CMD;.VBS;.VBE;.JS;.JSE;.WSF;.WSH;.MSC
2026-10-07T15:41:50.6271088Z   PGBIN: C:\Program Files\PostgreSQL\14\bin
2026-10-07T15:41:50.6271409Z   PGDATA: C:\PostgreSQL\14\data
2026-10-07T15:41:50.6271624Z   PGPASSWORD: root
2026-10-07T15:41:50.6271822Z   PGROOT: C:\Program Files\PostgreSQL\14
2026-10-07T15:41:50.6272069Z   PGUSER: postgres
2026-10-07T15:41:50.6272253Z   PHPROOT: c:\tools\php
2026-10-07T15:41:50.6272482Z   PIPX_BIN_DIR: C:\Program Files (x86)\pipx_bin
2026-10-07T15:41:50.6272764Z   PIPX_HOME: C:\Program Files (x86)\pipx
2026-10-07T15:41:50.6273059Z   POWERSHELL_DISTRIBUTION_CHANNEL: GitHub-Actions-win22
2026-10-07T15:41:50.6273365Z   POWERSHELL_UPDATECHECK: Off
2026-10-07T15:41:50.6273588Z   PROCESSOR_ARCHITECTURE: AMD64
2026-10-07T15:41:50.6273910Z   PROCESSOR_IDENTIFIER: AMD64 Family 25 Model 1 Stepping 1, AuthenticAMD
2026-10-07T15:41:50.6274262Z   PROCESSOR_LEVEL: 25
2026-10-07T15:41:50.6274457Z   PROCESSOR_REVISION: 0101
2026-10-07T15:41:50.6274666Z   ProgramData: C:\ProgramData
2026-10-07T15:41:50.6274887Z   ProgramFiles: C:\Program Files
2026-10-07T15:41:50.6275125Z   ProgramFiles(x86): C:\Program Files (x86)
2026-10-07T15:41:50.6275380Z   ProgramW6432: C:\Program Files
2026-10-07T15:41:50.6275742Z   PSModuleAnalysisCachePath: C:\PSModuleAnalysisCachePath\ModuleAnalysisCache
2026-10-07T15:41:50.6276853Z   PSModulePath: C:\\Modules\az_15.6.1;C:\Users\packer\Documents\WindowsPowerShell\Modules;C:\Program Files\WindowsPowerShell\Modules;C:\Windows\system32\WindowsPowerShell\v1.0\Modules;C:\Program Files\Microsoft SQL Server\130\Tools\PowerShell\Modules\
2026-10-07T15:41:50.6277809Z   PUBLIC: C:\Users\Public
2026-10-07T15:41:50.6278014Z   RTOOLS45_HOME: C:\rtools45
2026-10-07T15:41:50.6278217Z   RUNNER_ARCH: X64
2026-10-07T15:41:50.6278410Z   RUNNER_ENVIRONMENT: github-hosted
2026-10-07T15:41:50.6278661Z   RUNNER_NAME: GitHub Actions 1000002232
2026-10-07T15:41:50.6278901Z   RUNNER_OS: Windows
2026-10-07T15:41:50.6279090Z   RUNNER_TEMP: D:\a\_temp
2026-10-07T15:41:50.6279330Z   RUNNER_TOOL_CACHE: C:\hostedtoolcache\windows
2026-10-07T15:41:50.6279678Z   RUNNER_TRACKING_ID: github_a5c45516-c86e-46c2-afca-96eb99aef086
2026-10-07T15:41:50.6280009Z   RUNNER_WORKSPACE: D:\a\rightclick
2026-10-07T15:41:50.6280253Z   SBT_HOME: C:\Program Files (x86)\sbt\
2026-10-07T15:41:50.6280771Z   SDKROOT: C:\Users\runneradmin\AppData\Local\Programs\Swift\Platforms\6.2.0\Windows.platform\Developer\SDKs\Windows.sdk\
2026-10-07T15:41:50.6281338Z   SELENIUM_JAR_PATH: C:\selenium\selenium-server.jar
2026-10-07T15:41:50.6281613Z   SystemDrive: C:
2026-10-07T15:41:50.6281789Z   SystemRoot: C:\Windows
2026-10-07T15:41:50.6282022Z   TEMP: C:\Users\runneradmin\AppData\Local\Temp
2026-10-07T15:41:50.6282313Z   TMP: C:\Users\runneradmin\AppData\Local\Temp
2026-10-07T15:41:50.6282582Z   USERDOMAIN: runnervmtn0fv
2026-10-07T15:41:50.6282810Z   USERDOMAIN_ROAMINGPROFILE: runnervmtn0fv
2026-10-07T15:41:50.6283057Z   USERNAME: SYSTEM
2026-10-07T15:41:50.6283244Z   USERPROFILE: C:\Users\runneradmin
2026-10-07T15:41:50.6283478Z   VCPKG_INSTALLATION_ROOT: C:\vcpkg
2026-10-07T15:41:50.6283702Z   windir: C:\Windows
2026-10-07T15:41:50.6283911Z   WIX: C:\Program Files (x86)\WiX Toolset v3.14\
2026-10-07T15:41:50.6284171Z ##[endgroup]
2026-10-07T15:41:50.8144360Z (node:8816) [DEP0040] DeprecationWarning: The `punycode` module is deprecated. Please use a userland alternative instead.
2026-10-07T15:41:50.8145091Z (Use `node --trace-deprecation ...` to show where the warning was created)
2026-10-07T15:41:50.8236271Z With the provided path, there will be 3 files uploaded
2026-10-07T15:41:50.8241679Z Artifact name is valid!
2026-10-07T15:41:50.8243733Z Root directory input is valid!
2026-10-07T15:41:51.0259722Z Beginning upload of artifact content to blob storage
2026-10-07T15:41:51.0526617Z (node:8816) [DEP0169] DeprecationWarning: `url.parse()` behavior is not standardized and prone to errors that have security implications. Use the WHATWG URL API instead. CVEs are not issued for `url.parse()` vulnerabilities.
2026-10-07T15:41:51.0776407Z Uploaded bytes 11205
2026-10-07T15:41:51.0909423Z Finished uploading artifact content to blob storage!
2026-10-07T15:41:51.0911114Z SHA256 digest of uploaded artifact zip is bae998a6d3aa8cd9902fc3071328c4111650d564a19e3d21515b2da0c46d2a7a
2026-10-07T15:41:51.0913500Z Finalizing artifact upload
2026-10-07T15:41:51.3123692Z Artifact native-windows-evidence-1b5a566b0d32c828bdc36305422281233ce89fee.zip successfully finalized. Artifact ID 11493223724
2026-10-07T15:41:51.3125103Z Artifact native-windows-evidence-1b5a566b0d32c828bdc36305422281233ce89fee has been successfully uploaded! Final size is 11205 bytes. Artifact ID is 11493223724
2026-10-07T15:41:51.3133457Z Artifact download URL: https://github.com/rossbuckley1990-hash/rightclick/actions/runs/37644529029/artifacts/11493223724
2026-10-07T15:41:51.3420365Z Post job cleanup.
2026-10-07T15:41:51.5287141Z [command]"C:\Program Files\Git\bin\git.exe" version
2026-10-07T15:41:51.5545816Z git version 2.56.0.windows.1
2026-10-07T15:41:51.5605688Z Temporarily overriding HOME='D:\a\_temp\ac8715ce-b37e-42a3-a5ab-98c6888246fe' before making global git config changes
2026-10-07T15:41:51.5607268Z Adding repository directory to the temporary git global config as a safe directory
2026-10-07T15:41:51.5616558Z [command]"C:\Program Files\Git\bin\git.exe" config --global --add safe.directory D:\a\rightclick\rightclick
2026-10-07T15:41:51.5895590Z Removing SSH command configuration
2026-10-07T15:41:51.5905943Z [command]"C:\Program Files\Git\bin\git.exe" config --local --name-only --get-regexp core\.sshCommand
2026-10-07T15:41:51.6192007Z [command]"C:\Program Files\Git\bin\git.exe" submodule foreach --recursive "sh -c \"git config --local --name-only --get-regexp 'core\.sshCommand' && git config --local --unset-all 'core.sshCommand' || :\""
2026-10-07T15:41:52.1074511Z Removing HTTP extra header
2026-10-07T15:41:52.1084322Z [command]"C:\Program Files\Git\bin\git.exe" config --local --name-only --get-regexp http\.https\:\/\/github\.com\/\.extraheader
2026-10-07T15:41:52.1364384Z [command]"C:\Program Files\Git\bin\git.exe" submodule foreach --recursive "sh -c \"git config --local --name-only --get-regexp 'http\.https\:\/\/github\.com\/\.extraheader' && git config --local --unset-all 'http.https://github.com/.extraheader' || :\""
2026-10-07T15:41:52.5607729Z Removing includeIf entries pointing to credentials config files
2026-10-07T15:41:52.5619368Z [command]"C:\Program Files\Git\bin\git.exe" config --local --name-only --get-regexp ^includeIf\.gitdir:
2026-10-07T15:41:52.5869176Z includeif.gitdir:D:/a/rightclick/rightclick/.git.path
2026-10-07T15:41:52.5870620Z includeif.gitdir:D:/a/rightclick/rightclick/.git/worktrees/*.path
2026-10-07T15:41:52.5871343Z includeif.gitdir:/github/workspace/.git.path
2026-10-07T15:41:52.5872007Z includeif.gitdir:/github/workspace/.git/worktrees/*.path
2026-10-07T15:41:52.5898892Z [command]"C:\Program Files\Git\bin\git.exe" config --local --get-all includeif.gitdir:D:/a/rightclick/rightclick/.git.path
2026-10-07T15:41:52.6146050Z D:\a\_temp\git-credentials-14f89871-8ebb-404d-abcb-0d6250eca026.config
2026-10-07T15:41:52.6177600Z [command]"C:\Program Files\Git\bin\git.exe" config --local --unset includeif.gitdir:D:/a/rightclick/rightclick/.git.path D:\a\_temp\git-credentials-14f89871-8ebb-404d-abcb-0d6250eca026.config
2026-10-07T15:41:52.6459555Z [command]"C:\Program Files\Git\bin\git.exe" config --local --get-all includeif.gitdir:D:/a/rightclick/rightclick/.git/worktrees/*.path
2026-10-07T15:41:52.6706983Z D:\a\_temp\git-credentials-14f89871-8ebb-404d-abcb-0d6250eca026.config
2026-10-07T15:41:52.6735983Z [command]"C:\Program Files\Git\bin\git.exe" config --local --unset includeif.gitdir:D:/a/rightclick/rightclick/.git/worktrees/*.path D:\a\_temp\git-credentials-14f89871-8ebb-404d-abcb-0d6250eca026.config
2026-10-07T15:41:52.7006368Z [command]"C:\Program Files\Git\bin\git.exe" config --local --get-all includeif.gitdir:/github/workspace/.git.path
2026-10-07T15:41:52.7251164Z /github/runner_temp/git-credentials-14f89871-8ebb-404d-abcb-0d6250eca026.config
2026-10-07T15:41:52.7280000Z [command]"C:\Program Files\Git\bin\git.exe" config --local --unset includeif.gitdir:/github/workspace/.git.path /github/runner_temp/git-credentials-14f89871-8ebb-404d-abcb-0d6250eca026.config
2026-10-07T15:41:52.7556437Z [command]"C:\Program Files\Git\bin\git.exe" config --local --get-all includeif.gitdir:/github/workspace/.git/worktrees/*.path
2026-10-07T15:41:52.7798899Z /github/runner_temp/git-credentials-14f89871-8ebb-404d-abcb-0d6250eca026.config
2026-10-07T15:41:52.7828369Z [command]"C:\Program Files\Git\bin\git.exe" config --local --unset includeif.gitdir:/github/workspace/.git/worktrees/*.path /github/runner_temp/git-credentials-14f89871-8ebb-404d-abcb-0d6250eca026.config
2026-10-07T15:41:52.8105761Z [command]"C:\Program Files\Git\bin\git.exe" submodule foreach --recursive "git config --local --show-origin --name-only --get-regexp remote.origin.url"
2026-10-07T15:41:53.2637704Z Removing credentials config 'D:\a\_temp\git-credentials-14f89871-8ebb-404d-abcb-0d6250eca026.config'
2026-10-07T15:41:53.2826838Z Cleaning up orphan processes
2026-10-07T15:41:53.2855201Z ##[warning]Node.js 20 is deprecated. The following actions target Node.js 20 but are being forced to run on Node.js 24: actions/upload-artifact@ea165f8d65b6e75b540449e92b4886f43607fa02. For more information see: https://github.blog/changelog/2025-09-19-deprecation-of-node-20-on-github-actions-runners/
