2026-10-07T15:57:13.9347513Z Current runner version: '2.337.0'
2026-10-07T15:57:13.9372476Z ##[group]Runner Image Provisioner
2026-10-07T15:57:13.9373233Z Hosted Compute Agent
2026-10-07T15:57:13.9373797Z Version: 20260901.588
2026-10-07T15:57:13.9374429Z Commit: f88ec8081b781fac6c440065ac7ff9e710ce3d0b
2026-10-07T15:57:13.9375106Z Build Date: 2026-09-01T19:56:44Z
2026-10-07T15:57:13.9375740Z Worker ID: {26cf2ced-a6ff-40f4-885e-b6f974360310}
2026-10-07T15:57:13.9376419Z Azure Region: eastus
2026-10-07T15:57:13.9376981Z ##[endgroup]
2026-10-07T15:57:13.9378208Z ##[group]Operating System
2026-10-07T15:57:13.9378816Z Microsoft Windows Server 2022
2026-10-07T15:57:13.9379374Z 10.0.20348
2026-10-07T15:57:13.9379851Z Datacenter
2026-10-07T15:57:13.9380354Z ##[endgroup]
2026-10-07T15:57:13.9380853Z ##[group]Runner Image
2026-10-07T15:57:13.9381363Z Image: windows-2022
2026-10-07T15:57:13.9381903Z Version: 20260927.320.1
2026-10-07T15:57:13.9383597Z Included Software: https://github.com/actions/runner-images/blob/win22/20260927.320/images/windows/Windows2022-Readme.md
2026-10-07T15:57:13.9385110Z Image Release: https://github.com/actions/runner-images/releases/tag/win22%2F20260927.320
2026-10-07T15:57:13.9385987Z ##[endgroup]
2026-10-07T15:57:13.9387031Z ##[group]GITHUB_TOKEN Permissions
2026-10-07T15:57:13.9388878Z Contents: read
2026-10-07T15:57:13.9389424Z Metadata: read
2026-10-07T15:57:13.9389957Z ##[endgroup]
2026-10-07T15:57:13.9391886Z Secret source: Actions
2026-10-07T15:57:13.9392732Z Cache mode: write
2026-10-07T15:57:13.9393446Z Prepare workflow directory
2026-10-07T15:57:13.9764115Z Prepare all required actions
2026-10-07T15:57:13.9816319Z Getting action download info
2026-10-07T15:57:14.1874061Z Download action repository 'actions/checkout@de0fac2e4500dabe0009e67214ff5f5447ce83dd' (SHA:de0fac2e4500dabe0009e67214ff5f5447ce83dd)
2026-10-07T15:57:14.3110083Z Download action repository 'compnerd/gha-setup-swift@bbae8ce86bac5a3449f3992b3d88bc4ca25f2057' (SHA:bbae8ce86bac5a3449f3992b3d88bc4ca25f2057)
2026-10-07T15:57:14.4122781Z Download action repository 'actions/upload-artifact@ea165f8d65b6e75b540449e92b4886f43607fa02' (SHA:ea165f8d65b6e75b540449e92b4886f43607fa02)
2026-10-07T15:57:14.7548316Z Getting action download info
2026-10-07T15:57:14.8769395Z Download action repository 'actions/cache@v6' (SHA:55cc8345863c7cc4c66a329aec7e433d2d1c52a9)
2026-10-07T15:57:15.1032524Z Download action repository 'actions/upload-artifact@v4' (SHA:ea165f8d65b6e75b540449e92b4886f43607fa02)
2026-10-07T15:57:15.2502093Z Download action repository 'compnerd/gha-setup-vsdevenv@f1ba60d553a3216ce1b89abe0201213536bc7557' (SHA:f1ba60d553a3216ce1b89abe0201213536bc7557)
2026-10-07T15:57:15.4657046Z Complete job name: windows
2026-10-07T15:57:15.6612680Z ##[group]Run actions/checkout@de0fac2e4500dabe0009e67214ff5f5447ce83dd
2026-10-07T15:57:15.6614485Z with:
2026-10-07T15:57:15.6615153Z   ref: 1c1940c08733630837d470e574ff77a964d2a79a
2026-10-07T15:57:15.6616066Z   repository: rossbuckley1990-hash/rightclick
2026-10-07T15:57:15.6623608Z   token: ***
2026-10-07T15:57:15.6624120Z   ssh-strict: true
2026-10-07T15:57:15.6624638Z   ssh-user: git
2026-10-07T15:57:15.6625184Z   persist-credentials: true
2026-10-07T15:57:15.6625796Z   clean: true
2026-10-07T15:57:15.6626335Z   sparse-checkout-cone-mode: true
2026-10-07T15:57:15.6626997Z   fetch-depth: 1
2026-10-07T15:57:15.6627510Z   fetch-tags: false
2026-10-07T15:57:15.6628044Z   show-progress: true
2026-10-07T15:57:15.6628581Z   lfs: false
2026-10-07T15:57:15.6629079Z   submodules: false
2026-10-07T15:57:15.6629622Z   set-safe-directory: true
2026-10-07T15:57:15.6630417Z ##[endgroup]
2026-10-07T15:57:15.8023792Z Syncing repository: rossbuckley1990-hash/rightclick
2026-10-07T15:57:15.8025972Z ##[group]Getting Git version info
2026-10-07T15:57:15.8026803Z Working directory is 'D:\a\rightclick\rightclick'
2026-10-07T15:57:15.9235782Z [command]"C:\Program Files\Git\bin\git.exe" version
2026-10-07T15:57:16.4371369Z git version 2.55.0.windows.5
2026-10-07T15:57:16.4412628Z ##[endgroup]
2026-10-07T15:57:16.4430490Z Temporarily overriding HOME='D:\a\_temp\f668ddb8-fd65-4f28-8726-48fb5075bea2' before making global git config changes
2026-10-07T15:57:16.4432565Z Adding repository directory to the temporary git global config as a safe directory
2026-10-07T15:57:16.4440569Z [command]"C:\Program Files\Git\bin\git.exe" config --global --add safe.directory D:\a\rightclick\rightclick
2026-10-07T15:57:16.5050664Z Deleting the contents of 'D:\a\rightclick\rightclick'
2026-10-07T15:57:16.5056276Z ##[group]Initializing the repository
2026-10-07T15:57:16.5064383Z [command]"C:\Program Files\Git\bin\git.exe" init D:\a\rightclick\rightclick
2026-10-07T15:57:16.6200358Z Initialized empty Git repository in D:/a/rightclick/rightclick/.git/
2026-10-07T15:57:16.6237226Z [command]"C:\Program Files\Git\bin\git.exe" remote add origin https://github.com/rossbuckley1990-hash/rightclick
2026-10-07T15:57:16.6821625Z ##[endgroup]
2026-10-07T15:57:16.6825378Z ##[group]Disabling automatic garbage collection
2026-10-07T15:57:16.6831140Z [command]"C:\Program Files\Git\bin\git.exe" config --local gc.auto 0
2026-10-07T15:57:16.7046610Z ##[endgroup]
2026-10-07T15:57:16.7048383Z ##[group]Setting up auth
2026-10-07T15:57:16.7049545Z Removing SSH command configuration
2026-10-07T15:57:16.7058321Z [command]"C:\Program Files\Git\bin\git.exe" config --local --name-only --get-regexp core\.sshCommand
2026-10-07T15:57:16.7272236Z [command]"C:\Program Files\Git\bin\git.exe" submodule foreach --recursive "sh -c \"git config --local --name-only --get-regexp 'core\.sshCommand' && git config --local --unset-all 'core.sshCommand' || :\""
2026-10-07T15:57:18.1701218Z Removing HTTP extra header
2026-10-07T15:57:18.1711482Z [command]"C:\Program Files\Git\bin\git.exe" config --local --name-only --get-regexp http\.https\:\/\/github\.com\/\.extraheader
2026-10-07T15:57:18.1950474Z [command]"C:\Program Files\Git\bin\git.exe" submodule foreach --recursive "sh -c \"git config --local --name-only --get-regexp 'http\.https\:\/\/github\.com\/\.extraheader' && git config --local --unset-all 'http.https://github.com/.extraheader' || :\""
2026-10-07T15:57:18.6174708Z Removing includeIf entries pointing to credentials config files
2026-10-07T15:57:18.6191292Z [command]"C:\Program Files\Git\bin\git.exe" config --local --name-only --get-regexp ^includeIf\.gitdir:
2026-10-07T15:57:18.6419903Z [command]"C:\Program Files\Git\bin\git.exe" submodule foreach --recursive "git config --local --show-origin --name-only --get-regexp remote.origin.url"
2026-10-07T15:57:19.0733825Z [command]"C:\Program Files\Git\bin\git.exe" config --file D:\a\_temp\git-credentials-f1875847-2735-4f9d-8f40-eaabcb340095.config http.https://github.com/.extraheader "AUTHORIZATION: basic ***"
2026-10-07T15:57:19.0964093Z [command]"C:\Program Files\Git\bin\git.exe" config --local includeIf.gitdir:D:/a/rightclick/rightclick/.git.path D:\a\_temp\git-credentials-f1875847-2735-4f9d-8f40-eaabcb340095.config
2026-10-07T15:57:19.1216229Z [command]"C:\Program Files\Git\bin\git.exe" config --local includeIf.gitdir:D:/a/rightclick/rightclick/.git/worktrees/*.path D:\a\_temp\git-credentials-f1875847-2735-4f9d-8f40-eaabcb340095.config
2026-10-07T15:57:19.4202046Z [command]"C:\Program Files\Git\bin\git.exe" config --local includeIf.gitdir:/github/workspace/.git.path /github/runner_temp/git-credentials-f1875847-2735-4f9d-8f40-eaabcb340095.config
2026-10-07T15:57:19.4430274Z [command]"C:\Program Files\Git\bin\git.exe" config --local includeIf.gitdir:/github/workspace/.git/worktrees/*.path /github/runner_temp/git-credentials-f1875847-2735-4f9d-8f40-eaabcb340095.config
2026-10-07T15:57:19.4681290Z ##[endgroup]
2026-10-07T15:57:19.4682205Z ##[group]Fetching the repository
2026-10-07T15:57:19.4693484Z [command]"C:\Program Files\Git\bin\git.exe" -c protocol.version=2 fetch --no-tags --prune --no-recurse-submodules --depth=1 origin 1c1940c08733630837d470e574ff77a964d2a79a
2026-10-07T15:57:20.8163019Z From https://github.com/rossbuckley1990-hash/rightclick
2026-10-07T15:57:20.8163731Z  * branch            1c1940c08733630837d470e574ff77a964d2a79a -> FETCH_HEAD
2026-10-07T15:57:20.8204088Z [command]"C:\Program Files\Git\bin\git.exe" rev-parse --verify --quiet 1c1940c08733630837d470e574ff77a964d2a79a^{object}
2026-10-07T15:57:20.8585684Z 1c1940c08733630837d470e574ff77a964d2a79a
2026-10-07T15:57:20.8618289Z ##[endgroup]
2026-10-07T15:57:20.8618893Z ##[group]Determining the checkout info
2026-10-07T15:57:20.8619781Z ##[endgroup]
2026-10-07T15:57:20.8627629Z [command]"C:\Program Files\Git\bin\git.exe" sparse-checkout disable
2026-10-07T15:57:20.8935584Z [command]"C:\Program Files\Git\bin\git.exe" config --local --unset-all extensions.worktreeConfig
2026-10-07T15:57:20.9151535Z ##[group]Checking out the ref
2026-10-07T15:57:20.9159198Z [command]"C:\Program Files\Git\bin\git.exe" checkout --progress --force 1c1940c08733630837d470e574ff77a964d2a79a
2026-10-07T15:57:21.3635271Z Note: switching to '1c1940c08733630837d470e574ff77a964d2a79a'.
2026-10-07T15:57:21.3635625Z 
2026-10-07T15:57:21.3636033Z You are in 'detached HEAD' state. You can look around, make experimental
2026-10-07T15:57:21.3636979Z changes and commit them, and you can discard any commits you make in this
2026-10-07T15:57:21.3637765Z state without impacting any branches by switching back to a branch.
2026-10-07T15:57:21.3638601Z 
2026-10-07T15:57:21.3639697Z If you want to create a new branch to retain commits you create, you may
2026-10-07T15:57:21.3640664Z do so (now or later) by using -c with the switch command. Example:
2026-10-07T15:57:21.3641022Z 
2026-10-07T15:57:21.3641194Z   git switch -c <new-branch-name>
2026-10-07T15:57:21.3641427Z 
2026-10-07T15:57:21.3641536Z Or undo this operation with:
2026-10-07T15:57:21.3641748Z 
2026-10-07T15:57:21.3641843Z   git switch -
2026-10-07T15:57:21.3641980Z 
2026-10-07T15:57:21.3642246Z Turn off this advice by setting config variable advice.detachedHead to false
2026-10-07T15:57:21.3642647Z 
2026-10-07T15:57:21.3643122Z HEAD is now at 1c1940c Merge remote-tracking branch 'origin/main' into codex/agency-portable-convergence-20261007
2026-10-07T15:57:21.3753130Z ##[endgroup]
2026-10-07T15:57:21.4065365Z [command]"C:\Program Files\Git\bin\git.exe" log -1 --format=%H
2026-10-07T15:57:21.4265814Z 1c1940c08733630837d470e574ff77a964d2a79a
2026-10-07T15:57:21.4879784Z ##[group]Run compnerd/gha-setup-swift@bbae8ce86bac5a3449f3992b3d88bc4ca25f2057
2026-10-07T15:57:21.4880255Z with:
2026-10-07T15:57:21.4880445Z   swift-version: swift-6.2-release
2026-10-07T15:57:21.4880701Z   swift-build: 6.2-RELEASE
2026-10-07T15:57:21.4880905Z   source: swift.org
2026-10-07T15:57:21.4881083Z   build_arch: amd64
2026-10-07T15:57:21.4881268Z   update-sdk-modules: false
2026-10-07T15:57:21.4881481Z   cache: false
2026-10-07T15:57:21.4881647Z ##[endgroup]
2026-10-07T15:57:21.4945392Z ##[start-action display=Handle deprecated parameters and validate inputs;id=__compnerd_gha-setup-swift.__run]
2026-10-07T15:57:21.5087245Z ##[group]Run # Handle backward compatibility for deprecated parameters
2026-10-07T15:57:21.5087855Z [36;1m# Handle backward compatibility for deprecated parameters[0m
2026-10-07T15:57:21.5088233Z [36;1m$SwiftVersion = "swift-6.2-release"[0m
2026-10-07T15:57:21.5088515Z [36;1m$SwiftBuild = "6.2-RELEASE"[0m
2026-10-07T15:57:21.5116489Z [36;1m[0m
2026-10-07T15:57:21.5116878Z [36;1m# Ensure that only the deprecated or the new parameter set is used at one time.[0m
2026-10-07T15:57:21.5117291Z [36;1m$errors = @([0m
2026-10-07T15:57:21.5117976Z [36;1m  if (![String]::IsNullOrEmpty("") -and ![String]::IsNullOrEmpty($SwiftVersion)) { "Cannot specify both 'branch' (deprecated) and 'swift-version'. Please use only 'swift-version'." }[0m
2026-10-07T15:57:21.5119116Z [36;1m  if (![String]::IsNullOrEmpty("") -and ![String]::IsNullOrEmpty($SwiftBuild)) { "Cannot specify both 'tag' (deprecated) and 'swift-build'. Please use only 'swift-build'." }[0m
2026-10-07T15:57:21.5119841Z [36;1m)[0m
2026-10-07T15:57:21.5120132Z [36;1mforeach ($error in $errors) { Write-Host "::error::$error" }[0m
2026-10-07T15:57:21.5120695Z [36;1mif ($errors) { exit 1 }[0m
2026-10-07T15:57:21.5120911Z [36;1m[0m
2026-10-07T15:57:21.5121127Z [36;1m# Handle deprecated parameters with warnings.[0m
2026-10-07T15:57:21.5121438Z [36;1mif (![String]::IsNullOrEmpty("")) {[0m
2026-10-07T15:57:21.5122030Z [36;1m  Write-Host "::warning::The 'branch' input is deprecated and will be removed in a future version. Please use 'swift-version' instead."[0m
2026-10-07T15:57:21.5122612Z [36;1m  $SwiftVersion = ""[0m
2026-10-07T15:57:21.5122812Z [36;1m}[0m
2026-10-07T15:57:21.5122963Z [36;1m[0m
2026-10-07T15:57:21.5123146Z [36;1mif (![String]::IsNullOrEmpty("")) {[0m
2026-10-07T15:57:21.5123709Z [36;1m  Write-Host "::warning::The 'tag' input is deprecated and will be removed in a future version. Please use 'swift-build' instead."[0m
2026-10-07T15:57:21.5124257Z [36;1m  $SwiftBuild = ""[0m
2026-10-07T15:57:21.5124450Z [36;1m}[0m
2026-10-07T15:57:21.5124602Z [36;1m[0m
2026-10-07T15:57:21.5124774Z [36;1mswitch ("swift.org") {[0m
2026-10-07T15:57:21.5125021Z [36;1m  "swift.org" {[0m
2026-10-07T15:57:21.5125239Z [36;1m    if (-not $SwiftVersion) {[0m
2026-10-07T15:57:21.5125625Z [36;1m      Write-Host "::error::swift-version is required when using swift.org source"[0m
2026-10-07T15:57:21.5126014Z [36;1m      exit 1[0m
2026-10-07T15:57:21.5126192Z [36;1m    }[0m
2026-10-07T15:57:21.5126353Z [36;1m[0m
2026-10-07T15:57:21.5126513Z [36;1m    if (-not $SwiftBuild) {[0m
2026-10-07T15:57:21.5126872Z [36;1m      Write-Host "::error::swift-build is required when using swift.org source"[0m
2026-10-07T15:57:21.5127245Z [36;1m      exit 1[0m
2026-10-07T15:57:21.5127416Z [36;1m    }[0m
2026-10-07T15:57:21.5127570Z [36;1m  }[0m
2026-10-07T15:57:21.5127719Z [36;1m[0m
2026-10-07T15:57:21.5127869Z [36;1m  "custom" {[0m
2026-10-07T15:57:21.5128047Z [36;1m    if (-not "") {[0m
2026-10-07T15:57:21.5128370Z [36;1m      Write-Host "::error::github-repo is required when using custom source"[0m
2026-10-07T15:57:21.5128741Z [36;1m      exit 1[0m
2026-10-07T15:57:21.5128910Z [36;1m    }[0m
2026-10-07T15:57:21.5129062Z [36;1m[0m
2026-10-07T15:57:21.5129212Z [36;1m    if (-not "") {[0m
2026-10-07T15:57:21.5131070Z [36;1m      Write-Host "::error::release-tag-name is required when using custom source"[0m
2026-10-07T15:57:21.5131534Z [36;1m      exit 1[0m
2026-10-07T15:57:21.5131719Z [36;1m    }[0m
2026-10-07T15:57:21.5131880Z [36;1m[0m
2026-10-07T15:57:21.5132035Z [36;1m    if (-not "") {[0m
2026-10-07T15:57:21.5132407Z [36;1m      Write-Host "::error::release-asset-name is required when using custom source"[0m
2026-10-07T15:57:21.5132804Z [36;1m      exit 1[0m
2026-10-07T15:57:21.5132977Z [36;1m    }[0m
2026-10-07T15:57:21.5133141Z [36;1m  }[0m
2026-10-07T15:57:21.5133296Z [36;1m}[0m
2026-10-07T15:57:21.5133443Z [36;1m[0m
2026-10-07T15:57:21.5133670Z [36;1m# Export resolved values for use in subsequent steps.[0m
2026-10-07T15:57:21.5134260Z [36;1mWrite-Output "RESOLVED_SWIFT_VERSION=$SwiftVersion" | Out-File -FilePath $env:GITHUB_ENV -Encoding utf8 -Append[0m
2026-10-07T15:57:21.5135035Z [36;1mWrite-Output "RESOLVED_SWIFT_BUILD=$SwiftBuild" | Out-File -FilePath $env:GITHUB_ENV -Encoding utf8 -Append[0m
2026-10-07T15:57:21.5238075Z shell: C:\Program Files\PowerShell\7\pwsh.EXE -command ". '{0}'"
2026-10-07T15:57:21.5238431Z ##[endgroup]
2026-10-07T15:57:21.9651968Z ##[end-action id=__compnerd_gha-setup-swift.__run;outcome=success;conclusion=success;duration_ms=470]
2026-10-07T15:57:21.9654573Z ##[start-action display=Validate Linux distribution;id=__compnerd_gha-setup-swift.__run_2]
2026-10-07T15:57:21.9670571Z ##[end-action id=__compnerd_gha-setup-swift.__run_2;outcome=skipped;conclusion=skipped;duration_ms=0]
2026-10-07T15:57:21.9672631Z ##[start-action display=Generate cache key (Windows);id=__compnerd_gha-setup-swift.cache-key]
2026-10-07T15:57:21.9679902Z ##[end-action id=__compnerd_gha-setup-swift.cache-key;outcome=skipped;conclusion=skipped;duration_ms=0]
2026-10-07T15:57:21.9682179Z ##[start-action display=Generate cache key (Linux/macOS);id=__compnerd_gha-setup-swift.cache-key-posix]
2026-10-07T15:57:21.9688975Z ##[end-action id=__compnerd_gha-setup-swift.cache-key-posix;outcome=skipped;conclusion=skipped;duration_ms=0]
2026-10-07T15:57:21.9691035Z ##[start-action display=Restore cached toolchain;id=__compnerd_gha-setup-swift.cache-restore]
2026-10-07T15:57:21.9694364Z ##[end-action id=__compnerd_gha-setup-swift.cache-restore;outcome=skipped;conclusion=skipped;duration_ms=0]
2026-10-07T15:57:21.9697053Z ##[start-action display=Fetch installer from GitHub release (Windows);id=__compnerd_gha-setup-swift.__run_3]
2026-10-07T15:57:21.9702051Z ##[end-action id=__compnerd_gha-setup-swift.__run_3;outcome=skipped;conclusion=skipped;duration_ms=0]
2026-10-07T15:57:21.9704574Z ##[start-action display=Fetch installer from GitHub release (Linux/macOS);id=__compnerd_gha-setup-swift.__run_4]
2026-10-07T15:57:21.9708749Z ##[end-action id=__compnerd_gha-setup-swift.__run_4;outcome=skipped;conclusion=skipped;duration_ms=0]
2026-10-07T15:57:21.9710548Z ##[start-action display=Fetch installer from swift.org;id=__compnerd_gha-setup-swift.__run_5]
2026-10-07T15:57:21.9824594Z ##[group]Run # Download the appropriate installer
2026-10-07T15:57:21.9824998Z [36;1m# Download the appropriate installer[0m
2026-10-07T15:57:21.9825304Z [36;1m$URL = if ("amd64" -eq "amd64") {[0m
2026-10-07T15:57:21.9826042Z [36;1m  "https://download.swift.org/${env:RESOLVED_SWIFT_VERSION}/windows10/swift-${env:RESOLVED_SWIFT_BUILD}/swift-${env:RESOLVED_SWIFT_BUILD}-windows10.exe"[0m
2026-10-07T15:57:21.9826779Z [36;1m} else {[0m
2026-10-07T15:57:21.9827478Z [36;1m  "https://download.swift.org/${env:RESOLVED_SWIFT_VERSION}/windows10-amd64/swift-${env:RESOLVED_SWIFT_BUILD}/swift-${env:RESOLVED_SWIFT_BUILD}-windows10-amd64.exe"[0m
2026-10-07T15:57:21.9828235Z [36;1m}[0m
2026-10-07T15:57:21.9828402Z [36;1m[0m
2026-10-07T15:57:21.9828659Z [36;1m$Path = [IO.Path]::Combine(${env:Temp}, "installer.exe")[0m
2026-10-07T15:57:21.9828996Z [36;1m[0m
2026-10-07T15:57:21.9829261Z [36;1mWrite-Host "Downloading package from $URL to $Path..."[0m
2026-10-07T15:57:21.9829604Z [36;1mtry {[0m
2026-10-07T15:57:21.9830623Z [36;1m  (New-Object System.Net.WebClient).DownloadFile($URL, $Path)[0m
2026-10-07T15:57:21.9831035Z [36;1m} catch {[0m
2026-10-07T15:57:21.9831395Z [36;1m  Write-Host "::error::Package download failed: $($_.Exception.Message)"[0m
2026-10-07T15:57:21.9831795Z [36;1m}[0m
2026-10-07T15:57:21.9870431Z shell: C:\Program Files\PowerShell\7\pwsh.EXE -command ". '{0}'"
2026-10-07T15:57:21.9870782Z env:
2026-10-07T15:57:21.9870988Z   RESOLVED_SWIFT_VERSION: swift-6.2-release
2026-10-07T15:57:21.9871262Z   RESOLVED_SWIFT_BUILD: 6.2-RELEASE
2026-10-07T15:57:21.9871494Z ##[endgroup]
2026-10-07T15:57:22.2796284Z Downloading package from https://download.swift.org/swift-6.2-release/windows10/swift-6.2-RELEASE/swift-6.2-RELEASE-windows10.exe to C:\Users\RUNNER~1\AppData\Local\Temp\installer.exe...
2026-10-07T15:57:24.3128478Z ##[end-action id=__compnerd_gha-setup-swift.__run_5;outcome=success;conclusion=success;duration_ms=2341]
2026-10-07T15:57:24.3131966Z ##[start-action display=Fetch installer from swift.org (Linux);id=__compnerd_gha-setup-swift.__run_6]
2026-10-07T15:57:24.3138338Z ##[end-action id=__compnerd_gha-setup-swift.__run_6;outcome=skipped;conclusion=skipped;duration_ms=0]
2026-10-07T15:57:24.3140521Z ##[start-action display=Fetch installer from swift.org (macOS);id=__compnerd_gha-setup-swift.__run_7]
2026-10-07T15:57:24.3144878Z ##[end-action id=__compnerd_gha-setup-swift.__run_7;outcome=skipped;conclusion=skipped;duration_ms=0]
2026-10-07T15:57:24.3146804Z ##[start-action display=Save toolchain to cache;id=__compnerd_gha-setup-swift.__actions_cache]
2026-10-07T15:57:24.3150430Z ##[end-action id=__compnerd_gha-setup-swift.__actions_cache;outcome=skipped;conclusion=skipped;duration_ms=0]
2026-10-07T15:57:24.3153108Z ##[start-action display=Install Swift;id=__compnerd_gha-setup-swift.install-swift]
2026-10-07T15:57:24.3254592Z ##[group]Run # Perform installation
2026-10-07T15:57:24.3254893Z [36;1m# Perform installation[0m
2026-10-07T15:57:24.3255228Z [36;1m$Installer = [IO.Path]::Combine(${env:Temp}, "installer.exe")[0m
2026-10-07T15:57:24.3255806Z [36;1m$Arguments = "/quiet /log ${env:Temp}\install.log ".Split(" ", [StringSplitOptions]"RemoveEmptyEntries")[0m
2026-10-07T15:57:24.3256283Z [36;1m[0m
2026-10-07T15:57:24.3256562Z [36;1mWrite-Host "::debug::Installer Arguments: $($Arguments -join ' ')"[0m
2026-10-07T15:57:24.3256924Z [36;1mtry {[0m
2026-10-07T15:57:24.3257357Z [36;1m  $Process = Start-Process -FilePath $Installer -ArgumentList $Arguments -Wait -PassThru -Verb RunAs[0m
2026-10-07T15:57:24.3257873Z [36;1m  switch ($Process.ExitCode) {[0m
2026-10-07T15:57:24.3258193Z [36;1m    0 { Write-Host "::debug::Installation successful" }[0m
2026-10-07T15:57:24.3258626Z [36;1m    3010 { Write-Host "::notice::Installation successful; reboot required"}[0m
2026-10-07T15:57:24.3259018Z [36;1m    default {[0m
2026-10-07T15:57:24.3259372Z [36;1m      Write-Host "::error::Installation process returned unexpected exit code: $_"[0m
2026-10-07T15:57:24.3259772Z [36;1m      exit $_[0m
2026-10-07T15:57:24.3259953Z [36;1m    }[0m
2026-10-07T15:57:24.3260122Z [36;1m  }[0m
2026-10-07T15:57:24.3260286Z [36;1m} catch {[0m
2026-10-07T15:57:24.3260579Z [36;1m  Write-Host "::error::Installation failed: $($_.Exception.Message)"[0m
2026-10-07T15:57:24.3260925Z [36;1m  exit 1[0m
2026-10-07T15:57:24.3261092Z [36;1m}[0m
2026-10-07T15:57:24.3261245Z [36;1m[0m
2026-10-07T15:57:24.3261433Z [36;1mforeach ($level in "Machine", "User") {[0m
2026-10-07T15:57:24.3261879Z [36;1m  [Environment]::GetEnvironmentVariables($level).GetEnumerator() | ForEach-Object {[0m
2026-10-07T15:57:24.3262448Z [36;1m    # For Path variables, append the new values, if they're not already in there[0m
2026-10-07T15:57:24.3262865Z [36;1m    if ($_.Name -eq "Path") {[0m
2026-10-07T15:57:24.3263219Z [36;1m      $_.Value = ("${env:Path};$($_.Value)" -Split ';' | Select -Unique) -Join ';'[0m
2026-10-07T15:57:24.3263577Z [36;1m    }[0m
2026-10-07T15:57:24.3263872Z [36;1m    $_[0m
2026-10-07T15:57:24.3264098Z [36;1m  } | Set-Content -Path { "Env:$($_.Name)" }[0m
2026-10-07T15:57:24.3264371Z [36;1m}[0m
2026-10-07T15:57:24.3264525Z [36;1m[0m
2026-10-07T15:57:24.3264747Z [36;1m# `GITHUB_PATH` prepends entries, so reverse them.[0m
2026-10-07T15:57:24.3265094Z [36;1m$Paths = @($env:Path -Split ';' | Select -Unique)[0m
2026-10-07T15:57:24.3265403Z [36;1m[Array]::Reverse($Paths)[0m
2026-10-07T15:57:24.3265727Z [36;1m$Paths | Out-File -FilePath $env:GITHUB_PATH -Encoding utf8[0m
2026-10-07T15:57:24.3266223Z [36;1m# Clear the original path via `GITHUB_ENV` and filter it when copying so it doesn't[0m
2026-10-07T15:57:24.3266675Z [36;1m# double up with the entries from `GITHUB_PATH`[0m
2026-10-07T15:57:24.3267121Z [36;1mWrite-Output "Path=" | Out-File -FilePath $env:GITHUB_ENV -Encoding utf8 -Append[0m
2026-10-07T15:57:24.3267945Z [36;1mGet-ChildItem Env: | Where-Object { $_.Name -ne "Path" } | ForEach-Object { echo "$($_.Name)=$($_.Value)" | Out-File -FilePath $env:GITHUB_ENV -Encoding utf8 -Append }[0m
2026-10-07T15:57:24.3305252Z shell: C:\Program Files\PowerShell\7\pwsh.EXE -command ". '{0}'"
2026-10-07T15:57:24.3305579Z env:
2026-10-07T15:57:24.3305766Z   RESOLVED_SWIFT_VERSION: swift-6.2-release
2026-10-07T15:57:24.3306037Z   RESOLVED_SWIFT_BUILD: 6.2-RELEASE
2026-10-07T15:57:24.3306264Z ##[endgroup]
2026-10-07T15:58:39.9956986Z ##[end-action id=__compnerd_gha-setup-swift.install-swift;outcome=success;conclusion=success;duration_ms=75679]
2026-10-07T15:58:39.9960100Z ##[start-action display=Upload Error Logs;id=__compnerd_gha-setup-swift.__actions_upload-artifact]
2026-10-07T15:58:39.9967630Z ##[end-action id=__compnerd_gha-setup-swift.__actions_upload-artifact;outcome=skipped;conclusion=skipped;duration_ms=0]
2026-10-07T15:58:39.9970046Z ##[start-action display=Check Swift version;id=__compnerd_gha-setup-swift.swift-version]
2026-10-07T15:58:40.0094191Z ##[group]Run $Output = swift --version
2026-10-07T15:58:40.0094503Z [36;1m$Output = swift --version[0m
2026-10-07T15:58:40.0094765Z [36;1mif ($LASTEXITCODE -ne 0) {[0m
2026-10-07T15:58:40.0095109Z [36;1m  Write-Host "::error::Swift exited with code $LASTEXITCODE"[0m
2026-10-07T15:58:40.0095455Z [36;1m  exit 1[0m
2026-10-07T15:58:40.0095638Z [36;1m}[0m
2026-10-07T15:58:40.0095823Z [36;1mif ($Output.Length -eq 0) {[0m
2026-10-07T15:58:40.0096153Z [36;1m  Write-Host "::error::`swift --version` output is empty"[0m
2026-10-07T15:58:40.0096468Z [36;1m  exit 1[0m
2026-10-07T15:58:40.0096646Z [36;1m}[0m
2026-10-07T15:58:40.0096863Z [36;1m$Match = ([regex]"\d+.\d+(.\d+)?").Match($Output)[0m
2026-10-07T15:58:40.0097158Z [36;1mif ($Match.Success) {[0m
2026-10-07T15:58:40.0097464Z [36;1m  $SwiftVersion = [System.Version]($Match.Groups[0].Value)[0m
2026-10-07T15:58:40.0098108Z [36;1m  Write-Output is_newer_than_5_9=$($SwiftVersion -gt [System.Version]"5.9") | Out-File $env:GITHUB_OUTPUT -Append -Encoding UTF8[0m
2026-10-07T15:58:40.0098661Z [36;1m}[0m
2026-10-07T15:58:40.0104504Z shell: C:\Program Files\PowerShell\7\pwsh.EXE -command ". '{0}'"
2026-10-07T15:58:40.0104850Z env:
2026-10-07T15:58:40.0105047Z   RESOLVED_SWIFT_VERSION: swift-6.2-release
2026-10-07T15:58:40.0105330Z   RESOLVED_SWIFT_BUILD: 6.2-RELEASE
2026-10-07T15:58:40.0105567Z   Path: 
2026-10-07T15:58:40.0105889Z   ACTIONS_ORCHESTRATION_ID: 06581b2c-e12b-89f6-b28e-aa37d38f0497.windows.__default
2026-10-07T15:58:40.0106363Z   ACTIONS_RUNNER_ACTION_ARCHIVE_CACHE: C:\actionarchivecache\
2026-10-07T15:58:40.0106717Z   ACTIONS_RUNNER_RETURN_JOB_RESULT_FOR_HOSTED: 1
2026-10-07T15:58:40.0107036Z   AGENT_TOOLSDIRECTORY: C:\hostedtoolcache\windows
2026-10-07T15:58:40.0107329Z   ALLUSERSPROFILE: C:\ProgramData
2026-10-07T15:58:40.0107589Z   ANDROID_HOME: C:\Android\android-sdk
2026-10-07T15:58:40.0107877Z   ANDROID_NDK: C:\Android\android-sdk\ndk\27.3.13750724
2026-10-07T15:58:40.0108223Z   ANDROID_NDK_HOME: C:\Android\android-sdk\ndk\27.3.13750724
2026-10-07T15:58:40.0108755Z   ANDROID_NDK_LATEST_HOME: C:\Android\android-sdk\ndk\29.0.14206865
2026-10-07T15:58:40.0109158Z   ANDROID_NDK_ROOT: C:\Android\android-sdk\ndk\27.3.13750724
2026-10-07T15:58:40.0109482Z   ANDROID_SDK_ROOT: C:\Android\android-sdk
2026-10-07T15:58:40.0109834Z   ANT_HOME: C:\ProgramData\chocolatey\lib\ant\tools\apache-ant-1.10.18
2026-10-07T15:58:40.0110209Z   APPDATA: C:\Users\runneradmin\AppData\Roaming
2026-10-07T15:58:40.0110515Z   AZ_DEVOPS_GLOBAL_CONFIG_DIR: C:\azureDevOpsCli
2026-10-07T15:58:40.0110791Z   AZURE_CONFIG_DIR: C:\azureCli
2026-10-07T15:58:40.0111045Z   AZURE_DEVOPS_CACHE_DIR: C:\azureDevOpsCli\cache
2026-10-07T15:58:40.0111440Z   AZURE_EXTENSION_DIR: C:\Program Files\Common Files\AzureCliExtensionDirectory
2026-10-07T15:58:40.0111818Z   CABAL_DIR: C:\cabal
2026-10-07T15:58:40.0112053Z   ChocolateyInstall: C:\ProgramData\chocolatey
2026-10-07T15:58:40.0112371Z   ChromeWebDriver: C:\SeleniumWebDrivers\ChromeDriver
2026-10-07T15:58:40.0112657Z   CI: true
2026-10-07T15:58:40.0112840Z   COBERTURA_HOME: C:\cobertura-2.1.1
2026-10-07T15:58:40.0113124Z   CommonProgramFiles: C:\Program Files\Common Files
2026-10-07T15:58:40.0113487Z   CommonProgramFiles(x86): C:\Program Files (x86)\Common Files
2026-10-07T15:58:40.0113839Z   CommonProgramW6432: C:\Program Files\Common Files
2026-10-07T15:58:40.0114118Z   COMPUTERNAME: runnervmdlhio
2026-10-07T15:58:40.0114356Z   ComSpec: C:\Windows\system32\cmd.exe
2026-10-07T15:58:40.0114592Z   CONDA: C:\Miniconda
2026-10-07T15:58:40.0114786Z   DOTNET_MULTILEVEL_LOOKUP: 0
2026-10-07T15:58:40.0114998Z   DOTNET_NOLOGO: 1
2026-10-07T15:58:40.0115200Z   DOTNET_SKIP_FIRST_TIME_EXPERIENCE: 1
2026-10-07T15:58:40.0115483Z   DriverData: C:\Windows\System32\Drivers\DriverData
2026-10-07T15:58:40.0115799Z   EdgeWebDriver: C:\SeleniumWebDrivers\EdgeDriver
2026-10-07T15:58:40.0116211Z   ENABLE_RUNNER_TRACING: true
2026-10-07T15:58:40.0116430Z   GCM_INTERACTIVE: Never
2026-10-07T15:58:40.0116685Z   GeckoWebDriver: C:\SeleniumWebDrivers\GeckoDriver
2026-10-07T15:58:40.0116994Z   GHCUP_INSTALL_BASE_PREFIX: C:\
2026-10-07T15:58:40.0117223Z   GHCUP_MSYS2: C:\msys64
2026-10-07T15:58:40.0117449Z   GITHUB_ACTION: __compnerd_gha-setup-swift
2026-10-07T15:58:40.0117921Z   GITHUB_ACTION_PATH: D:\a\_actions\compnerd\gha-setup-swift\bbae8ce86bac5a3449f3992b3d88bc4ca25f2057
2026-10-07T15:58:40.0118377Z   GITHUB_ACTION_REF: 
2026-10-07T15:58:40.0118631Z   GITHUB_ACTION_REPOSITORY: 
2026-10-07T15:58:40.0118855Z   GITHUB_ACTIONS: true
2026-10-07T15:58:40.0119065Z   GITHUB_ACTOR: rossbuckley1990-hash
2026-10-07T15:58:40.0119304Z   GITHUB_ACTOR_ID: 255341254
2026-10-07T15:58:40.0119550Z   GITHUB_API_URL: https://api.github.com
2026-10-07T15:58:40.0119994Z   GITHUB_ARTIFACTS: D:\a\_temp\_runner_file_commands\artifacts_867fc9c7-badd-4e3a-8228-72fca26a85bf
2026-10-07T15:58:40.0120648Z   GITHUB_ARTIFACTS_LIST: D:\a\_temp\_runner_file_commands\artifacts_list_867fc9c7-badd-4e3a-8228-72fca26a85bf
2026-10-07T15:58:40.0121114Z   GITHUB_BASE_REF: main
2026-10-07T15:58:40.0121463Z   GITHUB_ENV: D:\a\_temp\_runner_file_commands\set_env_867fc9c7-badd-4e3a-8228-72fca26a85bf
2026-10-07T15:58:40.0121881Z   GITHUB_EVENT_NAME: pull_request
2026-10-07T15:58:40.0122169Z   GITHUB_EVENT_PATH: D:\a\_temp\_github_workflow\event.json
2026-10-07T15:58:40.0122517Z   GITHUB_GRAPHQL_URL: https://api.github.com/graphql
2026-10-07T15:58:40.0122880Z   GITHUB_HEAD_REF: codex/agency-portable-convergence-20261007
2026-10-07T15:58:40.0123195Z   GITHUB_JOB: windows
2026-10-07T15:58:40.0123550Z   GITHUB_OUTPUT: D:\a\_temp\_runner_file_commands\set_output_867fc9c7-badd-4e3a-8228-72fca26a85bf
2026-10-07T15:58:40.0124117Z   GITHUB_PATH: D:\a\_temp\_runner_file_commands\add_path_867fc9c7-badd-4e3a-8228-72fca26a85bf
2026-10-07T15:58:40.0124525Z   GITHUB_REF: refs/pull/52/merge
2026-10-07T15:58:40.0124752Z   GITHUB_REF_NAME: 52/merge
2026-10-07T15:58:40.0124974Z   GITHUB_REF_PROTECTED: false
2026-10-07T15:58:40.0125195Z   GITHUB_REF_TYPE: branch
2026-10-07T15:58:40.0126234Z   GITHUB_REPOSITORY: rossbuckley1990-hash/rightclick
2026-10-07T15:58:40.0126581Z   GITHUB_REPOSITORY_ID: 1405448709
2026-10-07T15:58:40.0126861Z   GITHUB_REPOSITORY_OWNER: rossbuckley1990-hash
2026-10-07T15:58:40.0127156Z   GITHUB_REPOSITORY_OWNER_ID: 255341254
2026-10-07T15:58:40.0127404Z   GITHUB_RETENTION_DAYS: 90
2026-10-07T15:58:40.0127616Z   GITHUB_RUN_ATTEMPT: 1
2026-10-07T15:58:40.0127816Z   GITHUB_RUN_ID: 37648145831
2026-10-07T15:58:40.0128023Z   GITHUB_RUN_NUMBER: 22
2026-10-07T15:58:40.0128248Z   GITHUB_SERVER_URL: https://github.com
2026-10-07T15:58:40.0128556Z   GITHUB_SHA: 0d0f0eb22aca2405b1612192c36b8cf2a79c1ec5
2026-10-07T15:58:40.0129012Z   GITHUB_STATE: D:\a\_temp\_runner_file_commands\save_state_867fc9c7-badd-4e3a-8228-72fca26a85bf
2026-10-07T15:58:40.0129638Z   GITHUB_STEP_SUMMARY: D:\a\_temp\_runner_file_commands\step_summary_867fc9c7-badd-4e3a-8228-72fca26a85bf
2026-10-07T15:58:40.0130128Z   GITHUB_TRIGGERING_ACTOR: rossbuckley1990-hash
2026-10-07T15:58:40.0130411Z   GITHUB_WORKFLOW: Portable runtime
2026-10-07T15:58:40.0130906Z   GITHUB_WORKFLOW_REF: rossbuckley1990-hash/rightclick/.github/workflows/portable-runtime.yml@refs/pull/52/merge
2026-10-07T15:58:40.0131495Z   GITHUB_WORKFLOW_SHA: 0d0f0eb22aca2405b1612192c36b8cf2a79c1ec5
2026-10-07T15:58:40.0131844Z   GITHUB_WORKSPACE: D:\a\rightclick\rightclick
2026-10-07T15:58:40.0132168Z   GOROOT_1_24_X64: C:\hostedtoolcache\windows\go\1.24.13\x64
2026-10-07T15:58:40.0132518Z   GOROOT_1_25_X64: C:\hostedtoolcache\windows\go\1.25.14\x64
2026-10-07T15:58:40.0132921Z   GOROOT_1_26_X64: C:\hostedtoolcache\windows\go\1.26.8\x64
2026-10-07T15:58:40.0133309Z   GRADLE_HOME: C:\ProgramData\chocolatey\lib\gradle\tools\gradle-9.8.0
2026-10-07T15:58:40.0133645Z   HOMEDRIVE: C:
2026-10-07T15:58:40.0133831Z   HOMEPATH: \Users\runneradmin
2026-10-07T15:58:40.0134210Z   IEWebDriver: C:\SeleniumWebDrivers\IEDriver
2026-10-07T15:58:40.0134473Z   ImageOS: win22
2026-10-07T15:58:40.0134658Z   ImageVersion: 20260927.320.1
2026-10-07T15:58:40.0135000Z   JAVA_HOME: C:\hostedtoolcache\windows\Java_Temurin-Hotspot_jdk\8.0.504-1\x64
2026-10-07T15:58:40.0135509Z   JAVA_HOME_11_X64: C:\hostedtoolcache\windows\Java_Temurin-Hotspot_jdk\11.0.32-101\x64
2026-10-07T15:58:40.0136333Z   JAVA_HOME_17_X64: C:\hostedtoolcache\windows\Java_Temurin-Hotspot_jdk\17.0.20-101\x64
2026-10-07T15:58:40.0137011Z   JAVA_HOME_21_X64: C:\hostedtoolcache\windows\Java_Temurin-Hotspot_jdk\21.0.12-101.0\x64
2026-10-07T15:58:40.0137542Z   JAVA_HOME_25_X64: C:\hostedtoolcache\windows\Java_Temurin-Hotspot_jdk\25.0.4-101.0\x64
2026-10-07T15:58:40.0138062Z   JAVA_HOME_8_X64: C:\hostedtoolcache\windows\Java_Temurin-Hotspot_jdk\8.0.504-1\x64
2026-10-07T15:58:40.0138474Z   LOCALAPPDATA: C:\Users\runneradmin\AppData\Local
2026-10-07T15:58:40.0138753Z   LOGONSERVER: \\runnervmdlhio
2026-10-07T15:58:40.0139055Z   M2: C:\ProgramData\chocolatey\lib\maven\apache-maven-3.9.16\bin
2026-10-07T15:58:40.0139379Z   M2_REPO: C:\ProgramData\m2
2026-10-07T15:58:40.0139676Z   MAVEN_OPTS: -Xms256m
2026-10-07T15:58:40.0139889Z   npm_config_prefix: C:\npm\prefix
2026-10-07T15:58:40.0140131Z   NUMBER_OF_PROCESSORS: 4
2026-10-07T15:58:40.0140329Z   OS: Windows_NT
2026-10-07T15:58:40.0140583Z   PATHEXT: .COM;.EXE;.BAT;.CMD;.VBS;.VBE;.JS;.JSE;.WSF;.WSH;.MSC
2026-10-07T15:58:40.0140922Z   PGBIN: C:\Program Files\PostgreSQL\14\bin
2026-10-07T15:58:40.0141190Z   PGDATA: C:\PostgreSQL\14\data
2026-10-07T15:58:40.0141415Z   PGPASSWORD: root
2026-10-07T15:58:40.0141618Z   PGROOT: C:\Program Files\PostgreSQL\14
2026-10-07T15:58:40.0141865Z   PGUSER: postgres
2026-10-07T15:58:40.0142050Z   PHPROOT: c:\tools\php
2026-10-07T15:58:40.0142281Z   PIPX_BIN_DIR: C:\Program Files (x86)\pipx_bin
2026-10-07T15:58:40.0142574Z   PIPX_HOME: C:\Program Files (x86)\pipx
2026-10-07T15:58:40.0142884Z   POWERSHELL_DISTRIBUTION_CHANNEL: GitHub-Actions-win22
2026-10-07T15:58:40.0143200Z   POWERSHELL_UPDATECHECK: Off
2026-10-07T15:58:40.0143431Z   PROCESSOR_ARCHITECTURE: AMD64
2026-10-07T15:58:40.0143872Z   PROCESSOR_IDENTIFIER: AMD64 Family 25 Model 1 Stepping 1, AuthenticAMD
2026-10-07T15:58:40.0144235Z   PROCESSOR_LEVEL: 25
2026-10-07T15:58:40.0144432Z   PROCESSOR_REVISION: 0101
2026-10-07T15:58:40.0144647Z   ProgramData: C:\ProgramData
2026-10-07T15:58:40.0144873Z   ProgramFiles: C:\Program Files
2026-10-07T15:58:40.0145119Z   ProgramFiles(x86): C:\Program Files (x86)
2026-10-07T15:58:40.0145380Z   ProgramW6432: C:\Program Files
2026-10-07T15:58:40.0145764Z   PSModuleAnalysisCachePath: C:\PSModuleAnalysisCachePath\ModuleAnalysisCache
2026-10-07T15:58:40.0146894Z   PSModulePath: C:\\Modules\az_15.6.1;C:\Users\packer\Documents\WindowsPowerShell\Modules;C:\Program Files\WindowsPowerShell\Modules;C:\Windows\system32\WindowsPowerShell\v1.0\Modules;C:\Program Files\Microsoft SQL Server\130\Tools\PowerShell\Modules\
2026-10-07T15:58:40.0147909Z   PUBLIC: C:\Users\Public
2026-10-07T15:58:40.0148133Z   RTOOLS45_HOME: C:\rtools45
2026-10-07T15:58:40.0148342Z   RUNNER_ARCH: X64
2026-10-07T15:58:40.0148537Z   RUNNER_ENVIRONMENT: github-hosted
2026-10-07T15:58:40.0148797Z   RUNNER_NAME: GitHub Actions 1000002253
2026-10-07T15:58:40.0149035Z   RUNNER_OS: Windows
2026-10-07T15:58:40.0149223Z   RUNNER_TEMP: D:\a\_temp
2026-10-07T15:58:40.0149454Z   RUNNER_TOOL_CACHE: C:\hostedtoolcache\windows
2026-10-07T15:58:40.0149806Z   RUNNER_TRACKING_ID: github_2405d0bb-d5e7-47bd-9404-80a0f48df866
2026-10-07T15:58:40.0150140Z   RUNNER_WORKSPACE: D:\a\rightclick
2026-10-07T15:58:40.0150397Z   SBT_HOME: C:\Program Files (x86)\sbt\
2026-10-07T15:58:40.0150929Z   SDKROOT: C:\Users\runneradmin\AppData\Local\Programs\Swift\Platforms\6.2.0\Windows.platform\Developer\SDKs\Windows.sdk\
2026-10-07T15:58:40.0151505Z   SELENIUM_JAR_PATH: C:\selenium\selenium-server.jar
2026-10-07T15:58:40.0151786Z   SystemDrive: C:
2026-10-07T15:58:40.0152661Z   SystemRoot: C:\Windows
2026-10-07T15:58:40.0152905Z   TEMP: C:\Users\runneradmin\AppData\Local\Temp
2026-10-07T15:58:40.0153209Z   TMP: C:\Users\runneradmin\AppData\Local\Temp
2026-10-07T15:58:40.0153483Z   USERDOMAIN: runnervmdlhio
2026-10-07T15:58:40.0153729Z   USERDOMAIN_ROAMINGPROFILE: runnervmdlhio
2026-10-07T15:58:40.0153989Z   USERNAME: SYSTEM
2026-10-07T15:58:40.0154189Z   USERPROFILE: C:\Users\runneradmin
2026-10-07T15:58:40.0154435Z   VCPKG_INSTALLATION_ROOT: C:\vcpkg
2026-10-07T15:58:40.0154663Z   windir: C:\Windows
2026-10-07T15:58:40.0154888Z   WIX: C:\Program Files (x86)\WiX Toolset v3.14\
2026-10-07T15:58:40.0155154Z ##[endgroup]
2026-10-07T15:58:41.4109440Z ##[end-action id=__compnerd_gha-setup-swift.swift-version;outcome=success;conclusion=success;duration_ms=1413]
2026-10-07T15:58:41.4112136Z ##[start-action display=VS2022 Compatibility Setup;id=__compnerd_gha-setup-swift.__compnerd_gha-setup-vsdevenv]
2026-10-07T15:58:41.4118050Z ##[end-action id=__compnerd_gha-setup-swift.__compnerd_gha-setup-vsdevenv;outcome=skipped;conclusion=skipped;duration_ms=0]
2026-10-07T15:58:41.4120211Z ##[start-action display=VS2022 Compatibility Installation;id=__compnerd_gha-setup-swift.__run_8]
2026-10-07T15:58:41.4124846Z ##[end-action id=__compnerd_gha-setup-swift.__run_8;outcome=skipped;conclusion=skipped;duration_ms=0]
2026-10-07T15:58:41.4128435Z ##[start-action display=Update SDK Module Definitions;id=__compnerd_gha-setup-swift.__run_9]
2026-10-07T15:58:41.4133832Z ##[end-action id=__compnerd_gha-setup-swift.__run_9;outcome=skipped;conclusion=skipped;duration_ms=0]
2026-10-07T15:58:41.4136367Z ##[start-action display=Install Swift;id=__compnerd_gha-setup-swift.__run_10]
2026-10-07T15:58:41.4139857Z ##[end-action id=__compnerd_gha-setup-swift.__run_10;outcome=skipped;conclusion=skipped;duration_ms=0]
2026-10-07T15:58:41.4142141Z ##[start-action display=Install Swift;id=__compnerd_gha-setup-swift.__run_11]
2026-10-07T15:58:41.4145212Z ##[end-action id=__compnerd_gha-setup-swift.__run_11;outcome=skipped;conclusion=skipped;duration_ms=0]
2026-10-07T15:58:41.4272146Z ##[group]Run git rev-parse HEAD | Out-File -Encoding utf8 portable-source.txt
2026-10-07T15:58:41.4272773Z [36;1mgit rev-parse HEAD | Out-File -Encoding utf8 portable-source.txt[0m
2026-10-07T15:58:41.4273315Z [36;1mswift --version | Out-File -Encoding utf8 portable-toolchain.txt[0m
2026-10-07T15:58:41.4274079Z [36;1mswift test --force-resolved-versions --filter HostProtectedReferenceTests 2>&1 | Tee-Object -FilePath windows-protected-files.log[0m
2026-10-07T15:58:41.4274769Z [36;1mif ($LASTEXITCODE -ne 0) { exit $LASTEXITCODE }[0m
2026-10-07T15:58:41.4278659Z shell: C:\Program Files\PowerShell\7\pwsh.EXE -command ". '{0}'"
2026-10-07T15:58:41.4279003Z env:
2026-10-07T15:58:41.4279206Z   RESOLVED_SWIFT_VERSION: swift-6.2-release
2026-10-07T15:58:41.4279487Z   RESOLVED_SWIFT_BUILD: 6.2-RELEASE
2026-10-07T15:58:41.4279731Z   Path: 
2026-10-07T15:58:41.4280046Z   ACTIONS_ORCHESTRATION_ID: 06581b2c-e12b-89f6-b28e-aa37d38f0497.windows.__default
2026-10-07T15:58:41.4280554Z   ACTIONS_RUNNER_ACTION_ARCHIVE_CACHE: C:\actionarchivecache\
2026-10-07T15:58:41.4280901Z   ACTIONS_RUNNER_RETURN_JOB_RESULT_FOR_HOSTED: 1
2026-10-07T15:58:41.4281213Z   AGENT_TOOLSDIRECTORY: C:\hostedtoolcache\windows
2026-10-07T15:58:41.4281504Z   ALLUSERSPROFILE: C:\ProgramData
2026-10-07T15:58:41.4281746Z   ANDROID_HOME: C:\Android\android-sdk
2026-10-07T15:58:41.4282315Z   ANDROID_NDK: C:\Android\android-sdk\ndk\27.3.13750724
2026-10-07T15:58:41.4282825Z   ANDROID_NDK_HOME: C:\Android\android-sdk\ndk\27.3.13750724
2026-10-07T15:58:41.4283216Z   ANDROID_NDK_LATEST_HOME: C:\Android\android-sdk\ndk\29.0.14206865
2026-10-07T15:58:41.4283593Z   ANDROID_NDK_ROOT: C:\Android\android-sdk\ndk\27.3.13750724
2026-10-07T15:58:41.4283902Z   ANDROID_SDK_ROOT: C:\Android\android-sdk
2026-10-07T15:58:41.4284248Z   ANT_HOME: C:\ProgramData\chocolatey\lib\ant\tools\apache-ant-1.10.18
2026-10-07T15:58:41.4284626Z   APPDATA: C:\Users\runneradmin\AppData\Roaming
2026-10-07T15:58:41.4285101Z   AZ_DEVOPS_GLOBAL_CONFIG_DIR: C:\azureDevOpsCli
2026-10-07T15:58:41.4285374Z   AZURE_CONFIG_DIR: C:\azureCli
2026-10-07T15:58:41.4285628Z   AZURE_DEVOPS_CACHE_DIR: C:\azureDevOpsCli\cache
2026-10-07T15:58:41.4286028Z   AZURE_EXTENSION_DIR: C:\Program Files\Common Files\AzureCliExtensionDirectory
2026-10-07T15:58:41.4286403Z   CABAL_DIR: C:\cabal
2026-10-07T15:58:41.4286632Z   ChocolateyInstall: C:\ProgramData\chocolatey
2026-10-07T15:58:41.4286949Z   ChromeWebDriver: C:\SeleniumWebDrivers\ChromeDriver
2026-10-07T15:58:41.4287228Z   CI: true
2026-10-07T15:58:41.4287404Z   COBERTURA_HOME: C:\cobertura-2.1.1
2026-10-07T15:58:41.4287679Z   CommonProgramFiles: C:\Program Files\Common Files
2026-10-07T15:58:41.4288047Z   CommonProgramFiles(x86): C:\Program Files (x86)\Common Files
2026-10-07T15:58:41.4288422Z   CommonProgramW6432: C:\Program Files\Common Files
2026-10-07T15:58:41.4288716Z   COMPUTERNAME: runnervmdlhio
2026-10-07T15:58:41.4288949Z   ComSpec: C:\Windows\system32\cmd.exe
2026-10-07T15:58:41.4289184Z   CONDA: C:\Miniconda
2026-10-07T15:58:41.4289378Z   DOTNET_MULTILEVEL_LOOKUP: 0
2026-10-07T15:58:41.4289593Z   DOTNET_NOLOGO: 1
2026-10-07T15:58:41.4289791Z   DOTNET_SKIP_FIRST_TIME_EXPERIENCE: 1
2026-10-07T15:58:41.4290072Z   DriverData: C:\Windows\System32\Drivers\DriverData
2026-10-07T15:58:41.4290389Z   EdgeWebDriver: C:\SeleniumWebDrivers\EdgeDriver
2026-10-07T15:58:41.4290669Z   ENABLE_RUNNER_TRACING: true
2026-10-07T15:58:41.4290882Z   GCM_INTERACTIVE: Never
2026-10-07T15:58:41.4291134Z   GeckoWebDriver: C:\SeleniumWebDrivers\GeckoDriver
2026-10-07T15:58:41.4291455Z   GHCUP_INSTALL_BASE_PREFIX: C:\
2026-10-07T15:58:41.4291680Z   GHCUP_MSYS2: C:\msys64
2026-10-07T15:58:41.4291907Z   GITHUB_ACTION: __compnerd_gha-setup-swift
2026-10-07T15:58:41.4292385Z   GITHUB_ACTION_PATH: D:\a\_actions\compnerd\gha-setup-swift\bbae8ce86bac5a3449f3992b3d88bc4ca25f2057
2026-10-07T15:58:41.4292841Z   GITHUB_ACTION_REF: 
2026-10-07T15:58:41.4293047Z   GITHUB_ACTION_REPOSITORY: 
2026-10-07T15:58:41.4294625Z   GITHUB_ACTIONS: true
2026-10-07T15:58:41.4294913Z   GITHUB_ACTOR: rossbuckley1990-hash
2026-10-07T15:58:41.4295184Z   GITHUB_ACTOR_ID: 255341254
2026-10-07T15:58:41.4295435Z   GITHUB_API_URL: https://api.github.com
2026-10-07T15:58:41.4295900Z   GITHUB_ARTIFACTS: D:\a\_temp\_runner_file_commands\artifacts_867fc9c7-badd-4e3a-8228-72fca26a85bf
2026-10-07T15:58:41.4296580Z   GITHUB_ARTIFACTS_LIST: D:\a\_temp\_runner_file_commands\artifacts_list_867fc9c7-badd-4e3a-8228-72fca26a85bf
2026-10-07T15:58:41.4297055Z   GITHUB_BASE_REF: main
2026-10-07T15:58:41.4297407Z   GITHUB_ENV: D:\a\_temp\_runner_file_commands\set_env_867fc9c7-badd-4e3a-8228-72fca26a85bf
2026-10-07T15:58:41.4297819Z   GITHUB_EVENT_NAME: pull_request
2026-10-07T15:58:41.4298112Z   GITHUB_EVENT_PATH: D:\a\_temp\_github_workflow\event.json
2026-10-07T15:58:41.4298473Z   GITHUB_GRAPHQL_URL: https://api.github.com/graphql
2026-10-07T15:58:41.4298839Z   GITHUB_HEAD_REF: codex/agency-portable-convergence-20261007
2026-10-07T15:58:41.4299177Z   GITHUB_JOB: windows
2026-10-07T15:58:41.4299541Z   GITHUB_OUTPUT: D:\a\_temp\_runner_file_commands\set_output_867fc9c7-badd-4e3a-8228-72fca26a85bf
2026-10-07T15:58:41.4300104Z   GITHUB_PATH: D:\a\_temp\_runner_file_commands\add_path_867fc9c7-badd-4e3a-8228-72fca26a85bf
2026-10-07T15:58:41.4300520Z   GITHUB_REF: refs/pull/52/merge
2026-10-07T15:58:41.4300748Z   GITHUB_REF_NAME: 52/merge
2026-10-07T15:58:41.4300962Z   GITHUB_REF_PROTECTED: false
2026-10-07T15:58:41.4301181Z   GITHUB_REF_TYPE: branch
2026-10-07T15:58:41.4301433Z   GITHUB_REPOSITORY: rossbuckley1990-hash/rightclick
2026-10-07T15:58:41.4301729Z   GITHUB_REPOSITORY_ID: 1405448709
2026-10-07T15:58:41.4301999Z   GITHUB_REPOSITORY_OWNER: rossbuckley1990-hash
2026-10-07T15:58:41.4302284Z   GITHUB_REPOSITORY_OWNER_ID: 255341254
2026-10-07T15:58:41.4302528Z   GITHUB_RETENTION_DAYS: 90
2026-10-07T15:58:41.4302735Z   GITHUB_RUN_ATTEMPT: 1
2026-10-07T15:58:41.4303039Z   GITHUB_RUN_ID: 37648145831
2026-10-07T15:58:41.4303248Z   GITHUB_RUN_NUMBER: 22
2026-10-07T15:58:41.4303457Z   GITHUB_SERVER_URL: https://github.com
2026-10-07T15:58:41.4303737Z   GITHUB_SHA: 0d0f0eb22aca2405b1612192c36b8cf2a79c1ec5
2026-10-07T15:58:41.4304180Z   GITHUB_STATE: D:\a\_temp\_runner_file_commands\save_state_867fc9c7-badd-4e3a-8228-72fca26a85bf
2026-10-07T15:58:41.4304806Z   GITHUB_STEP_SUMMARY: D:\a\_temp\_runner_file_commands\step_summary_867fc9c7-badd-4e3a-8228-72fca26a85bf
2026-10-07T15:58:41.4305282Z   GITHUB_TRIGGERING_ACTOR: rossbuckley1990-hash
2026-10-07T15:58:41.4305562Z   GITHUB_WORKFLOW: Portable runtime
2026-10-07T15:58:41.4306051Z   GITHUB_WORKFLOW_REF: rossbuckley1990-hash/rightclick/.github/workflows/portable-runtime.yml@refs/pull/52/merge
2026-10-07T15:58:41.4306627Z   GITHUB_WORKFLOW_SHA: 0d0f0eb22aca2405b1612192c36b8cf2a79c1ec5
2026-10-07T15:58:41.4306975Z   GITHUB_WORKSPACE: D:\a\rightclick\rightclick
2026-10-07T15:58:41.4307311Z   GOROOT_1_24_X64: C:\hostedtoolcache\windows\go\1.24.13\x64
2026-10-07T15:58:41.4307684Z   GOROOT_1_25_X64: C:\hostedtoolcache\windows\go\1.25.14\x64
2026-10-07T15:58:41.4308038Z   GOROOT_1_26_X64: C:\hostedtoolcache\windows\go\1.26.8\x64
2026-10-07T15:58:41.4308431Z   GRADLE_HOME: C:\ProgramData\chocolatey\lib\gradle\tools\gradle-9.8.0
2026-10-07T15:58:41.4308769Z   HOMEDRIVE: C:
2026-10-07T15:58:41.4308959Z   HOMEPATH: \Users\runneradmin
2026-10-07T15:58:41.4309205Z   IEWebDriver: C:\SeleniumWebDrivers\IEDriver
2026-10-07T15:58:41.4309467Z   ImageOS: win22
2026-10-07T15:58:41.4309647Z   ImageVersion: 20260927.320.1
2026-10-07T15:58:41.4309974Z   JAVA_HOME: C:\hostedtoolcache\windows\Java_Temurin-Hotspot_jdk\8.0.504-1\x64
2026-10-07T15:58:41.4310489Z   JAVA_HOME_11_X64: C:\hostedtoolcache\windows\Java_Temurin-Hotspot_jdk\11.0.32-101\x64
2026-10-07T15:58:41.4311012Z   JAVA_HOME_17_X64: C:\hostedtoolcache\windows\Java_Temurin-Hotspot_jdk\17.0.20-101\x64
2026-10-07T15:58:41.4311535Z   JAVA_HOME_21_X64: C:\hostedtoolcache\windows\Java_Temurin-Hotspot_jdk\21.0.12-101.0\x64
2026-10-07T15:58:41.4312536Z   JAVA_HOME_25_X64: C:\hostedtoolcache\windows\Java_Temurin-Hotspot_jdk\25.0.4-101.0\x64
2026-10-07T15:58:41.4313108Z   JAVA_HOME_8_X64: C:\hostedtoolcache\windows\Java_Temurin-Hotspot_jdk\8.0.504-1\x64
2026-10-07T15:58:41.4313539Z   LOCALAPPDATA: C:\Users\runneradmin\AppData\Local
2026-10-07T15:58:41.4313825Z   LOGONSERVER: \\runnervmdlhio
2026-10-07T15:58:41.4314124Z   M2: C:\ProgramData\chocolatey\lib\maven\apache-maven-3.9.16\bin
2026-10-07T15:58:41.4314459Z   M2_REPO: C:\ProgramData\m2
2026-10-07T15:58:41.4314679Z   MAVEN_OPTS: -Xms256m
2026-10-07T15:58:41.4314886Z   npm_config_prefix: C:\npm\prefix
2026-10-07T15:58:41.4315124Z   NUMBER_OF_PROCESSORS: 4
2026-10-07T15:58:41.4315323Z   OS: Windows_NT
2026-10-07T15:58:41.4315571Z   PATHEXT: .COM;.EXE;.BAT;.CMD;.VBS;.VBE;.JS;.JSE;.WSF;.WSH;.MSC
2026-10-07T15:58:41.4315911Z   PGBIN: C:\Program Files\PostgreSQL\14\bin
2026-10-07T15:58:41.4316178Z   PGDATA: C:\PostgreSQL\14\data
2026-10-07T15:58:41.4316397Z   PGPASSWORD: root
2026-10-07T15:58:41.4316612Z   PGROOT: C:\Program Files\PostgreSQL\14
2026-10-07T15:58:41.4316859Z   PGUSER: postgres
2026-10-07T15:58:41.4317040Z   PHPROOT: c:\tools\php
2026-10-07T15:58:41.4317298Z   PIPX_BIN_DIR: C:\Program Files (x86)\pipx_bin
2026-10-07T15:58:41.4317585Z   PIPX_HOME: C:\Program Files (x86)\pipx
2026-10-07T15:58:41.4317888Z   POWERSHELL_DISTRIBUTION_CHANNEL: GitHub-Actions-win22
2026-10-07T15:58:41.4318185Z   POWERSHELL_UPDATECHECK: Off
2026-10-07T15:58:41.4318406Z   PROCESSOR_ARCHITECTURE: AMD64
2026-10-07T15:58:41.4318717Z   PROCESSOR_IDENTIFIER: AMD64 Family 25 Model 1 Stepping 1, AuthenticAMD
2026-10-07T15:58:41.4319059Z   PROCESSOR_LEVEL: 25
2026-10-07T15:58:41.4319249Z   PROCESSOR_REVISION: 0101
2026-10-07T15:58:41.4319456Z   ProgramData: C:\ProgramData
2026-10-07T15:58:41.4319690Z   ProgramFiles: C:\Program Files
2026-10-07T15:58:41.4319937Z   ProgramFiles(x86): C:\Program Files (x86)
2026-10-07T15:58:41.4320277Z   ProgramW6432: C:\Program Files
2026-10-07T15:58:41.4320658Z   PSModuleAnalysisCachePath: C:\PSModuleAnalysisCachePath\ModuleAnalysisCache
2026-10-07T15:58:41.4321780Z   PSModulePath: C:\\Modules\az_15.6.1;C:\Users\packer\Documents\WindowsPowerShell\Modules;C:\Program Files\WindowsPowerShell\Modules;C:\Windows\system32\WindowsPowerShell\v1.0\Modules;C:\Program Files\Microsoft SQL Server\130\Tools\PowerShell\Modules\
2026-10-07T15:58:41.4322754Z   PUBLIC: C:\Users\Public
2026-10-07T15:58:41.4322962Z   RTOOLS45_HOME: C:\rtools45
2026-10-07T15:58:41.4323165Z   RUNNER_ARCH: X64
2026-10-07T15:58:41.4323358Z   RUNNER_ENVIRONMENT: github-hosted
2026-10-07T15:58:41.4323605Z   RUNNER_NAME: GitHub Actions 1000002253
2026-10-07T15:58:41.4323847Z   RUNNER_OS: Windows
2026-10-07T15:58:41.4324033Z   RUNNER_TEMP: D:\a\_temp
2026-10-07T15:58:41.4324259Z   RUNNER_TOOL_CACHE: C:\hostedtoolcache\windows
2026-10-07T15:58:41.4324603Z   RUNNER_TRACKING_ID: github_2405d0bb-d5e7-47bd-9404-80a0f48df866
2026-10-07T15:58:41.4324938Z   RUNNER_WORKSPACE: D:\a\rightclick
2026-10-07T15:58:41.4325182Z   SBT_HOME: C:\Program Files (x86)\sbt\
2026-10-07T15:58:41.4325707Z   SDKROOT: C:\Users\runneradmin\AppData\Local\Programs\Swift\Platforms\6.2.0\Windows.platform\Developer\SDKs\Windows.sdk\
2026-10-07T15:58:41.4326284Z   SELENIUM_JAR_PATH: C:\selenium\selenium-server.jar
2026-10-07T15:58:41.4326560Z   SystemDrive: C:
2026-10-07T15:58:41.4326743Z   SystemRoot: C:\Windows
2026-10-07T15:58:41.4326970Z   TEMP: C:\Users\runneradmin\AppData\Local\Temp
2026-10-07T15:58:41.4327258Z   TMP: C:\Users\runneradmin\AppData\Local\Temp
2026-10-07T15:58:41.4327520Z   USERDOMAIN: runnervmdlhio
2026-10-07T15:58:41.4327753Z   USERDOMAIN_ROAMINGPROFILE: runnervmdlhio
2026-10-07T15:58:41.4327998Z   USERNAME: SYSTEM
2026-10-07T15:58:41.4328193Z   USERPROFILE: C:\Users\runneradmin
2026-10-07T15:58:41.4328432Z   VCPKG_INSTALLATION_ROOT: C:\vcpkg
2026-10-07T15:58:41.4328653Z   windir: C:\Windows
2026-10-07T15:58:41.4328864Z   WIX: C:\Program Files (x86)\WiX Toolset v3.14\
2026-10-07T15:58:41.4329129Z ##[endgroup]
2026-10-07T15:58:51.6031500Z [31;1mFetching https://github.com/apple/swift-log.git[0m
2026-10-07T15:58:51.6043995Z [31;1mFetching https://github.com/mattt/eventsource.git[0m
2026-10-07T15:58:51.6052510Z [31;1mFetching https://github.com/grpc/grpc-swift.git[0m
2026-10-07T15:58:53.9296209Z [31;1m[1/8257] Fetching swift-log[0m
2026-10-07T15:58:53.9298737Z [31;1m[2809/8560] Fetching swift-log, eventsource[0m
2026-10-07T15:58:53.9316514Z [31;1m[8561/60164] Fetching swift-log, eventsource, grpc-swift[0m
2026-10-07T15:58:54.0977763Z [31;1mFetched https://github.com/mattt/eventsource.git from cache (2.79s)[0m
2026-10-07T15:58:54.1096522Z [31;1mFetched https://github.com/apple/swift-log.git from cache (2.81s)[0m
2026-10-07T15:58:54.1343445Z [31;1mFetching https://github.com/swift-server/swift-service-lifecycle.git[0m
2026-10-07T15:58:54.1425027Z [31;1mFetching https://github.com/apple/swift-nio.git[0m
2026-10-07T15:58:54.2325484Z [31;1mFetched https://github.com/grpc/grpc-swift.git from cache (2.92s)[0m
2026-10-07T15:58:54.8440350Z [31;1m[1/2867] Fetching swift-service-lifecycle[0m
2026-10-07T15:58:55.1473628Z [31;1mFetched https://github.com/swift-server/swift-service-lifecycle.git from cache (1.01s)[0m
2026-10-07T15:58:55.1762216Z [31;1mFetching https://github.com/apple/swift-nio-extras.git[0m
2026-10-07T15:58:56.1767477Z [31;1m[1/6702] Fetching swift-nio-extras[0m
2026-10-07T15:58:56.4293743Z [31;1mFetched https://github.com/apple/swift-nio-extras.git from cache (1.25s)[0m
2026-10-07T15:58:56.4596642Z [31;1mFetching https://github.com/apple/swift-nio-ssl.git[0m
2026-10-07T15:58:59.8793878Z [31;1m[1/16854] Fetching swift-nio-ssl[0m
2026-10-07T15:59:00.2325418Z [31;1mFetched https://github.com/apple/swift-nio-ssl.git from cache (3.77s)[0m
2026-10-07T15:59:00.2704160Z [31;1mFetching https://github.com/apple/swift-crypto.git[0m
2026-10-07T15:59:03.4584586Z [31;1mFetching https://github.com/apple/swift-atomics.git[0m
2026-10-07T15:59:03.4608416Z [31;1m[1/86357] Fetching swift-nio[0m
2026-10-07T15:59:03.8732111Z [31;1mFetched https://github.com/apple/swift-nio.git from cache (9.73s)[0m
2026-10-07T15:59:03.9028865Z [31;1mFetching https://github.com/apple/swift-certificates.git[0m
2026-10-07T15:59:03.9566098Z [31;1m[1/18564] Fetching swift-crypto[0m
2026-10-07T15:59:04.2571072Z [31;1mFetched https://github.com/apple/swift-crypto.git from cache (3.99s)[0m
2026-10-07T15:59:04.2911258Z [31;1mFetching https://github.com/apple/swift-http-structured-headers.git[0m
2026-10-07T15:59:05.0732271Z [31;1m[1/7608] Fetching swift-certificates[0m
2026-10-07T15:59:05.1270300Z [31;1m[7609/9493] Fetching swift-certificates, swift-atomics[0m
2026-10-07T15:59:05.2787159Z [31;1mFetched https://github.com/apple/swift-certificates.git from cache (1.38s)[0m
2026-10-07T15:59:05.3136771Z [31;1mFetching https://github.com/apple/swift-asn1.git[0m
2026-10-07T15:59:05.4532150Z [31;1mFetched https://github.com/apple/swift-atomics.git from cache (1.99s)[0m
2026-10-07T15:59:05.4811563Z [31;1mFetching https://github.com/apple/swift-algorithms.git[0m
2026-10-07T15:59:05.6600158Z [31;1m[1/1253] Fetching swift-http-structured-headers[0m
2026-10-07T15:59:05.9005875Z [31;1mFetched https://github.com/apple/swift-http-structured-headers.git from cache (1.61s)[0m
2026-10-07T15:59:05.9282158Z [31;1mFetching https://github.com/apple/swift-nio-transport-services.git[0m
2026-10-07T15:59:06.4896780Z [31;1m[1/2867] Fetching swift-nio-transport-services[0m
2026-10-07T15:59:06.5721851Z [31;1m[2868/4853] Fetching swift-nio-transport-services, swift-asn1[0m
2026-10-07T15:59:06.7304894Z [31;1mFetched https://github.com/apple/swift-nio-transport-services.git from cache (0.80s)[0m
2026-10-07T15:59:06.7575143Z [31;1mFetching https://github.com/apple/swift-system.git[0m
2026-10-07T15:59:06.7859913Z [31;1mFetched https://github.com/apple/swift-asn1.git from cache (1.47s)[0m
2026-10-07T15:59:06.8135609Z [31;1mFetching https://github.com/apple/swift-async-algorithms.git[0m
2026-10-07T15:59:07.1656071Z [31;1m[1/6164] Fetching swift-algorithms[0m
2026-10-07T15:59:07.4096085Z [31;1mFetched https://github.com/apple/swift-algorithms.git from cache (1.93s)[0m
2026-10-07T15:59:07.4432610Z [31;1mFetching https://github.com/apple/swift-http-types.git[0m
2026-10-07T15:59:07.6656671Z [31;1m[1/7227] Fetching swift-system[0m
2026-10-07T15:59:07.8881900Z [31;1mFetched https://github.com/apple/swift-system.git from cache (1.13s)[0m
2026-10-07T15:59:07.9145306Z [31;1mFetching https://github.com/apple/swift-numerics.git[0m
2026-10-07T15:59:07.9658791Z [31;1m[1/1939] Fetching swift-http-types[0m
2026-10-07T15:59:08.1884686Z [31;1mFetched https://github.com/apple/swift-http-types.git from cache (0.75s)[0m
2026-10-07T15:59:08.2193899Z [31;1mFetching https://github.com/apple/swift-collections.git[0m
2026-10-07T15:59:08.5984244Z [31;1m[1/6795] Fetching swift-async-algorithms[0m
2026-10-07T15:59:08.9189502Z [31;1mFetched https://github.com/apple/swift-async-algorithms.git from cache (2.10s)[0m
2026-10-07T15:59:08.9391827Z [31;1mFetching https://github.com/apple/swift-protobuf.git[0m
2026-10-07T15:59:09.1234434Z [31;1m[1/6658] Fetching swift-numerics[0m
2026-10-07T15:59:09.2970297Z [31;1mFetched https://github.com/apple/swift-numerics.git from cache (1.38s)[0m
2026-10-07T15:59:09.3410956Z [31;1mFetching https://github.com/apple/swift-nio-http2.git[0m
2026-10-07T15:59:10.6682017Z [31;1m[1/28544] Fetching swift-collections[0m
2026-10-07T15:59:10.8901946Z [31;1mFetched https://github.com/apple/swift-collections.git from cache (2.67s)[0m
2026-10-07T15:59:11.3778434Z [31;1m[1/12288] Fetching swift-nio-http2[0m
2026-10-07T15:59:11.5229478Z [31;1mFetched https://github.com/apple/swift-nio-http2.git from cache (2.18s)[0m
2026-10-07T15:59:17.4348166Z [31;1m[1/54705] Fetching swift-protobuf[0m
2026-10-07T15:59:17.6240937Z [31;1mFetched https://github.com/apple/swift-protobuf.git from cache (8.68s)[0m
2026-10-07T15:59:17.7105536Z [31;1mCreating working copy for https://github.com/apple/swift-log.git[0m
2026-10-07T15:59:17.7109151Z [31;1mCreating working copy for https://github.com/swift-server/swift-service-lifecycle.git[0m
2026-10-07T15:59:17.7306696Z [31;1mCreating working copy for https://github.com/mattt/eventsource.git[0m
2026-10-07T15:59:17.9733328Z [31;1mWorking copy of https://github.com/mattt/eventsource.git resolved at 1.5.1[0m
2026-10-07T15:59:17.9804981Z [31;1mCreating working copy for https://github.com/apple/swift-nio.git[0m
2026-10-07T15:59:17.9995932Z [31;1mWorking copy of https://github.com/swift-server/swift-service-lifecycle.git resolved at 2.12.1[0m
2026-10-07T15:59:18.0125356Z [31;1mCreating working copy for https://github.com/apple/swift-atomics.git[0m
2026-10-07T15:59:18.0624109Z [31;1mWorking copy of https://github.com/apple/swift-log.git resolved at 1.15.1[0m
2026-10-07T15:59:18.0920052Z [31;1mCreating working copy for https://github.com/apple/swift-nio-extras.git[0m
2026-10-07T15:59:18.3344226Z [31;1mCreating working copy for https://github.com/apple/swift-nio-ssl.git[0m
2026-10-07T15:59:18.3618349Z [31;1mWorking copy of https://github.com/apple/swift-atomics.git resolved at 1.3.1[0m
2026-10-07T15:59:18.3633686Z [31;1mCreating working copy for https://github.com/apple/swift-crypto.git[0m
2026-10-07T15:59:18.4642778Z [31;1mWorking copy of https://github.com/apple/swift-nio-extras.git resolved at 1.35.1[0m
2026-10-07T15:59:18.5549200Z [31;1mCreating working copy for https://github.com/apple/swift-certificates.git[0m
2026-10-07T15:59:18.9365735Z [31;1mWorking copy of https://github.com/apple/swift-nio.git resolved at 2.103.0[0m
2026-10-07T15:59:19.0868505Z [31;1mWorking copy of https://github.com/apple/swift-certificates.git resolved at 1.21.0[0m
2026-10-07T15:59:19.0884634Z [31;1mCreating working copy for https://github.com/apple/swift-http-structured-headers.git[0m
2026-10-07T15:59:19.2052605Z [31;1mCreating working copy for https://github.com/apple/swift-asn1.git[0m
2026-10-07T15:59:19.2964428Z [31;1mWorking copy of https://github.com/apple/swift-nio-ssl.git resolved at 2.37.5[0m
2026-10-07T15:59:19.2966760Z [31;1mCreating working copy for https://github.com/apple/swift-algorithms.git[0m
2026-10-07T15:59:19.3856292Z [31;1mWorking copy of https://github.com/apple/swift-http-structured-headers.git resolved at 1.7.0[0m
2026-10-07T15:59:19.4689257Z [31;1mCreating working copy for https://github.com/apple/swift-nio-transport-services.git[0m
2026-10-07T15:59:19.6011857Z [31;1mWorking copy of https://github.com/apple/swift-algorithms.git resolved at 1.2.1[0m
2026-10-07T15:59:19.6269441Z [31;1mWorking copy of https://github.com/apple/swift-asn1.git resolved at 1.7.3[0m
2026-10-07T15:59:19.6985946Z [31;1mCreating working copy for https://github.com/apple/swift-system.git[0m
2026-10-07T15:59:19.7535500Z [31;1mWorking copy of https://github.com/apple/swift-nio-transport-services.git resolved at 1.28.0[0m
2026-10-07T15:59:19.7549567Z [31;1mCreating working copy for https://github.com/apple/swift-async-algorithms.git[0m
2026-10-07T15:59:19.8369185Z [31;1mWorking copy of https://github.com/apple/swift-crypto.git resolved at 4.5.2[0m
2026-10-07T15:59:19.8382852Z [31;1mCreating working copy for https://github.com/apple/swift-http-types.git[0m
2026-10-07T15:59:19.9982827Z [31;1mWorking copy of https://github.com/apple/swift-system.git resolved at 1.8.1[0m
2026-10-07T15:59:19.9992917Z [31;1mCreating working copy for https://github.com/apple/swift-numerics.git[0m
2026-10-07T15:59:20.1472983Z [31;1mCreating working copy for https://github.com/apple/swift-protobuf.git[0m
2026-10-07T15:59:20.1918540Z [31;1mWorking copy of https://github.com/apple/swift-async-algorithms.git resolved at 1.1.7[0m
2026-10-07T15:59:20.1971717Z [31;1mCreating working copy for https://github.com/apple/swift-collections.git[0m
2026-10-07T15:59:20.3226062Z [31;1mWorking copy of https://github.com/apple/swift-numerics.git resolved at 1.1.1[0m
2026-10-07T15:59:20.4047328Z [31;1mCreating working copy for https://github.com/apple/swift-nio-http2.git[0m
2026-10-07T15:59:20.4937119Z [31;1mWorking copy of https://github.com/apple/swift-http-types.git resolved at 1.8.0[0m
2026-10-07T15:59:20.5767873Z [31;1mCreating working copy for https://github.com/grpc/grpc-swift.git[0m
2026-10-07T15:59:21.2775999Z [31;1mWorking copy of https://github.com/apple/swift-collections.git resolved at 1.7.1[0m
2026-10-07T15:59:21.4684682Z [31;1mWorking copy of https://github.com/apple/swift-nio-http2.git resolved at 1.46.0[0m
2026-10-07T15:59:21.8208881Z [31;1mWorking copy of https://github.com/grpc/grpc-swift.git resolved at 1.26.2[0m
2026-10-07T15:59:22.2261460Z [31;1mWorking copy of https://github.com/apple/swift-protobuf.git resolved at 1.38.1[0m
2026-10-07T16:01:26.9466326Z [31;1mwarning: 'rightclick': found 3 file(s) which are unhandled; explicitly declare them as resources or exclude from the target[0m
2026-10-07T16:01:26.9468614Z [31;1m    D:\a\rightclick\rightclick\Tests\RightClickCoreTests\Fixtures\WindowsActualAcknowledgementDeclaration.json[0m
2026-10-07T16:01:26.9471635Z [31;1m    D:\a\rightclick\rightclick\Tests\RightClickCoreTests\Fixtures\MOAT005G3IssuesCreateRequest.json[0m
2026-10-07T16:01:26.9474104Z [31;1m    D:\a\rightclick\rightclick\Tests\RightClickCoreTests\Fixtures\MOAT005G4IssuesCreateRealResponse.json[0m
2026-10-07T16:02:36.2232331Z [31;1m[1/1] Compiling plugin SwiftProtobufPlugin[0m
2026-10-07T16:02:49.2641325Z [31;1m[2/2] Compiling plugin GRPCSwiftPlugin[0m
2026-10-07T16:02:49.2644310Z [31;1mBuilding for debugging...[0m
2026-10-07T16:02:49.3888850Z [31;1m[2/452] Write sources[0m
2026-10-07T16:02:49.5015231Z [31;1m[25/452] Compiling _AtomicsShims.c[0m
2026-10-07T16:02:49.5537202Z [31;1m[26/452] Compiling CXKCPShims shims.c[0m
2026-10-07T16:02:49.6053161Z [31;1m[27/452] Compiling SimpleFIPS202.c[0m
2026-10-07T16:02:49.6517412Z [31;1m[28/452] Compiling KeccakSponge.c[0m
2026-10-07T16:02:49.7253524Z [31;1m[29/452] Compiling KeccakHash.c[0m
2026-10-07T16:02:50.5041726Z [31;1m[30/452] Compiling KeccakP-1600-opt64.c[0m
2026-10-07T16:02:50.5160036Z [31;1m[31/452] Compiling CSystem shims.c[0m
2026-10-07T16:02:51.3566077Z [31;1m[32/452] Write swift-version--4333013971676CF4.txt[0m
2026-10-07T16:02:51.4017614Z [31;1mD:\a\rightclick\rightclick\Sources\RightClickHostFiles\HostFiles.c:42:9: warning: 'wcscat' is deprecated: This function or variable may be unsafe. Consider using wcscat_s instead. To disable deprecation, use _CRT_SECURE_NO_WARNINGS. See online help for details. [-Wdeprecated-declarations][0m
2026-10-07T16:02:51.4343873Z [31;1m[0m
2026-10-07T16:02:51.4369304Z [31;1m   42 |         wcscat(unc, actual + 8);[0m
2026-10-07T16:02:51.4390458Z [31;1m[0m
2026-10-07T16:02:51.4532828Z [31;1m      |         ^[0m
2026-10-07T16:02:51.4566210Z [31;1m[0m
2026-10-07T16:02:51.4907749Z [31;1mC:\Program Files (x86)\Windows Kits\10\Include\10.0.26100.0\ucrt\corecrt_wstring.h:100:5: note: 'wcscat' has been explicitly marked deprecated here[0m
2026-10-07T16:02:51.4959415Z [31;1m[0m
2026-10-07T16:02:51.5094245Z [31;1m  100 |     __DEFINE_CPP_OVERLOAD_STANDARD_FUNC_0_1([0m
2026-10-07T16:02:51.5118378Z [31;1m[0m
2026-10-07T16:02:51.6838163Z [31;1m      |     ^[0m
2026-10-07T16:02:51.6849911Z [31;1m[0m
2026-10-07T16:02:51.6941693Z [31;1mC:\Program Files (x86)\Windows Kits\10\Include\10.0.26100.0\ucrt\corecrt.h:874:5: note: expanded from macro '__DEFINE_CPP_OVERLOAD_STANDARD_FUNC_0_1'[0m
2026-10-07T16:02:52.0153042Z [31;1m[0m
2026-10-07T16:02:52.0212352Z [31;1m  874 |     __DEFINE_CPP_OVERLOAD_STANDARD_FUNC_0_1_EX(_ReturnType, _ReturnPolicy, _DeclSpec, _FuncName, _FuncName##_s, _DstType, _SalAttributeDst, _DstType, _Dst, _TType1, _TArg1)[0m
2026-10-07T16:02:52.0686491Z [31;1m[0m
2026-10-07T16:02:52.0709856Z [31;1m      |     ^[0m
2026-10-07T16:02:52.0763768Z [31;1m[0m
2026-10-07T16:02:52.0868641Z [31;1mC:\Program Files (x86)\Windows Kits\10\Include\10.0.26100.0\ucrt\corecrt.h:1933:17: note: expanded from macro '__DEFINE_CPP_OVERLOAD_STANDARD_FUNC_0_1_EX'[0m
2026-10-07T16:02:52.1235336Z [31;1m[0m
2026-10-07T16:02:52.1290352Z [31;1m 1933 |                 _CRT_INSECURE_DEPRECATE(_SecureFuncName) _DeclSpec _ReturnType __cdecl _FuncName(_SalAttributeDst _DstType *_Dst, _TType1 _TArg1);[0m
2026-10-07T16:02:52.1348232Z [31;1m[0m
2026-10-07T16:02:52.1436319Z [31;1m      |                 ^[0m
2026-10-07T16:02:52.1752497Z [31;1m[0m
2026-10-07T16:02:52.1762346Z [31;1mC:\Program Files\Microsoft Visual Studio\2022\Enterprise\VC\Tools\MSVC\14.44.35207\include\vcruntime.h:368:55: note: expanded from macro '_CRT_INSECURE_DEPRECATE'[0m
2026-10-07T16:02:52.1768295Z [31;1m[0m
2026-10-07T16:02:52.1772183Z [31;1m  368 |         #define _CRT_INSECURE_DEPRECATE(_Replacement) _CRT_DEPRECATE_TEXT(    \[0m
2026-10-07T16:02:52.1774021Z [31;1m[0m
2026-10-07T16:02:52.1780695Z [31;1m      |                                                       ^[0m
2026-10-07T16:02:52.1782169Z [31;1m[0m
2026-10-07T16:02:52.2213873Z [31;1mC:\Program Files\Microsoft Visual Studio\2022\Enterprise\VC\Tools\MSVC\14.44.35207\include\vcruntime.h:358:47: note: expanded from macro '_CRT_DEPRECATE_TEXT'[0m
2026-10-07T16:02:52.2908305Z [31;1m[0m
2026-10-07T16:02:52.2944332Z [31;1m  358 | #define _CRT_DEPRECATE_TEXT(_Text) __declspec(deprecated(_Text))[0m
2026-10-07T16:02:52.3363724Z [31;1m[0m
2026-10-07T16:02:52.3370651Z [31;1m      |                                               ^[0m
2026-10-07T16:02:52.3967307Z [31;1m[0m
2026-10-07T16:02:52.3998523Z [31;1m1 warning generated.[0m
2026-10-07T16:02:52.4426141Z [31;1m[0m
2026-10-07T16:02:52.4820257Z [31;1m[33/452] Compiling RightClickHostFiles HostFiles.c[0m
2026-10-07T16:02:52.5057062Z [31;1m[34/452] Compiling CNIOWASI CNIOWASI.c[0m
2026-10-07T16:02:52.5094619Z [31;1m[35/452] Compiling CNIOPosix event_loop_id.c[0m
2026-10-07T16:02:52.5122516Z [31;1m[36/452] Compiling CNIOOpenBSD shim.c[0m
2026-10-07T16:02:52.5911964Z [31;1m[37/452] Compiling CNIOLinux shim.c[0m
2026-10-07T16:02:52.6211705Z [31;1m[38/452] Compiling CNIOLinux liburing_shims.c[0m
2026-10-07T16:02:52.6248099Z [31;1m[39/452] Compiling CNIOLLHTTP c_nio_http.c[0m
2026-10-07T16:02:52.6621725Z [31;1m[40/452] Compiling CNIOLLHTTP c_nio_api.c[0m
2026-10-07T16:02:52.7030489Z [31;1m[41/452] Compiling CNIOFreeBSD shim.c[0m
2026-10-07T16:02:52.7274404Z [31;1m[42/452] Compiling CNIODarwin shim.c[0m
2026-10-07T16:02:52.7310356Z [31;1m[43/452] Compiling CNIOWindows WSAStartup.c[0m
2026-10-07T16:02:52.7733265Z [31;1m[44/452] Compiling CNIOWindows shim.c[0m
2026-10-07T16:02:52.7741647Z [31;1m[45/452] Compiling CNIOLLHTTP c_nio_llhttp.c[0m
2026-10-07T16:02:52.8366704Z [31;1m[46/452] Compiling fiat_p256_adx_sqr.S[0m
2026-10-07T16:02:52.8402762Z [31;1m[47/452] Compiling fiat_p256_adx_mul.S[0m
2026-10-07T16:02:52.8787473Z [31;1m[48/452] Compiling fiat_curve25519_adx_square.S[0m
2026-10-07T16:02:52.9392713Z [31;1m[49/452] Compiling fiat_curve25519_adx_mul.S[0m
2026-10-07T16:02:52.9428055Z [31;1m[50/452] Compiling md5-x86_64-linux.S[0m
2026-10-07T16:02:52.9451168Z [31;1m[51/452] Compiling md5-x86_64-apple.S[0m
2026-10-07T16:02:52.9630171Z [31;1m[52/452] Compiling md5-586-linux.S[0m
2026-10-07T16:02:53.0382910Z [31;1m[53/452] Compiling CCryptoBoringSSLShims shims.c[0m
2026-10-07T16:02:53.0947611Z [31;1m[54/452] Compiling md5-586-apple.S[0m
2026-10-07T16:02:53.1390890Z [31;1m[55/452] Compiling chacha20_poly1305_x86_64-linux.S[0m
2026-10-07T16:02:53.2411162Z [31;1m[56/452] Compiling chacha20_poly1305_x86_64-apple.S[0m
2026-10-07T16:02:53.3484523Z [31;1m[57/452] Compiling chacha20_poly1305_armv8-win.S[0m
2026-10-07T16:02:53.4466402Z [31;1m[58/452] Compiling chacha20_poly1305_armv8-linux.S[0m
2026-10-07T16:02:53.6468241Z [31;1m[59/452] Compiling chacha20_poly1305_armv8-apple.S[0m
2026-10-07T16:02:53.7579939Z [31;1m[60/452] Compiling chacha-x86_64-linux.S[0m
2026-10-07T16:02:53.8660936Z [31;1m[61/452] Compiling chacha-x86_64-apple.S[0m
2026-10-07T16:02:53.9656098Z [31;1m[62/452] Compiling chacha-x86-linux.S[0m
2026-10-07T16:02:54.0663397Z [31;1m[63/452] Compiling chacha-x86-apple.S[0m
2026-10-07T16:02:54.1369973Z [31;1m[64/452] Compiling chacha-armv8-win.S[0m
2026-10-07T16:02:54.1802632Z [31;1m[65/452] Compiling chacha-armv8-linux.S[0m
2026-10-07T16:02:54.3966594Z [31;1m[66/452] Compiling chacha-armv8-apple.S[0m
2026-10-07T16:02:54.4989096Z [31;1m[67/452] Compiling chacha-armv4-linux.S[0m
2026-10-07T16:02:54.6082703Z [31;1m[68/452] Compiling aes128gcmsiv-x86_64-linux.S[0m
2026-10-07T16:02:54.7070512Z [31;1m[69/452] Compiling aes128gcmsiv-x86_64-apple.S[0m
2026-10-07T16:02:54.7364003Z [31;1m[70/452] Compiling x86_64-mont5-linux.S[0m
2026-10-07T16:02:55.1828672Z [31;1m[71/452] Compiling x86_64-mont5-apple.S[0m
2026-10-07T16:02:55.3407852Z [31;1m[72/452] Compiling err_data.cc[0m
2026-10-07T16:02:55.3889435Z [31;1m[73/452] Compiling x86_64-mont-linux.S[0m
2026-10-07T16:02:55.4623586Z [31;1m[74/452] Compiling x86-mont-linux.S[0m
2026-10-07T16:02:55.4683010Z [31;1m[74/452] Compiling x86_64-mont-apple.S[0m
2026-10-07T16:02:55.6441541Z [31;1m[76/452] Compiling x86-mont-apple.S[0m
2026-10-07T16:02:55.6559841Z [31;1m[77/452] Compiling vpaes-x86_64-linux.S[0m
2026-10-07T16:02:55.7235885Z [31;1m[78/452] Compiling vpaes-x86_64-apple.S[0m
2026-10-07T16:02:55.7824122Z [31;1m[79/452] Compiling vpaes-x86-linux.S[0m
2026-10-07T16:02:55.8603399Z [31;1m[80/452] Compiling vpaes-x86-apple.S[0m
2026-10-07T16:02:55.8656171Z [31;1m[81/452] Compiling vpaes-armv8-win.S[0m
2026-10-07T16:02:55.8918876Z [31;1m[82/452] Compiling c-nioatomics.c[0m
2026-10-07T16:02:55.9396858Z [31;1m[83/452] Compiling vpaes-armv8-linux.S[0m
2026-10-07T16:02:55.9822184Z [31;1m[84/452] Compiling vpaes-armv8-apple.S[0m
2026-10-07T16:02:56.0190159Z [31;1m[85/452] Compiling vpaes-armv7-linux.S[0m
2026-10-07T16:02:56.0430229Z [31;1m[86/452] Compiling sha512-x86_64-linux.S[0m
2026-10-07T16:02:56.0907170Z [31;1m[87/452] Compiling sha512-x86_64-apple.S[0m
2026-10-07T16:02:56.0912158Z [31;1m[87/452] Compiling sha512-armv8-win.S[0m
2026-10-07T16:02:56.0914274Z [31;1m[88/452] Compiling sha512-armv8-linux.S[0m
2026-10-07T16:02:56.1995492Z [31;1m[90/452] Compiling sha512-armv8-apple.S[0m
2026-10-07T16:02:56.2001525Z [31;1m[91/452] Compiling sha512-armv4-linux.S[0m
2026-10-07T16:02:56.2907483Z [31;1m[92/452] Compiling sha512-586-linux.S[0m
2026-10-07T16:02:56.4016854Z [31;1m[93/452] Compiling sha512-586-apple.S[0m
2026-10-07T16:02:56.4035748Z [31;1m[94/452] Compiling sha256-x86_64-linux.S[0m
2026-10-07T16:02:56.4050091Z [31;1m[95/452] Compiling sha256-x86_64-apple.S[0m
2026-10-07T16:02:56.4099772Z [31;1m[96/452] Compiling sha256-armv8-win.S[0m
2026-10-07T16:02:56.4341811Z [31;1m[96/452] Compiling sha256-armv8-linux.S[0m
2026-10-07T16:02:56.4448577Z [31;1m[98/452] Compiling sha256-armv8-apple.S[0m
2026-10-07T16:02:56.5189456Z [31;1m[99/452] Compiling sha256-armv4-linux.S[0m
2026-10-07T16:02:56.5306306Z [31;1m[99/452] Compiling sha256-586-linux.S[0m
2026-10-07T16:02:56.5452252Z [31;1m[101/452] Compiling sha256-586-apple.S[0m
2026-10-07T16:02:56.6561201Z [31;1m[102/452] Compiling sha1-x86_64-linux.S[0m
2026-10-07T16:02:56.6608978Z [31;1m[103/452] Compiling sha1-x86_64-apple.S[0m
2026-10-07T16:02:56.7088785Z [31;1m[104/452] Compiling sha1-armv8-win.S[0m
2026-10-07T16:02:56.7498469Z [31;1m[105/452] Compiling c-atomics.c[0m
2026-10-07T16:02:56.7664759Z [31;1m[106/452] Compiling sha1-armv8-linux.S[0m
2026-10-07T16:02:56.7782187Z [31;1m[107/452] Compiling sha1-armv8-apple.S[0m
2026-10-07T16:02:56.7879371Z [31;1m[108/452] Compiling sha1-armv4-large-linux.S[0m
2026-10-07T16:02:56.8539076Z [31;1m[109/452] Compiling sha1-586-linux.S[0m
2026-10-07T16:02:56.8734862Z [31;1m[110/452] Compiling sha1-586-apple.S[0m
2026-10-07T16:02:56.8860271Z [31;1m[111/452] Compiling rsaz-avx2-linux.S[0m
2026-10-07T16:02:56.9041563Z [31;1m[112/452] Compiling rsaz-avx2-apple.S[0m
2026-10-07T16:02:56.9786818Z [31;1m[113/452] Compiling rdrand-x86_64-linux.S[0m
2026-10-07T16:02:56.9879681Z [31;1m[114/452] Compiling rdrand-x86_64-apple.S[0m
2026-10-07T16:02:57.0369472Z [31;1m[115/452] Compiling p256_beeu-x86_64-asm-linux.S[0m
2026-10-07T16:02:57.0659190Z [31;1m[116/452] Compiling p256_beeu-x86_64-asm-apple.S[0m
2026-10-07T16:02:57.0885389Z [31;1m[117/452] Compiling p256_beeu-armv8-asm-win.S[0m
2026-10-07T16:02:57.1081132Z [31;1m[118/452] Compiling p256_beeu-armv8-asm-apple.S[0m
2026-10-07T16:02:57.1213973Z [31;1m[119/452] Compiling p256_beeu-armv8-asm-linux.S[0m
2026-10-07T16:02:57.1742768Z [31;1m[120/452] Compiling p256-x86_64-asm-linux.S[0m
2026-10-07T16:02:57.1976769Z [31;1m[121/452] Compiling p256-x86_64-asm-apple.S[0m
2026-10-07T16:02:57.2208643Z [31;1m[122/452] Compiling p256-armv8-asm-win.S[0m
2026-10-07T16:02:57.2260973Z [31;1m[123/452] Compiling p256-armv8-asm-linux.S[0m
2026-10-07T16:02:57.2583158Z [31;1m[124/452] Compiling p256-armv8-asm-apple.S[0m
2026-10-07T16:02:57.3021484Z [31;1m[125/452] Compiling ghashv8-armv8-win.S[0m
2026-10-07T16:02:57.3064856Z [31;1m[126/452] Compiling ghashv8-armv8-linux.S[0m
2026-10-07T16:02:57.3237059Z [31;1m[127/452] Compiling ghashv8-armv8-apple.S[0m
2026-10-07T16:02:57.3489137Z [31;1m[128/452] Compiling ghashv8-armv7-linux.S[0m
2026-10-07T16:02:57.4238218Z [31;1m[129/452] Compiling ghash-x86_64-linux.S[0m
2026-10-07T16:02:57.4492451Z [31;1m[130/452] Compiling ghash-x86_64-apple.S[0m
2026-10-07T16:02:57.4541183Z [31;1m[131/452] Compiling ghash-x86-linux.S[0m
2026-10-07T16:02:57.4983516Z [31;1m[132/452] Compiling ghash-x86-apple.S[0m
2026-10-07T16:02:57.5214579Z [31;1m[133/452] Compiling ghash-ssse3-x86_64-linux.S[0m
2026-10-07T16:02:57.5346059Z [31;1m[134/452] Compiling ghash-ssse3-x86_64-apple.S[0m
2026-10-07T16:02:57.5377434Z [31;1m[135/452] Compiling ghash-ssse3-x86-linux.S[0m
2026-10-07T16:02:57.6105928Z [31;1m[136/452] Compiling ghash-ssse3-x86-apple.S[0m
2026-10-07T16:02:57.6347154Z [31;1m[137/452] Compiling ghash-neon-armv8-win.S[0m
2026-10-07T16:02:57.6547039Z [31;1m[138/452] Compiling ghash-neon-armv8-linux.S[0m
2026-10-07T16:02:57.6554023Z [31;1m[139/452] Compiling ghash-neon-armv8-apple.S[0m
2026-10-07T16:02:57.6745407Z [31;1m[140/452] Compiling ghash-armv4-linux.S[0m
2026-10-07T16:02:57.7253565Z [31;1m[141/452] Compiling co-586-linux.S[0m
2026-10-07T16:02:57.7254772Z [31;1m[141/452] Compiling co-586-apple.S[0m
2026-10-07T16:02:57.7510426Z [31;1m[143/452] Compiling bsaes-armv7-linux.S[0m
2026-10-07T16:02:57.8228029Z [31;1m[144/452] Compiling bn-armv8-win.S[0m
2026-10-07T16:02:57.8502140Z [31;1m[145/452] Compiling bn-armv8-linux.S[0m
2026-10-07T16:02:57.8715975Z [31;1m[146/452] Compiling bn-armv8-apple.S[0m
2026-10-07T16:02:57.8734434Z [31;1m[147/452] Compiling bn-586-linux.S[0m
2026-10-07T16:02:57.8750626Z [31;1m[148/452] Compiling bn-586-apple.S[0m
2026-10-07T16:02:57.9571174Z [31;1m[149/452] Compiling armv8-mont-win.S[0m
2026-10-07T16:02:57.9690228Z [31;1m[150/452] Compiling armv8-mont-linux.S[0m
2026-10-07T16:02:57.9747693Z [31;1m[151/452] Compiling armv8-mont-apple.S[0m
2026-10-07T16:02:58.0536419Z [31;1m[152/452] Compiling armv4-mont-linux.S[0m
2026-10-07T16:02:58.0609880Z [31;1m[153/452] Compiling aesv8-gcm-armv8-win.S[0m
2026-10-07T16:02:58.0618102Z [31;1m[154/452] Compiling aesv8-gcm-armv8-linux.S[0m
2026-10-07T16:02:58.0953006Z [31;1m[155/452] Compiling aesv8-gcm-armv8-apple.S[0m
2026-10-07T16:02:58.1555967Z [31;1m[156/452] Compiling aesv8-armv8-win.S[0m
2026-10-07T16:02:58.1672302Z [31;1m[157/452] Compiling aesv8-armv8-linux.S[0m
2026-10-07T16:02:58.1912105Z [31;1m[158/452] Compiling aesv8-armv8-apple.S[0m
2026-10-07T16:02:58.1946001Z [31;1m[159/452] Compiling aesv8-armv7-linux.S[0m
2026-10-07T16:02:58.2570368Z [31;1m[160/452] Compiling aesni-x86_64-linux.S[0m
2026-10-07T16:02:58.3501556Z [31;1m[161/452] Compiling aesni-x86_64-apple.S[0m
2026-10-07T16:02:58.3708821Z [31;1m[162/452] Compiling aesni-x86-linux.S[0m
2026-10-07T16:02:58.3876507Z [31;1m[163/452] Compiling aesni-x86-apple.S[0m
2026-10-07T16:02:58.4007782Z [31;1m[164/452] Compiling aesni-gcm-x86_64-linux.S[0m
2026-10-07T16:02:58.4219987Z [31;1m[165/452] Compiling aesni-gcm-x86_64-apple.S[0m
2026-10-07T16:02:58.4249739Z [31;1m[166/452] Compiling aes-gcm-avx512-x86_64-linux.S[0m
2026-10-07T16:02:58.4394922Z [31;1m[167/452] Compiling aes-gcm-avx512-x86_64-apple.S[0m
2026-10-07T16:02:58.4754343Z [31;1m[168/452] Compiling aes-gcm-avx2-x86_64-linux.S[0m
2026-10-07T16:03:00.3974598Z [31;1m[169/452] Compiling aes-gcm-avx2-x86_64-apple.S[0m
2026-10-07T16:03:00.9980706Z [31;1m[170/452] Compiling xwing.cc[0m
2026-10-07T16:03:02.2239401Z [31;1m[171/452] Compiling x_spki.cc[0m
2026-10-07T16:03:02.2263984Z [31;1m[172/452] Compiling x_x509a.cc[0m
2026-10-07T16:03:03.7389208Z [31;1m[173/452] Compiling x_x509.cc[0m
2026-10-07T16:03:05.8871440Z [31;1m[174/452] Compiling x_sig.cc[0m
2026-10-07T16:03:06.1053017Z [31;1m[175/452] Compiling x_req.cc[0m
2026-10-07T16:03:06.1079822Z [31;1m[176/452] Compiling x_pubkey.cc[0m
2026-10-07T16:03:07.7694948Z [31;1m[177/452] Compiling x_name.cc[0m
2026-10-07T16:03:09.7322188Z [31;1m[178/452] Compiling x_exten.cc[0m
2026-10-07T16:03:09.7661880Z [31;1m[179/452] Compiling x_attrib.cc[0m
2026-10-07T16:03:09.8489412Z [31;1m[180/452] Compiling x_crl.cc[0m
2026-10-07T16:03:12.1264307Z [31;1m[181/452] Compiling x_all.cc[0m
2026-10-07T16:03:12.4332015Z [31;1m[182/452] Compiling x_algor.cc[0m
2026-10-07T16:03:13.4262856Z [31;1m[183/452] Compiling x509spki.cc[0m
2026-10-07T16:03:14.0511171Z [31;1m[184/452] Compiling x509rset.cc[0m
2026-10-07T16:03:15.9455705Z [31;1m[185/452] Compiling x509name.cc[0m
2026-10-07T16:03:16.5908079Z [31;1m[186/452] Compiling x509cset.cc[0m
2026-10-07T16:03:17.4983093Z [31;1m[187/452] Compiling x509_vpm.cc[0m
2026-10-07T16:03:17.8525313Z [31;1m[188/452] Compiling x509_vfy.cc[0m
2026-10-07T16:03:19.3540596Z [31;1m[189/452] Compiling x509_v3.cc[0m
2026-10-07T16:03:20.7501335Z [31;1m[190/452] Compiling x509_txt.cc[0m
2026-10-07T16:03:21.3827867Z [31;1m[191/452] Compiling x509_trs.cc[0m
2026-10-07T16:03:21.5608248Z [31;1m[192/452] Compiling x509_set.cc[0m
2026-10-07T16:03:23.3027009Z [31;1m[193/452] Compiling x509_req.cc[0m
2026-10-07T16:03:24.4474783Z [31;1m[194/452] Compiling x509_obj.cc[0m
2026-10-07T16:03:24.5658463Z [31;1m[195/452] Compiling x509_def.cc[0m
2026-10-07T16:03:24.5693554Z [31;1m[196/452] Compiling x509_lu.cc[0m
2026-10-07T16:03:25.9356032Z [31;1m[197/452] Compiling x509_ext.cc[0m
2026-10-07T16:03:28.2087511Z [31;1m[198/452] Compiling x509_d2.cc[0m
2026-10-07T16:03:28.2330931Z [31;1m[199/452] Compiling x509_att.cc[0m
2026-10-07T16:03:28.2411632Z [31;1m[200/452] Compiling x509_cmp.cc[0m
2026-10-07T16:03:29.8725899Z [31;1m[201/452] Compiling x509.cc[0m
2026-10-07T16:03:31.5982073Z [31;1m[202/452] Compiling v3_utl.cc[0m
2026-10-07T16:03:31.8673028Z [31;1m[203/452] Compiling v3_prn.cc[0m
2026-10-07T16:03:31.9463840Z [31;1m[204/452] Compiling v3_purp.cc[0m
2026-10-07T16:03:33.8926116Z [31;1m[205/452] Compiling v3_skey.cc[0m
2026-10-07T16:03:35.3376113Z [31;1m[206/452] Compiling v3_pmaps.cc[0m
2026-10-07T16:03:35.6290072Z [31;1m[207/452] Compiling v3_pcons.cc[0m
2026-10-07T16:03:37.8409535Z [31;1m[208/452] Compiling v3_ocsp.cc[0m
2026-10-07T16:03:37.8560141Z [31;1m[209/452] Compiling v3_ncons.cc[0m
2026-10-07T16:03:37.8602798Z [31;1m[210/452] Compiling v3_lib.cc[0m
2026-10-07T16:03:39.3024462Z [31;1m[211/452] Compiling v3_int.cc[0m
2026-10-07T16:03:39.3858553Z [31;1m[212/452] Compiling v3_ia5.cc[0m
2026-10-07T16:03:41.6980468Z [31;1m[213/452] Compiling v3_info.cc[0m
2026-10-07T16:03:42.7500466Z [31;1m[214/452] Compiling v3_genn.cc[0m
2026-10-07T16:03:43.0208754Z [31;1m[215/452] Compiling v3_extku.cc[0m
2026-10-07T16:03:43.0286982Z [31;1m[216/452] Compiling v3_enum.cc[0m
2026-10-07T16:03:45.5924008Z [31;1m[217/452] Compiling v3_crld.cc[0m
2026-10-07T16:03:46.5685773Z [31;1m[218/452] Compiling v3_cpols.cc[0m
2026-10-07T16:03:46.8222417Z [31;1m[219/452] Compiling v3_conf.cc[0m
2026-10-07T16:03:49.4513027Z [31;1m[220/452] Compiling v3_bitst.cc[0m
2026-10-07T16:03:49.4628917Z [31;1m[221/452] Compiling v3_bcons.cc[0m
2026-10-07T16:03:50.2190315Z [31;1m[222/452] Compiling v3_alt.cc[0m
2026-10-07T16:03:50.5096183Z [31;1m[223/452] Compiling v3_akeya.cc[0m
2026-10-07T16:03:50.5377706Z [31;1m[224/452] Compiling v3_akey.cc[0m
2026-10-07T16:03:53.1830972Z [31;1m[225/452] Compiling t_x509a.cc[0m
2026-10-07T16:03:53.2702865Z [31;1m[226/452] Compiling t_crl.cc[0m
2026-10-07T16:03:53.9251607Z [31;1m[227/452] Compiling t_x509.cc[0m
2026-10-07T16:03:54.2876610Z [31;1m[228/452] Compiling t_req.cc[0m
2026-10-07T16:03:55.9739985Z [31;1m[229/452] Compiling rsa_pss.cc[0m
2026-10-07T16:03:56.2167774Z [31;1m[230/452] Compiling name_print.cc[0m
2026-10-07T16:03:57.0450124Z [31;1m[231/452] Compiling i2d_pr.cc[0m
2026-10-07T16:03:58.1397049Z [31;1m[232/452] Compiling policy.cc[0m
2026-10-07T16:03:59.8641693Z [31;1m[233/452] Compiling by_file.cc[0m
2026-10-07T16:03:59.9848001Z [31;1m[234/452] Compiling by_dir.cc[0m
2026-10-07T16:04:00.8567885Z [31;1m[235/452] Compiling asn1_gen.cc[0m
2026-10-07T16:04:01.9827527Z [31;1m[236/452] Compiling algorithm.cc[0m
2026-10-07T16:04:02.6667958Z [31;1m[237/452] Compiling a_verify.cc[0m
2026-10-07T16:04:03.8146612Z [31;1m[238/452] Compiling a_digest.cc[0m
2026-10-07T16:04:04.0440498Z [31;1m[239/452] Compiling a_sign.cc[0m
2026-10-07T16:04:05.4790475Z [31;1m[240/452] Compiling voprf.cc[0m
2026-10-07T16:04:06.1206397Z [31;1m[241/452] Compiling trust_token.cc[0m
2026-10-07T16:04:06.9913972Z [31;1m[242/452] Compiling pmbtoken.cc[0m
2026-10-07T16:04:07.6270425Z [31;1m[243/452] Compiling thread_win.cc[0m
2026-10-07T16:04:08.3163085Z [31;1m[244/452] Compiling thread_pthread.cc[0m
2026-10-07T16:04:08.6783891Z [31;1m[245/452] Compiling thread.cc[0m
2026-10-07T16:04:10.2170889Z [31;1m[246/452] Compiling thread_none.cc[0m
2026-10-07T16:04:10.6461252Z [31;1m[247/452] Compiling stack.cc[0m
2026-10-07T16:04:11.2535010Z [31;1m[248/452] Compiling slhdsa.cc[0m
2026-10-07T16:04:11.9696724Z [31;1m[249/452] Compiling spake2plus.cc[0m
2026-10-07T16:04:12.8630092Z [31;1m[250/452] Compiling siphash.cc[0m
2026-10-07T16:04:13.6825887Z [31;1m[251/452] Compiling sha512.cc[0m
2026-10-07T16:04:13.7996179Z [31;1m[252/452] Compiling sha256.cc[0m
2026-10-07T16:04:14.3185931Z [31;1m[253/452] Compiling sha1.cc[0m
2026-10-07T16:04:15.0733456Z [31;1m[254/452] Compiling rsa_print.cc[0m
2026-10-07T16:04:16.3910310Z [31;1m[255/452] Compiling rsa_extra.cc[0m
2026-10-07T16:04:17.1887424Z [31;1m[256/452] Compiling rsa_crypt.cc[0m
2026-10-07T16:04:17.5205208Z [31;1m[257/452] Compiling rc4.cc[0m
2026-10-07T16:04:17.6968109Z [31;1m[258/452] Compiling refcount.cc[0m
2026-10-07T16:04:19.2773718Z [31;1m[259/452] Compiling rsa_asn1.cc[0m
2026-10-07T16:04:19.3441148Z [31;1m[260/452] Compiling urandom.cc[0m
2026-10-07T16:04:19.6000101Z [31;1m[261/452] Compiling windows.cc[0m
2026-10-07T16:04:19.6002061Z [31;1m[262/452] Compiling trusty.cc[0m
2026-10-07T16:04:19.8093554Z [31;1m[263/452] Compiling rand.cc[0m
2026-10-07T16:04:21.6476604Z [31;1m[264/452] Compiling getentropy.cc[0m
2026-10-07T16:04:21.6532775Z [31;1m[265/452] Compiling ios.cc[0m
2026-10-07T16:04:22.9790256Z [31;1m[266/452] Compiling passive.cc[0m
2026-10-07T16:04:23.7142335Z [31;1m[267/452] Compiling forkunsafe.cc[0m
2026-10-07T16:04:23.8157063Z [31;1m[268/452] Compiling deterministic.cc[0m
2026-10-07T16:04:24.7654171Z [31;1m[269/452] Compiling poly1305_arm_asm.S[0m
2026-10-07T16:04:25.7506439Z [31;1m[270/452] Compiling fork_detect.cc[0m
2026-10-07T16:04:26.3444570Z [31;1m[271/452] Compiling pool.cc[0m
2026-10-07T16:04:26.9622726Z [31;1m[272/452] Compiling poly1305_vec.cc[0m
2026-10-07T16:04:27.9879190Z [31;1m[273/452] Compiling poly1305_arm.cc[0m
2026-10-07T16:04:29.7325978Z [31;1m[274/452] Compiling poly1305.cc[0m
2026-10-07T16:04:30.5831287Z [31;1m[275/452] Compiling pkcs8_x509.cc[0m
2026-10-07T16:04:30.6196639Z [31;1m[276/452] Compiling pkcs8.cc[0m
2026-10-07T16:04:31.9311864Z [31;1m[277/452] Compiling p5_pbev2.cc[0m
2026-10-07T16:04:32.1191894Z [31;1m[278/452] Compiling pkcs7_x509.cc[0m
2026-10-07T16:04:33.3029483Z [31;1m[279/452] Compiling pkcs7.cc[0m
2026-10-07T16:04:33.3033096Z [31;1m[280/452] Compiling pem_xaux.cc[0m
2026-10-07T16:04:33.3034588Z [31;1m[281/452] Compiling pem_x509.cc[0m
2026-10-07T16:04:34.7300739Z [31;1m[282/452] Compiling pem_pkey.cc[0m
2026-10-07T16:04:36.0554091Z [31;1m[283/452] Compiling pem_pk8.cc[0m
2026-10-07T16:04:37.2629381Z [31;1m[284/452] Compiling pem_oth.cc[0m
2026-10-07T16:04:37.5027700Z [31;1m[285/452] Compiling pem_lib.cc[0m
2026-10-07T16:04:37.8079731Z [31;1m[286/452] Compiling pem_info.cc[0m
2026-10-07T16:04:39.4236596Z [31;1m[287/452] Compiling pem_all.cc[0m
2026-10-07T16:04:39.6273974Z [31;1m[288/452] Compiling obj_xref.cc[0m
2026-10-07T16:04:39.9550285Z [31;1m[289/452] Compiling mlkem.cc[0m
2026-10-07T16:04:40.9535506Z [31;1m[290/452] Compiling mldsa.cc[0m
2026-10-07T16:04:42.6432813Z [31;1m[291/452] Compiling obj.cc[0m
2026-10-07T16:04:42.9290560Z [31;1m[292/452] Compiling mem.cc[0m
2026-10-07T16:04:43.2287855Z [31;1m[293/452] Compiling md5.cc[0m
2026-10-07T16:04:43.3099950Z [31;1m[294/452] Compiling md4.cc[0m
2026-10-07T16:04:44.1814925Z [31;1m[295/452] Compiling poly_rq_mul.S[0m
2026-10-07T16:04:46.0375896Z [31;1m[296/452] Compiling lhash.cc[0m
2026-10-07T16:04:46.1510467Z [31;1m[297/452] Compiling kyber.cc[0m
2026-10-07T16:04:46.5036898Z [31;1m[298/452] Compiling fips_shared_support.cc[0m
2026-10-07T16:04:46.8564560Z [31;1m[299/452] Compiling hrss.cc[0m
2026-10-07T16:04:47.3353220Z [31;1m[300/452] Compiling hpke.cc[0m
2026-10-07T16:04:49.6306687Z [31;1m[301/452] Compiling fuzzer_mode.cc[0m
2026-10-07T16:04:50.1989212Z [31;1m[302/452] Compiling ex_data.cc[0m
2026-10-07T16:04:50.5465864Z [31;1m[303/452] Compiling sign.cc[0m
2026-10-07T16:04:53.0324680Z [31;1m[304/452] Compiling scrypt.cc[0m
2026-10-07T16:04:53.4535499Z [31;1m[305/452] Compiling print.cc[0m
2026-10-07T16:04:53.9303451Z [31;1m[306/452] Compiling pbkdf.cc[0m
2026-10-07T16:04:56.2473963Z [31;1m[307/452] Compiling p_x25519_asn1.cc[0m
2026-10-07T16:04:56.8490347Z [31;1m[308/452] Compiling p_x25519.cc[0m
2026-10-07T16:04:56.8522550Z [31;1m[309/452] Compiling bcm.cc[0m
2026-10-07T16:04:57.4848027Z [31;1m[310/452] Compiling p_rsa_asn1.cc[0m
2026-10-07T16:04:59.6375146Z [31;1m[311/452] Compiling p_rsa.cc[0m
2026-10-07T16:04:59.6413867Z [31;1m[312/452] Compiling p_hkdf.cc[0m
2026-10-07T16:04:59.6415725Z [31;1m[313/452] Compiling p_ed25519_asn1.cc[0m
2026-10-07T16:05:00.1935024Z [31;1m[314/452] Compiling p_ed25519.cc[0m
2026-10-07T16:05:02.9836967Z [31;1m[315/452] Compiling p_ec_asn1.cc[0m
2026-10-07T16:05:03.0798067Z [31;1m[316/452] Compiling p_ec.cc[0m
2026-10-07T16:05:03.5271710Z [31;1m[317/452] Compiling p_dsa_asn1.cc[0m
2026-10-07T16:05:04.4798038Z [31;1m[318/452] Compiling p_dh_asn1.cc[0m
2026-10-07T16:05:06.3926935Z [31;1m[319/452] Compiling p_dh.cc[0m
2026-10-07T16:05:06.8404423Z [31;1m[320/452] Compiling evp_ctx.cc[0m
2026-10-07T16:05:06.9187996Z [31;1m[321/452] Compiling evp_asn1.cc[0m
2026-10-07T16:05:07.7626138Z [31;1m[322/452] Compiling evp.cc[0m
2026-10-07T16:05:09.5812824Z [31;1m[323/452] Compiling err.cc[0m
2026-10-07T16:05:10.0101240Z [31;1m[324/452] Compiling engine.cc[0m
2026-10-07T16:05:10.3455619Z [31;1m[325/452] Compiling ecdsa_p1363.cc[0m
2026-10-07T16:05:11.0176455Z [31;1m[326/452] Compiling ecdsa_asn1.cc[0m
2026-10-07T16:05:13.2777021Z [31;1m[327/452] Compiling ecdh.cc[0m
2026-10-07T16:05:13.9669969Z [31;1m[328/452] Compiling hash_to_curve.cc[0m
2026-10-07T16:05:13.9717222Z [31;1m[329/452] Compiling ec_derive.cc[0m
2026-10-07T16:05:14.5494612Z [31;1m[330/452] Compiling ec_asn1.cc[0m
2026-10-07T16:05:16.4685169Z [31;1m[331/452] Compiling dsa_asn1.cc[0m
2026-10-07T16:05:16.7759962Z [31;1m[332/452] Compiling dsa.cc[0m
2026-10-07T16:05:17.7189599Z [31;1m[333/452] Compiling digest_extra.cc[0m
2026-10-07T16:05:17.9199613Z [31;1m[334/452] Compiling params.cc[0m
2026-10-07T16:05:19.9014495Z [31;1m[335/452] Compiling dh_asn1.cc[0m
2026-10-07T16:05:19.9825817Z [31;1m[336/452] Compiling des.cc[0m
2026-10-07T16:05:20.1229022Z [31;1m[337/452] Compiling x25519-asm-arm.S[0m
2026-10-07T16:05:20.8373194Z [31;1m[338/452] Compiling spake25519.cc[0m
2026-10-07T16:05:21.7502209Z [31;1m[339/452] Compiling curve25519_64_adx.cc[0m
2026-10-07T16:05:22.4212105Z [31;1m[340/452] Compiling curve25519.cc[0m
2026-10-07T16:05:23.1994749Z [31;1m[341/452] Compiling cpu_intel.cc[0m
2026-10-07T16:05:24.0102850Z [31;1m[342/452] Compiling crypto.cc[0m
2026-10-07T16:05:24.9759868Z [31;1m[343/452] Compiling cpu_arm_linux.cc[0m
2026-10-07T16:05:25.5889840Z [31;1m[344/452] Compiling cpu_arm_freebsd.cc[0m
2026-10-07T16:05:26.1164140Z [31;1m[345/452] Compiling cpu_aarch64_win.cc[0m
2026-10-07T16:05:26.3677004Z [31;1m[346/452] Compiling cpu_aarch64_openbsd.cc[0m
2026-10-07T16:05:28.1671534Z [31;1m[347/452] Compiling cpu_aarch64_sysreg.cc[0m
2026-10-07T16:05:29.1451286Z [31;1m[348/452] Compiling cpu_aarch64_linux.cc[0m
2026-10-07T16:05:29.2195659Z [31;1m[349/452] Compiling cpu_aarch64_fuchsia.cc[0m
2026-10-07T16:05:29.6237809Z [31;1m[350/452] Compiling cpu_aarch64_apple.cc[0m
2026-10-07T16:05:30.9366040Z [31;1m[351/452] Compiling conf.cc[0m
2026-10-07T16:05:31.9949176Z [31;1m[352/452] Compiling cms.cc[0m
2026-10-07T16:05:32.4189098Z [31;1m[353/452] Compiling tls_cbc.cc[0m
2026-10-07T16:05:33.1284768Z [31;1m[354/452] Compiling get_cipher.cc[0m
2026-10-07T16:05:34.1191313Z [31;1m[355/452] Compiling e_tls.cc[0m
2026-10-07T16:05:35.2081503Z [31;1m[356/452] Compiling e_rc4.cc[0m
2026-10-07T16:05:35.5692854Z [31;1m[357/452] Compiling e_rc2.cc[0m
2026-10-07T16:05:36.8257755Z [31;1m[358/452] Compiling e_null.cc[0m
2026-10-07T16:05:37.3851810Z [31;1m[359/452] Compiling e_des.cc[0m
2026-10-07T16:05:38.4650253Z [31;1m[360/452] Compiling e_chacha20poly1305.cc[0m
2026-10-07T16:05:38.8574028Z [31;1m[361/452] Compiling e_aesgcmsiv.cc[0m
2026-10-07T16:05:39.5126542Z [31;1m[362/452] Compiling e_aeseax.cc[0m
2026-10-07T16:05:40.0963018Z [31;1m[363/452] Compiling derive_key.cc[0m
2026-10-07T16:05:41.1990768Z [31;1m[364/452] Compiling e_aesctrhmac.cc[0m
2026-10-07T16:05:41.7126724Z [31;1m[365/452] Compiling unicode.cc[0m
2026-10-07T16:05:43.0158658Z [31;1m[366/452] Compiling chacha.cc[0m
2026-10-07T16:05:43.5028048Z [31;1m[367/452] Compiling cbs.cc[0m
2026-10-07T16:05:43.5823769Z [31;1m[368/452] Compiling cbb.cc[0m
2026-10-07T16:05:45.1165798Z [31;1m[369/452] Compiling ber.cc[0m
2026-10-07T16:05:45.5810255Z [31;1m[370/452] Compiling asn1_compat.cc[0m
2026-10-07T16:05:46.1547064Z [31;1m[371/452] Compiling sqrt.cc[0m
2026-10-07T16:05:46.7888993Z [31;1m[372/452] Compiling buf.cc[0m
2026-10-07T16:05:48.3248074Z [31;1m[373/452] Compiling exponentiation.cc[0m
2026-10-07T16:05:48.4084920Z [31;1m[374/452] Compiling div.cc[0m
2026-10-07T16:05:48.9426379Z [31;1m[375/452] Compiling bn_asn1.cc[0m
2026-10-07T16:05:50.2477576Z [31;1m[376/452] Compiling convert.cc[0m
2026-10-07T16:05:51.6483919Z [31;1m[377/452] Compiling blake2.cc[0m
2026-10-07T16:05:51.6495198Z [31;1m[378/452] Compiling printf.cc[0m
2026-10-07T16:05:52.0684270Z [31;1m[379/452] Compiling pair.cc[0m
2026-10-07T16:05:53.6510323Z [31;1m[380/452] Compiling hexdump.cc[0m
2026-10-07T16:05:53.6540878Z [31;1m[381/452] Compiling file.cc[0m
2026-10-07T16:05:53.6542400Z [31;1m[381/452] Compiling fd.cc[0m
2026-10-07T16:05:54.8936001Z [31;1m[383/452] Compiling errno.cc[0m
2026-10-07T16:05:56.8382778Z [31;1m[384/452] Compiling bio_mem.cc[0m
2026-10-07T16:05:57.0185051Z [31;1m[385/452] Compiling base64.cc[0m
2026-10-07T16:05:57.6717751Z [31;1m[386/452] Compiling bio.cc[0m
2026-10-07T16:05:58.3459820Z [31;1m[387/452] Compiling tasn_typ.cc[0m
2026-10-07T16:05:59.2544444Z [31;1m[388/452] Compiling tasn_utl.cc[0m
2026-10-07T16:06:00.2973816Z [31;1m[389/452] Compiling tasn_fre.cc[0m
2026-10-07T16:06:00.9830087Z [31;1m[390/452] Compiling tasn_new.cc[0m
2026-10-07T16:06:01.5736556Z [31;1m[391/452] Compiling tasn_enc.cc[0m
2026-10-07T16:06:01.8850830Z [31;1m[392/452] Compiling posix_time.cc[0m
2026-10-07T16:06:02.5721533Z [31;1m[393/452] Compiling tasn_dec.cc[0m
2026-10-07T16:06:02.5786989Z [31;1m[394/452] Compiling f_string.cc[0m
2026-10-07T16:06:03.8027955Z [31;1m[395/452] Compiling f_int.cc[0m
2026-10-07T16:06:04.1069478Z [31;1m[396/452] Compiling asn_pack.cc[0m
2026-10-07T16:06:05.6166079Z [31;1m[397/452] Compiling asn1_par.cc[0m
2026-10-07T16:06:06.0877126Z [31;1m[398/452] Compiling a_utctm.cc[0m
2026-10-07T16:06:06.2732861Z [31;1m[399/452] Compiling asn1_lib.cc[0m
2026-10-07T16:06:06.4930976Z [31;1m[400/452] Compiling a_type.cc[0m
2026-10-07T16:06:06.4982323Z [31;1m[401/452] Compiling a_time.cc[0m
2026-10-07T16:06:09.0227078Z [31;1m[402/452] Compiling a_octet.cc[0m
2026-10-07T16:06:09.4224428Z [31;1m[403/452] Compiling a_strnid.cc[0m
2026-10-07T16:06:09.9660897Z [31;1m[404/452] Compiling a_strex.cc[0m
2026-10-07T16:06:10.8870585Z [31;1m[405/452] Compiling a_object.cc[0m
2026-10-07T16:06:11.6546787Z [31;1m[406/452] Compiling a_mbstr.cc[0m
2026-10-07T16:06:12.3407997Z [31;1m[407/452] Compiling a_i2d_fp.cc[0m
2026-10-07T16:06:12.4999156Z [31;1m[408/452] Compiling a_gentm.cc[0m
2026-10-07T16:06:13.1540608Z [31;1m[409/452] Compiling a_int.cc[0m
2026-10-07T16:06:13.8371398Z [31;1m[410/452] Compiling a_dup.cc[0m
2026-10-07T16:06:14.0078759Z [31;1m[411/452] Compiling a_d2i_fp.cc[0m
2026-10-07T16:06:14.4699385Z [31;1m[412/452] Write sources[0m
2026-10-07T16:06:15.0047473Z [31;1m[413/456] Compiling a_bool.cc[0m
2026-10-07T16:06:15.7068067Z [31;1m[414/458] Compiling aes.cc[0m
2026-10-07T16:06:15.7843759Z [31;1m[415/458] Compiling a_bitstr.cc[0m
2026-10-07T16:06:20.6403780Z [31;1m[417/558] Emitting module _NIOBase64[0m
2026-10-07T16:06:23.6917463Z [31;1m[418/558] Compiling _NIOBase64 Base64.swift[0m
2026-10-07T16:06:23.7043096Z [31;1m[419/559] Compiling _NIODataStructures PriorityQueue.swift[0m
2026-10-07T16:06:23.8277177Z [31;1m[420/559] Emitting module _NIODataStructures[0m
2026-10-07T16:06:23.8682170Z [31;1m[421/559] Compiling _NIODataStructures _TinyArray.swift[0m
2026-10-07T16:06:23.9122038Z [31;1m[423/559] Compiling _NIODataStructures Heap.swift[0m
2026-10-07T16:06:23.9442561Z [31;1m[423/560] Wrapping AST for _NIOBase64 for debugging[0m
2026-10-07T16:06:24.3936018Z [31;1m[425/562] Wrapping AST for _NIODataStructures for debugging[0m
2026-10-07T16:07:01.5100391Z [31;1m[427/568] Compiling NIOConcurrencyHelpers atomics.swift[0m
2026-10-07T16:07:15.0412647Z [31;1m[428/569] Compiling NIOConcurrencyHelpers lock.swift[0m
2026-10-07T16:07:15.2332029Z [31;1m[429/569] Emitting module NIOConcurrencyHelpers[0m
2026-10-07T16:07:15.2452518Z [31;1m[430/569] Compiling NIOConcurrencyHelpers NIOAtomic.swift[0m
2026-10-07T16:07:15.4453446Z [31;1m[431/569] Compiling NIOConcurrencyHelpers NIOLock.swift[0m
2026-10-07T16:07:15.6347173Z [31;1m[432/569] Compiling NIOConcurrencyHelpers NIOLockedValueBox.swift[0m
2026-10-07T16:07:15.7620038Z [31;1m[433/569] Compiling NIOConcurrencyHelpers NIOThreadPoolWorkAvailable.swift[0m
2026-10-07T16:07:16.0133830Z [31;1m[435/570] Emitting module RightClickARD[0m
2026-10-07T16:07:16.6370995Z [31;1m[436/570] Compiling RightClickARD ARD.swift[0m
2026-10-07T16:07:18.5368244Z [31;1m[437/571] Emitting module SystemPackage[0m
2026-10-07T16:07:18.7194509Z [31;1m[443/580] Compiling SwiftProtobuf BinaryDecodingError.swift[0m
2026-10-07T16:07:19.3866494Z [31;1m[444/580] Compiling SwiftProtobuf BinaryDecodingOptions.swift[0m
2026-10-07T16:07:19.5605443Z [31;1m[445/580] Compiling SwiftProtobuf BinaryDelimited.swift[0m
2026-10-07T16:07:19.5767924Z [31;1m[446/580] Compiling SwiftProtobuf BinaryEncoder.swift[0m
2026-10-07T16:07:19.7530223Z [31;1m[447/580] Compiling SwiftProtobuf BinaryEncodingError.swift[0m
2026-10-07T16:07:19.7611897Z [31;1m[448/614] Compiling InternalCollectionsUtilities Descriptions.swift[0m
2026-10-07T16:07:21.3116886Z [31;1m[449/614] Compiling InternalCollectionsUtilities FixedWidthInteger+roundUpToPowerOfTwo.swift[0m
2026-10-07T16:07:21.5087050Z [31;1m[450/614] Compiling InternalCollectionsUtilities Integer rank.swift[0m
2026-10-07T16:07:27.6339664Z [31;1m[451/616] Compiling Logging LoggingSystem.swift[0m
2026-10-07T16:07:34.7595774Z [31;1m[452/616] Compiling Logging MetadataProvider.swift[0m
2026-10-07T16:07:40.6998432Z [31;1m[453/616] Compiling InternalCollectionsUtilities MutableRef.swift[0m
2026-10-07T16:07:41.8833139Z [31;1m[454/616] Compiling InternalCollectionsUtilities MutableSpan+Extras.swift[0m
2026-10-07T16:07:41.8922098Z [31;1m[455/616] Compiling InternalCollectionsUtilities OutputSpan+Extras.swift[0m
2026-10-07T16:07:42.0631729Z [31;1m[456/616] Compiling InternalCollectionsUtilities RandomAccessCollection+Offsets.swift[0m
2026-10-07T16:07:42.0642881Z [31;1m[457/616] Compiling InternalCollectionsUtilities Span+Extras.swift[0m
2026-10-07T16:07:42.0646587Z [31;1m[458/616] Compiling InternalCollectionsUtilities Strideable+LimitHelpers.swift[0m
2026-10-07T16:07:42.0675448Z [31;1m[459/616] Compiling InternalCollectionsUtilities String+Padding.swift[0m
2026-10-07T16:07:42.1503014Z [31;1m[460/616] Compiling InternalCollectionsUtilities TemporaryAllocation.swift[0m
2026-10-07T16:07:42.2459167Z [31;1m[461/616] Compiling InternalCollectionsUtilities _UnsafeBitSet+Index.swift[0m
2026-10-07T16:07:42.2463266Z [31;1m[462/616] Compiling InternalCollectionsUtilities _UnsafeBitSet+_Word.swift[0m
2026-10-07T16:07:42.2984850Z [31;1m[463/616] Compiling InternalCollectionsUtilities _UnsafeBitSet.swift[0m
2026-10-07T16:07:42.6096203Z [31;1m[464/616] Compiling InternalCollectionsUtilities UnsafeBufferPointer+Extras.swift[0m
2026-10-07T16:07:42.6174373Z [31;1m[465/616] Compiling SwiftProtobuf FieldTypes.swift[0m
2026-10-07T16:07:42.6204465Z [31;1m[466/616] Compiling SwiftProtobuf Google_Protobuf_Any+Extensions.swift[0m
2026-10-07T16:07:42.6278580Z [31;1m[467/616] Compiling SwiftProtobuf Google_Protobuf_Any+Registry.swift[0m
2026-10-07T16:07:47.8264848Z [31;1m[468/616] Compiling SwiftProtobuf Google_Protobuf_Duration+Extensions.swift[0m
2026-10-07T16:07:53.7654363Z [31;1m[469/616] Emitting module Logging[0m
2026-10-07T16:07:57.3293565Z [31;1m[470/616] Compiling InternalCollectionsUtilities BorrowingIteratorProtocol+Equality.swift[0m
2026-10-07T16:08:02.7202367Z [31;1m[471/616] Compiling InternalCollectionsUtilities BorrowingIteratorProtocol+Extras.swift[0m
2026-10-07T16:08:02.9470218Z [31;1m[472/616] Compiling InternalCollectionsUtilities Debugging.swift[0m
2026-10-07T16:08:02.9907700Z [31;1m[473/616] Emitting module InternalCollectionsUtilities[0m
2026-10-07T16:08:03.1233335Z [31;1m[474/623] Compiling InternalCollectionsUtilities UInt+first and last set bit.swift[0m
2026-10-07T16:08:03.1650531Z [31;1m[475/623] Compiling InternalCollectionsUtilities UInt+reversed.swift[0m
2026-10-07T16:08:03.2479589Z [31;1m[476/623] Compiling InternalCollectionsUtilities Iterable+CopyContents.swift[0m
2026-10-07T16:08:03.6603029Z [31;1m[496/624] Compiling SwiftProtobuf Message+BinaryAdditions_Data.swift[0m
2026-10-07T16:08:09.1970704Z [31;1m[497/624] Compiling SwiftProtobuf Message+FieldMask.swift[0m
2026-10-07T16:08:15.1421547Z [31;1m[498/624] Compiling SwiftProtobuf Message+JSONAdditions.swift[0m
2026-10-07T16:08:19.8909460Z [31;1m[499/624] Compiling SwiftProtobuf Message+JSONAdditions_Data.swift[0m
2026-10-07T16:08:22.8373161Z [31;1m[500/624] Compiling SwiftProtobuf Message+JSONArrayAdditions.swift[0m
2026-10-07T16:08:22.9900427Z [31;1m[501/624] Compiling SwiftProtobuf Message+JSONArrayAdditions_Data.swift[0m
2026-10-07T16:08:23.1443126Z [31;1m[502/624] Compiling SwiftProtobuf Message+TextFormatAdditions.swift[0m
2026-10-07T16:08:23.3460086Z [31;1m[503/624] Compiling SwiftProtobuf Message.swift[0m
2026-10-07T16:08:23.5488842Z [31;1m[504/624] Compiling SwiftProtobuf MessageExtension.swift[0m
2026-10-07T16:08:23.7519447Z [31;1m[505/624] Compiling SwiftProtobuf NameMap.swift[0m
2026-10-07T16:08:23.7522757Z [31;1m[506/624] Compiling SwiftProtobuf PathDecoder.swift[0m
2026-10-07T16:08:23.7527541Z [31;1m[507/624] Compiling SwiftProtobuf PathVisitor.swift[0m
2026-10-07T16:08:23.9550068Z [31;1m[508/624] Compiling SwiftProtobuf ProtoNameProviding.swift[0m
2026-10-07T16:08:24.1577456Z [31;1m[509/624] Compiling SwiftProtobuf ProtobufAPIVersionCheck.swift[0m
2026-10-07T16:08:24.3623064Z [31;1m[510/624] Compiling SwiftProtobuf ProtobufMap.swift[0m
2026-10-07T16:08:24.3626926Z [31;1m[511/624] Compiling SwiftProtobuf SelectiveVisitor.swift[0m
2026-10-07T16:08:24.3652702Z [31;1m[512/624] Compiling SwiftProtobuf SimpleExtensionMap.swift[0m
2026-10-07T16:08:24.3655086Z [31;1m[513/624] Compiling SwiftProtobuf StringUtils.swift[0m
2026-10-07T16:08:24.3657263Z [31;1m[514/624] Compiling SwiftProtobuf SwiftProtobufContiguousBytes.swift[0m
2026-10-07T16:08:24.3659473Z [31;1m[515/624] Compiling SwiftProtobuf SwiftProtobufError.swift[0m
2026-10-07T16:08:24.3669525Z [31;1m[516/624] Compiling SwiftProtobuf TextFormatDecoder.swift[0m
2026-10-07T16:08:24.3671718Z [31;1m[517/624] Compiling SwiftProtobuf TextFormatDecodingError.swift[0m
2026-10-07T16:08:24.3673982Z [31;1m[518/624] Compiling SwiftProtobuf TextFormatDecodingOptions.swift[0m
2026-10-07T16:08:24.3676396Z [31;1m[519/630] Compiling InternalCollectionsUtilities UnsafeMutableBufferPointer+Extras.swift[0m
2026-10-07T16:08:24.3689699Z [31;1m[520/630] Compiling InternalCollectionsUtilities UnsafeMutablePointer+Extras.swift[0m
2026-10-07T16:08:24.3694511Z [31;1m[521/630] Compiling InternalCollectionsUtilities UnsafeMutableRawBufferPointer+Extras.swift[0m
2026-10-07T16:08:24.3698827Z [31;1m[522/630] Compiling InternalCollectionsUtilities UnsafePointer+Extras.swift[0m
2026-10-07T16:08:24.3740132Z [31;1m[523/630] Compiling InternalCollectionsUtilities UnsafeRawBufferPointer+Extras.swift[0m
2026-10-07T16:08:24.3805552Z [31;1m[524/630] Compiling InternalCollectionsUtilities _SortedCollection.swift[0m
2026-10-07T16:08:24.3901829Z [31;1m[525/630] Compiling InternalCollectionsUtilities _UniqueCollection.swift[0m
2026-10-07T16:08:24.3904939Z [31;1m[529/630] Compiling SystemPackage PlatformString.swift[0m
2026-10-07T16:08:24.3906811Z [31;1m[530/630] Compiling SystemPackage SystemString.swift[0m
2026-10-07T16:08:24.3908261Z [31;1m[531/630] Compiling SystemPackage Util+StringArray.swift[0m
2026-10-07T16:08:24.3909482Z [31;1m[532/630] Compiling SystemPackage Util.swift[0m
2026-10-07T16:08:24.3910627Z [31;1m[533/630] Compiling SystemPackage UtilConsumers.swift[0m
2026-10-07T16:08:24.3911859Z [31;1m[534/630] Compiling SystemPackage WinSDK+Overlay.swift[0m
2026-10-07T16:08:24.3913002Z [31;1m[543/649] Wrapping AST for RightClickARD for debugging[0m
2026-10-07T16:08:24.3914149Z [31;1m[544/649] Wrapping AST for SystemPackage for debugging[0m
2026-10-07T16:08:24.3915395Z [31;1m[545/649] Wrapping AST for NIOConcurrencyHelpers for debugging[0m
2026-10-07T16:08:24.3916544Z [31;1m[546/649] Wrapping AST for Logging for debugging[0m
2026-10-07T16:08:24.3917773Z [31;1m[547/649] Wrapping AST for InternalCollectionsUtilities for debugging[0m
2026-10-07T16:08:24.3918957Z [31;1m[561/653] Compiling SwiftProtobuf JSONDecoder.swift[0m
2026-10-07T16:08:24.3920038Z [31;1m[562/653] Compiling SwiftProtobuf JSONDecodingError.swift[0m
2026-10-07T16:08:24.3921196Z [31;1m[563/653] Compiling SwiftProtobuf JSONDecodingOptions.swift[0m
2026-10-07T16:08:24.3922313Z [31;1m[564/653] Compiling SwiftProtobuf JSONEncoder.swift[0m
2026-10-07T16:08:24.3923379Z [31;1m[565/653] Compiling SwiftProtobuf JSONEncodingError.swift[0m
2026-10-07T16:08:24.3924836Z [31;1m[566/653] Compiling SwiftProtobuf JSONEncodingOptions.swift[0m
2026-10-07T16:08:24.3926042Z [31;1m[567/653] Compiling SwiftProtobuf JSONEncodingVisitor.swift[0m
2026-10-07T16:08:24.3927231Z [31;1m[568/653] Compiling SwiftProtobuf JSONMapEncodingVisitor.swift[0m
2026-10-07T16:08:24.3928336Z [31;1m[569/653] Compiling SwiftProtobuf JSONScanner.swift[0m
2026-10-07T16:08:24.3929326Z [31;1m[570/653] Compiling SwiftProtobuf MathUtils.swift[0m
2026-10-07T16:08:24.3930418Z [31;1m[571/653] Compiling SwiftProtobuf Message+AnyAdditions.swift[0m
2026-10-07T16:08:24.3931582Z [31;1m[572/653] Compiling SwiftProtobuf Message+BinaryAdditions.swift[0m
2026-10-07T16:08:24.3935251Z [31;1m[573/653] Emitting module SpanPreview[0m
2026-10-07T16:08:24.3936248Z [31;1m[574/653] Compiling SpanPreview InputSpan.swift[0m
2026-10-07T16:08:24.3937375Z [31;1m[575/653] Compiling SpanPreview MutableSpan+InputSpanHelpers.swift[0m
2026-10-07T16:08:24.3938699Z [31;1m[576/653] Compiling SpanPreview OutputSpan+InputSpanHelpers.swift[0m
2026-10-07T16:08:24.3939853Z [31;1m[578/656] Emitting module RightClickARDTests[0m
2026-10-07T16:08:24.3940910Z [31;1m[579/656] Compiling RightClickARDTests ARDPortableTests.swift[0m
2026-10-07T16:08:24.3942021Z [31;1m[580/659] Wrapping AST for SpanPreview for debugging[0m
2026-10-07T16:08:24.3943088Z [31;1m[581/659] Wrapping AST for RightClickARDTests for debugging[0m
2026-10-07T16:08:24.3944083Z [31;1m[582/659] Emitting module RightClickARDProbe[0m
2026-10-07T16:08:24.3945074Z [31;1m[583/659] Compiling RightClickARDProbe main.swift[0m
2026-10-07T16:08:24.3945986Z [31;1m[585/659] Emitting module SwiftProtobuf[0m
2026-10-07T16:08:24.3946788Z [31;1m[611/728] Emitting module MCP[0m
2026-10-07T16:08:24.3947696Z [31;1m[612/744] Compiling DequeModule RigidDeque+Prepend.swift[0m
2026-10-07T16:08:24.3948823Z [31;1m[613/744] Compiling DequeModule RigidDeque+Removals.swift[0m
2026-10-07T16:08:24.3950018Z [31;1m[614/744] Compiling DequeModule RigidDeque+Replacements.swift[0m
2026-10-07T16:08:24.3952583Z [31;1m[615/744] Compiling DequeModule RigidDeque+Testing.swift[0m
2026-10-07T16:08:24.3953786Z [31;1m[616/744] Compiling DequeModule RigidDeque.swift[0m
2026-10-07T16:08:24.3954837Z [31;1m[617/744] Compiling DequeModule UniqueDeque+Append.swift[0m
2026-10-07T16:08:24.3956006Z [31;1m[618/744] Compiling DequeModule UniqueDeque+Consumption.swift[0m
2026-10-07T16:08:24.3957288Z [31;1m[619/744] Compiling DequeModule UniqueDeque+ContainerOperations.swift[0m
2026-10-07T16:08:24.3958581Z [31;1m[620/744] Compiling DequeModule UniqueDeque+Deprecations.swift[0m
2026-10-07T16:08:24.3959731Z [31;1m[621/744] Compiling DequeModule UniqueDeque+Descriptions.swift[0m
2026-10-07T16:08:24.3960825Z [31;1m[622/744] Compiling DequeModule UniqueDeque+Equatable.swift[0m
2026-10-07T16:08:24.3961868Z [31;1m[623/744] Compiling DequeModule _DequeBuffer.swift[0m
2026-10-07T16:08:24.3962897Z [31;1m[624/744] Compiling DequeModule _DequeBufferHeader.swift[0m
2026-10-07T16:08:24.3963984Z [31;1m[625/744] Compiling DequeModule RigidDeque+Append.swift[0m
2026-10-07T16:08:24.3965147Z [31;1m[626/744] Compiling DequeModule RigidDeque+Consumption.swift[0m
2026-10-07T16:08:24.3966433Z [31;1m[627/744] Compiling DequeModule RigidDeque+ContainerOperations.swift[0m
2026-10-07T16:08:24.3967658Z [31;1m[628/744] Compiling DequeModule RigidDeque+Deprecations.swift[0m
2026-10-07T16:08:24.3968853Z [31;1m[629/744] Compiling DequeModule RigidDeque+Descriptions.swift[0m
2026-10-07T16:08:24.3969995Z [31;1m[630/744] Compiling DequeModule RigidDeque+Equatable.swift[0m
2026-10-07T16:08:24.3971089Z [31;1m[631/744] Compiling DequeModule RigidDeque+Hashable.swift[0m
2026-10-07T16:08:24.3972256Z [31;1m[632/744] Compiling DequeModule RigidDeque+Initializers.swift[0m
2026-10-07T16:08:24.3982094Z [31;1m[633/744] Compiling DequeModule RigidDeque+Insertions.swift[0m
2026-10-07T16:08:24.3995059Z [31;1m[634/744] Compiling DequeModule RigidDeque+Iterable.swift[0m
2026-10-07T16:08:24.4011309Z [31;1m[646/754] Compiling DequeModule UniqueDeque+Hashable.swift[0m
2026-10-07T16:08:24.4028973Z [31;1m[647/761] Emitting module CryptoBoringWrapper[0m
2026-10-07T16:08:24.4042490Z [31;1m[648/762] Compiling CryptoBoringWrapper BoringSSLAEAD.swift[0m
2026-10-07T16:08:24.4060299Z [31;1m[649/762] Compiling CryptoBoringWrapper CryptoKitErrors_boring.swift[0m
2026-10-07T16:08:24.4076530Z [31;1m[650/762] Compiling CryptoBoringWrapper EllipticCurve.swift[0m
2026-10-07T16:08:24.4092171Z [31;1m[651/762] Compiling CryptoBoringWrapper EllipticCurvePoint.swift[0m
2026-10-07T16:08:24.4095179Z [31;1m[652/762] Compiling CryptoBoringWrapper ArbitraryPrecisionInteger.swift[0m
2026-10-07T16:08:24.4098003Z [31;1m[653/762] Compiling CryptoBoringWrapper FiniteFieldArithmeticContext.swift[0m
2026-10-07T16:08:24.4100499Z [31;1m[654/763] Emitting module DequeModule[0m
2026-10-07T16:08:24.4103464Z [31;1m[661/763] Compiling DequeModule Deque+Extras.swift[0m
2026-10-07T16:08:24.4106408Z [31;1m[662/763] Compiling DequeModule Deque+Hashable.swift[0m
2026-10-07T16:08:24.4109262Z [31;1m[663/763] Compiling DequeModule Deque+Testing.swift[0m
2026-10-07T16:08:24.4112086Z [31;1m[664/763] Compiling DequeModule Deque._Storage.swift[0m
2026-10-07T16:08:24.4114982Z [31;1m[665/763] Compiling DequeModule Deque._UnsafeHandle.swift[0m
2026-10-07T16:08:24.4117733Z [31;1m[666/763] Compiling DequeModule Deque.swift[0m
2026-10-07T16:08:24.4120663Z [31;1m[691/763] Compiling CryptoBoringWrapper RandomBytes.swift[0m
2026-10-07T16:08:24.4123518Z [31;1m[692/764] Wrapping AST for RightClickARDProbe for debugging[0m
2026-10-07T16:08:24.4126221Z [31;1m[693/764] Write Objects.LinkFileList[0m
2026-10-07T16:08:24.4129275Z [31;1m[694/764] Wrapping AST for CryptoBoringWrapper for debugging[0m
2026-10-07T16:08:24.4132031Z [31;1m[695/764] Linking rightclick-ard-probe.exe[0m
2026-10-07T16:08:24.4134989Z [31;1m[698/764] Compiling DequeModule UniqueDeque+Initializers.swift[0m
2026-10-07T16:08:24.4137640Z [31;1m[699/764] Compiling DequeModule UniqueDeque+Insertions.swift[0m
2026-10-07T16:08:24.4140497Z [31;1m[700/764] Compiling DequeModule UniqueDeque+Iterable.swift[0m
2026-10-07T16:08:24.4142890Z [31;1m[701/764] Compiling DequeModule UniqueDeque+Prepend.swift[0m
2026-10-07T16:08:24.4145588Z [31;1m[702/764] Compiling DequeModule UniqueDeque+Removals.swift[0m
2026-10-07T16:08:24.4148383Z [31;1m[703/764] Compiling DequeModule UniqueDeque+Replacements.swift[0m
2026-10-07T16:08:24.4150900Z [31;1m[704/764] Compiling DequeModule UniqueDeque.swift[0m
2026-10-07T16:08:24.4167066Z [31;1m[705/764] Compiling DequeModule _DequeSlot.swift[0m
2026-10-07T16:08:24.4171322Z [31;1m[706/764] Compiling DequeModule _UnsafeDequeHandle.swift[0m
2026-10-07T16:08:24.4172451Z [31;1m[707/764] Compiling DequeModule _UnsafeDequeSegments.swift[0m
2026-10-07T16:08:24.4173516Z [31;1m[709/818] Compiling Atomics AtomicValue.swift[0m
2026-10-07T16:08:24.4174545Z [31;1m[710/818] Compiling Atomics AtomicMemoryOrderings.swift[0m
2026-10-07T16:08:24.4175487Z [31;1m[711/818] Compiling Atomics DoubleWord.swift[0m
2026-10-07T16:08:24.4176342Z [31;1m[712/819] Compiling Atomics ManagedAtomic.swift[0m
2026-10-07T16:08:24.4177344Z [31;1m[713/819] Compiling Atomics ManagedAtomicLazyReference.swift[0m
2026-10-07T16:08:24.4178338Z [31;1m[714/831] Compiling Atomics Primitives.native.swift[0m
2026-10-07T16:08:24.4179225Z [31;1m[715/831] Compiling Atomics AtomicInteger.swift[0m
2026-10-07T16:08:24.4180273Z [31;1m[716/831] Compiling Atomics AtomicOptionalWrappable.swift[0m
2026-10-07T16:08:24.4181308Z [31;1m[717/831] Compiling Atomics AtomicReference.swift[0m
2026-10-07T16:08:24.4182174Z [31;1m[718/831] Compiling Atomics AtomicStorage.swift[0m
2026-10-07T16:08:24.4182960Z [31;1m[719/831] Emitting module Atomics[0m
2026-10-07T16:08:24.4183824Z [31;1m[720/831] Compiling Atomics OptionalRawRepresentable.swift[0m
2026-10-07T16:08:24.4184874Z [31;1m[721/831] Compiling Atomics RawRepresentable.swift[0m
2026-10-07T16:08:24.4186108Z [31;1m[722/831] Compiling Atomics AtomicBool.swift[0m
2026-10-07T16:08:24.4187096Z [31;1m[723/831] Compiling Atomics IntegerConformances.swift[0m
2026-10-07T16:08:24.4188124Z [31;1m[724/831] Compiling Atomics PointerConformances.swift[0m
2026-10-07T16:08:24.4189168Z [31;1m[725/831] Compiling SwiftProtobuf TextFormatEncoder.swift[0m
2026-10-07T16:08:24.4190328Z [31;1m[726/831] Compiling SwiftProtobuf TextFormatEncodingOptions.swift[0m
2026-10-07T16:08:24.4191547Z [31;1m[727/831] Compiling SwiftProtobuf TextFormatEncodingVisitor.swift[0m
2026-10-07T16:08:24.4192712Z [31;1m[728/831] Compiling SwiftProtobuf TextFormatScanner.swift[0m
2026-10-07T16:08:24.4193790Z [31;1m[729/831] Compiling SwiftProtobuf TimeUtils.swift[0m
2026-10-07T16:08:24.4194808Z [31;1m[730/831] Compiling SwiftProtobuf UnknownStorage.swift[0m
2026-10-07T16:08:24.4195898Z [31;1m[731/831] Compiling SwiftProtobuf UnsafeRawPointer+Shims.swift[0m
2026-10-07T16:08:24.4196934Z [31;1m[732/831] Compiling SwiftProtobuf Varint.swift[0m
2026-10-07T16:08:24.4197879Z [31;1m[733/831] Compiling SwiftProtobuf Version.swift[0m
2026-10-07T16:08:24.4198822Z [31;1m[734/831] Compiling SwiftProtobuf Visitor.swift[0m
2026-10-07T16:08:24.4199785Z [31;1m[735/831] Compiling SwiftProtobuf WireFormat.swift[0m
2026-10-07T16:08:24.4200754Z [31;1m[736/831] Compiling SwiftProtobuf ZigZag.swift[0m
2026-10-07T16:08:24.4201669Z [31;1m[737/831] Compiling SwiftProtobuf any.pb.swift[0m
2026-10-07T16:08:24.4202569Z [31;1m[738/831] Compiling SwiftProtobuf api.pb.swift[0m
2026-10-07T16:08:24.4207113Z [31;1m[739/831] Compiling SwiftProtobuf descriptor.pb.swift[0m
2026-10-07T16:08:24.4209956Z [31;1m[740/831] Compiling SwiftProtobuf duration.pb.swift[0m
2026-10-07T16:08:24.4212820Z [31;1m[741/831] Compiling SwiftProtobuf empty.pb.swift[0m
2026-10-07T16:08:24.4215706Z [31;1m[742/831] Compiling SwiftProtobuf field_mask.pb.swift[0m
2026-10-07T16:08:24.4218508Z [31;1m[743/831] Compiling SwiftProtobuf source_context.pb.swift[0m
2026-10-07T16:08:24.4221295Z [31;1m[744/831] Compiling SwiftProtobuf struct.pb.swift[0m
2026-10-07T16:08:24.4223751Z [31;1m[745/831] Compiling SwiftProtobuf timestamp.pb.swift[0m
2026-10-07T16:08:24.4226360Z [31;1m[746/831] Compiling SwiftProtobuf type.pb.swift[0m
2026-10-07T16:08:24.4229235Z [31;1m[747/831] Compiling SwiftProtobuf wrappers.pb.swift[0m
2026-10-07T16:08:24.4231815Z [31;1m[749/832] Compiling Atomics UnsafeAtomic.swift[0m
2026-10-07T16:08:24.4234581Z [31;1m[750/832] Compiling Atomics UnsafeAtomicLazyReference.swift[0m
2026-10-07T16:08:24.4237181Z [31;1m[751/832] Compiling Atomics IntegerOperations.swift[0m
2026-10-07T16:08:24.4239981Z [31;1m[752/832] Compiling Atomics Unmanaged extensions.swift[0m
2026-10-07T16:08:24.4242781Z [31;1m[753/855] Wrapping AST for SwiftProtobuf for debugging[0m
2026-10-07T16:08:24.4260905Z [31;1m[754/857] Wrapping AST for DequeModule for debugging[0m
2026-10-07T16:08:24.4270605Z [31;1m[756/859] Emitting module Crypto[0m
2026-10-07T16:08:24.4273759Z [31;1m[757/859] Compiling Crypto CryptoKitErrors.swift[0m
2026-10-07T16:08:24.4276678Z [31;1m[758/859] Compiling Crypto Digest_boring.swift[0m
2026-10-07T16:08:24.4279697Z [31;1m[759/859] Compiling Crypto Digest.swift[0m
2026-10-07T16:08:24.4282508Z [31;1m[760/859] Compiling Crypto Digests.swift[0m
2026-10-07T16:08:24.4283540Z [31;1m[761/859] Compiling Crypto HashFunctions.swift[0m
2026-10-07T16:08:24.4284568Z [31;1m[762/859] Compiling Crypto HashFunctions_SHA2.swift[0m
2026-10-07T16:08:24.4285610Z [31;1m[763/859] Compiling Crypto HashFunctions_SHA3.swift[0m
2026-10-07T16:08:24.4286676Z [31;1m[764/859] Compiling Crypto Digest_xkcp.swift[0m
2026-10-07T16:08:24.4287668Z [31;1m[765/859] Compiling Crypto HPKE-AEAD.swift[0m
2026-10-07T16:08:24.4288657Z [31;1m[766/859] Compiling Crypto HPKE-Ciphersuite.swift[0m
2026-10-07T16:08:24.4289661Z [31;1m[767/859] Compiling Crypto HPKE-KDF.swift[0m
2026-10-07T16:08:24.4290653Z [31;1m[768/859] Compiling Crypto HPKE-KexKeyDerivation.swift[0m
2026-10-07T16:08:24.4292116Z [31;1m[769/859] Compiling Crypto HPKE-LabeledExtract.swift[0m
2026-10-07T16:08:24.4293105Z [31;1m[770/859] Compiling Crypto HPKE-Utils.swift[0m
2026-10-07T16:08:24.4294017Z [31;1m[771/859] Compiling Crypto DHKEM.swift[0m
2026-10-07T16:08:24.4295029Z [31;1m[772/859] Compiling Crypto HPKE-KEM-Curve25519.swift[0m
2026-10-07T16:08:24.4296302Z [31;1m[773/859] Compiling Crypto HPKE-NIST-EC-KEMs.swift[0m
2026-10-07T16:08:24.4297360Z [31;1m[774/859] Compiling Crypto HPKE-KEM.swift[0m
2026-10-07T16:08:24.4298307Z [31;1m[775/859] Compiling Crypto HPKE-Errors.swift[0m
2026-10-07T16:08:24.4299219Z [31;1m[776/859] Compiling Crypto HPKE.swift[0m
2026-10-07T16:08:24.4300178Z [31;1m[777/859] Compiling Crypto HPKE-Context.swift[0m
2026-10-07T16:08:24.4301232Z [31;1m[778/859] Compiling Crypto HPKE-KeySchedule.swift[0m
2026-10-07T16:08:24.4302260Z [31;1m[779/859] Compiling Crypto HPKE-Modes.swift[0m
2026-10-07T16:08:24.4303253Z [31;1m[780/859] Compiling Crypto Insecure.swift[0m
2026-10-07T16:08:24.4304260Z [31;1m[800/859] Compiling Crypto PEMDocument.swift[0m
2026-10-07T16:08:24.4305267Z [31;1m[801/859] Compiling Crypto PKCS8PrivateKey.swift[0m
2026-10-07T16:08:24.4306356Z [31;1m[802/859] Compiling Crypto SEC1PrivateKey.swift[0m
2026-10-07T16:08:24.4307443Z [31;1m[803/859] Compiling Crypto SubjectPublicKeyInfo.swift[0m
2026-10-07T16:08:24.4308602Z [31;1m[804/859] Compiling Crypto CryptoError_boring.swift[0m
2026-10-07T16:08:24.4309658Z [31;1m[804/859] Wrapping AST for Atomics for debugging[0m
2026-10-07T16:08:24.4310760Z [31;1m[806/922] Compiling Crypto Insecure_HashFunctions.swift[0m
2026-10-07T16:08:24.4311845Z [31;1m[807/922] Compiling Crypto MLKEM_boring.swift[0m
2026-10-07T16:08:24.4312820Z [31;1m[808/922] Compiling Crypto MLKEM_wrapper.swift[0m
2026-10-07T16:08:24.4313801Z [31;1m[809/922] Compiling Crypto XWing_boring.swift[0m
2026-10-07T16:08:24.4314760Z [31;1m[810/922] Compiling Crypto KEM-Errors.swift[0m
2026-10-07T16:08:24.4315939Z [31;1m[811/922] Compiling Crypto KEM.swift[0m
2026-10-07T16:08:24.4316884Z [31;1m[812/922] Compiling Crypto MLKEM.swift[0m
2026-10-07T16:08:24.4317802Z [31;1m[813/922] Compiling Crypto XWing.swift[0m
2026-10-07T16:08:24.4318738Z [31;1m[814/922] Compiling Crypto ECDH_boring.swift[0m
2026-10-07T16:08:24.4319671Z [31;1m[815/922] Compiling Crypto DH.swift[0m
2026-10-07T16:08:24.4320564Z [31;1m[816/922] Compiling Crypto ECDH.swift[0m
2026-10-07T16:08:24.4321508Z [31;1m[817/922] Compiling Crypto ANSIx963.swift[0m
2026-10-07T16:08:24.4322500Z [31;1m[818/922] Compiling Crypto HKDF.swift[0m
2026-10-07T16:08:24.4323366Z [31;1m[819/922] Compiling Crypto AESWrap.swift[0m
2026-10-07T16:08:24.4324343Z [31;1m[820/922] Compiling Crypto AESWrap_boring.swift[0m
2026-10-07T16:08:24.4325301Z [31;1m[821/922] Compiling Crypto Ed25519_boring.swift[0m
2026-10-07T16:08:24.4326307Z [31;1m[822/922] Compiling Crypto NISTCurvesKeys_boring.swift[0m
2026-10-07T16:08:24.4327401Z [31;1m[823/922] Compiling Crypto X25519Keys_boring.swift[0m
2026-10-07T16:08:24.4328471Z [31;1m[824/922] Compiling Crypto Curve25519.swift[0m
2026-10-07T16:08:24.4329415Z [31;1m[825/922] Compiling Crypto Ed25519Keys.swift[0m
2026-10-07T16:08:24.4330391Z [31;1m[826/922] Compiling Crypto NISTCurvesKeys.swift[0m
2026-10-07T16:08:24.4331368Z [31;1m[827/922] Compiling Crypto X25519Keys.swift[0m
2026-10-07T16:08:24.4332351Z [31;1m[828/922] Compiling Crypto SymmetricKeys.swift[0m
2026-10-07T16:08:24.4333644Z [31;1m[829/922] Compiling NIOCore EventLoopFuture+Deprecated.swift[0m
2026-10-07T16:08:24.4334908Z [31;1m[830/922] Compiling NIOCore EventLoopFuture+WithEventLoop.swift[0m
2026-10-07T16:08:24.4336138Z [31;1m[831/922] Compiling NIOCore EventLoopFuture.swift[0m
2026-10-07T16:08:24.4337134Z [31;1m[841/938] Compiling Crypto HMAC.swift[0m
2026-10-07T16:08:24.4338110Z [31;1m[842/938] Compiling Crypto MACFunctions.swift[0m
2026-10-07T16:08:24.4339209Z [31;1m[843/938] Compiling Crypto MessageAuthenticationCode.swift[0m
2026-10-07T16:08:24.4340534Z [31;1m[844/938] Compiling Crypto AES.swift[0m
2026-10-07T16:08:24.4341544Z [31;1m[845/938] Compiling Crypto ECDSASignature_boring.swift[0m
2026-10-07T16:08:24.4342591Z [31;1m[846/938] Compiling Crypto ECDSA_boring.swift[0m
2026-10-07T16:08:24.4343624Z [31;1m[847/938] Compiling Crypto EdDSA_boring.swift[0m
2026-10-07T16:08:24.4344538Z [31;1m[848/938] Compiling Crypto MLDSA_boring.swift[0m
2026-10-07T16:08:24.4345348Z [31;1m[849/938] Compiling Crypto MLDSA_wrapper.swift[0m
2026-10-07T16:08:24.4346160Z [31;1m[850/938] Compiling Crypto ECDSA.swift[0m
2026-10-07T16:08:24.4346943Z [31;1m[851/938] Compiling Crypto Ed25519.swift[0m
2026-10-07T16:08:24.4347796Z [31;1m[852/938] Compiling Crypto MLDSA.swift[0m
2026-10-07T16:08:24.4349030Z [31;1m[853/938] Compiling Crypto Signature.swift[0m
2026-10-07T16:08:24.4350031Z [31;1m[854/938] Compiling Crypto CryptoKitErrors_boring.swift[0m
2026-10-07T16:08:24.4351147Z [31;1m[855/938] Compiling Crypto Optional+withUnsafeBytes_boring.swift[0m
2026-10-07T16:08:24.4352186Z [31;1m[856/938] Compiling Crypto RNG_boring.swift[0m
2026-10-07T16:08:24.4353096Z [31;1m[857/938] Compiling Crypto SafeCompare_boring.swift[0m
2026-10-07T16:08:24.4354044Z [31;1m[858/938] Compiling Crypto Zeroization_boring.swift[0m
2026-10-07T16:08:24.4355015Z [31;1m[859/938] Compiling Crypto _CryptoModuleAnchor.swift[0m
2026-10-07T16:08:24.4355937Z [31;1m[860/938] Compiling Crypto PrettyBytes.swift[0m
2026-10-07T16:08:24.4356850Z [31;1m[861/938] Compiling Crypto SafeCompare.swift[0m
2026-10-07T16:08:24.4357710Z [31;1m[862/938] Compiling Crypto SecureBytes.swift[0m
2026-10-07T16:08:24.4358561Z [31;1m[863/938] Compiling Crypto Zeroization.swift[0m
2026-10-07T16:08:24.4359455Z [31;1m[864/939] Wrapping AST for MCP for debugging[0m
2026-10-07T16:08:24.4360321Z [31;1m[865/939] Wrapping AST for Crypto for debugging[0m
2026-10-07T16:08:25.8920964Z [31;1m[867/939] Emitting module NIOCore[0m
2026-10-07T16:08:26.0304396Z [31;1m[868/956] Compiling NIOCore AddressedEnvelope.swift[0m
2026-10-07T16:08:26.0309238Z [31;1m[869/956] Compiling NIOCore AsyncAwaitSupport.swift[0m
2026-10-07T16:08:26.0313624Z [31;1m[870/956] Compiling NIOCore AsyncChannel.swift[0m
2026-10-07T16:08:26.0317888Z [31;1m[871/956] Compiling NIOCore AsyncChannelHandler.swift[0m
2026-10-07T16:08:26.0322297Z [31;1m[872/956] Compiling NIOCore AsyncChannelInboundStream.swift[0m
2026-10-07T16:08:26.0326703Z [31;1m[873/956] Compiling NIOCore AsyncChannelOutboundWriter.swift[0m
2026-10-07T16:08:26.0331154Z [31;1m[874/956] Compiling NIOCore NIOAsyncSequenceProducer.swift[0m
2026-10-07T16:08:26.0335976Z [31;1m[875/956] Compiling NIOCore NIOAsyncSequenceProducerStrategies.swift[0m
2026-10-07T16:08:26.0340234Z [31;1m[876/956] Compiling NIOCore NIOAsyncWriter.swift[0m
2026-10-07T16:08:26.0344993Z [31;1m[877/956] Compiling NIOCore NIOThrowingAsyncSequenceProducer.swift[0m
2026-10-07T16:08:26.0354425Z [31;1m[878/956] Compiling NIOCore BSDSocketAPI.swift[0m
2026-10-07T16:08:26.0358982Z [31;1m[879/956] Compiling NIOCore ByteBuffer-aux.swift[0m
2026-10-07T16:08:26.0363358Z [31;1m[880/956] Compiling NIOCore ByteBuffer-binaryEncodedLengthPrefix.swift[0m
2026-10-07T16:08:26.0368057Z [31;1m[881/956] Compiling NIOCore ByteBuffer-conversions.swift[0m
2026-10-07T16:08:26.0372486Z [31;1m[882/956] Compiling NIOCore ByteBuffer-core.swift[0m
2026-10-07T16:08:26.0376914Z [31;1m[883/956] Compiling NIOCore ByteBuffer-hex.swift[0m
2026-10-07T16:08:26.0381190Z [31;1m[884/956] Compiling NIOCore ByteBuffer-int.swift[0m
2026-10-07T16:08:26.0382749Z [31;1m[885/956] Compiling NIOCore ByteBuffer-lengthPrefix.swift[0m
2026-10-07T16:08:29.5173141Z [31;1m[886/956] Compiling NIOCore ByteBuffer-multi-int.swift[0m
2026-10-07T16:08:29.5174943Z [31;1m[887/956] Compiling NIOCore ByteBuffer-quicBinaryEncodingStrategy.swift[0m
2026-10-07T16:08:29.5184698Z [31;1m[888/956] Compiling NIOCore ByteBuffer-views.swift[0m
2026-10-07T16:08:29.5203109Z [31;1m[889/956] Compiling NIOCore Channel.swift[0m
2026-10-07T16:08:29.5219251Z [31;1m[890/956] Compiling NIOCore ChannelHandler.swift[0m
2026-10-07T16:08:29.5234867Z [31;1m[891/956] Compiling NIOCore ChannelHandlers.swift[0m
2026-10-07T16:08:29.5249518Z [31;1m[892/956] Compiling NIOCore ChannelInvoker.swift[0m
2026-10-07T16:08:29.5262517Z [31;1m[893/956] Compiling NIOCore ChannelOption.swift[0m
2026-10-07T16:08:29.5274384Z [31;1m[894/956] Compiling NIOCore ChannelPipeline.swift[0m
2026-10-07T16:08:29.5284717Z [31;1m[895/956] Compiling NIOCore CircularBuffer.swift[0m
2026-10-07T16:08:29.5294120Z [31;1m[896/956] Compiling NIOCore Codec.swift[0m
2026-10-07T16:08:29.5301948Z [31;1m[897/956] Compiling NIOCore ConvenienceOptionSupport.swift[0m
2026-10-07T16:08:29.5308190Z [31;1m[898/956] Compiling NIOCore DeadChannel.swift[0m
2026-10-07T16:08:29.5317579Z [31;1m[899/956] Compiling NIOCore DispatchQueue+WithFuture.swift[0m
2026-10-07T16:08:29.5321990Z [31;1m[900/956] Compiling NIOCore EventLoop+Deprecated.swift[0m
2026-10-07T16:08:29.5323561Z [31;1m[901/956] Compiling NIOCore EventLoop+SerialExecutor.swift[0m
2026-10-07T16:08:29.5337099Z [31;1m[902/956] Compiling NIOCore EventLoop.swift[0m
2026-10-07T16:08:29.5363201Z [31;1m[903/956] Compiling NIOCore EventLoopFuture+AssumeIsolated.swift[0m
2026-10-07T16:08:29.5453364Z [31;1m[907/956] Compiling NIOCore FileDescriptor.swift[0m
2026-10-07T16:08:29.5472926Z [31;1m[908/956] Compiling NIOCore FileHandle.swift[0m
2026-10-07T16:08:29.5491216Z [31;1m[909/956] Compiling NIOCore FileRegion.swift[0m
2026-10-07T16:08:29.5508106Z [31;1m[910/956] Compiling NIOCore GlobalSingletons.swift[0m
2026-10-07T16:08:29.5523856Z [31;1m[911/956] Compiling NIOCore IO.swift[0m
2026-10-07T16:08:29.5537799Z [31;1m[912/956] Compiling NIOCore IOData.swift[0m
2026-10-07T16:08:29.5547648Z [31;1m[913/956] Compiling NIOCore IPProtocol.swift[0m
2026-10-07T16:08:29.5558939Z [31;1m[914/956] Compiling NIOCore IntegerBitPacking.swift[0m
2026-10-07T16:08:29.5567679Z [31;1m[915/956] Compiling NIOCore IntegerTypes.swift[0m
2026-10-07T16:08:29.5576043Z [31;1m[916/956] Compiling NIOCore Interfaces.swift[0m
2026-10-07T16:08:29.5582850Z [31;1m[917/956] Compiling NIOCore Linux.swift[0m
2026-10-07T16:08:29.5588808Z [31;1m[918/956] Compiling NIOCore MarkedCircularBuffer.swift[0m
2026-10-07T16:08:29.5595826Z [31;1m[919/956] Compiling NIOCore MulticastChannel.swift[0m
2026-10-07T16:08:29.5597667Z [31;1m[920/956] Compiling NIOCore NIOAny.swift[0m
2026-10-07T16:08:29.5600978Z [31;1m[921/956] Compiling NIOCore NIOCloseOnErrorHandler.swift[0m
2026-10-07T16:08:31.7998445Z [31;1m[922/956] Compiling NIOCore NIOCoreSendableMetatype.swift[0m
2026-10-07T16:08:31.8003100Z [31;1m[923/956] Compiling NIOCore NIODecodedAsyncSequence.swift[0m
2026-10-07T16:08:31.8016506Z [31;1m[924/956] Compiling NIOCore NIOLoopBound.swift[0m
2026-10-07T16:08:31.8028501Z [31;1m[925/956] Compiling NIOCore NIOPooledRecvBufferAllocator.swift[0m
2026-10-07T16:08:31.8038863Z [31;1m[926/956] Compiling NIOCore NIOScheduledCallback.swift[0m
2026-10-07T16:08:31.8047988Z [31;1m[927/956] Compiling NIOCore NIOSendable.swift[0m
2026-10-07T16:08:31.8056426Z [31;1m[928/956] Compiling NIOCore NIOSplitLinesMessageDecoder.swift[0m
2026-10-07T16:08:31.8062927Z [31;1m[929/956] Compiling NIOCore NIOTransportAccessibleChannelCore.swift[0m
2026-10-07T16:08:31.8068524Z [31;1m[930/956] Compiling NIOCore RecvByteBufferAllocator.swift[0m
2026-10-07T16:08:31.8073191Z [31;1m[931/956] Compiling NIOCore SingleStepByteToMessageDecoder.swift[0m
2026-10-07T16:08:31.8076081Z [31;1m[932/956] Compiling NIOCore SocketAddresses.swift[0m
2026-10-07T16:08:31.8079266Z [31;1m[933/956] Compiling NIOCore SocketOptionProvider.swift[0m
2026-10-07T16:08:31.8083130Z [31;1m[934/956] Compiling NIOCore SystemCallHelpers.swift[0m
2026-10-07T16:08:31.8088448Z [31;1m[935/956] Compiling NIOCore TimeAmount+Duration.swift[0m
2026-10-07T16:08:31.8091343Z [31;1m[936/956] Compiling NIOCore TypeAssistedChannelHandler.swift[0m
2026-10-07T16:08:31.8095729Z [31;1m[937/956] Compiling NIOCore UniversalBootstrapSupport.swift[0m
2026-10-07T16:08:31.8098418Z [31;1m[938/956] Compiling NIOCore Utilities.swift[0m
2026-10-07T16:08:32.1348848Z [31;1m[939/957] Wrapping AST for NIOCore for debugging[0m
2026-10-07T16:08:43.0416947Z [31;1m[941/996] Emitting module NIOHTTP1[0m
2026-10-07T16:08:43.7528938Z [31;1m[942/1019] Compiling NIOPosix BSDSocketAPICommon.swift[0m
2026-10-07T16:08:43.7570504Z [31;1m[943/1019] Compiling NIOPosix BSDSocketAPIPosix.swift[0m
2026-10-07T16:08:43.7582181Z [31;1m[944/1019] Compiling NIOPosix BSDSocketAPIWindows.swift[0m
2026-10-07T16:08:43.7587719Z [31;1m[945/1019] Compiling NIOPosix BaseSocket.swift[0m
2026-10-07T16:08:43.7592876Z [31;1m[946/1019] Compiling NIOPosix BaseSocketChannel+AccessibleTransport.swift[0m
2026-10-07T16:08:43.7598429Z [31;1m[947/1019] Compiling NIOPosix BaseSocketChannel+SocketOptionProvider.swift[0m
2026-10-07T16:08:43.7603672Z [31;1m[948/1019] Compiling NIOPosix BaseSocketChannel.swift[0m
2026-10-07T16:08:43.7608781Z [31;1m[949/1019] Compiling NIOPosix BaseStreamSocketChannel.swift[0m
2026-10-07T16:08:43.7613903Z [31;1m[950/1019] Compiling NIOPosix Bootstrap.swift[0m
2026-10-07T16:08:43.7618950Z [31;1m[951/1019] Compiling NIOHTTP1 NIOTypedHTTPClientUpgradeHandler.swift[0m
2026-10-07T16:08:43.7624834Z [31;1m[952/1019] Compiling NIOHTTP1 NIOTypedHTTPClientUpgraderStateMachine.swift[0m
2026-10-07T16:08:43.7630188Z [31;1m[953/1019] Compiling NIOHTTP1 NIOTypedHTTPServerUpgradeHandler.swift[0m
2026-10-07T16:08:43.7635515Z [31;1m[954/1019] Compiling NIOHTTP1 NIOTypedHTTPServerUpgraderStateMachine.swift[0m
2026-10-07T16:08:43.7640552Z [31;1m[955/1019] Compiling NIOPosix ControlMessage.swift[0m
2026-10-07T16:08:43.7645493Z [31;1m[956/1019] Compiling NIOPosix DatagramVectorReadManager.swift[0m
2026-10-07T16:08:43.7650655Z [31;1m[957/1019] Compiling NIOPosix Errors+Any.swift[0m
2026-10-07T16:08:43.7655838Z [31;1m[958/1019] Compiling NIOPosix FileDescriptor.swift[0m
2026-10-07T16:08:43.7660983Z [31;1m[959/1019] Compiling NIOPosix GetaddrinfoResolver.swift[0m
2026-10-07T16:08:43.7662942Z [31;1m[960/1020] Wrapping AST for NIOHTTP1 for debugging[0m
2026-10-07T16:08:46.6103617Z [31;1m[962/1020] Compiling NIOPosix PipeChannel.swift[0m
2026-10-07T16:08:46.6108785Z [31;1m[963/1020] Compiling NIOPosix PipePair.swift[0m
2026-10-07T16:08:46.6113461Z [31;1m[964/1020] Compiling NIOPosix Pool.swift[0m
2026-10-07T16:08:46.6126479Z [31;1m[965/1020] Compiling NIOPosix PosixSingletons+ConcurrencyTakeOver.swift[0m
2026-10-07T16:08:46.6131019Z [31;1m[966/1020] Compiling NIOPosix PosixSingletons.swift[0m
2026-10-07T16:08:46.6135542Z [31;1m[967/1020] Compiling NIOPosix RawSocketBootstrap.swift[0m
2026-10-07T16:08:46.6140004Z [31;1m[968/1020] Compiling NIOPosix Resolver.swift[0m
2026-10-07T16:08:46.6144687Z [31;1m[969/1020] Compiling NIOPosix Selectable.swift[0m
2026-10-07T16:08:46.6149874Z [31;1m[970/1020] Compiling NIOPosix SelectableChannel.swift[0m
2026-10-07T16:08:46.6154803Z [31;1m[971/1020] Compiling NIOPosix SelectableEventLoop.swift[0m
2026-10-07T16:08:46.6159391Z [31;1m[972/1020] Compiling NIOPosix SelectorEpoll.swift[0m
2026-10-07T16:08:46.6163267Z [31;1m[973/1020] Compiling NIOPosix SelectorGeneric.swift[0m
2026-10-07T16:08:46.6167723Z [31;1m[974/1020] Compiling NIOPosix SelectorKqueue.swift[0m
2026-10-07T16:08:46.6169570Z [31;1m[975/1020] Compiling NIOPosix SelectorUring.swift[0m
2026-10-07T16:08:50.6104253Z [31;1m[976/1034] Emitting module NIOPosix[0m
2026-10-07T16:08:50.6125295Z [31;1m[981/1034] Compiling NIOPosix Linux.swift[0m
2026-10-07T16:08:50.6132989Z [31;1m[982/1034] Compiling NIOPosix LinuxCPUSet.swift[0m
2026-10-07T16:08:50.6140194Z [31;1m[983/1034] Compiling NIOPosix LinuxUring.swift[0m
2026-10-07T16:08:50.6146363Z [31;1m[984/1034] Compiling NIOPosix MultiThreadedEventLoopGroup.swift[0m
2026-10-07T16:08:50.6156669Z [31;1m[985/1034] Compiling NIOPosix NIOPosixSendableMetatype.swift[0m
2026-10-07T16:08:50.6160775Z [31;1m[986/1034] Compiling NIOPosix NIORandomizedDNSResolver.swift[0m
2026-10-07T16:08:50.6162340Z [31;1m[987/1034] Compiling NIOPosix NIOThreadPool.swift[0m
2026-10-07T16:08:50.6170728Z [31;1m[988/1034] Compiling NIOPosix NonBlockingFileIO.swift[0m
2026-10-07T16:08:50.6184799Z [31;1m[989/1034] Compiling NIOPosix PendingDatagramWritesManager.swift[0m
2026-10-07T16:08:50.6198809Z [31;1m[990/1034] Compiling NIOPosix PendingWritesManager.swift[0m
2026-10-07T16:08:53.0630910Z [31;1m[1005/1034] Compiling NIOPosix SelectorWSAPoll.swift[0m
2026-10-07T16:08:53.0637321Z [31;1m[1006/1034] Compiling NIOPosix ServerSocket.swift[0m
2026-10-07T16:08:53.0647919Z [31;1m[1007/1034] Compiling NIOPosix Socket.swift[0m
2026-10-07T16:08:53.0657705Z [31;1m[1008/1034] Compiling NIOPosix SocketChannel.swift[0m
2026-10-07T16:08:53.0667056Z [31;1m[1009/1034] Compiling NIOPosix SocketProtocols.swift[0m
2026-10-07T16:08:53.0676119Z [31;1m[1010/1034] Compiling NIOPosix StructuredConcurrencyHelpers.swift[0m
2026-10-07T16:08:53.0684240Z [31;1m[1011/1034] Compiling NIOPosix System.swift[0m
2026-10-07T16:08:53.0691800Z [31;1m[1012/1034] Compiling NIOPosix Thread.swift[0m
2026-10-07T16:08:53.0698708Z [31;1m[1013/1034] Compiling NIOPosix ThreadPosix.swift[0m
2026-10-07T16:08:53.0704719Z [31;1m[1014/1034] Compiling NIOPosix ThreadWindows.swift[0m
2026-10-07T16:08:53.0710240Z [31;1m[1015/1034] Compiling NIOPosix Utilities.swift[0m
2026-10-07T16:08:53.0714892Z [31;1m[1016/1034] Compiling NIOPosix VsockAddress.swift[0m
2026-10-07T16:08:53.0718505Z [31;1m[1017/1034] Compiling NIOPosix VsockChannelEvents.swift[0m
2026-10-07T16:08:53.0720850Z [31;1m[1018/1034] Compiling NIOPosix Windows.swift[0m
2026-10-07T16:08:53.3477531Z [31;1m[1019/1035] Wrapping AST for NIOPosix for debugging[0m
2026-10-07T16:09:04.9333281Z [31;1m[1021/1076] Emitting module RightClickCore[0m
2026-10-07T16:09:04.9339701Z [31;1mD:\a\rightclick\rightclick\Sources\RightClickCore\OriginPinnedHTTP.swift:45:19: warning: non-final class 'RedirectRejectingDelegate' cannot conform to 'Sendable'; use '@unchecked Sendable'; this is an error in the Swift 6 language mode[0m
2026-10-07T16:09:04.9345700Z [31;1m[0m
2026-10-07T16:09:04.9354809Z [31;1m 43 |     }[0m
2026-10-07T16:09:04.9359320Z [31;1m[0m
2026-10-07T16:09:04.9363281Z [31;1m 44 | [0m
2026-10-07T16:09:04.9367118Z [31;1m[0m
2026-10-07T16:09:04.9371497Z [31;1m 45 |     private class RedirectRejectingDelegate:[0m
2026-10-07T16:09:04.9375904Z [31;1m[0m
2026-10-07T16:09:04.9380927Z [31;1m    |                   `- warning: non-final class 'RedirectRejectingDelegate' cannot conform to 'Sendable'; use '@unchecked Sendable'; this is an error in the Swift 6 language mode[0m
2026-10-07T16:09:04.9385990Z [31;1m[0m
2026-10-07T16:09:04.9389822Z [31;1m 46 |         NSObject,[0m
2026-10-07T16:09:04.9393912Z [31;1m[0m
2026-10-07T16:09:04.9398112Z [31;1m 47 |         URLSessionTaskDelegate[0m
2026-10-07T16:09:04.9403696Z [31;1m[0m
2026-10-07T16:09:04.9407861Z [31;1m[0m
2026-10-07T16:09:04.9412150Z [31;1m[0m
2026-10-07T16:09:04.9417930Z [31;1mD:\a\rightclick\rightclick\Sources\RightClickCore\OriginPinnedHTTP.swift:86:21: warning: stored property 'storedData' of 'Sendable'-conforming class 'BoundedLoadDelegate' is mutable; this is an error in the Swift 6 language mode[0m
2026-10-07T16:09:04.9424046Z [31;1m[0m
2026-10-07T16:09:04.9428298Z [31;1m 84 |             Int[0m
2026-10-07T16:09:04.9437544Z [31;1m[0m
2026-10-07T16:09:04.9442209Z [31;1m 85 | [0m
2026-10-07T16:09:04.9446442Z [31;1m[0m
2026-10-07T16:09:04.9450779Z [31;1m 86 |         private var storedData =[0m
2026-10-07T16:09:04.9455235Z [31;1m[0m
2026-10-07T16:09:04.9460520Z [31;1m    |                     `- warning: stored property 'storedData' of 'Sendable'-conforming class 'BoundedLoadDelegate' is mutable; this is an error in the Swift 6 language mode[0m
2026-10-07T16:09:04.9466698Z [31;1m[0m
2026-10-07T16:09:04.9470917Z [31;1m 87 |             Data()[0m
2026-10-07T16:09:04.9474788Z [31;1m[0m
2026-10-07T16:09:04.9478645Z [31;1m 88 | [0m
2026-10-07T16:09:04.9480029Z [31;1m[0m
2026-10-07T16:09:05.0308273Z [31;1m[1022/1089] Compiling RightClickCore A2AReflector.swift[0m
2026-10-07T16:09:05.0313985Z [31;1mD:\a\rightclick\rightclick\Sources\RightClickCore\CapabilityEngine.swift:427:33: warning: result of call to 'run(mode:before:)' is unused [#no-usage][0m
2026-10-07T16:09:05.0318798Z [31;1m[0m
2026-10-07T16:09:05.0322555Z [31;1m 425 |                 }[0m
2026-10-07T16:09:05.0326340Z [31;1m[0m
2026-10-07T16:09:05.0329948Z [31;1m 426 | [0m
2026-10-07T16:09:05.0333558Z [31;1m[0m
2026-10-07T16:09:05.0337729Z [31;1m 427 |                 RunLoop.current.run([0m
2026-10-07T16:09:05.0342018Z [31;1m[0m
2026-10-07T16:09:05.0346512Z [31;1m     |                                 `- warning: result of call to 'run(mode:before:)' is unused [#no-usage][0m
2026-10-07T16:09:05.0351323Z [31;1m[0m
2026-10-07T16:09:05.0355851Z [31;1m 428 |                     mode: .default,[0m
2026-10-07T16:09:05.0360343Z [31;1m[0m
2026-10-07T16:09:05.0361960Z [31;1m 429 |                     before:[0m
2026-10-07T16:09:05.0368320Z [31;1m[0m
2026-10-07T16:09:05.0369688Z [31;1m[1023/1089] Compiling RightClickCore ARDRegistrySource.swift[0m
2026-10-07T16:09:05.0501026Z [31;1mD:\a\rightclick\rightclick\Sources\RightClickCore\CapabilityEngine.swift:427:33: warning: result of call to 'run(mode:before:)' is unused [#no-usage][0m
2026-10-07T16:09:05.0505890Z [31;1m[0m
2026-10-07T16:09:05.0509691Z [31;1m 425 |                 }[0m
2026-10-07T16:09:05.0513591Z [31;1m[0m
2026-10-07T16:09:05.0517329Z [31;1m 426 | [0m
2026-10-07T16:09:05.0521088Z [31;1m[0m
2026-10-07T16:09:05.0524943Z [31;1m 427 |                 RunLoop.current.run([0m
2026-10-07T16:09:05.0528897Z [31;1m[0m
2026-10-07T16:09:05.0533319Z [31;1m     |                                 `- warning: result of call to 'run(mode:before:)' is unused [#no-usage][0m
2026-10-07T16:09:05.0537671Z [31;1m[0m
2026-10-07T16:09:05.0541555Z [31;1m 428 |                     mode: .default,[0m
2026-10-07T16:09:05.0545530Z [31;1m[0m
2026-10-07T16:09:05.0549330Z [31;1m 429 |                     before:[0m
2026-10-07T16:09:05.0553231Z [31;1m[0m
2026-10-07T16:09:05.0557323Z [31;1m[1024/1089] Compiling RightClickCore ActionExtensionCatalog.swift[0m
2026-10-07T16:09:05.0562448Z [31;1mD:\a\rightclick\rightclick\Sources\RightClickCore\CapabilityEngine.swift:427:33: warning: result of call to 'run(mode:before:)' is unused [#no-usage][0m
2026-10-07T16:09:05.0567140Z [31;1m[0m
2026-10-07T16:09:05.0570926Z [31;1m 425 |                 }[0m
2026-10-07T16:09:05.0574797Z [31;1m[0m
2026-10-07T16:09:05.0606038Z [31;1m 426 | [0m
2026-10-07T16:09:05.0611325Z [31;1m[0m
2026-10-07T16:09:05.0615176Z [31;1m 427 |                 RunLoop.current.run([0m
2026-10-07T16:09:05.0619075Z [31;1m[0m
2026-10-07T16:09:05.0623168Z [31;1m     |                                 `- warning: result of call to 'run(mode:before:)' is unused [#no-usage][0m
2026-10-07T16:09:05.0627330Z [31;1m[0m
2026-10-07T16:09:05.0631057Z [31;1m 428 |                     mode: .default,[0m
2026-10-07T16:09:05.0634887Z [31;1m[0m
2026-10-07T16:09:05.0638585Z [31;1m 429 |                     before:[0m
2026-10-07T16:09:05.0642366Z [31;1m[0m
2026-10-07T16:09:05.0646156Z [31;1m[1025/1089] Compiling RightClickCore BonjourGRPCSource.swift[0m
2026-10-07T16:09:05.0650939Z [31;1mD:\a\rightclick\rightclick\Sources\RightClickCore\CapabilityEngine.swift:427:33: warning: result of call to 'run(mode:before:)' is unused [#no-usage][0m
2026-10-07T16:09:05.0655482Z [31;1m[0m
2026-10-07T16:09:05.0659077Z [31;1m 425 |                 }[0m
2026-10-07T16:09:05.0662695Z [31;1m[0m
2026-10-07T16:09:05.0665968Z [31;1m 426 | [0m
2026-10-07T16:09:05.0669237Z [31;1m[0m
2026-10-07T16:09:05.0672654Z [31;1m 427 |                 RunLoop.current.run([0m
2026-10-07T16:09:05.0677561Z [31;1m[0m
2026-10-07T16:09:05.0681538Z [31;1m     |                                 `- warning: result of call to 'run(mode:before:)' is unused [#no-usage][0m
2026-10-07T16:09:05.0685589Z [31;1m[0m
2026-10-07T16:09:05.0689241Z [31;1m 428 |                     mode: .default,[0m
2026-10-07T16:09:05.0693183Z [31;1m[0m
2026-10-07T16:09:05.0696850Z [31;1m 429 |                     before:[0m
2026-10-07T16:09:05.0700512Z [31;1m[0m
2026-10-07T16:09:05.0704063Z [31;1m[1026/1089] Compiling RightClickCore BonjourGraphQLSource.swift[0m
2026-10-07T16:09:05.0708981Z [31;1mD:\a\rightclick\rightclick\Sources\RightClickCore\CapabilityEngine.swift:427:33: warning: result of call to 'run(mode:before:)' is unused [#no-usage][0m
2026-10-07T16:09:05.0713504Z [31;1m[0m
2026-10-07T16:09:05.0717045Z [31;1m 425 |                 }[0m
2026-10-07T16:09:05.0720696Z [31;1m[0m
2026-10-07T16:09:05.0724272Z [31;1m 426 | [0m
2026-10-07T16:09:05.0727858Z [31;1m[0m
2026-10-07T16:09:05.0731510Z [31;1m 427 |                 RunLoop.current.run([0m
2026-10-07T16:09:05.0735279Z [31;1m[0m
2026-10-07T16:09:05.0739252Z [31;1m     |                                 `- warning: result of call to 'run(mode:before:)' is unused [#no-usage][0m
2026-10-07T16:09:05.0743317Z [31;1m[0m
2026-10-07T16:09:05.0746967Z [31;1m 428 |                     mode: .default,[0m
2026-10-07T16:09:05.0750696Z [31;1m[0m
2026-10-07T16:09:05.0754608Z [31;1m 429 |                     before:[0m
2026-10-07T16:09:05.0758323Z [31;1m[0m
2026-10-07T16:09:05.0762210Z [31;1m[1027/1089] Compiling RightClickCore BonjourOpenAPISource.swift[0m
2026-10-07T16:09:05.0767085Z [31;1mD:\a\rightclick\rightclick\Sources\RightClickCore\CapabilityEngine.swift:427:33: warning: result of call to 'run(mode:before:)' is unused [#no-usage][0m
2026-10-07T16:09:05.0771619Z [31;1m[0m
2026-10-07T16:09:05.0775192Z [31;1m 425 |                 }[0m
2026-10-07T16:09:05.0778877Z [31;1m[0m
2026-10-07T16:09:05.0782398Z [31;1m 426 | [0m
2026-10-07T16:09:05.0786342Z [31;1m[0m
2026-10-07T16:09:05.0790141Z [31;1m 427 |                 RunLoop.current.run([0m
2026-10-07T16:09:05.0793998Z [31;1m[0m
2026-10-07T16:09:05.0798070Z [31;1m     |                                 `- warning: result of call to 'run(mode:before:)' is unused [#no-usage][0m
2026-10-07T16:09:05.0802131Z [31;1m[0m
2026-10-07T16:09:05.0805796Z [31;1m 428 |                     mode: .default,[0m
2026-10-07T16:09:05.0809537Z [31;1m[0m
2026-10-07T16:09:05.0813121Z [31;1m 429 |                     before:[0m
2026-10-07T16:09:05.0816817Z [31;1m[0m
2026-10-07T16:09:05.0820695Z [31;1m[1028/1089] Compiling RightClickCore BoundedCapabilityProcess.swift[0m
2026-10-07T16:09:05.0825560Z [31;1mD:\a\rightclick\rightclick\Sources\RightClickCore\CapabilityEngine.swift:427:33: warning: result of call to 'run(mode:before:)' is unused [#no-usage][0m
2026-10-07T16:09:05.0830058Z [31;1m[0m
2026-10-07T16:09:05.0833636Z [31;1m 425 |                 }[0m
2026-10-07T16:09:05.0837301Z [31;1m[0m
2026-10-07T16:09:05.0840863Z [31;1m 426 | [0m
2026-10-07T16:09:05.0844400Z [31;1m[0m
2026-10-07T16:09:05.0848037Z [31;1m 427 |                 RunLoop.current.run([0m
2026-10-07T16:09:05.0851775Z [31;1m[0m
2026-10-07T16:09:05.0856028Z [31;1m     |                                 `- warning: result of call to 'run(mode:before:)' is unused [#no-usage][0m
2026-10-07T16:09:05.0862511Z [31;1m[0m
2026-10-07T16:09:05.0866210Z [31;1m 428 |                     mode: .default,[0m
2026-10-07T16:09:05.0869938Z [31;1m[0m
2026-10-07T16:09:05.0873514Z [31;1m 429 |                     before:[0m
2026-10-07T16:09:05.0877196Z [31;1m[0m
2026-10-07T16:09:05.0880956Z [31;1m[1029/1089] Compiling RightClickCore BundleScan.swift[0m
2026-10-07T16:09:05.0885733Z [31;1mD:\a\rightclick\rightclick\Sources\RightClickCore\CapabilityEngine.swift:427:33: warning: result of call to 'run(mode:before:)' is unused [#no-usage][0m
2026-10-07T16:09:05.0890482Z [31;1m[0m
2026-10-07T16:09:05.0894235Z [31;1m 425 |                 }[0m
2026-10-07T16:09:05.0898044Z [31;1m[0m
2026-10-07T16:09:05.0901441Z [31;1m 426 | [0m
2026-10-07T16:09:05.0904708Z [31;1m[0m
2026-10-07T16:09:05.0908162Z [31;1m 427 |                 RunLoop.current.run([0m
2026-10-07T16:09:05.0916200Z [31;1m[0m
2026-10-07T16:09:05.0920246Z [31;1m     |                                 `- warning: result of call to 'run(mode:before:)' is unused [#no-usage][0m
2026-10-07T16:09:05.0924137Z [31;1m[0m
2026-10-07T16:09:05.0927629Z [31;1m 428 |                     mode: .default,[0m
2026-10-07T16:09:05.0931134Z [31;1m[0m
2026-10-07T16:09:05.0934497Z [31;1m 429 |                     before:[0m
2026-10-07T16:09:05.0937941Z [31;1m[0m
2026-10-07T16:09:05.0941462Z [31;1m[1030/1089] Compiling RightClickCore Capability.swift[0m
2026-10-07T16:09:05.0946001Z [31;1mD:\a\rightclick\rightclick\Sources\RightClickCore\CapabilityEngine.swift:427:33: warning: result of call to 'run(mode:before:)' is unused [#no-usage][0m
2026-10-07T16:09:05.0950242Z [31;1m[0m
2026-10-07T16:09:05.0953529Z [31;1m 425 |                 }[0m
2026-10-07T16:09:05.0956981Z [31;1m[0m
2026-10-07T16:09:05.0960214Z [31;1m 426 | [0m
2026-10-07T16:09:05.0963505Z [31;1m[0m
2026-10-07T16:09:05.0966875Z [31;1m 427 |                 RunLoop.current.run([0m
2026-10-07T16:09:05.0970451Z [31;1m[0m
2026-10-07T16:09:05.0974320Z [31;1m     |                                 `- warning: result of call to 'run(mode:before:)' is unused [#no-usage][0m
2026-10-07T16:09:05.0978114Z [31;1m[0m
2026-10-07T16:09:05.0981503Z [31;1m 428 |                     mode: .default,[0m
2026-10-07T16:09:05.0984988Z [31;1m[0m
2026-10-07T16:09:05.0988362Z [31;1m 429 |                     before:[0m
2026-10-07T16:09:05.0991922Z [31;1m[0m
2026-10-07T16:09:05.0996400Z [31;1m[1031/1089] Compiling RightClickCore CapabilityABI.swift[0m
2026-10-07T16:09:05.1001547Z [31;1mD:\a\rightclick\rightclick\Sources\RightClickCore\CapabilityEngine.swift:427:33: warning: result of call to 'run(mode:before:)' is unused [#no-usage][0m
2026-10-07T16:09:05.1005979Z [31;1m[0m
2026-10-07T16:09:05.1009328Z [31;1m 425 |                 }[0m
2026-10-07T16:09:05.1012791Z [31;1m[0m
2026-10-07T16:09:05.1016124Z [31;1m 426 | [0m
2026-10-07T16:09:05.1019467Z [31;1m[0m
2026-10-07T16:09:05.1022887Z [31;1m 427 |                 RunLoop.current.run([0m
2026-10-07T16:09:05.1026427Z [31;1m[0m
2026-10-07T16:09:05.1030162Z [31;1m     |                                 `- warning: result of call to 'run(mode:before:)' is unused [#no-usage][0m
2026-10-07T16:09:05.1033949Z [31;1m[0m
2026-10-07T16:09:05.1037326Z [31;1m 428 |                     mode: .default,[0m
2026-10-07T16:09:05.1040819Z [31;1m[0m
2026-10-07T16:09:05.1044242Z [31;1m 429 |                     before:[0m
2026-10-07T16:09:05.1047738Z [31;1m[0m
2026-10-07T16:09:05.1051364Z [31;1m[1032/1089] Compiling RightClickCore CapabilityABIAdapter.swift[0m
2026-10-07T16:09:05.1055931Z [31;1mD:\a\rightclick\rightclick\Sources\RightClickCore\CapabilityEngine.swift:427:33: warning: result of call to 'run(mode:before:)' is unused [#no-usage][0m
2026-10-07T16:09:05.1060864Z [31;1m[0m
2026-10-07T16:09:05.1064795Z [31;1m 425 |                 }[0m
2026-10-07T16:09:05.1068704Z [31;1m[0m
2026-10-07T16:09:05.1072127Z [31;1m 426 | [0m
2026-10-07T16:09:05.1075748Z [31;1m[0m
2026-10-07T16:09:05.1079424Z [31;1m 427 |                 RunLoop.current.run([0m
2026-10-07T16:09:05.1082990Z [31;1m[0m
2026-10-07T16:09:05.1086670Z [31;1m     |                                 `- warning: result of call to 'run(mode:before:)' is unused [#no-usage][0m
2026-10-07T16:09:05.1090396Z [31;1m[0m
2026-10-07T16:09:05.1093995Z [31;1m 428 |                     mode: .default,[0m
2026-10-07T16:09:05.1097530Z [31;1m[0m
2026-10-07T16:09:05.1101044Z [31;1m 429 |                     before:[0m
2026-10-07T16:09:05.1105153Z [31;1m[0m
2026-10-07T16:09:05.1109098Z [31;1m[1033/1089] Compiling RightClickCore CapabilityArtifactResolver.swift[0m
2026-10-07T16:09:05.1114008Z [31;1mD:\a\rightclick\rightclick\Sources\RightClickCore\CapabilityEngine.swift:427:33: warning: result of call to 'run(mode:before:)' is unused [#no-usage][0m
2026-10-07T16:09:05.1118537Z [31;1m[0m
2026-10-07T16:09:05.1121914Z [31;1m 425 |                 }[0m
2026-10-07T16:09:05.1125763Z [31;1m[0m
2026-10-07T16:09:05.1129180Z [31;1m 426 | [0m
2026-10-07T16:09:05.1132580Z [31;1m[0m
2026-10-07T16:09:05.1136146Z [31;1m 427 |                 RunLoop.current.run([0m
2026-10-07T16:09:05.1139938Z [31;1m[0m
2026-10-07T16:09:05.1143932Z [31;1m     |                                 `- warning: result of call to 'run(mode:before:)' is unused [#no-usage][0m
2026-10-07T16:09:05.1147978Z [31;1m[0m
2026-10-07T16:09:05.1151639Z [31;1m 428 |                     mode: .default,[0m
2026-10-07T16:09:05.1155410Z [31;1m[0m
2026-10-07T16:09:05.1159276Z [31;1m 429 |                     before:[0m
2026-10-07T16:09:05.1163380Z [31;1m[0m
2026-10-07T16:09:05.1167651Z [31;1m[1034/1089] Compiling RightClickCore CapabilityArtifactSnapshot.swift[0m
2026-10-07T16:09:05.1172589Z [31;1mD:\a\rightclick\rightclick\Sources\RightClickCore\CapabilityEngine.swift:427:33: warning: result of call to 'run(mode:before:)' is unused [#no-usage][0m
2026-10-07T16:09:05.1176991Z [31;1m[0m
2026-10-07T16:09:05.1180491Z [31;1m 425 |                 }[0m
2026-10-07T16:09:05.1184011Z [31;1m[0m
2026-10-07T16:09:05.1187441Z [31;1m 426 | [0m
2026-10-07T16:09:05.1191062Z [31;1m[0m
2026-10-07T16:09:05.1194699Z [31;1m 427 |                 RunLoop.current.run([0m
2026-10-07T16:09:05.1198523Z [31;1m[0m
2026-10-07T16:09:05.1202418Z [31;1m     |                                 `- warning: result of call to 'run(mode:before:)' is unused [#no-usage][0m
2026-10-07T16:09:05.1206403Z [31;1m[0m
2026-10-07T16:09:05.1209949Z [31;1m 428 |                     mode: .default,[0m
2026-10-07T16:09:05.1213606Z [31;1m[0m
2026-10-07T16:09:05.1217299Z [31;1m 429 |                     before:[0m
2026-10-07T16:09:05.1221025Z [31;1m[0m
2026-10-07T16:09:05.1225066Z [31;1m[1035/1089] Compiling RightClickCore CapabilityEngine.swift[0m
2026-10-07T16:09:05.1229911Z [31;1mD:\a\rightclick\rightclick\Sources\RightClickCore\CapabilityEngine.swift:427:33: warning: result of call to 'run(mode:before:)' is unused [#no-usage][0m
2026-10-07T16:09:05.1234415Z [31;1m[0m
2026-10-07T16:09:05.1238015Z [31;1m 425 |                 }[0m
2026-10-07T16:09:05.1241771Z [31;1m[0m
2026-10-07T16:09:05.1245300Z [31;1m 426 | [0m
2026-10-07T16:09:05.1248902Z [31;1m[0m
2026-10-07T16:09:05.1252540Z [31;1m 427 |                 RunLoop.current.run([0m
2026-10-07T16:09:05.1256264Z [31;1m[0m
2026-10-07T16:09:05.1260244Z [31;1m     |                                 `- warning: result of call to 'run(mode:before:)' is unused [#no-usage][0m
2026-10-07T16:09:05.1264351Z [31;1m[0m
2026-10-07T16:09:05.1267974Z [31;1m 428 |                     mode: .default,[0m
2026-10-07T16:09:05.1271605Z [31;1m[0m
2026-10-07T16:09:05.1275256Z [31;1m 429 |                     before:[0m
2026-10-07T16:09:05.1276375Z [31;1m[0m
2026-10-07T16:09:08.9614436Z [31;1m[1036/1089] Compiling RightClickCore CapabilityExperience.swift[0m
2026-10-07T16:09:08.9616099Z [31;1m[1037/1089] Compiling RightClickCore CapabilityExperienceLedger.swift[0m
2026-10-07T16:09:08.9626956Z [31;1m[1038/1089] Compiling RightClickCore CapabilityInterface.swift[0m
2026-10-07T16:09:08.9639937Z [31;1m[1039/1089] Compiling RightClickCore CapabilityProtectedReference.swift[0m
2026-10-07T16:09:08.9652744Z [31;1m[1040/1089] Compiling RightClickCore CapabilityReflector.swift[0m
2026-10-07T16:09:08.9664145Z [31;1m[1041/1089] Compiling RightClickCore CapabilityReflectorSource.swift[0m
2026-10-07T16:09:08.9681720Z [31;1m[1042/1089] Compiling RightClickCore CapabilityRuntimeDefaults.swift[0m
2026-10-07T16:09:08.9686647Z [31;1m[1043/1089] Compiling RightClickCore CapabilitySnapshotFreshness.swift[0m
2026-10-07T16:09:08.9693006Z [31;1m[1044/1089] Compiling RightClickCore ConfiguredOpenAPISource.swift[0m
2026-10-07T16:09:08.9699348Z [31;1m[1045/1089] Compiling RightClickCore ContentItem.swift[0m
2026-10-07T16:09:08.9704606Z [31;1m[1046/1089] Compiling RightClickCore GRPCReflectionTransport.swift[0m
2026-10-07T16:09:08.9713979Z [31;1m[1047/1089] Compiling RightClickCore GRPCReflector.swift[0m
2026-10-07T16:09:08.9715345Z [31;1m[1048/1089] Compiling RightClickCore GRPCWireCodec.swift[0m
2026-10-07T16:09:09.0012965Z [31;1m[1049/1089] Compiling RightClickCore GraphQLHTTP.swift[0m
2026-10-07T16:09:09.0018688Z [31;1mD:\a\rightclick\rightclick\Sources\RightClickCore\OriginPinnedHTTP.swift:45:19: warning: non-final class 'RedirectRejectingDelegate' cannot conform to 'Sendable'; use '@unchecked Sendable'; this is an error in the Swift 6 language mode[0m
2026-10-07T16:09:09.0024201Z [31;1m[0m
2026-10-07T16:09:09.0027915Z [31;1m 43 |     }[0m
2026-10-07T16:09:09.0031488Z [31;1m[0m
2026-10-07T16:09:09.0035495Z [31;1m 44 | [0m
2026-10-07T16:09:09.0038959Z [31;1m[0m
2026-10-07T16:09:09.0042623Z [31;1m 45 |     private class RedirectRejectingDelegate:[0m
2026-10-07T16:09:09.0046440Z [31;1m[0m
2026-10-07T16:09:09.0051112Z [31;1m    |                   `- warning: non-final class 'RedirectRejectingDelegate' cannot conform to 'Sendable'; use '@unchecked Sendable'; this is an error in the Swift 6 language mode[0m
2026-10-07T16:09:09.0055767Z [31;1m[0m
2026-10-07T16:09:09.0059640Z [31;1m 46 |         NSObject,[0m
2026-10-07T16:09:09.0063389Z [31;1m[0m
2026-10-07T16:09:09.0067071Z [31;1m 47 |         URLSessionTaskDelegate[0m
2026-10-07T16:09:09.0070751Z [31;1m[0m
2026-10-07T16:09:09.0074228Z [31;1m[0m
2026-10-07T16:09:09.0077732Z [31;1m[0m
2026-10-07T16:09:09.0082980Z [31;1mD:\a\rightclick\rightclick\Sources\RightClickCore\OriginPinnedHTTP.swift:86:21: warning: stored property 'storedData' of 'Sendable'-conforming class 'BoundedLoadDelegate' is mutable; this is an error in the Swift 6 language mode[0m
2026-10-07T16:09:09.0088188Z [31;1m[0m
2026-10-07T16:09:09.0091833Z [31;1m 84 |             Int[0m
2026-10-07T16:09:09.0095438Z [31;1m[0m
2026-10-07T16:09:09.0099110Z [31;1m 85 | [0m
2026-10-07T16:09:09.0102602Z [31;1m[0m
2026-10-07T16:09:09.0106261Z [31;1m 86 |         private var storedData =[0m
2026-10-07T16:09:09.0109942Z [31;1m[0m
2026-10-07T16:09:09.0114361Z [31;1m    |                     `- warning: stored property 'storedData' of 'Sendable'-conforming class 'BoundedLoadDelegate' is mutable; this is an error in the Swift 6 language mode[0m
2026-10-07T16:09:09.0118758Z [31;1m[0m
2026-10-07T16:09:09.0122275Z [31;1m 87 |             Data()[0m
2026-10-07T16:09:09.0126150Z [31;1m[0m
2026-10-07T16:09:09.0129543Z [31;1m 88 | [0m
2026-10-07T16:09:09.0132803Z [31;1m[0m
2026-10-07T16:09:09.0136358Z [31;1m[1050/1089] Compiling RightClickCore GraphQLReflector.swift[0m
2026-10-07T16:09:09.0141419Z [31;1mD:\a\rightclick\rightclick\Sources\RightClickCore\OriginPinnedHTTP.swift:45:19: warning: non-final class 'RedirectRejectingDelegate' cannot conform to 'Sendable'; use '@unchecked Sendable'; this is an error in the Swift 6 language mode[0m
2026-10-07T16:09:09.0145703Z [31;1m[0m
2026-10-07T16:09:09.0157016Z [31;1m 43 |     }[0m
2026-10-07T16:09:09.0161124Z [31;1m[0m
2026-10-07T16:09:09.0164756Z [31;1m 44 | [0m
2026-10-07T16:09:09.0168714Z [31;1m[0m
2026-10-07T16:09:09.0172820Z [31;1m 45 |     private class RedirectRejectingDelegate:[0m
2026-10-07T16:09:09.0176681Z [31;1m[0m
2026-10-07T16:09:09.0181265Z [31;1m    |                   `- warning: non-final class 'RedirectRejectingDelegate' cannot conform to 'Sendable'; use '@unchecked Sendable'; this is an error in the Swift 6 language mode[0m
2026-10-07T16:09:09.0185846Z [31;1m[0m
2026-10-07T16:09:09.0189512Z [31;1m 46 |         NSObject,[0m
2026-10-07T16:09:09.0194504Z [31;1m[0m
2026-10-07T16:09:09.0198292Z [31;1m 47 |         URLSessionTaskDelegate[0m
2026-10-07T16:09:09.0201933Z [31;1m[0m
2026-10-07T16:09:09.0205391Z [31;1m[0m
2026-10-07T16:09:09.0208834Z [31;1m[0m
2026-10-07T16:09:09.0213982Z [31;1mD:\a\rightclick\rightclick\Sources\RightClickCore\OriginPinnedHTTP.swift:86:21: warning: stored property 'storedData' of 'Sendable'-conforming class 'BoundedLoadDelegate' is mutable; this is an error in the Swift 6 language mode[0m
2026-10-07T16:09:09.0219040Z [31;1m[0m
2026-10-07T16:09:09.0222718Z [31;1m 84 |             Int[0m
2026-10-07T16:09:09.0226355Z [31;1m[0m
2026-10-07T16:09:09.0229884Z [31;1m 85 | [0m
2026-10-07T16:09:09.0233445Z [31;1m[0m
2026-10-07T16:09:09.0237090Z [31;1m 86 |         private var storedData =[0m
2026-10-07T16:09:09.0240839Z [31;1m[0m
2026-10-07T16:09:09.0245358Z [31;1m    |                     `- warning: stored property 'storedData' of 'Sendable'-conforming class 'BoundedLoadDelegate' is mutable; this is an error in the Swift 6 language mode[0m
2026-10-07T16:09:09.0249936Z [31;1m[0m
2026-10-07T16:09:09.0253511Z [31;1m 87 |             Data()[0m
2026-10-07T16:09:09.0257144Z [31;1m[0m
2026-10-07T16:09:09.0260637Z [31;1m 88 | [0m
2026-10-07T16:09:09.0264224Z [31;1m[0m
2026-10-07T16:09:09.0268285Z [31;1m[1051/1089] Compiling RightClickCore KafkaCapabilityArtifactResolver.swift[0m
2026-10-07T16:09:09.0274096Z [31;1mD:\a\rightclick\rightclick\Sources\RightClickCore\OriginPinnedHTTP.swift:45:19: warning: non-final class 'RedirectRejectingDelegate' cannot conform to 'Sendable'; use '@unchecked Sendable'; this is an error in the Swift 6 language mode[0m
2026-10-07T16:09:09.0279150Z [31;1m[0m
2026-10-07T16:09:09.0282747Z [31;1m 43 |     }[0m
2026-10-07T16:09:09.0286402Z [31;1m[0m
2026-10-07T16:09:09.0289998Z [31;1m 44 | [0m
2026-10-07T16:09:09.0293812Z [31;1m[0m
2026-10-07T16:09:09.0297985Z [31;1m 45 |     private class RedirectRejectingDelegate:[0m
2026-10-07T16:09:09.0302098Z [31;1m[0m
2026-10-07T16:09:09.0306802Z [31;1m    |                   `- warning: non-final class 'RedirectRejectingDelegate' cannot conform to 'Sendable'; use '@unchecked Sendable'; this is an error in the Swift 6 language mode[0m
2026-10-07T16:09:09.0311316Z [31;1m[0m
2026-10-07T16:09:09.0314787Z [31;1m 46 |         NSObject,[0m
2026-10-07T16:09:09.0318281Z [31;1m[0m
2026-10-07T16:09:09.0321737Z [31;1m 47 |         URLSessionTaskDelegate[0m
2026-10-07T16:09:09.0325225Z [31;1m[0m
2026-10-07T16:09:09.0328371Z [31;1m[0m
2026-10-07T16:09:09.0331539Z [31;1m[0m
2026-10-07T16:09:09.0336133Z [31;1mD:\a\rightclick\rightclick\Sources\RightClickCore\OriginPinnedHTTP.swift:86:21: warning: stored property 'storedData' of 'Sendable'-conforming class 'BoundedLoadDelegate' is mutable; this is an error in the Swift 6 language mode[0m
2026-10-07T16:09:09.0340729Z [31;1m[0m
2026-10-07T16:09:09.0343991Z [31;1m 84 |             Int[0m
2026-10-07T16:09:09.0347257Z [31;1m[0m
2026-10-07T16:09:09.0350395Z [31;1m 85 | [0m
2026-10-07T16:09:09.0354117Z [31;1m[0m
2026-10-07T16:09:09.0357607Z [31;1m 86 |         private var storedData =[0m
2026-10-07T16:09:09.0360998Z [31;1m[0m
2026-10-07T16:09:09.0365139Z [31;1m    |                     `- warning: stored property 'storedData' of 'Sendable'-conforming class 'BoundedLoadDelegate' is mutable; this is an error in the Swift 6 language mode[0m
2026-10-07T16:09:09.0369282Z [31;1m[0m
2026-10-07T16:09:09.0372463Z [31;1m 87 |             Data()[0m
2026-10-07T16:09:09.0375747Z [31;1m[0m
2026-10-07T16:09:09.0378890Z [31;1m 88 | [0m
2026-10-07T16:09:09.0382069Z [31;1m[0m
2026-10-07T16:09:09.0385671Z [31;1m[1052/1089] Compiling RightClickCore KubernetesCapabilityArtifactResolver.swift[0m
2026-10-07T16:09:09.0390842Z [31;1mD:\a\rightclick\rightclick\Sources\RightClickCore\OriginPinnedHTTP.swift:45:19: warning: non-final class 'RedirectRejectingDelegate' cannot conform to 'Sendable'; use '@unchecked Sendable'; this is an error in the Swift 6 language mode[0m
2026-10-07T16:09:09.0395762Z [31;1m[0m
2026-10-07T16:09:09.0399045Z [31;1m 43 |     }[0m
2026-10-07T16:09:09.0402258Z [31;1m[0m
2026-10-07T16:09:09.0405509Z [31;1m 44 | [0m
2026-10-07T16:09:09.0408689Z [31;1m[0m
2026-10-07T16:09:09.0412010Z [31;1m 45 |     private class RedirectRejectingDelegate:[0m
2026-10-07T16:09:09.0415425Z [31;1m[0m
2026-10-07T16:09:09.0419587Z [31;1m    |                   `- warning: non-final class 'RedirectRejectingDelegate' cannot conform to 'Sendable'; use '@unchecked Sendable'; this is an error in the Swift 6 language mode[0m
2026-10-07T16:09:09.0423754Z [31;1m[0m
2026-10-07T16:09:09.0426930Z [31;1m 46 |         NSObject,[0m
2026-10-07T16:09:09.0430189Z [31;1m[0m
2026-10-07T16:09:09.0433418Z [31;1m 47 |         URLSessionTaskDelegate[0m
2026-10-07T16:09:09.0436866Z [31;1m[0m
2026-10-07T16:09:09.0440018Z [31;1m[0m
2026-10-07T16:09:09.0443220Z [31;1m[0m
2026-10-07T16:09:09.0447942Z [31;1mD:\a\rightclick\rightclick\Sources\RightClickCore\OriginPinnedHTTP.swift:86:21: warning: stored property 'storedData' of 'Sendable'-conforming class 'BoundedLoadDelegate' is mutable; this is an error in the Swift 6 language mode[0m
2026-10-07T16:09:09.0452524Z [31;1m[0m
2026-10-07T16:09:09.0455994Z [31;1m 84 |             Int[0m
2026-10-07T16:09:09.0459255Z [31;1m[0m
2026-10-07T16:09:09.0462393Z [31;1m 85 | [0m
2026-10-07T16:09:09.0465606Z [31;1m[0m
2026-10-07T16:09:09.0468835Z [31;1m 86 |         private var storedData =[0m
2026-10-07T16:09:09.0472315Z [31;1m[0m
2026-10-07T16:09:09.0476458Z [31;1m    |                     `- warning: stored property 'storedData' of 'Sendable'-conforming class 'BoundedLoadDelegate' is mutable; this is an error in the Swift 6 language mode[0m
2026-10-07T16:09:09.0480602Z [31;1m[0m
2026-10-07T16:09:09.0483744Z [31;1m 87 |             Data()[0m
2026-10-07T16:09:09.0487059Z [31;1m[0m
2026-10-07T16:09:09.0490177Z [31;1m 88 | [0m
2026-10-07T16:09:09.0493442Z [31;1m[0m
2026-10-07T16:09:09.0497185Z [31;1m[1053/1089] Compiling RightClickCore MCPCapabilityArtifactResolver.swift[0m
2026-10-07T16:09:09.0502311Z [31;1mD:\a\rightclick\rightclick\Sources\RightClickCore\OriginPinnedHTTP.swift:45:19: warning: non-final class 'RedirectRejectingDelegate' cannot conform to 'Sendable'; use '@unchecked Sendable'; this is an error in the Swift 6 language mode[0m
2026-10-07T16:09:09.0506928Z [31;1m[0m
2026-10-07T16:09:09.0510074Z [31;1m 43 |     }[0m
2026-10-07T16:09:09.0513259Z [31;1m[0m
2026-10-07T16:09:09.0517212Z [31;1m 44 | [0m
2026-10-07T16:09:09.0520462Z [31;1m[0m
2026-10-07T16:09:09.0523765Z [31;1m 45 |     private class RedirectRejectingDelegate:[0m
2026-10-07T16:09:09.0527199Z [31;1m[0m
2026-10-07T16:09:09.0531348Z [31;1m    |                   `- warning: non-final class 'RedirectRejectingDelegate' cannot conform to 'Sendable'; use '@unchecked Sendable'; this is an error in the Swift 6 language mode[0m
2026-10-07T16:09:09.0535507Z [31;1m[0m
2026-10-07T16:09:09.0538684Z [31;1m 46 |         NSObject,[0m
2026-10-07T16:09:09.0541958Z [31;1m[0m
2026-10-07T16:09:09.0545260Z [31;1m 47 |         URLSessionTaskDelegate[0m
2026-10-07T16:09:09.0548617Z [31;1m[0m
2026-10-07T16:09:09.0551733Z [31;1m[0m
2026-10-07T16:09:09.0554913Z [31;1m[0m
2026-10-07T16:09:09.0559561Z [31;1mD:\a\rightclick\rightclick\Sources\RightClickCore\OriginPinnedHTTP.swift:86:21: warning: stored property 'storedData' of 'Sendable'-conforming class 'BoundedLoadDelegate' is mutable; this is an error in the Swift 6 language mode[0m
2026-10-07T16:09:09.0564279Z [31;1m[0m
2026-10-07T16:09:09.0567634Z [31;1m 84 |             Int[0m
2026-10-07T16:09:09.0570862Z [31;1m[0m
2026-10-07T16:09:09.0574007Z [31;1m 85 | [0m
2026-10-07T16:09:09.0577258Z [31;1m[0m
2026-10-07T16:09:09.0580508Z [31;1m 86 |         private var storedData =[0m
2026-10-07T16:09:09.0583868Z [31;1m[0m
2026-10-07T16:09:09.0587968Z [31;1m    |                     `- warning: stored property 'storedData' of 'Sendable'-conforming class 'BoundedLoadDelegate' is mutable; this is an error in the Swift 6 language mode[0m
2026-10-07T16:09:09.0592328Z [31;1m[0m
2026-10-07T16:09:09.0595520Z [31;1m 87 |             Data()[0m
2026-10-07T16:09:09.0598831Z [31;1m[0m
2026-10-07T16:09:09.0601975Z [31;1m 88 | [0m
2026-10-07T16:09:09.0605156Z [31;1m[0m
2026-10-07T16:09:09.0608611Z [31;1m[1054/1089] Compiling RightClickCore OAuthOIDCAuthority.swift[0m
2026-10-07T16:09:09.0615883Z [31;1mD:\a\rightclick\rightclick\Sources\RightClickCore\OriginPinnedHTTP.swift:45:19: warning: non-final class 'RedirectRejectingDelegate' cannot conform to 'Sendable'; use '@unchecked Sendable'; this is an error in the Swift 6 language mode[0m
2026-10-07T16:09:09.0621098Z [31;1m[0m
2026-10-07T16:09:09.0624859Z [31;1m 43 |     }[0m
2026-10-07T16:09:09.0628647Z [31;1m[0m
2026-10-07T16:09:09.0632487Z [31;1m 44 | [0m
2026-10-07T16:09:09.0636307Z [31;1m[0m
2026-10-07T16:09:09.0640338Z [31;1m 45 |     private class RedirectRejectingDelegate:[0m
2026-10-07T16:09:09.0644489Z [31;1m[0m
2026-10-07T16:09:09.0649264Z [31;1m    |                   `- warning: non-final class 'RedirectRejectingDelegate' cannot conform to 'Sendable'; use '@unchecked Sendable'; this is an error in the Swift 6 language mode[0m
2026-10-07T16:09:09.0654078Z [31;1m[0m
2026-10-07T16:09:09.0658084Z [31;1m 46 |         NSObject,[0m
2026-10-07T16:09:09.0661869Z [31;1m[0m
2026-10-07T16:09:09.0665469Z [31;1m 47 |         URLSessionTaskDelegate[0m
2026-10-07T16:09:09.0669172Z [31;1m[0m
2026-10-07T16:09:09.0672719Z [31;1m[0m
2026-10-07T16:09:09.0677033Z [31;1m[0m
2026-10-07T16:09:09.0682194Z [31;1mD:\a\rightclick\rightclick\Sources\RightClickCore\OriginPinnedHTTP.swift:86:21: warning: stored property 'storedData' of 'Sendable'-conforming class 'BoundedLoadDelegate' is mutable; this is an error in the Swift 6 language mode[0m
2026-10-07T16:09:09.0687263Z [31;1m[0m
2026-10-07T16:09:09.0690875Z [31;1m 84 |             Int[0m
2026-10-07T16:09:09.0694925Z [31;1m[0m
2026-10-07T16:09:09.0698698Z [31;1m 85 | [0m
2026-10-07T16:09:09.0702315Z [31;1m[0m
2026-10-07T16:09:09.0705972Z [31;1m 86 |         private var storedData =[0m
2026-10-07T16:09:09.0709734Z [31;1m[0m
2026-10-07T16:09:09.0714373Z [31;1m    |                     `- warning: stored property 'storedData' of 'Sendable'-conforming class 'BoundedLoadDelegate' is mutable; this is an error in the Swift 6 language mode[0m
2026-10-07T16:09:09.0719289Z [31;1m[0m
2026-10-07T16:09:09.0722969Z [31;1m 87 |             Data()[0m
2026-10-07T16:09:09.0726594Z [31;1m[0m
2026-10-07T16:09:09.0730077Z [31;1m 88 | [0m
2026-10-07T16:09:09.0733714Z [31;1m[0m
2026-10-07T16:09:09.0737559Z [31;1m[1055/1089] Compiling RightClickCore OpenAPIAuthority.swift[0m
2026-10-07T16:09:09.0743024Z [31;1mD:\a\rightclick\rightclick\Sources\RightClickCore\OriginPinnedHTTP.swift:45:19: warning: non-final class 'RedirectRejectingDelegate' cannot conform to 'Sendable'; use '@unchecked Sendable'; this is an error in the Swift 6 language mode[0m
2026-10-07T16:09:09.0748170Z [31;1m[0m
2026-10-07T16:09:09.0751721Z [31;1m 43 |     }[0m
2026-10-07T16:09:09.0755356Z [31;1m[0m
2026-10-07T16:09:09.0758928Z [31;1m 44 | [0m
2026-10-07T16:09:09.0762507Z [31;1m[0m
2026-10-07T16:09:09.0766584Z [31;1m 45 |     private class RedirectRejectingDelegate:[0m
2026-10-07T16:09:09.0770529Z [31;1m[0m
2026-10-07T16:09:09.0775234Z [31;1m    |                   `- warning: non-final class 'RedirectRejectingDelegate' cannot conform to 'Sendable'; use '@unchecked Sendable'; this is an error in the Swift 6 language mode[0m
2026-10-07T16:09:09.0780087Z [31;1m[0m
2026-10-07T16:09:09.0783543Z [31;1m 46 |         NSObject,[0m
2026-10-07T16:09:09.0787225Z [31;1m[0m
2026-10-07T16:09:09.0790829Z [31;1m 47 |         URLSessionTaskDelegate[0m
2026-10-07T16:09:09.0794558Z [31;1m[0m
2026-10-07T16:09:09.0798086Z [31;1m[0m
2026-10-07T16:09:09.0801950Z [31;1m[0m
2026-10-07T16:09:09.0806999Z [31;1mD:\a\rightclick\rightclick\Sources\RightClickCore\OriginPinnedHTTP.swift:86:21: warning: stored property 'storedData' of 'Sendable'-conforming class 'BoundedLoadDelegate' is mutable; this is an error in the Swift 6 language mode[0m
2026-10-07T16:09:09.0812062Z [31;1m[0m
2026-10-07T16:09:09.0815548Z [31;1m 84 |             Int[0m
2026-10-07T16:09:09.0819148Z [31;1m[0m
2026-10-07T16:09:09.0822645Z [31;1m 85 | [0m
2026-10-07T16:09:09.0826196Z [31;1m[0m
2026-10-07T16:09:09.0829806Z [31;1m 86 |         private var storedData =[0m
2026-10-07T16:09:09.0833437Z [31;1m[0m
2026-10-07T16:09:09.0839374Z [31;1m    |                     `- warning: stored property 'storedData' of 'Sendable'-conforming class 'BoundedLoadDelegate' is mutable; this is an error in the Swift 6 language mode[0m
2026-10-07T16:09:09.0844946Z [31;1m[0m
2026-10-07T16:09:09.0849101Z [31;1m 87 |             Data()[0m
2026-10-07T16:09:09.0853188Z [31;1m[0m
2026-10-07T16:09:09.0857286Z [31;1m 88 | [0m
2026-10-07T16:09:09.0861372Z [31;1m[0m
2026-10-07T16:09:09.0865722Z [31;1m[1056/1089] Compiling RightClickCore OpenAPIReflector.swift[0m
2026-10-07T16:09:09.0871767Z [31;1mD:\a\rightclick\rightclick\Sources\RightClickCore\OriginPinnedHTTP.swift:45:19: warning: non-final class 'RedirectRejectingDelegate' cannot conform to 'Sendable'; use '@unchecked Sendable'; this is an error in the Swift 6 language mode[0m
2026-10-07T16:09:09.0879559Z [31;1m[0m
2026-10-07T16:09:09.0884030Z [31;1m 43 |     }[0m
2026-10-07T16:09:09.0888009Z [31;1m[0m
2026-10-07T16:09:09.0892142Z [31;1m 44 | [0m
2026-10-07T16:09:09.0896187Z [31;1m[0m
2026-10-07T16:09:09.0900292Z [31;1m 45 |     private class RedirectRejectingDelegate:[0m
2026-10-07T16:09:09.0904011Z [31;1m[0m
2026-10-07T16:09:09.0908425Z [31;1m    |                   `- warning: non-final class 'RedirectRejectingDelegate' cannot conform to 'Sendable'; use '@unchecked Sendable'; this is an error in the Swift 6 language mode[0m
2026-10-07T16:09:09.0909808Z [31;1m[0m
2026-10-07T16:09:09.0913378Z [31;1m 46 |         NSObject,[0m
2026-10-07T16:09:09.0916853Z [31;1m[0m
2026-10-07T16:09:09.0920060Z [31;1m 47 |         URLSessionTaskDelegate[0m
2026-10-07T16:09:09.0923247Z [31;1m[0m
2026-10-07T16:09:09.0926803Z [31;1m[0m
2026-10-07T16:09:09.0932264Z [31;1m[0m
2026-10-07T16:09:09.0936707Z [31;1mD:\a\rightclick\rightclick\Sources\RightClickCore\OriginPinnedHTTP.swift:86:21: warning: stored property 'storedData' of 'Sendable'-conforming class 'BoundedLoadDelegate' is mutable; this is an error in the Swift 6 language mode[0m
2026-10-07T16:09:09.0938464Z [31;1m[0m
2026-10-07T16:09:09.0940167Z [31;1m 84 |             Int[0m
2026-10-07T16:09:09.0942643Z [31;1m[0m
2026-10-07T16:09:09.0946160Z [31;1m 85 | [0m
2026-10-07T16:09:09.0948304Z [31;1m[0m
2026-10-07T16:09:09.0950652Z [31;1m 86 |         private var storedData =[0m
2026-10-07T16:09:09.0952920Z [31;1m[0m
2026-10-07T16:09:09.0957189Z [31;1m    |                     `- warning: stored property 'storedData' of 'Sendable'-conforming class 'BoundedLoadDelegate' is mutable; this is an error in the Swift 6 language mode[0m
2026-10-07T16:09:09.0959334Z [31;1m[0m
2026-10-07T16:09:09.0961806Z [31;1m 87 |             Data()[0m
2026-10-07T16:09:09.0964672Z [31;1m[0m
2026-10-07T16:09:09.0967598Z [31;1m 88 | [0m
2026-10-07T16:09:09.0970467Z [31;1m[0m
2026-10-07T16:09:09.0984888Z [31;1m[1057/1089] Compiling RightClickCore OriginPinnedHTTP.swift[0m
2026-10-07T16:09:09.0989518Z [31;1mD:\a\rightclick\rightclick\Sources\RightClickCore\OriginPinnedHTTP.swift:45:19: warning: non-final class 'RedirectRejectingDelegate' cannot conform to 'Sendable'; use '@unchecked Sendable'; this is an error in the Swift 6 language mode[0m
2026-10-07T16:09:09.0991848Z [31;1m[0m
2026-10-07T16:09:09.0993353Z [31;1m 43 |     }[0m
2026-10-07T16:09:09.0996258Z [31;1m[0m
2026-10-07T16:09:09.0999104Z [31;1m 44 | [0m
2026-10-07T16:09:09.1001962Z [31;1m[0m
2026-10-07T16:09:09.1004957Z [31;1m 45 |     private class RedirectRejectingDelegate:[0m
2026-10-07T16:09:09.1007584Z [31;1m[0m
2026-10-07T16:09:09.1011413Z [31;1m    |                   `- warning: non-final class 'RedirectRejectingDelegate' cannot conform to 'Sendable'; use '@unchecked Sendable'; this is an error in the Swift 6 language mode[0m
2026-10-07T16:09:09.1013254Z [31;1m[0m
2026-10-07T16:09:09.1016006Z [31;1m 46 |         NSObject,[0m
2026-10-07T16:09:09.1018709Z [31;1m[0m
2026-10-07T16:09:09.1021491Z [31;1m 47 |         URLSessionTaskDelegate[0m
2026-10-07T16:09:09.1024040Z [31;1m[0m
2026-10-07T16:09:09.1026572Z [31;1m[0m
2026-10-07T16:09:09.1028943Z [31;1m[0m
2026-10-07T16:09:09.1032845Z [31;1mD:\a\rightclick\rightclick\Sources\RightClickCore\OriginPinnedHTTP.swift:86:21: warning: stored property 'storedData' of 'Sendable'-conforming class 'BoundedLoadDelegate' is mutable; this is an error in the Swift 6 language mode[0m
2026-10-07T16:09:09.1035102Z [31;1m[0m
2026-10-07T16:09:09.1036131Z [31;1m 84 |             Int[0m
2026-10-07T16:09:09.1038639Z [31;1m[0m
2026-10-07T16:09:09.1041545Z [31;1m 85 | [0m
2026-10-07T16:09:09.1044471Z [31;1m[0m
2026-10-07T16:09:09.1047297Z [31;1m 86 |         private var storedData =[0m
2026-10-07T16:09:09.1049912Z [31;1m[0m
2026-10-07T16:09:09.1053688Z [31;1m    |                     `- warning: stored property 'storedData' of 'Sendable'-conforming class 'BoundedLoadDelegate' is mutable; this is an error in the Swift 6 language mode[0m
2026-10-07T16:09:09.1055478Z [31;1m[0m
2026-10-07T16:09:09.1058378Z [31;1m 87 |             Data()[0m
2026-10-07T16:09:09.1061087Z [31;1m[0m
2026-10-07T16:09:09.1063875Z [31;1m 88 | [0m
2026-10-07T16:09:09.1066960Z [31;1m[0m
2026-10-07T16:09:09.1117358Z [31;1m[1058/1089] Compiling RightClickCore OutcomeVerifier.swift[0m
2026-10-07T16:09:09.1123124Z [31;1mD:\a\rightclick\rightclick\Sources\RightClickCore\OriginPinnedHTTP.swift:45:19: warning: non-final class 'RedirectRejectingDelegate' cannot conform to 'Sendable'; use '@unchecked Sendable'; this is an error in the Swift 6 language mode[0m
2026-10-07T16:09:09.1125732Z [31;1m[0m
2026-10-07T16:09:09.1126096Z [31;1m 43 |     }[0m
2026-10-07T16:09:09.1129091Z [31;1m[0m
2026-10-07T16:09:09.1132083Z [31;1m 44 | [0m
2026-10-07T16:09:09.1134961Z [31;1m[0m
2026-10-07T16:09:09.1138020Z [31;1m 45 |     private class RedirectRejectingDelegate:[0m
2026-10-07T16:09:09.1140862Z [31;1m[0m
2026-10-07T16:09:09.1144848Z [31;1m    |                   `- warning: non-final class 'RedirectRejectingDelegate' cannot conform to 'Sendable'; use '@unchecked Sendable'; this is an error in the Swift 6 language mode[0m
2026-10-07T16:09:09.1146786Z [31;1m[0m
2026-10-07T16:09:09.1149534Z [31;1m 46 |         NSObject,[0m
2026-10-07T16:09:09.1152345Z [31;1m[0m
2026-10-07T16:09:09.1155436Z [31;1m 47 |         URLSessionTaskDelegate[0m
2026-10-07T16:09:09.1158185Z [31;1m[0m
2026-10-07T16:09:09.1160970Z [31;1m[0m
2026-10-07T16:09:09.1163955Z [31;1m[0m
2026-10-07T16:09:09.1168439Z [31;1mD:\a\rightclick\rightclick\Sources\RightClickCore\OriginPinnedHTTP.swift:86:21: warning: stored property 'storedData' of 'Sendable'-conforming class 'BoundedLoadDelegate' is mutable; this is an error in the Swift 6 language mode[0m
2026-10-07T16:09:09.1170839Z [31;1m[0m
2026-10-07T16:09:09.1172792Z [31;1m 84 |             Int[0m
2026-10-07T16:09:09.1175706Z [31;1m[0m
2026-10-07T16:09:09.1178515Z [31;1m 85 | [0m
2026-10-07T16:09:09.1181351Z [31;1m[0m
2026-10-07T16:09:09.1184446Z [31;1m 86 |         private var storedData =[0m
2026-10-07T16:09:09.1187184Z [31;1m[0m
2026-10-07T16:09:09.1191029Z [31;1m    |                     `- warning: stored property 'storedData' of 'Sendable'-conforming class 'BoundedLoadDelegate' is mutable; this is an error in the Swift 6 language mode[0m
2026-10-07T16:09:09.1192952Z [31;1m[0m
2026-10-07T16:09:09.1195898Z [31;1m 87 |             Data()[0m
2026-10-07T16:09:09.1198755Z [31;1m[0m
2026-10-07T16:09:09.1201552Z [31;1m 88 | [0m
2026-10-07T16:09:09.1204371Z [31;1m[0m
2026-10-07T16:09:09.1250418Z [31;1m[1059/1089] Compiling RightClickCore ProductSurface.swift[0m
2026-10-07T16:09:09.1254514Z [31;1mD:\a\rightclick\rightclick\Sources\RightClickCore\OriginPinnedHTTP.swift:45:19: warning: non-final class 'RedirectRejectingDelegate' cannot conform to 'Sendable'; use '@unchecked Sendable'; this is an error in the Swift 6 language mode[0m
2026-10-07T16:09:09.1256964Z [31;1m[0m
2026-10-07T16:09:09.1258760Z [31;1m 43 |     }[0m
2026-10-07T16:09:09.1261502Z [31;1m[0m
2026-10-07T16:09:09.1264165Z [31;1m 44 | [0m
2026-10-07T16:09:09.1266999Z [31;1m[0m
2026-10-07T16:09:09.1270183Z [31;1m 45 |     private class RedirectRejectingDelegate:[0m
2026-10-07T16:09:09.1272883Z [31;1m[0m
2026-10-07T16:09:09.1276882Z [31;1m    |                   `- warning: non-final class 'RedirectRejectingDelegate' cannot conform to 'Sendable'; use '@unchecked Sendable'; this is an error in the Swift 6 language mode[0m
2026-10-07T16:09:09.1278816Z [31;1m[0m
2026-10-07T16:09:09.1281668Z [31;1m 46 |         NSObject,[0m
2026-10-07T16:09:09.1284532Z [31;1m[0m
2026-10-07T16:09:09.1287512Z [31;1m 47 |         URLSessionTaskDelegate[0m
2026-10-07T16:09:09.1290167Z [31;1m[0m
2026-10-07T16:09:09.1293239Z [31;1m[0m
2026-10-07T16:09:09.1296367Z [31;1m[0m
2026-10-07T16:09:09.1300730Z [31;1mD:\a\rightclick\rightclick\Sources\RightClickCore\OriginPinnedHTTP.swift:86:21: warning: stored property 'storedData' of 'Sendable'-conforming class 'BoundedLoadDelegate' is mutable; this is an error in the Swift 6 language mode[0m
2026-10-07T16:09:09.1303076Z [31;1m[0m
2026-10-07T16:09:09.1304856Z [31;1m 84 |             Int[0m
2026-10-07T16:09:09.1307830Z [31;1m[0m
2026-10-07T16:09:09.1310772Z [31;1m 85 | [0m
2026-10-07T16:09:09.1313514Z [31;1m[0m
2026-10-07T16:09:09.1316470Z [31;1m 86 |         private var storedData =[0m
2026-10-07T16:09:09.1319356Z [31;1m[0m
2026-10-07T16:09:09.1323715Z [31;1m    |                     `- warning: stored property 'storedData' of 'Sendable'-conforming class 'BoundedLoadDelegate' is mutable; this is an error in the Swift 6 language mode[0m
2026-10-07T16:09:09.1325714Z [31;1m[0m
2026-10-07T16:09:09.1328155Z [31;1m 87 |             Data()[0m
2026-10-07T16:09:09.1331045Z [31;1m[0m
2026-10-07T16:09:09.1333983Z [31;1m 88 | [0m
2026-10-07T16:09:09.1336967Z [31;1m[0m
2026-10-07T16:09:09.1383021Z [31;1m[1060/1089] Compiling RightClickCore RCIR.swift[0m
2026-10-07T16:09:09.1386904Z [31;1mD:\a\rightclick\rightclick\Sources\RightClickCore\OriginPinnedHTTP.swift:45:19: warning: non-final class 'RedirectRejectingDelegate' cannot conform to 'Sendable'; use '@unchecked Sendable'; this is an error in the Swift 6 language mode[0m
2026-10-07T16:09:09.1389310Z [31;1m[0m
2026-10-07T16:09:09.1390597Z [31;1m 43 |     }[0m
2026-10-07T16:09:09.1393573Z [31;1m[0m
2026-10-07T16:09:09.1397002Z [31;1m 44 | [0m
2026-10-07T16:09:09.1400013Z [31;1m[0m
2026-10-07T16:09:09.1403250Z [31;1m 45 |     private class RedirectRejectingDelegate:[0m
2026-10-07T16:09:09.1406112Z [31;1m[0m
2026-10-07T16:09:09.1410175Z [31;1m    |                   `- warning: non-final class 'RedirectRejectingDelegate' cannot conform to 'Sendable'; use '@unchecked Sendable'; this is an error in the Swift 6 language mode[0m
2026-10-07T16:09:09.1412150Z [31;1m[0m
2026-10-07T16:09:09.1415337Z [31;1m 46 |         NSObject,[0m
2026-10-07T16:09:09.1418334Z [31;1m[0m
2026-10-07T16:09:09.1421459Z [31;1m 47 |         URLSessionTaskDelegate[0m
2026-10-07T16:09:09.1424405Z [31;1m[0m
2026-10-07T16:09:09.1427491Z [31;1m[0m
2026-10-07T16:09:09.1430547Z [31;1m[0m
2026-10-07T16:09:09.1435146Z [31;1mD:\a\rightclick\rightclick\Sources\RightClickCore\OriginPinnedHTTP.swift:86:21: warning: stored property 'storedData' of 'Sendable'-conforming class 'BoundedLoadDelegate' is mutable; this is an error in the Swift 6 language mode[0m
2026-10-07T16:09:09.1437713Z [31;1m[0m
2026-10-07T16:09:09.1439777Z [31;1m 84 |             Int[0m
2026-10-07T16:09:09.1442578Z [31;1m[0m
2026-10-07T16:09:09.1445573Z [31;1m 85 | [0m
2026-10-07T16:09:09.1457981Z [31;1m[0m
2026-10-07T16:09:09.1461187Z [31;1m 86 |         private var storedData =[0m
2026-10-07T16:09:09.1464144Z [31;1m[0m
2026-10-07T16:09:09.1468215Z [31;1m    |                     `- warning: stored property 'storedData' of 'Sendable'-conforming class 'BoundedLoadDelegate' is mutable; this is an error in the Swift 6 language mode[0m
2026-10-07T16:09:09.1470313Z [31;1m[0m
2026-10-07T16:09:09.1473592Z [31;1m 87 |             Data()[0m
2026-10-07T16:09:09.1476777Z [31;1m[0m
2026-10-07T16:09:09.1479823Z [31;1m 88 | [0m
2026-10-07T16:09:09.1483180Z [31;1m[0m
2026-10-07T16:09:09.1515102Z [31;1m[1061/1089] Compiling RightClickCore RCIRDeferredExecution.swift[0m
2026-10-07T16:09:09.1519324Z [31;1mD:\a\rightclick\rightclick\Sources\RightClickCore\OriginPinnedHTTP.swift:45:19: warning: non-final class 'RedirectRejectingDelegate' cannot conform to 'Sendable'; use '@unchecked Sendable'; this is an error in the Swift 6 language mode[0m
2026-10-07T16:09:09.1521786Z [31;1m[0m
2026-10-07T16:09:09.1523805Z [31;1m 43 |     }[0m
2026-10-07T16:09:09.1526740Z [31;1m[0m
2026-10-07T16:09:09.1529746Z [31;1m 44 | [0m
2026-10-07T16:09:09.1532720Z [31;1m[0m
2026-10-07T16:09:09.1535879Z [31;1m 45 |     private class RedirectRejectingDelegate:[0m
2026-10-07T16:09:09.1538731Z [31;1m[0m
2026-10-07T16:09:09.1542733Z [31;1m    |                   `- warning: non-final class 'RedirectRejectingDelegate' cannot conform to 'Sendable'; use '@unchecked Sendable'; this is an error in the Swift 6 language mode[0m
2026-10-07T16:09:09.1544608Z [31;1m[0m
2026-10-07T16:09:09.1547698Z [31;1m 46 |         NSObject,[0m
2026-10-07T16:09:09.1550584Z [31;1m[0m
2026-10-07T16:09:09.1554263Z [31;1m 47 |         URLSessionTaskDelegate[0m
2026-10-07T16:09:09.1557132Z [31;1m[0m
2026-10-07T16:09:09.1560084Z [31;1m[0m
2026-10-07T16:09:09.1563620Z [31;1m[0m
2026-10-07T16:09:09.1567773Z [31;1mD:\a\rightclick\rightclick\Sources\RightClickCore\OriginPinnedHTTP.swift:86:21: warning: stored property 'storedData' of 'Sendable'-conforming class 'BoundedLoadDelegate' is mutable; this is an error in the Swift 6 language mode[0m
2026-10-07T16:09:09.1570162Z [31;1m[0m
2026-10-07T16:09:09.1572042Z [31;1m 84 |             Int[0m
2026-10-07T16:09:09.1574985Z [31;1m[0m
2026-10-07T16:09:09.1578116Z [31;1m 85 | [0m
2026-10-07T16:09:09.1581096Z [31;1m[0m
2026-10-07T16:09:09.1584119Z [31;1m 86 |         private var storedData =[0m
2026-10-07T16:09:09.1587053Z [31;1m[0m
2026-10-07T16:09:09.1591001Z [31;1m    |                     `- warning: stored property 'storedData' of 'Sendable'-conforming class 'BoundedLoadDelegate' is mutable; this is an error in the Swift 6 language mode[0m
2026-10-07T16:09:09.1592755Z [31;1m[0m
2026-10-07T16:09:09.1595805Z [31;1m 87 |             Data()[0m
2026-10-07T16:09:09.1598732Z [31;1m[0m
2026-10-07T16:09:09.1601752Z [31;1m 88 | [0m
2026-10-07T16:09:09.1604865Z [31;1m[0m
2026-10-07T16:09:09.6228314Z [31;1m[1062/1089] Compiling RightClickCore RCIRExecutionHost.swift[0m
2026-10-07T16:09:09.6233192Z [31;1m[1063/1089] Compiling RightClickCore RCIRHTTPObservation.swift[0m
2026-10-07T16:09:09.6242335Z [31;1m[1064/1089] Compiling RightClickCore RCIRHostObservation.swift[0m
2026-10-07T16:09:09.6251638Z [31;1m[1065/1089] Compiling RightClickCore RCIRSignedReceipt.swift[0m
2026-10-07T16:09:09.6260402Z [31;1m[1066/1089] Compiling RightClickCore RCIRUnaryInvocation.swift[0m
2026-10-07T16:09:09.6268406Z [31;1m[1067/1089] Compiling RightClickCore RuntimePlatform.swift[0m
2026-10-07T16:09:09.6275818Z [31;1m[1068/1089] Compiling RightClickCore SafetyPolicy.swift[0m
2026-10-07T16:09:09.6282580Z [31;1m[1069/1089] Compiling RightClickCore ServiceCatalog.swift[0m
2026-10-07T16:09:09.6288792Z [31;1m[1070/1089] Compiling RightClickCore ServiceContext.swift[0m
2026-10-07T16:09:09.6294693Z [31;1m[1071/1089] Compiling RightClickCore ServiceOutcome.swift[0m
2026-10-07T16:09:09.6299214Z [31;1m[1072/1089] Compiling RightClickCore SharingCatalog.swift[0m
2026-10-07T16:09:09.6301977Z [31;1m[1073/1089] Compiling RightClickCore SharingExecutionModel.swift[0m
2026-10-07T16:09:09.6304973Z [31;1m[1074/1089] Compiling RightClickCore WASMCapabilityArtifactResolver.swift[0m
2026-10-07T16:09:14.2812697Z [31;1merror: emit-module command failed with exit code 1 (use -v to see invocation)[0m
2026-10-07T16:09:14.2826630Z [31;1m[1076/1117] Emitting module RightClickMCP[0m
2026-10-07T16:09:14.2834482Z [31;1mD:\a\rightclick\rightclick\Sources\RightClickMCP\Server.swift:6:8: error: no such module 'CoreFoundation'[0m
2026-10-07T16:09:14.2848184Z [31;1m[0m
2026-10-07T16:09:14.2854168Z [31;1m  4 | import Crypto[0m
2026-10-07T16:09:14.2858306Z [31;1m[0m
2026-10-07T16:09:14.2862245Z [31;1m  5 | #endif[0m
2026-10-07T16:09:14.2866251Z [31;1m[0m
2026-10-07T16:09:14.2870182Z [31;1m  6 | import CoreFoundation[0m
2026-10-07T16:09:14.2874243Z [31;1m[0m
2026-10-07T16:09:14.2878301Z [31;1m    |        `- error: no such module 'CoreFoundation'[0m
2026-10-07T16:09:14.2882434Z [31;1m[0m
2026-10-07T16:09:14.2886320Z [31;1m  7 | import Foundation[0m
2026-10-07T16:09:14.2890287Z [31;1m[0m
2026-10-07T16:09:14.2894295Z [31;1m  8 | import MCP[0m
2026-10-07T16:09:14.2898327Z [31;1m[0m
2026-10-07T16:09:14.2902462Z [31;1m[1077/1117] Compiling RightClickMCP PortableStdioTransport.swift[0m
2026-10-07T16:09:14.2907271Z [31;1mD:\a\rightclick\rightclick\Sources\RightClickMCP\Server.swift:6:8: error: no such module 'CoreFoundation'[0m
2026-10-07T16:09:14.2911743Z [31;1m[0m
2026-10-07T16:09:14.2915705Z [31;1m  4 | import Crypto[0m
2026-10-07T16:09:14.2919883Z [31;1m[0m
2026-10-07T16:09:14.2923720Z [31;1m  5 | #endif[0m
2026-10-07T16:09:14.2947286Z [31;1m[0m
2026-10-07T16:09:14.2951294Z [31;1m  6 | import CoreFoundation[0m
2026-10-07T16:09:14.2955391Z [31;1m[0m
2026-10-07T16:09:14.2960538Z [31;1m    |        `- error: no such module 'CoreFoundation'[0m
2026-10-07T16:09:14.2964811Z [31;1m[0m
2026-10-07T16:09:14.2968882Z [31;1m  7 | import Foundation[0m
2026-10-07T16:09:14.2972896Z [31;1m[0m
2026-10-07T16:09:14.2978395Z [31;1m  8 | import MCP[0m
2026-10-07T16:09:14.2983229Z [31;1m[0m
2026-10-07T16:09:14.2987886Z [31;1m[1078/1117] Compiling RightClickMCP ModernMCPStdioTransport.swift[0m
2026-10-07T16:09:14.2993166Z [31;1mD:\a\rightclick\rightclick\Sources\RightClickMCP\Server.swift:6:8: error: no such module 'CoreFoundation'[0m
2026-10-07T16:09:14.2998075Z [31;1m[0m
2026-10-07T16:09:14.3002208Z [31;1m  4 | import Crypto[0m
2026-10-07T16:09:14.3008579Z [31;1m[0m
2026-10-07T16:09:14.3012587Z [31;1m  5 | #endif[0m
2026-10-07T16:09:14.3016632Z [31;1m[0m
2026-10-07T16:09:14.3020558Z [31;1m  6 | import CoreFoundation[0m
2026-10-07T16:09:14.3024573Z [31;1m[0m
2026-10-07T16:09:14.3055418Z [31;1m    |        `- error: no such module 'CoreFoundation'[0m
2026-10-07T16:09:14.3060356Z [31;1m[0m
2026-10-07T16:09:14.3064794Z [31;1m  7 | import Foundation[0m
2026-10-07T16:09:14.3069807Z [31;1m[0m
2026-10-07T16:09:14.3074071Z [31;1m  8 | import MCP[0m
2026-10-07T16:09:14.3078523Z [31;1m[0m
2026-10-07T16:09:14.3082891Z [31;1m[1079/1118] Compiling RightClickCoreTests ExecutionCapacityAdmissionTests.swift[0m
2026-10-07T16:09:14.3087920Z [31;1mD:\a\rightclick\rightclick\Sources\RightClickMCP\Server.swift:6:8: error: no such module 'CoreFoundation'[0m
2026-10-07T16:09:14.3092545Z [31;1m[0m
2026-10-07T16:09:14.3096441Z [31;1m  4 | import Crypto[0m
2026-10-07T16:09:14.3100470Z [31;1m[0m
2026-10-07T16:09:14.3104102Z [31;1m  5 | #endif[0m
2026-10-07T16:09:14.3107435Z [31;1m[0m
2026-10-07T16:09:14.3111056Z [31;1m  6 | import CoreFoundation[0m
2026-10-07T16:09:14.3114690Z [31;1m[0m
2026-10-07T16:09:14.3118340Z [31;1m    |        `- error: no such module 'CoreFoundation'[0m
2026-10-07T16:09:14.3122279Z [31;1m[0m
2026-10-07T16:09:14.3125801Z [31;1m  7 | import Foundation[0m
2026-10-07T16:09:14.3129137Z [31;1m[0m
2026-10-07T16:09:14.3132420Z [31;1m  8 | import MCP[0m
2026-10-07T16:09:14.3135926Z [31;1m[0m
2026-10-07T16:09:14.3139486Z [31;1m[1080/1118] Compiling RightClickCoreTests ExecutionRetentionTests.swift[0m
2026-10-07T16:09:14.3143645Z [31;1mD:\a\rightclick\rightclick\Sources\RightClickMCP\Server.swift:6:8: error: no such module 'CoreFoundation'[0m
2026-10-07T16:09:14.3147478Z [31;1m[0m
2026-10-07T16:09:14.3150812Z [31;1m  4 | import Crypto[0m
2026-10-07T16:09:14.3154375Z [31;1m[0m
2026-10-07T16:09:14.3157748Z [31;1m  5 | #endif[0m
2026-10-07T16:09:14.3161001Z [31;1m[0m
2026-10-07T16:09:14.3164465Z [31;1m  6 | import CoreFoundation[0m
2026-10-07T16:09:14.3168819Z [31;1m[0m
2026-10-07T16:09:14.3172171Z [31;1m    |        `- error: no such module 'CoreFoundation'[0m
2026-10-07T16:09:14.3175583Z [31;1m[0m
2026-10-07T16:09:14.3178800Z [31;1m  7 | import Foundation[0m
2026-10-07T16:09:14.3182064Z [31;1m[0m
2026-10-07T16:09:14.3185346Z [31;1m  8 | import MCP[0m
2026-10-07T16:09:14.3188947Z [31;1m[0m
2026-10-07T16:09:14.3192582Z [31;1m[1081/1118] Compiling RightClickMCP Server.swift[0m
2026-10-07T16:09:14.3196803Z [31;1mD:\a\rightclick\rightclick\Sources\RightClickMCP\Server.swift:6:8: error: no such module 'CoreFoundation'[0m
2026-10-07T16:09:14.3200807Z [31;1m[0m
2026-10-07T16:09:14.3204046Z [31;1m  4 | import Crypto[0m
2026-10-07T16:09:14.3207345Z [31;1m[0m
2026-10-07T16:09:14.3210512Z [31;1m  5 | #endif[0m
2026-10-07T16:09:14.3213720Z [31;1m[0m
2026-10-07T16:09:14.3217010Z [31;1m  6 | import CoreFoundation[0m
2026-10-07T16:09:14.3220304Z [31;1m[0m
2026-10-07T16:09:14.3223628Z [31;1m    |        `- error: no such module 'CoreFoundation'[0m
2026-10-07T16:09:14.3227106Z [31;1m[0m
2026-10-07T16:09:14.3230330Z [31;1m  7 | import Foundation[0m
2026-10-07T16:09:14.3233645Z [31;1m[0m
2026-10-07T16:09:14.3237305Z [31;1m  8 | import MCP[0m
2026-10-07T16:09:14.3240720Z [31;1m[0m
2026-10-07T16:09:14.3241835Z [31;1m[1081/1139] Wrapping AST for RightClickCore for debugging[0m
2026-10-07T16:09:21.4266674Z [31;1merror: fatalError[0m
2026-10-07T16:09:21.4830101Z ##[error]Process completed with exit code 1.
2026-10-07T16:09:21.5018026Z ##[group]Run actions/upload-artifact@ea165f8d65b6e75b540449e92b4886f43607fa02
2026-10-07T16:09:21.5018501Z with:
2026-10-07T16:09:21.5018816Z   name: native-windows-evidence-1c1940c08733630837d470e574ff77a964d2a79a
2026-10-07T16:09:21.5019446Z   path: portable-source.txt
portable-toolchain.txt
windows-*.log
windows-binary-sha256.txt

2026-10-07T16:09:21.5019911Z   if-no-files-found: warn
2026-10-07T16:09:21.5020125Z   compression-level: 6
2026-10-07T16:09:21.5020323Z   overwrite: false
2026-10-07T16:09:21.5020520Z   include-hidden-files: false
2026-10-07T16:09:21.5020763Z env:
2026-10-07T16:09:21.5020943Z   RESOLVED_SWIFT_VERSION: swift-6.2-release
2026-10-07T16:09:21.5021221Z   RESOLVED_SWIFT_BUILD: 6.2-RELEASE
2026-10-07T16:09:21.5021449Z   Path: 
2026-10-07T16:09:21.5021752Z   ACTIONS_ORCHESTRATION_ID: 06581b2c-e12b-89f6-b28e-aa37d38f0497.windows.__default
2026-10-07T16:09:21.5022222Z   ACTIONS_RUNNER_ACTION_ARCHIVE_CACHE: C:\actionarchivecache\
2026-10-07T16:09:21.5022591Z   ACTIONS_RUNNER_RETURN_JOB_RESULT_FOR_HOSTED: 1
2026-10-07T16:09:21.5022899Z   AGENT_TOOLSDIRECTORY: C:\hostedtoolcache\windows
2026-10-07T16:09:21.5023191Z   ALLUSERSPROFILE: C:\ProgramData
2026-10-07T16:09:21.5023428Z   ANDROID_HOME: C:\Android\android-sdk
2026-10-07T16:09:21.5023710Z   ANDROID_NDK: C:\Android\android-sdk\ndk\27.3.13750724
2026-10-07T16:09:21.5024054Z   ANDROID_NDK_HOME: C:\Android\android-sdk\ndk\27.3.13750724
2026-10-07T16:09:21.5024428Z   ANDROID_NDK_LATEST_HOME: C:\Android\android-sdk\ndk\29.0.14206865
2026-10-07T16:09:21.5024807Z   ANDROID_NDK_ROOT: C:\Android\android-sdk\ndk\27.3.13750724
2026-10-07T16:09:21.5025352Z   ANDROID_SDK_ROOT: C:\Android\android-sdk
2026-10-07T16:09:21.5025699Z   ANT_HOME: C:\ProgramData\chocolatey\lib\ant\tools\apache-ant-1.10.18
2026-10-07T16:09:21.5026072Z   APPDATA: C:\Users\runneradmin\AppData\Roaming
2026-10-07T16:09:21.5026372Z   AZ_DEVOPS_GLOBAL_CONFIG_DIR: C:\azureDevOpsCli
2026-10-07T16:09:21.5026651Z   AZURE_CONFIG_DIR: C:\azureCli
2026-10-07T16:09:21.5026898Z   AZURE_DEVOPS_CACHE_DIR: C:\azureDevOpsCli\cache
2026-10-07T16:09:21.5027294Z   AZURE_EXTENSION_DIR: C:\Program Files\Common Files\AzureCliExtensionDirectory
2026-10-07T16:09:21.5027682Z   CABAL_DIR: C:\cabal
2026-10-07T16:09:21.5027908Z   ChocolateyInstall: C:\ProgramData\chocolatey
2026-10-07T16:09:21.5028222Z   ChromeWebDriver: C:\SeleniumWebDrivers\ChromeDriver
2026-10-07T16:09:21.5028498Z   CI: true
2026-10-07T16:09:21.5028680Z   COBERTURA_HOME: C:\cobertura-2.1.1
2026-10-07T16:09:21.5028956Z   CommonProgramFiles: C:\Program Files\Common Files
2026-10-07T16:09:21.5029314Z   CommonProgramFiles(x86): C:\Program Files (x86)\Common Files
2026-10-07T16:09:21.5029670Z   CommonProgramW6432: C:\Program Files\Common Files
2026-10-07T16:09:21.5029951Z   COMPUTERNAME: runnervmdlhio
2026-10-07T16:09:21.5030179Z   ComSpec: C:\Windows\system32\cmd.exe
2026-10-07T16:09:21.5030417Z   CONDA: C:\Miniconda
2026-10-07T16:09:21.5030604Z   DOTNET_MULTILEVEL_LOOKUP: 0
2026-10-07T16:09:21.5030812Z   DOTNET_NOLOGO: 1
2026-10-07T16:09:21.5030998Z   DOTNET_SKIP_FIRST_TIME_EXPERIENCE: 1
2026-10-07T16:09:21.5031270Z   DriverData: C:\Windows\System32\Drivers\DriverData
2026-10-07T16:09:21.5031582Z   EdgeWebDriver: C:\SeleniumWebDrivers\EdgeDriver
2026-10-07T16:09:21.5031852Z   ENABLE_RUNNER_TRACING: true
2026-10-07T16:09:21.5032060Z   GCM_INTERACTIVE: Never
2026-10-07T16:09:21.5032308Z   GeckoWebDriver: C:\SeleniumWebDrivers\GeckoDriver
2026-10-07T16:09:21.5032601Z   GHCUP_INSTALL_BASE_PREFIX: C:\
2026-10-07T16:09:21.5032819Z   GHCUP_MSYS2: C:\msys64
2026-10-07T16:09:21.5033035Z   GITHUB_ACTION: __compnerd_gha-setup-swift
2026-10-07T16:09:21.5033511Z   GITHUB_ACTION_PATH: D:\a\_actions\compnerd\gha-setup-swift\bbae8ce86bac5a3449f3992b3d88bc4ca25f2057
2026-10-07T16:09:21.5033969Z   GITHUB_ACTION_REF: 
2026-10-07T16:09:21.5034158Z   GITHUB_ACTION_REPOSITORY: 
2026-10-07T16:09:21.5034362Z   GITHUB_ACTIONS: true
2026-10-07T16:09:21.5035991Z   GITHUB_ACTOR: rossbuckley1990-hash
2026-10-07T16:09:21.5036307Z   GITHUB_ACTOR_ID: 255341254
2026-10-07T16:09:21.5036572Z   GITHUB_API_URL: https://api.github.com
2026-10-07T16:09:21.5037042Z   GITHUB_ARTIFACTS: D:\a\_temp\_runner_file_commands\artifacts_867fc9c7-badd-4e3a-8228-72fca26a85bf
2026-10-07T16:09:21.5037703Z   GITHUB_ARTIFACTS_LIST: D:\a\_temp\_runner_file_commands\artifacts_list_867fc9c7-badd-4e3a-8228-72fca26a85bf
2026-10-07T16:09:21.5038192Z   GITHUB_BASE_REF: main
2026-10-07T16:09:21.5038551Z   GITHUB_ENV: D:\a\_temp\_runner_file_commands\set_env_867fc9c7-badd-4e3a-8228-72fca26a85bf
2026-10-07T16:09:21.5038964Z   GITHUB_EVENT_NAME: pull_request
2026-10-07T16:09:21.5039255Z   GITHUB_EVENT_PATH: D:\a\_temp\_github_workflow\event.json
2026-10-07T16:09:21.5039607Z   GITHUB_GRAPHQL_URL: https://api.github.com/graphql
2026-10-07T16:09:21.5039980Z   GITHUB_HEAD_REF: codex/agency-portable-convergence-20261007
2026-10-07T16:09:21.5040304Z   GITHUB_JOB: windows
2026-10-07T16:09:21.5040666Z   GITHUB_OUTPUT: D:\a\_temp\_runner_file_commands\set_output_867fc9c7-badd-4e3a-8228-72fca26a85bf
2026-10-07T16:09:21.5041231Z   GITHUB_PATH: D:\a\_temp\_runner_file_commands\add_path_867fc9c7-badd-4e3a-8228-72fca26a85bf
2026-10-07T16:09:21.5041662Z   GITHUB_REF: refs/pull/52/merge
2026-10-07T16:09:21.5041888Z   GITHUB_REF_NAME: 52/merge
2026-10-07T16:09:21.5042099Z   GITHUB_REF_PROTECTED: false
2026-10-07T16:09:21.5042310Z   GITHUB_REF_TYPE: branch
2026-10-07T16:09:21.5042557Z   GITHUB_REPOSITORY: rossbuckley1990-hash/rightclick
2026-10-07T16:09:21.5042856Z   GITHUB_REPOSITORY_ID: 1405448709
2026-10-07T16:09:21.5043118Z   GITHUB_REPOSITORY_OWNER: rossbuckley1990-hash
2026-10-07T16:09:21.5043817Z   GITHUB_REPOSITORY_OWNER_ID: 255341254
2026-10-07T16:09:21.5044076Z   GITHUB_RETENTION_DAYS: 90
2026-10-07T16:09:21.5044286Z   GITHUB_RUN_ATTEMPT: 1
2026-10-07T16:09:21.5044481Z   GITHUB_RUN_ID: 37648145831
2026-10-07T16:09:21.5044680Z   GITHUB_RUN_NUMBER: 22
2026-10-07T16:09:21.5044886Z   GITHUB_SERVER_URL: https://github.com
2026-10-07T16:09:21.5045174Z   GITHUB_SHA: 0d0f0eb22aca2405b1612192c36b8cf2a79c1ec5
2026-10-07T16:09:21.5045630Z   GITHUB_STATE: D:\a\_temp\_runner_file_commands\save_state_867fc9c7-badd-4e3a-8228-72fca26a85bf
2026-10-07T16:09:21.5046244Z   GITHUB_STEP_SUMMARY: D:\a\_temp\_runner_file_commands\step_summary_867fc9c7-badd-4e3a-8228-72fca26a85bf
2026-10-07T16:09:21.5046730Z   GITHUB_TRIGGERING_ACTOR: rossbuckley1990-hash
2026-10-07T16:09:21.5047013Z   GITHUB_WORKFLOW: Portable runtime
2026-10-07T16:09:21.5047507Z   GITHUB_WORKFLOW_REF: rossbuckley1990-hash/rightclick/.github/workflows/portable-runtime.yml@refs/pull/52/merge
2026-10-07T16:09:21.5048090Z   GITHUB_WORKFLOW_SHA: 0d0f0eb22aca2405b1612192c36b8cf2a79c1ec5
2026-10-07T16:09:21.5048435Z   GITHUB_WORKSPACE: D:\a\rightclick\rightclick
2026-10-07T16:09:21.5048763Z   GOROOT_1_24_X64: C:\hostedtoolcache\windows\go\1.24.13\x64
2026-10-07T16:09:21.5049113Z   GOROOT_1_25_X64: C:\hostedtoolcache\windows\go\1.25.14\x64
2026-10-07T16:09:21.5049452Z   GOROOT_1_26_X64: C:\hostedtoolcache\windows\go\1.26.8\x64
2026-10-07T16:09:21.5049835Z   GRADLE_HOME: C:\ProgramData\chocolatey\lib\gradle\tools\gradle-9.8.0
2026-10-07T16:09:21.5050169Z   HOMEDRIVE: C:
2026-10-07T16:09:21.5050351Z   HOMEPATH: \Users\runneradmin
2026-10-07T16:09:21.5050596Z   IEWebDriver: C:\SeleniumWebDrivers\IEDriver
2026-10-07T16:09:21.5050853Z   ImageOS: win22
2026-10-07T16:09:21.5051031Z   ImageVersion: 20260927.320.1
2026-10-07T16:09:21.5051361Z   JAVA_HOME: C:\hostedtoolcache\windows\Java_Temurin-Hotspot_jdk\8.0.504-1\x64
2026-10-07T16:09:21.5051867Z   JAVA_HOME_11_X64: C:\hostedtoolcache\windows\Java_Temurin-Hotspot_jdk\11.0.32-101\x64
2026-10-07T16:09:21.5052392Z   JAVA_HOME_17_X64: C:\hostedtoolcache\windows\Java_Temurin-Hotspot_jdk\17.0.20-101\x64
2026-10-07T16:09:21.5052911Z   JAVA_HOME_21_X64: C:\hostedtoolcache\windows\Java_Temurin-Hotspot_jdk\21.0.12-101.0\x64
2026-10-07T16:09:21.5053435Z   JAVA_HOME_25_X64: C:\hostedtoolcache\windows\Java_Temurin-Hotspot_jdk\25.0.4-101.0\x64
2026-10-07T16:09:21.5054403Z   JAVA_HOME_8_X64: C:\hostedtoolcache\windows\Java_Temurin-Hotspot_jdk\8.0.504-1\x64
2026-10-07T16:09:21.5054870Z   LOCALAPPDATA: C:\Users\runneradmin\AppData\Local
2026-10-07T16:09:21.5055166Z   LOGONSERVER: \\runnervmdlhio
2026-10-07T16:09:21.5055466Z   M2: C:\ProgramData\chocolatey\lib\maven\apache-maven-3.9.16\bin
2026-10-07T16:09:21.5055794Z   M2_REPO: C:\ProgramData\m2
2026-10-07T16:09:21.5056004Z   MAVEN_OPTS: -Xms256m
2026-10-07T16:09:21.5056214Z   npm_config_prefix: C:\npm\prefix
2026-10-07T16:09:21.5056447Z   NUMBER_OF_PROCESSORS: 4
2026-10-07T16:09:21.5056641Z   OS: Windows_NT
2026-10-07T16:09:21.5056890Z   PATHEXT: .COM;.EXE;.BAT;.CMD;.VBS;.VBE;.JS;.JSE;.WSF;.WSH;.MSC
2026-10-07T16:09:21.5057227Z   PGBIN: C:\Program Files\PostgreSQL\14\bin
2026-10-07T16:09:21.5057496Z   PGDATA: C:\PostgreSQL\14\data
2026-10-07T16:09:21.5057707Z   PGPASSWORD: root
2026-10-07T16:09:21.5057901Z   PGROOT: C:\Program Files\PostgreSQL\14
2026-10-07T16:09:21.5058141Z   PGUSER: postgres
2026-10-07T16:09:21.5058317Z   PHPROOT: c:\tools\php
2026-10-07T16:09:21.5058551Z   PIPX_BIN_DIR: C:\Program Files (x86)\pipx_bin
2026-10-07T16:09:21.5058826Z   PIPX_HOME: C:\Program Files (x86)\pipx
2026-10-07T16:09:21.5059118Z   POWERSHELL_DISTRIBUTION_CHANNEL: GitHub-Actions-win22
2026-10-07T16:09:21.5059421Z   POWERSHELL_UPDATECHECK: Off
2026-10-07T16:09:21.5059647Z   PROCESSOR_ARCHITECTURE: AMD64
2026-10-07T16:09:21.5059966Z   PROCESSOR_IDENTIFIER: AMD64 Family 25 Model 1 Stepping 1, AuthenticAMD
2026-10-07T16:09:21.5060311Z   PROCESSOR_LEVEL: 25
2026-10-07T16:09:21.5060496Z   PROCESSOR_REVISION: 0101
2026-10-07T16:09:21.5061008Z   ProgramData: C:\ProgramData
2026-10-07T16:09:21.5061240Z   ProgramFiles: C:\Program Files
2026-10-07T16:09:21.5061494Z   ProgramFiles(x86): C:\Program Files (x86)
2026-10-07T16:09:21.5061756Z   ProgramW6432: C:\Program Files
2026-10-07T16:09:21.5062129Z   PSModuleAnalysisCachePath: C:\PSModuleAnalysisCachePath\ModuleAnalysisCache
2026-10-07T16:09:21.5063276Z   PSModulePath: C:\\Modules\az_15.6.1;C:\Users\packer\Documents\WindowsPowerShell\Modules;C:\Program Files\WindowsPowerShell\Modules;C:\Windows\system32\WindowsPowerShell\v1.0\Modules;C:\Program Files\Microsoft SQL Server\130\Tools\PowerShell\Modules\
2026-10-07T16:09:21.5064261Z   PUBLIC: C:\Users\Public
2026-10-07T16:09:21.5064468Z   RTOOLS45_HOME: C:\rtools45
2026-10-07T16:09:21.5064670Z   RUNNER_ARCH: X64
2026-10-07T16:09:21.5064862Z   RUNNER_ENVIRONMENT: github-hosted
2026-10-07T16:09:21.5065108Z   RUNNER_NAME: GitHub Actions 1000002253
2026-10-07T16:09:21.5065346Z   RUNNER_OS: Windows
2026-10-07T16:09:21.5065532Z   RUNNER_TEMP: D:\a\_temp
2026-10-07T16:09:21.5065773Z   RUNNER_TOOL_CACHE: C:\hostedtoolcache\windows
2026-10-07T16:09:21.5066126Z   RUNNER_TRACKING_ID: github_2405d0bb-d5e7-47bd-9404-80a0f48df866
2026-10-07T16:09:21.5066459Z   RUNNER_WORKSPACE: D:\a\rightclick
2026-10-07T16:09:21.5066703Z   SBT_HOME: C:\Program Files (x86)\sbt\
2026-10-07T16:09:21.5067234Z   SDKROOT: C:\Users\runneradmin\AppData\Local\Programs\Swift\Platforms\6.2.0\Windows.platform\Developer\SDKs\Windows.sdk\
2026-10-07T16:09:21.5067827Z   SELENIUM_JAR_PATH: C:\selenium\selenium-server.jar
2026-10-07T16:09:21.5068108Z   SystemDrive: C:
2026-10-07T16:09:21.5068286Z   SystemRoot: C:\Windows
2026-10-07T16:09:21.5068516Z   TEMP: C:\Users\runneradmin\AppData\Local\Temp
2026-10-07T16:09:21.5068810Z   TMP: C:\Users\runneradmin\AppData\Local\Temp
2026-10-07T16:09:21.5069077Z   USERDOMAIN: runnervmdlhio
2026-10-07T16:09:21.5069303Z   USERDOMAIN_ROAMINGPROFILE: runnervmdlhio
2026-10-07T16:09:21.5069548Z   USERNAME: SYSTEM
2026-10-07T16:09:21.5069734Z   USERPROFILE: C:\Users\runneradmin
2026-10-07T16:09:21.5069974Z   VCPKG_INSTALLATION_ROOT: C:\vcpkg
2026-10-07T16:09:21.5070190Z   windir: C:\Windows
2026-10-07T16:09:21.5070399Z   WIX: C:\Program Files (x86)\WiX Toolset v3.14\
2026-10-07T16:09:21.5070655Z ##[endgroup]
2026-10-07T16:09:21.6900296Z (node:9988) [DEP0040] DeprecationWarning: The `punycode` module is deprecated. Please use a userland alternative instead.
2026-10-07T16:09:21.6901069Z (Use `node --trace-deprecation ...` to show where the warning was created)
2026-10-07T16:09:21.6999082Z With the provided path, there will be 3 files uploaded
2026-10-07T16:09:21.7004763Z Artifact name is valid!
2026-10-07T16:09:21.7006675Z Root directory input is valid!
2026-10-07T16:09:21.9679314Z Beginning upload of artifact content to blob storage
2026-10-07T16:09:21.9949864Z (node:9988) [DEP0169] DeprecationWarning: `url.parse()` behavior is not standardized and prone to errors that have security implications. Use the WHATWG URL API instead. CVEs are not issued for `url.parse()` vulnerabilities.
2026-10-07T16:09:22.0258249Z Uploaded bytes 11881
2026-10-07T16:09:22.0420822Z Finished uploading artifact content to blob storage!
2026-10-07T16:09:22.0422465Z SHA256 digest of uploaded artifact zip is 266b429da7b32eb8e1b80eb2521655e72e23fbdc716ed7d4d9ca1da1446a35f6
2026-10-07T16:09:22.0424698Z Finalizing artifact upload
2026-10-07T16:09:22.2588547Z Artifact native-windows-evidence-1c1940c08733630837d470e574ff77a964d2a79a.zip successfully finalized. Artifact ID 11496670259
2026-10-07T16:09:22.2590191Z Artifact native-windows-evidence-1c1940c08733630837d470e574ff77a964d2a79a has been successfully uploaded! Final size is 11881 bytes. Artifact ID is 11496670259
2026-10-07T16:09:22.2598525Z Artifact download URL: https://github.com/rossbuckley1990-hash/rightclick/actions/runs/37648145831/artifacts/11496670259
2026-10-07T16:09:22.2892948Z Post job cleanup.
2026-10-07T16:09:22.4746972Z [command]"C:\Program Files\Git\bin\git.exe" version
2026-10-07T16:09:22.4952913Z git version 2.55.0.windows.5
2026-10-07T16:09:22.5022226Z Temporarily overriding HOME='D:\a\_temp\68a901ef-d07c-4ec5-90ce-87f276c4d537' before making global git config changes
2026-10-07T16:09:22.5023514Z Adding repository directory to the temporary git global config as a safe directory
2026-10-07T16:09:22.5038968Z [command]"C:\Program Files\Git\bin\git.exe" config --global --add safe.directory D:\a\rightclick\rightclick
2026-10-07T16:09:22.5274282Z Removing SSH command configuration
2026-10-07T16:09:22.5285029Z [command]"C:\Program Files\Git\bin\git.exe" config --local --name-only --get-regexp core\.sshCommand
2026-10-07T16:09:22.5512655Z [command]"C:\Program Files\Git\bin\git.exe" submodule foreach --recursive "sh -c \"git config --local --name-only --get-regexp 'core\.sshCommand' && git config --local --unset-all 'core.sshCommand' || :\""
2026-10-07T16:09:22.9751220Z Removing HTTP extra header
2026-10-07T16:09:22.9760810Z [command]"C:\Program Files\Git\bin\git.exe" config --local --name-only --get-regexp http\.https\:\/\/github\.com\/\.extraheader
2026-10-07T16:09:22.9987897Z [command]"C:\Program Files\Git\bin\git.exe" submodule foreach --recursive "sh -c \"git config --local --name-only --get-regexp 'http\.https\:\/\/github\.com\/\.extraheader' && git config --local --unset-all 'http.https://github.com/.extraheader' || :\""
2026-10-07T16:09:23.4315818Z Removing includeIf entries pointing to credentials config files
2026-10-07T16:09:23.4351169Z [command]"C:\Program Files\Git\bin\git.exe" config --local --name-only --get-regexp ^includeIf\.gitdir:
2026-10-07T16:09:23.4525718Z includeif.gitdir:D:/a/rightclick/rightclick/.git.path
2026-10-07T16:09:23.4527535Z includeif.gitdir:D:/a/rightclick/rightclick/.git/worktrees/*.path
2026-10-07T16:09:23.4528118Z includeif.gitdir:/github/workspace/.git.path
2026-10-07T16:09:23.4528581Z includeif.gitdir:/github/workspace/.git/worktrees/*.path
2026-10-07T16:09:23.4553558Z [command]"C:\Program Files\Git\bin\git.exe" config --local --get-all includeif.gitdir:D:/a/rightclick/rightclick/.git.path
2026-10-07T16:09:23.4743625Z D:\a\_temp\git-credentials-f1875847-2735-4f9d-8f40-eaabcb340095.config
2026-10-07T16:09:23.4773826Z [command]"C:\Program Files\Git\bin\git.exe" config --local --unset includeif.gitdir:D:/a/rightclick/rightclick/.git.path D:\a\_temp\git-credentials-f1875847-2735-4f9d-8f40-eaabcb340095.config
2026-10-07T16:09:23.4996892Z [command]"C:\Program Files\Git\bin\git.exe" config --local --get-all includeif.gitdir:D:/a/rightclick/rightclick/.git/worktrees/*.path
2026-10-07T16:09:23.5188440Z D:\a\_temp\git-credentials-f1875847-2735-4f9d-8f40-eaabcb340095.config
2026-10-07T16:09:23.5217106Z [command]"C:\Program Files\Git\bin\git.exe" config --local --unset includeif.gitdir:D:/a/rightclick/rightclick/.git/worktrees/*.path D:\a\_temp\git-credentials-f1875847-2735-4f9d-8f40-eaabcb340095.config
2026-10-07T16:09:23.5429246Z [command]"C:\Program Files\Git\bin\git.exe" config --local --get-all includeif.gitdir:/github/workspace/.git.path
2026-10-07T16:09:23.5619129Z /github/runner_temp/git-credentials-f1875847-2735-4f9d-8f40-eaabcb340095.config
2026-10-07T16:09:23.5645694Z [command]"C:\Program Files\Git\bin\git.exe" config --local --unset includeif.gitdir:/github/workspace/.git.path /github/runner_temp/git-credentials-f1875847-2735-4f9d-8f40-eaabcb340095.config
2026-10-07T16:09:23.5865408Z [command]"C:\Program Files\Git\bin\git.exe" config --local --get-all includeif.gitdir:/github/workspace/.git/worktrees/*.path
2026-10-07T16:09:23.6051834Z /github/runner_temp/git-credentials-f1875847-2735-4f9d-8f40-eaabcb340095.config
2026-10-07T16:09:23.6082058Z [command]"C:\Program Files\Git\bin\git.exe" config --local --unset includeif.gitdir:/github/workspace/.git/worktrees/*.path /github/runner_temp/git-credentials-f1875847-2735-4f9d-8f40-eaabcb340095.config
2026-10-07T16:09:23.6299420Z [command]"C:\Program Files\Git\bin\git.exe" submodule foreach --recursive "git config --local --show-origin --name-only --get-regexp remote.origin.url"
2026-10-07T16:09:24.0560834Z Removing credentials config 'D:\a\_temp\git-credentials-f1875847-2735-4f9d-8f40-eaabcb340095.config'
2026-10-07T16:09:24.0739604Z Cleaning up orphan processes
2026-10-07T16:09:24.0769421Z ##[warning]Node.js 20 is deprecated. The following actions target Node.js 20 but are being forced to run on Node.js 24: actions/upload-artifact@ea165f8d65b6e75b540449e92b4886f43607fa02. For more information see: https://github.blog/changelog/2025-09-19-deprecation-of-node-20-on-github-actions-runners/
