2026-10-07T15:30:57.1258424Z Current runner version: '2.337.0'
2026-10-07T15:30:57.1280350Z ##[group]Runner Image Provisioner
2026-10-07T15:30:57.1281108Z Hosted Compute Agent
2026-10-07T15:30:57.1281647Z Version: 20260901.588
2026-10-07T15:30:57.1282192Z Commit: f88ec8081b781fac6c440065ac7ff9e710ce3d0b
2026-10-07T15:30:57.1282912Z Build Date: 2026-09-01T19:56:44Z
2026-10-07T15:30:57.1283536Z Worker ID: {278505c9-ac3e-40f4-9fb7-db02811ae4a3}
2026-10-07T15:30:57.1284142Z Azure Region: centralus
2026-10-07T15:30:57.1284813Z ##[endgroup]
2026-10-07T15:30:57.1285965Z ##[group]Operating System
2026-10-07T15:30:57.1286518Z Ubuntu
2026-10-07T15:30:57.1286982Z 24.04.5
2026-10-07T15:30:57.1287418Z LTS
2026-10-07T15:30:57.1287843Z ##[endgroup]
2026-10-07T15:30:57.1288339Z ##[group]Runner Image
2026-10-07T15:30:57.1288909Z Image: ubuntu-24.04
2026-10-07T15:30:57.1289402Z Version: 20260927.320.1
2026-10-07T15:30:57.1290462Z Included Software: https://github.com/actions/runner-images/blob/ubuntu24/20260927.320/images/ubuntu/Ubuntu2404-Readme.md
2026-10-07T15:30:57.1291767Z Image Release: https://github.com/actions/runner-images/releases/tag/ubuntu24%2F20260927.320
2026-10-07T15:30:57.1292628Z ##[endgroup]
2026-10-07T15:30:57.1293548Z ##[group]GITHUB_TOKEN Permissions
2026-10-07T15:30:57.1295454Z Contents: read
2026-10-07T15:30:57.1295987Z Metadata: read
2026-10-07T15:30:57.1296449Z ##[endgroup]
2026-10-07T15:30:57.1298155Z Secret source: Actions
2026-10-07T15:30:57.1299142Z Cache mode: write
2026-10-07T15:30:57.1299753Z Prepare workflow directory
2026-10-07T15:30:57.1671222Z Prepare all required actions
2026-10-07T15:30:57.1718488Z Getting action download info
2026-10-07T15:30:57.4498299Z Download action repository 'actions/checkout@de0fac2e4500dabe0009e67214ff5f5447ce83dd' (SHA:de0fac2e4500dabe0009e67214ff5f5447ce83dd)
2026-10-07T15:30:57.6438827Z Complete job name: linux
2026-10-07T15:30:57.6834114Z ##[group]Checking docker version
2026-10-07T15:30:57.6845153Z ##[command]/usr/bin/docker version --format '{{.Server.APIVersion}}'
2026-10-07T15:30:57.7802053Z '1.48'
2026-10-07T15:30:57.7808965Z Docker daemon API version: '1.48'
2026-10-07T15:30:57.7809765Z ##[command]/usr/bin/docker version --format '{{.Client.APIVersion}}'
2026-10-07T15:30:57.7973920Z '1.48'
2026-10-07T15:30:57.7980855Z Docker client API version: '1.48'
2026-10-07T15:30:57.7986006Z ##[endgroup]
2026-10-07T15:30:57.7987957Z ##[group]Clean up resources from previous jobs
2026-10-07T15:30:57.7992636Z ##[command]/usr/bin/docker ps --all --quiet --no-trunc --filter "label=1585c2"
2026-10-07T15:30:57.8126819Z ##[command]/usr/bin/docker network prune --force --filter "label=1585c2"
2026-10-07T15:30:57.8246638Z ##[endgroup]
2026-10-07T15:30:57.8247225Z ##[group]Create local container network
2026-10-07T15:30:57.8255969Z ##[command]/usr/bin/docker network create --label 1585c2 github_network_cbc020430ef749eaad7e799308bcadf2
2026-10-07T15:30:57.8876315Z f9a8ec91ebbf7e34e813be3e7571c192a20106e64fb37ba0b541077c1a39b389
2026-10-07T15:30:57.8887841Z ##[endgroup]
2026-10-07T15:30:57.8911319Z ##[group]Starting job container
2026-10-07T15:30:57.8929979Z ##[command]/usr/bin/docker pull swift:6.2
2026-10-07T15:30:58.4789233Z 6.2: Pulling from library/swift
2026-10-07T15:30:58.6481272Z a60ef8ec184e: Pulling fs layer
2026-10-07T15:30:58.6482650Z a216b873ccfb: Pulling fs layer
2026-10-07T15:30:58.6483516Z c52694f1956e: Pulling fs layer
2026-10-07T15:30:58.6484580Z 6fd02838be31: Pulling fs layer
2026-10-07T15:30:58.6485418Z 6fd02838be31: Waiting
2026-10-07T15:30:58.9420526Z a60ef8ec184e: Verifying Checksum
2026-10-07T15:30:58.9423626Z a60ef8ec184e: Download complete
2026-10-07T15:30:59.0735601Z 6fd02838be31: Verifying Checksum
2026-10-07T15:30:59.0742183Z 6fd02838be31: Download complete
2026-10-07T15:30:59.2660154Z a216b873ccfb: Verifying Checksum
2026-10-07T15:30:59.2666468Z a216b873ccfb: Download complete
2026-10-07T15:31:00.3456923Z a60ef8ec184e: Pull complete
2026-10-07T15:31:01.8350158Z c52694f1956e: Verifying Checksum
2026-10-07T15:31:01.8351412Z c52694f1956e: Download complete
2026-10-07T15:31:14.5270538Z a216b873ccfb: Pull complete
2026-10-07T15:31:38.3828863Z c52694f1956e: Pull complete
2026-10-07T15:31:38.3927385Z 6fd02838be31: Pull complete
2026-10-07T15:31:38.3965973Z Digest: sha256:eccc7a97f9b9881d9659e2e788081fd7675f86d39793b51200bfb178398b3784
2026-10-07T15:31:38.3980211Z Status: Downloaded newer image for swift:6.2
2026-10-07T15:31:38.3991101Z docker.io/library/swift:6.2
2026-10-07T15:31:38.4063436Z ##[command]/usr/bin/docker create --name 143a1d4119d84240862409f649fb0d6b_swift62_c634f3 --label 1585c2 --workdir /__w/rightclick/rightclick --network github_network_cbc020430ef749eaad7e799308bcadf2  -e "HOME=/github/home" -e GITHUB_ACTIONS=true -e CI=true -v "/var/run/docker.sock":"/var/run/docker.sock" -v "/home/runner/work":"/__w" -v "/home/runner/actions-runner/cached/2.337.0/externals":"/__e":ro -v "/home/runner/work/_temp":"/__w/_temp" -v "/home/runner/work/_actions":"/__w/_actions" -v "/opt/hostedtoolcache":"/__t" -v "/home/runner/work/_temp/_github_home":"/github/home" -v "/home/runner/work/_temp/_github_workflow":"/github/workflow" --entrypoint "tail" swift:6.2 "-f" "/dev/null"
2026-10-07T15:31:38.4302712Z cb1f57f60c11448f74838a668f6e2612b3086ebff2f48931e8e8c9554e863a28
2026-10-07T15:31:38.4318082Z ##[command]/usr/bin/docker start cb1f57f60c11448f74838a668f6e2612b3086ebff2f48931e8e8c9554e863a28
2026-10-07T15:31:38.5991063Z cb1f57f60c11448f74838a668f6e2612b3086ebff2f48931e8e8c9554e863a28
2026-10-07T15:31:38.6006261Z ##[command]/usr/bin/docker ps --all --filter id=cb1f57f60c11448f74838a668f6e2612b3086ebff2f48931e8e8c9554e863a28 --filter status=running --no-trunc --format "{{.ID}} {{.Status}}"
2026-10-07T15:31:38.6123501Z cb1f57f60c11448f74838a668f6e2612b3086ebff2f48931e8e8c9554e863a28 Up Less than a second
2026-10-07T15:31:38.6138542Z ##[command]/usr/bin/docker inspect --format "{{range .Config.Env}}{{println .}}{{end}}" cb1f57f60c11448f74838a668f6e2612b3086ebff2f48931e8e8c9554e863a28
2026-10-07T15:31:38.6248840Z HOME=/github/home
2026-10-07T15:31:38.6249284Z GITHUB_ACTIONS=true
2026-10-07T15:31:38.6249730Z CI=true
2026-10-07T15:31:38.6250136Z PATH=/usr/local/sbin:/usr/local/bin:/usr/sbin:/usr/bin:/sbin:/bin
2026-10-07T15:31:38.6250595Z SWIFT_SIGNING_KEY=52BB7E3DE28A71BE22EC05FFEF80A866B47A981F
2026-10-07T15:31:38.6251017Z SWIFT_PLATFORM=ubuntu24.04
2026-10-07T15:31:38.6251317Z SWIFT_BRANCH=swift-6.2.4-release
2026-10-07T15:31:38.6251644Z SWIFT_VERSION=swift-6.2.4-RELEASE
2026-10-07T15:31:38.6258498Z SWIFT_WEBROOT=https://download.swift.org
2026-10-07T15:31:38.6266315Z ##[endgroup]
2026-10-07T15:31:38.6275052Z ##[group]Waiting for all services to be ready
2026-10-07T15:31:38.6276645Z ##[endgroup]
2026-10-07T15:31:38.6536117Z ##[group]Run actions/checkout@de0fac2e4500dabe0009e67214ff5f5447ce83dd
2026-10-07T15:31:38.6536673Z with:
2026-10-07T15:31:38.6537014Z   repository: rossbuckley1990-hash/rightclick
2026-10-07T15:31:38.6539127Z   token: ***
2026-10-07T15:31:38.6539408Z   ssh-strict: true
2026-10-07T15:31:38.6539683Z   ssh-user: git
2026-10-07T15:31:38.6539959Z   persist-credentials: true
2026-10-07T15:31:38.6540303Z   clean: true
2026-10-07T15:31:38.6540597Z   sparse-checkout-cone-mode: true
2026-10-07T15:31:38.6540887Z   fetch-depth: 1
2026-10-07T15:31:38.6541193Z   fetch-tags: false
2026-10-07T15:31:38.6541506Z   show-progress: true
2026-10-07T15:31:38.6541785Z   lfs: false
2026-10-07T15:31:38.6542101Z   submodules: false
2026-10-07T15:31:38.6542357Z   set-safe-directory: true
2026-10-07T15:31:38.6542793Z ##[endgroup]
2026-10-07T15:31:38.6596489Z ##[command]/usr/bin/docker exec  cb1f57f60c11448f74838a668f6e2612b3086ebff2f48931e8e8c9554e863a28 sh -c "cat /etc/*release | grep ^ID"
2026-10-07T15:31:38.8353599Z Syncing repository: rossbuckley1990-hash/rightclick
2026-10-07T15:31:38.8356333Z ##[group]Getting Git version info
2026-10-07T15:31:38.8357085Z Working directory is '/__w/rightclick/rightclick'
2026-10-07T15:31:38.8358060Z [command]/usr/bin/git version
2026-10-07T15:31:38.8358517Z git version 2.43.0
2026-10-07T15:31:38.8360084Z ##[endgroup]
2026-10-07T15:31:38.8366154Z Temporarily overriding HOME='/__w/_temp/a874fbd3-62d4-4b23-bcc0-a731c8f34ebf' before making global git config changes
2026-10-07T15:31:38.8367547Z Adding repository directory to the temporary git global config as a safe directory
2026-10-07T15:31:38.8368460Z [command]/usr/bin/git config --global --add safe.directory /__w/rightclick/rightclick
2026-10-07T15:31:38.8370069Z Deleting the contents of '/__w/rightclick/rightclick'
2026-10-07T15:31:38.8370988Z ##[group]Initializing the repository
2026-10-07T15:31:38.8372122Z [command]/usr/bin/git init /__w/rightclick/rightclick
2026-10-07T15:31:38.8400077Z hint: Using 'master' as the name for the initial branch. This default branch name
2026-10-07T15:31:38.8401123Z hint: is subject to change. To configure the initial branch name to use in all
2026-10-07T15:31:38.8402287Z hint: of your new repositories, which will suppress this warning, call:
2026-10-07T15:31:38.8402960Z hint: 
2026-10-07T15:31:38.8403731Z hint: 	git config --global init.defaultBranch <name>
2026-10-07T15:31:38.8404413Z hint: 
2026-10-07T15:31:38.8404924Z hint: Names commonly chosen instead of 'master' are 'main', 'trunk' and
2026-10-07T15:31:38.8405521Z hint: 'development'. The just-created branch can be renamed via this command:
2026-10-07T15:31:38.8406129Z hint: 
2026-10-07T15:31:38.8406480Z hint: 	git branch -m <name>
2026-10-07T15:31:38.8409047Z Initialized empty Git repository in /__w/rightclick/rightclick/.git/
2026-10-07T15:31:38.8422802Z [command]/usr/bin/git remote add origin https://github.com/rossbuckley1990-hash/rightclick
2026-10-07T15:31:38.8449294Z ##[endgroup]
2026-10-07T15:31:38.8451897Z ##[group]Disabling automatic garbage collection
2026-10-07T15:31:38.8452548Z [command]/usr/bin/git config --local gc.auto 0
2026-10-07T15:31:38.8477614Z ##[endgroup]
2026-10-07T15:31:38.8478302Z ##[group]Setting up auth
2026-10-07T15:31:38.8482133Z Removing SSH command configuration
2026-10-07T15:31:38.8483315Z [command]/usr/bin/git config --local --name-only --get-regexp core\.sshCommand
2026-10-07T15:31:38.8510145Z [command]/usr/bin/git submodule foreach --recursive sh -c "git config --local --name-only --get-regexp 'core\.sshCommand' && git config --local --unset-all 'core.sshCommand' || :"
2026-10-07T15:31:38.8693060Z Removing HTTP extra header
2026-10-07T15:31:38.8693783Z [command]/usr/bin/git config --local --name-only --get-regexp http\.https\:\/\/github\.com\/\.extraheader
2026-10-07T15:31:38.8715336Z [command]/usr/bin/git submodule foreach --recursive sh -c "git config --local --name-only --get-regexp 'http\.https\:\/\/github\.com\/\.extraheader' && git config --local --unset-all 'http.https://github.com/.extraheader' || :"
2026-10-07T15:31:38.8919612Z Removing includeIf entries pointing to credentials config files
2026-10-07T15:31:38.8921181Z [command]/usr/bin/git config --local --name-only --get-regexp ^includeIf\.gitdir:
2026-10-07T15:31:38.8961636Z [command]/usr/bin/git submodule foreach --recursive git config --local --show-origin --name-only --get-regexp remote.origin.url
2026-10-07T15:31:38.9150051Z [command]/usr/bin/git config --file /__w/_temp/git-credentials-74a7ffa9-317a-4a4f-835b-434f58373f4e.config http.https://github.com/.extraheader AUTHORIZATION: basic ***
2026-10-07T15:31:38.9185404Z [command]/usr/bin/git config --local includeIf.gitdir:/__w/rightclick/rightclick/.git.path /__w/_temp/git-credentials-74a7ffa9-317a-4a4f-835b-434f58373f4e.config
2026-10-07T15:31:38.9211710Z [command]/usr/bin/git config --local includeIf.gitdir:/__w/rightclick/rightclick/.git/worktrees/*.path /__w/_temp/git-credentials-74a7ffa9-317a-4a4f-835b-434f58373f4e.config
2026-10-07T15:31:38.9238261Z [command]/usr/bin/git config --local includeIf.gitdir:/github/workspace/.git.path /github/runner_temp/git-credentials-74a7ffa9-317a-4a4f-835b-434f58373f4e.config
2026-10-07T15:31:38.9270168Z [command]/usr/bin/git config --local includeIf.gitdir:/github/workspace/.git/worktrees/*.path /github/runner_temp/git-credentials-74a7ffa9-317a-4a4f-835b-434f58373f4e.config
2026-10-07T15:31:38.9293280Z ##[endgroup]
2026-10-07T15:31:38.9293744Z ##[group]Fetching the repository
2026-10-07T15:31:38.9301839Z [command]/usr/bin/git -c protocol.version=2 fetch --no-tags --prune --no-recurse-submodules --depth=1 origin +1b5a566b0d32c828bdc36305422281233ce89fee:refs/remotes/pull/52/merge
2026-10-07T15:31:39.9473202Z From https://github.com/rossbuckley1990-hash/rightclick
2026-10-07T15:31:39.9474046Z  * [new ref]         1b5a566b0d32c828bdc36305422281233ce89fee -> pull/52/merge
2026-10-07T15:31:39.9498334Z ##[endgroup]
2026-10-07T15:31:39.9498874Z ##[group]Determining the checkout info
2026-10-07T15:31:39.9499406Z ##[endgroup]
2026-10-07T15:31:39.9500846Z [command]/usr/bin/git sparse-checkout disable
2026-10-07T15:31:39.9545557Z [command]/usr/bin/git config --local --unset-all extensions.worktreeConfig
2026-10-07T15:31:39.9566837Z ##[group]Checking out the ref
2026-10-07T15:31:39.9579267Z [command]/usr/bin/git checkout --progress --force refs/remotes/pull/52/merge
2026-10-07T15:31:40.0448694Z Note: switching to 'refs/remotes/pull/52/merge'.
2026-10-07T15:31:40.0448989Z 
2026-10-07T15:31:40.0449460Z You are in 'detached HEAD' state. You can look around, make experimental
2026-10-07T15:31:40.0450034Z changes and commit them, and you can discard any commits you make in this
2026-10-07T15:31:40.0450542Z state without impacting any branches by switching back to a branch.
2026-10-07T15:31:40.0450891Z 
2026-10-07T15:31:40.0451140Z If you want to create a new branch to retain commits you create, you may
2026-10-07T15:31:40.0451738Z do so (now or later) by using -c with the switch command. Example:
2026-10-07T15:31:40.0452049Z 
2026-10-07T15:31:40.0452274Z   git switch -c <new-branch-name>
2026-10-07T15:31:40.0452595Z 
2026-10-07T15:31:40.0452821Z Or undo this operation with:
2026-10-07T15:31:40.0453046Z 
2026-10-07T15:31:40.0453202Z   git switch -
2026-10-07T15:31:40.0453920Z 
2026-10-07T15:31:40.0454750Z Turn off this advice by setting config variable advice.detachedHead to false
2026-10-07T15:31:40.0455202Z 
2026-10-07T15:31:40.0455638Z HEAD is now at 1b5a566 Merge 018c96cc812ad402f90df01027396d3780d145e7 into 7622c133d6db92424f0b959880fa09d7655daad2
2026-10-07T15:31:40.0464984Z ##[endgroup]
2026-10-07T15:31:40.0497502Z [command]/usr/bin/git log -1 --format=%H
2026-10-07T15:31:40.0521153Z 1b5a566b0d32c828bdc36305422281233ce89fee
2026-10-07T15:31:40.0739921Z ##[group]Run apt-get update && apt-get install -y python3 ca-certificates
2026-10-07T15:31:40.0740588Z [36;1mapt-get update && apt-get install -y python3 ca-certificates[0m
2026-10-07T15:31:40.0744042Z shell: sh -e {0}
2026-10-07T15:31:40.0744805Z ##[endgroup]
2026-10-07T15:31:40.2282333Z Get:1 http://security.ubuntu.com/ubuntu noble-security InRelease [126 kB]
2026-10-07T15:31:40.2431564Z Get:2 http://archive.ubuntu.com/ubuntu noble InRelease [256 kB]
2026-10-07T15:31:40.4089740Z Get:3 http://security.ubuntu.com/ubuntu noble-security/universe amd64 Packages [1545 kB]
2026-10-07T15:31:40.4880715Z Get:4 http://archive.ubuntu.com/ubuntu noble-updates InRelease [126 kB]
2026-10-07T15:31:40.5479026Z Get:5 http://archive.ubuntu.com/ubuntu noble-backports InRelease [126 kB]
2026-10-07T15:31:40.6088004Z Get:6 http://archive.ubuntu.com/ubuntu noble/universe amd64 Packages [19.3 MB]
2026-10-07T15:31:40.6372326Z Get:7 http://security.ubuntu.com/ubuntu noble-security/restricted amd64 Packages [1943 kB]
2026-10-07T15:31:40.7037440Z Get:8 http://security.ubuntu.com/ubuntu noble-security/multiverse amd64 Packages [50.0 kB]
2026-10-07T15:31:40.7039974Z Get:9 http://security.ubuntu.com/ubuntu noble-security/main amd64 Packages [1323 kB]
2026-10-07T15:31:41.0627048Z Get:10 http://archive.ubuntu.com/ubuntu noble/main amd64 Packages [1808 kB]
2026-10-07T15:31:41.0715717Z Get:11 http://archive.ubuntu.com/ubuntu noble/multiverse amd64 Packages [331 kB]
2026-10-07T15:31:41.0765520Z Get:12 http://archive.ubuntu.com/ubuntu noble/restricted amd64 Packages [117 kB]
2026-10-07T15:31:41.0775849Z Get:13 http://archive.ubuntu.com/ubuntu noble-updates/multiverse amd64 Packages [56.2 kB]
2026-10-07T15:31:41.0778456Z Get:14 http://archive.ubuntu.com/ubuntu noble-updates/main amd64 Packages [1701 kB]
2026-10-07T15:31:41.0918353Z Get:15 http://archive.ubuntu.com/ubuntu noble-updates/universe amd64 Packages [2165 kB]
2026-10-07T15:31:41.1796843Z Get:16 http://archive.ubuntu.com/ubuntu noble-updates/restricted amd64 Packages [2138 kB]
2026-10-07T15:31:41.1878356Z Get:17 http://archive.ubuntu.com/ubuntu noble-backports/main amd64 Packages [49.0 kB]
2026-10-07T15:31:41.1881932Z Get:18 http://archive.ubuntu.com/ubuntu noble-backports/multiverse amd64 Packages [671 B]
2026-10-07T15:31:41.1882741Z Get:19 http://archive.ubuntu.com/ubuntu noble-backports/universe amd64 Packages [36.0 kB]
2026-10-07T15:31:41.9342464Z Fetched 33.2 MB in 2s (18.6 MB/s)
2026-10-07T15:31:42.6538628Z Reading package lists...
2026-10-07T15:31:43.3968213Z Reading package lists...
2026-10-07T15:31:43.5617478Z Building dependency tree...
2026-10-07T15:31:43.5618091Z Reading state information...
2026-10-07T15:31:43.7213952Z ca-certificates is already the newest version (20260601~24.04.1).
2026-10-07T15:31:43.7214684Z ca-certificates set to manually installed.
2026-10-07T15:31:43.7215220Z The following additional packages will be installed:
2026-10-07T15:31:43.7218930Z   libpython3-stdlib python3-minimal python3.12 python3.12-minimal
2026-10-07T15:31:43.7226710Z Suggested packages:
2026-10-07T15:31:43.7227409Z   python3-doc python3-tk python3-venv python3.12-venv python3.12-doc
2026-10-07T15:31:43.7228138Z   binfmt-support
2026-10-07T15:31:43.7542366Z The following NEW packages will be installed:
2026-10-07T15:31:43.7557177Z   libpython3-stdlib python3 python3-minimal python3.12 python3.12-minimal
2026-10-07T15:31:43.8457135Z 0 upgraded, 5 newly installed, 0 to remove and 3 not upgraded.
2026-10-07T15:31:43.8457627Z Need to get 3046 kB of archives.
2026-10-07T15:31:43.8458176Z After this operation, 9100 kB of additional disk space will be used.
2026-10-07T15:31:43.8458866Z Get:1 http://archive.ubuntu.com/ubuntu noble-updates/main amd64 python3.12-minimal amd64 3.12.3-1ubuntu0.17 [2335 kB]
2026-10-07T15:31:44.2331195Z Get:2 http://archive.ubuntu.com/ubuntu noble-updates/main amd64 python3-minimal amd64 3.12.3-0ubuntu2.1 [27.4 kB]
2026-10-07T15:31:44.2333511Z Get:3 http://archive.ubuntu.com/ubuntu noble-updates/main amd64 python3.12 amd64 3.12.3-1ubuntu0.17 [651 kB]
2026-10-07T15:31:44.2455356Z Get:4 http://archive.ubuntu.com/ubuntu noble-updates/main amd64 libpython3-stdlib amd64 3.12.3-0ubuntu2.1 [10.1 kB]
2026-10-07T15:31:44.2461242Z Get:5 http://archive.ubuntu.com/ubuntu noble-updates/main amd64 python3 amd64 3.12.3-0ubuntu2.1 [23.0 kB]
2026-10-07T15:31:44.3389325Z debconf: delaying package configuration, since apt-utils is not installed
2026-10-07T15:31:44.3614967Z Fetched 3046 kB in 0s (6293 kB/s)
2026-10-07T15:31:44.3730036Z Selecting previously unselected package python3.12-minimal.
2026-10-07T15:31:44.3746099Z (Reading database ... 
2026-10-07T15:31:44.3746743Z (Reading database ... 5%
2026-10-07T15:31:44.3747233Z (Reading database ... 10%
2026-10-07T15:31:44.3747837Z (Reading database ... 15%
2026-10-07T15:31:44.3748282Z (Reading database ... 20%
2026-10-07T15:31:44.3748707Z (Reading database ... 25%
2026-10-07T15:31:44.3749100Z (Reading database ... 30%
2026-10-07T15:31:44.3749505Z (Reading database ... 35%
2026-10-07T15:31:44.3750027Z (Reading database ... 40%
2026-10-07T15:31:44.3750495Z (Reading database ... 45%
2026-10-07T15:31:44.3750924Z (Reading database ... 50%
2026-10-07T15:31:44.3751300Z (Reading database ... 55%
2026-10-07T15:31:44.3751689Z (Reading database ... 60%
2026-10-07T15:31:44.3752078Z (Reading database ... 65%
2026-10-07T15:31:44.3760364Z (Reading database ... 70%
2026-10-07T15:31:44.3764526Z (Reading database ... 75%
2026-10-07T15:31:44.3774758Z (Reading database ... 80%
2026-10-07T15:31:44.3783697Z (Reading database ... 85%
2026-10-07T15:31:44.3790359Z (Reading database ... 90%
2026-10-07T15:31:44.3802779Z (Reading database ... 95%
2026-10-07T15:31:44.3803163Z (Reading database ... 100%
2026-10-07T15:31:44.3803537Z (Reading database ... 16750 files and directories currently installed.)
2026-10-07T15:31:44.3809265Z Preparing to unpack .../python3.12-minimal_3.12.3-1ubuntu0.17_amd64.deb ...
2026-10-07T15:31:44.3838059Z Unpacking python3.12-minimal (3.12.3-1ubuntu0.17) ...
2026-10-07T15:31:44.4288647Z Setting up python3.12-minimal (3.12.3-1ubuntu0.17) ...
2026-10-07T15:31:45.0448849Z Selecting previously unselected package python3-minimal.
2026-10-07T15:31:45.0459470Z (Reading database ... 
2026-10-07T15:31:45.0460086Z (Reading database ... 5%
2026-10-07T15:31:45.0460527Z (Reading database ... 10%
2026-10-07T15:31:45.0460972Z (Reading database ... 15%
2026-10-07T15:31:45.0461362Z (Reading database ... 20%
2026-10-07T15:31:45.0461751Z (Reading database ... 25%
2026-10-07T15:31:45.0462187Z (Reading database ... 30%
2026-10-07T15:31:45.0462585Z (Reading database ... 35%
2026-10-07T15:31:45.0463008Z (Reading database ... 40%
2026-10-07T15:31:45.0463406Z (Reading database ... 45%
2026-10-07T15:31:45.0463776Z (Reading database ... 50%
2026-10-07T15:31:45.0464430Z (Reading database ... 55%
2026-10-07T15:31:45.0464925Z (Reading database ... 60%
2026-10-07T15:31:45.0465330Z (Reading database ... 65%
2026-10-07T15:31:45.0473894Z (Reading database ... 70%
2026-10-07T15:31:45.0478608Z (Reading database ... 75%
2026-10-07T15:31:45.0489276Z (Reading database ... 80%
2026-10-07T15:31:45.0498868Z (Reading database ... 85%
2026-10-07T15:31:45.0508745Z (Reading database ... 90%
2026-10-07T15:31:45.0521674Z (Reading database ... 95%
2026-10-07T15:31:45.0522092Z (Reading database ... 100%
2026-10-07T15:31:45.0522797Z (Reading database ... 16761 files and directories currently installed.)
2026-10-07T15:31:45.0529412Z Preparing to unpack .../python3-minimal_3.12.3-0ubuntu2.1_amd64.deb ...
2026-10-07T15:31:45.0537101Z Unpacking python3-minimal (3.12.3-0ubuntu2.1) ...
2026-10-07T15:31:45.0649036Z Selecting previously unselected package python3.12.
2026-10-07T15:31:45.0659856Z Preparing to unpack .../python3.12_3.12.3-1ubuntu0.17_amd64.deb ...
2026-10-07T15:31:45.0666600Z Unpacking python3.12 (3.12.3-1ubuntu0.17) ...
2026-10-07T15:31:45.0780491Z Selecting previously unselected package libpython3-stdlib:amd64.
2026-10-07T15:31:45.0791724Z Preparing to unpack .../libpython3-stdlib_3.12.3-0ubuntu2.1_amd64.deb ...
2026-10-07T15:31:45.0799311Z Unpacking libpython3-stdlib:amd64 (3.12.3-0ubuntu2.1) ...
2026-10-07T15:31:45.0931915Z Setting up python3-minimal (3.12.3-0ubuntu2.1) ...
2026-10-07T15:31:45.1860150Z Selecting previously unselected package python3.
2026-10-07T15:31:45.1871399Z (Reading database ... 
2026-10-07T15:31:45.1872027Z (Reading database ... 5%
2026-10-07T15:31:45.1872473Z (Reading database ... 10%
2026-10-07T15:31:45.1872840Z (Reading database ... 15%
2026-10-07T15:31:45.1873260Z (Reading database ... 20%
2026-10-07T15:31:45.1873626Z (Reading database ... 25%
2026-10-07T15:31:45.1874009Z (Reading database ... 30%
2026-10-07T15:31:45.1874576Z (Reading database ... 35%
2026-10-07T15:31:45.1874961Z (Reading database ... 40%
2026-10-07T15:31:45.1875343Z (Reading database ... 45%
2026-10-07T15:31:45.1875719Z (Reading database ... 50%
2026-10-07T15:31:45.1876171Z (Reading database ... 55%
2026-10-07T15:31:45.1876575Z (Reading database ... 60%
2026-10-07T15:31:45.1876959Z (Reading database ... 65%
2026-10-07T15:31:45.1882819Z (Reading database ... 70%
2026-10-07T15:31:45.1886345Z (Reading database ... 75%
2026-10-07T15:31:45.1895763Z (Reading database ... 80%
2026-10-07T15:31:45.1903911Z (Reading database ... 85%
2026-10-07T15:31:45.1912475Z (Reading database ... 90%
2026-10-07T15:31:45.1922304Z (Reading database ... 95%
2026-10-07T15:31:45.1922787Z (Reading database ... 100%
2026-10-07T15:31:45.1923242Z (Reading database ... 16808 files and directories currently installed.)
2026-10-07T15:31:45.1928187Z Preparing to unpack .../python3_3.12.3-0ubuntu2.1_amd64.deb ...
2026-10-07T15:31:45.1957713Z Unpacking python3 (3.12.3-0ubuntu2.1) ...
2026-10-07T15:31:45.2100443Z Setting up python3.12 (3.12.3-1ubuntu0.17) ...
2026-10-07T15:31:45.8970311Z Setting up libpython3-stdlib:amd64 (3.12.3-0ubuntu2.1) ...
2026-10-07T15:31:45.8988774Z Setting up python3 (3.12.3-0ubuntu2.1) ...
2026-10-07T15:31:45.9033166Z running python rtupdate hooks for python3.12...
2026-10-07T15:31:45.9033750Z running python post-rtupdate hooks for python3.12...
2026-10-07T15:31:45.9865869Z ##[group]Run swift test --force-resolved-versions
2026-10-07T15:31:45.9866287Z [36;1mswift test --force-resolved-versions[0m
2026-10-07T15:31:45.9866780Z shell: sh -e {0}
2026-10-07T15:31:45.9867060Z ##[endgroup]
2026-10-07T15:31:46.9210747Z Fetching https://github.com/apple/swift-nio.git
2026-10-07T15:31:46.9211288Z Fetching https://github.com/grpc/grpc-swift.git
2026-10-07T15:31:46.9211656Z Fetching https://github.com/mattt/eventsource.git
2026-10-07T15:31:47.2151003Z [1/303] Fetching eventsource
2026-10-07T15:31:47.2733552Z Fetched https://github.com/mattt/eventsource.git from cache (0.35s)
2026-10-07T15:31:47.2760823Z Fetching https://github.com/apple/swift-numerics.git
2026-10-07T15:31:47.5215418Z [1/51604] Fetching grpc-swift
2026-10-07T15:31:47.6937058Z [2066/58262] Fetching grpc-swift, swift-numerics
2026-10-07T15:31:47.7846193Z [5629/144619] Fetching grpc-swift, swift-numerics, swift-nio
2026-10-07T15:31:48.0177323Z Fetched https://github.com/apple/swift-numerics.git from cache (0.74s)
2026-10-07T15:31:48.0191854Z Fetching https://github.com/apple/swift-atomics.git
2026-10-07T15:31:48.0348842Z [16187/137961] Fetching grpc-swift, swift-nio
2026-10-07T15:31:48.3439861Z [95658/139846] Fetching grpc-swift, swift-nio, swift-atomics
2026-10-07T15:31:48.7547929Z Fetched https://github.com/apple/swift-atomics.git from cache (0.74s)
2026-10-07T15:31:48.7584824Z Fetching https://github.com/apple/swift-crypto.git
2026-10-07T15:31:48.7640502Z [111191/137961] Fetching grpc-swift, swift-nio
2026-10-07T15:31:49.1210826Z [118964/156525] Fetching grpc-swift, swift-nio, swift-crypto
2026-10-07T15:31:49.3046144Z Fetched https://github.com/grpc/grpc-swift.git from cache (2.38s)
2026-10-07T15:31:49.3049105Z Fetching https://github.com/apple/swift-http-types.git
2026-10-07T15:31:49.3105647Z [81733/104921] Fetching swift-nio, swift-crypto
2026-10-07T15:31:49.6332765Z [88401/106860] Fetching swift-nio, swift-crypto, swift-http-types
2026-10-07T15:31:49.8373145Z Fetched https://github.com/apple/swift-http-types.git from cache (0.53s)
2026-10-07T15:31:49.8413902Z Fetching https://github.com/apple/swift-protobuf.git
2026-10-07T15:31:49.9055172Z [90070/104921] Fetching swift-nio, swift-crypto
2026-10-07T15:31:51.0597393Z Fetched https://github.com/apple/swift-crypto.git from cache (2.30s)
2026-10-07T15:31:51.0614778Z Fetching https://github.com/apple/swift-system.git
2026-10-07T15:31:51.3972320Z [1/54705] Fetching swift-protobuf
2026-10-07T15:31:51.6352269Z [3284/61932] Fetching swift-protobuf, swift-system
2026-10-07T15:31:52.1556224Z Fetched https://github.com/apple/swift-system.git from cache (1.09s)
2026-10-07T15:31:52.1572731Z Fetching https://github.com/apple/swift-algorithms.git
2026-10-07T15:31:52.1643814Z [12036/54705] Fetching swift-protobuf
2026-10-07T15:31:52.2427174Z Fetched https://github.com/apple/swift-nio.git from cache (5.32s)
2026-10-07T15:31:52.2443822Z Fetching https://github.com/apple/swift-http-structured-headers.git
2026-10-07T15:31:52.5447535Z [27901/60869] Fetching swift-protobuf, swift-algorithms
2026-10-07T15:31:52.5512417Z [28449/62122] Fetching swift-protobuf, swift-algorithms, swift-http-structured-headers
2026-10-07T15:31:52.7249149Z Fetched https://github.com/apple/swift-http-structured-headers.git from cache (0.48s)
2026-10-07T15:31:52.7262212Z Fetching https://github.com/swift-server/swift-service-lifecycle.git
2026-10-07T15:31:52.7350986Z [41192/60869] Fetching swift-protobuf, swift-algorithms
2026-10-07T15:31:52.8589296Z Fetched https://github.com/apple/swift-algorithms.git from cache (0.70s)
2026-10-07T15:31:52.8608252Z Fetching https://github.com/apple/swift-nio-http2.git
2026-10-07T15:31:52.8798488Z [42670/54705] Fetching swift-protobuf
2026-10-07T15:31:53.2780169Z [53065/57572] Fetching swift-protobuf, swift-service-lifecycle
2026-10-07T15:31:53.3852219Z [55538/69860] Fetching swift-protobuf, swift-service-lifecycle, swift-nio-http2
2026-10-07T15:31:53.5447182Z Fetched https://github.com/swift-server/swift-service-lifecycle.git from cache (0.82s)
2026-10-07T15:31:53.5484878Z Fetching https://github.com/apple/swift-nio-ssl.git
2026-10-07T15:31:53.5644059Z [55689/66993] Fetching swift-protobuf, swift-nio-http2
2026-10-07T15:31:54.3291280Z [66994/83847] Fetching swift-protobuf, swift-nio-http2, swift-nio-ssl
2026-10-07T15:31:54.7938359Z Fetched https://github.com/apple/swift-nio-http2.git from cache (1.93s)
2026-10-07T15:31:54.7979132Z Fetching https://github.com/apple/swift-nio-extras.git
2026-10-07T15:31:54.8062023Z [56391/71559] Fetching swift-protobuf, swift-nio-ssl
2026-10-07T15:31:55.2491494Z [66673/78261] Fetching swift-protobuf, swift-nio-ssl, swift-nio-extras
2026-10-07T15:31:55.7129277Z Fetched https://github.com/apple/swift-nio-extras.git from cache (0.91s)
2026-10-07T15:31:55.7177377Z Fetching https://github.com/apple/swift-nio-transport-services.git
2026-10-07T15:31:56.0548806Z [1/2867] Fetching swift-nio-transport-services
2026-10-07T15:31:56.3500812Z Fetched https://github.com/apple/swift-nio-transport-services.git from cache (0.63s)
2026-10-07T15:31:56.3534395Z Fetching https://github.com/apple/swift-log.git
2026-10-07T15:31:56.6202131Z Fetched https://github.com/apple/swift-nio-ssl.git from cache (3.07s)
2026-10-07T15:31:56.6233993Z Fetching https://github.com/apple/swift-async-algorithms.git
2026-10-07T15:31:56.6747691Z [1/8257] Fetching swift-log
2026-10-07T15:31:57.0778590Z Fetched https://github.com/apple/swift-log.git from cache (0.72s)
2026-10-07T15:31:57.0795146Z Fetching https://github.com/apple/swift-collections.git
2026-10-07T15:31:57.1325874Z [1/6795] Fetching swift-async-algorithms
2026-10-07T15:31:57.5227979Z Fetched https://github.com/apple/swift-async-algorithms.git from cache (0.90s)
2026-10-07T15:31:57.5247867Z Fetching https://github.com/apple/swift-asn1.git
2026-10-07T15:31:57.7356838Z [1/28544] Fetching swift-collections
2026-10-07T15:31:57.8416929Z [287/30530] Fetching swift-collections, swift-asn1
2026-10-07T15:31:58.3630749Z Fetched https://github.com/apple/swift-asn1.git from cache (0.84s)
2026-10-07T15:31:58.3645843Z Fetching https://github.com/apple/swift-certificates.git
2026-10-07T15:31:58.3869702Z [17983/28544] Fetching swift-collections
2026-10-07T15:31:58.4456056Z Fetched https://github.com/apple/swift-protobuf.git from cache (8.60s)
2026-10-07T15:31:58.7687787Z [28545/36152] Fetching swift-collections, swift-certificates
2026-10-07T15:31:58.9471600Z Fetched https://github.com/apple/swift-collections.git from cache (1.87s)
2026-10-07T15:31:58.9639620Z [1446/7608] Fetching swift-certificates
2026-10-07T15:31:59.1897256Z Fetched https://github.com/apple/swift-certificates.git from cache (0.82s)
2026-10-07T15:31:59.1938454Z Creating working copy for https://github.com/mattt/eventsource.git
2026-10-07T15:31:59.1939576Z Creating working copy for https://github.com/apple/swift-nio.git
2026-10-07T15:31:59.1941494Z Creating working copy for https://github.com/grpc/grpc-swift.git
2026-10-07T15:31:59.1988053Z Creating working copy for https://github.com/apple/swift-atomics.git
2026-10-07T15:31:59.2197359Z Working copy of https://github.com/mattt/eventsource.git resolved at 1.5.1
2026-10-07T15:31:59.2198633Z Creating working copy for https://github.com/apple/swift-numerics.git
2026-10-07T15:31:59.2513802Z Working copy of https://github.com/apple/swift-atomics.git resolved at 1.3.1
2026-10-07T15:31:59.2517406Z Working copy of https://github.com/apple/swift-numerics.git resolved at 1.1.1
2026-10-07T15:31:59.2558658Z Creating working copy for https://github.com/apple/swift-http-types.git
2026-10-07T15:31:59.2583637Z Creating working copy for https://github.com/apple/swift-protobuf.git
2026-10-07T15:31:59.3378787Z Working copy of https://github.com/grpc/grpc-swift.git resolved at 1.26.2
2026-10-07T15:31:59.3379855Z Creating working copy for https://github.com/apple/swift-system.git
2026-10-07T15:31:59.3446800Z Working copy of https://github.com/apple/swift-http-types.git resolved at 1.8.0
2026-10-07T15:31:59.3503335Z Creating working copy for https://github.com/apple/swift-algorithms.git
2026-10-07T15:31:59.3690255Z Working copy of https://github.com/apple/swift-system.git resolved at 1.8.1
2026-10-07T15:31:59.3712367Z Creating working copy for https://github.com/apple/swift-http-structured-headers.git
2026-10-07T15:31:59.3761849Z Working copy of https://github.com/apple/swift-nio.git resolved at 2.103.0
2026-10-07T15:31:59.3764910Z Creating working copy for https://github.com/apple/swift-crypto.git
2026-10-07T15:31:59.4018456Z Working copy of https://github.com/apple/swift-algorithms.git resolved at 1.2.1
2026-10-07T15:31:59.4052253Z Working copy of https://github.com/apple/swift-http-structured-headers.git resolved at 1.7.0
2026-10-07T15:31:59.4101382Z Creating working copy for https://github.com/swift-server/swift-service-lifecycle.git
2026-10-07T15:31:59.4232204Z Creating working copy for https://github.com/apple/swift-nio-ssl.git
2026-10-07T15:31:59.4359432Z Working copy of https://github.com/swift-server/swift-service-lifecycle.git resolved at 2.12.1
2026-10-07T15:31:59.4360454Z Creating working copy for https://github.com/apple/swift-nio-extras.git
2026-10-07T15:31:59.4977297Z Working copy of https://github.com/apple/swift-nio-extras.git resolved at 1.35.1
2026-10-07T15:31:59.5053939Z Creating working copy for https://github.com/apple/swift-nio-transport-services.git
2026-10-07T15:31:59.5358956Z Working copy of https://github.com/apple/swift-nio-transport-services.git resolved at 1.28.0
2026-10-07T15:31:59.5393202Z Creating working copy for https://github.com/apple/swift-log.git
2026-10-07T15:31:59.5790257Z Working copy of https://github.com/apple/swift-log.git resolved at 1.15.1
2026-10-07T15:31:59.5791343Z Creating working copy for https://github.com/apple/swift-async-algorithms.git
2026-10-07T15:31:59.6204111Z Working copy of https://github.com/apple/swift-nio-ssl.git resolved at 2.37.5
2026-10-07T15:31:59.6288709Z Working copy of https://github.com/apple/swift-async-algorithms.git resolved at 1.1.7
2026-10-07T15:31:59.6290051Z Creating working copy for https://github.com/apple/swift-nio-http2.git
2026-10-07T15:31:59.7136567Z Creating working copy for https://github.com/apple/swift-asn1.git
2026-10-07T15:31:59.7143739Z Working copy of https://github.com/apple/swift-protobuf.git resolved at 1.38.1
2026-10-07T15:31:59.7186754Z Working copy of https://github.com/apple/swift-crypto.git resolved at 4.5.2
2026-10-07T15:31:59.7195398Z Creating working copy for https://github.com/apple/swift-collections.git
2026-10-07T15:31:59.7531826Z Working copy of https://github.com/apple/swift-asn1.git resolved at 1.7.3
2026-10-07T15:31:59.7729655Z Creating working copy for https://github.com/apple/swift-certificates.git
2026-10-07T15:31:59.7958556Z Working copy of https://github.com/apple/swift-nio-http2.git resolved at 1.46.0
2026-10-07T15:31:59.8227785Z Working copy of https://github.com/apple/swift-certificates.git resolved at 1.21.0
2026-10-07T15:31:59.8565618Z Working copy of https://github.com/apple/swift-collections.git resolved at 1.7.1
2026-10-07T15:32:06.4181819Z warning: 'rightclick': found 3 file(s) which are unhandled; explicitly declare them as resources or exclude from the target
2026-10-07T15:32:06.4183172Z     /__w/rightclick/rightclick/Tests/RightClickCoreTests/Fixtures/MOAT005G3IssuesCreateRequest.json
2026-10-07T15:32:06.4184751Z     /__w/rightclick/rightclick/Tests/RightClickCoreTests/Fixtures/WindowsActualAcknowledgementDeclaration.json
2026-10-07T15:32:06.4185855Z     /__w/rightclick/rightclick/Tests/RightClickCoreTests/Fixtures/MOAT005G4IssuesCreateRealResponse.json
2026-10-07T15:32:09.5460715Z [1/1] Compiling plugin SwiftProtobufPlugin
2026-10-07T15:32:10.0552984Z [2/2] Compiling plugin GRPCSwiftPlugin
2026-10-07T15:32:10.0553634Z Building for debugging...
2026-10-07T15:32:10.1366462Z [2/875] Write sources
2026-10-07T15:32:10.1529016Z [36/875] Compiling _AtomicsShims.c
2026-10-07T15:32:10.1599659Z [37/875] Compiling RightClickHostFiles HostFiles.c
2026-10-07T15:32:10.1621702Z [38/875] Compiling CXKCPShims shims.c
2026-10-07T15:32:10.1712938Z [39/875] Compiling SimpleFIPS202.c
2026-10-07T15:32:10.1879465Z [40/875] Compiling KeccakSponge.c
2026-10-07T15:32:10.1949692Z [41/875] Compiling KeccakHash.c
2026-10-07T15:32:10.2028865Z [42/875] Write swift-version-24593BA9C3E375BF.txt
2026-10-07T15:32:10.2108347Z [43/875] Compiling CNIOWindows shim.c
2026-10-07T15:32:10.2351033Z [44/875] Compiling CSystem shims.c
2026-10-07T15:32:10.5827219Z [45/953] Compiling KeccakP-1600-opt64.c
2026-10-07T15:32:14.4384564Z [47/985] Emitting module SystemPackage
2026-10-07T15:32:16.7257482Z [48/995] Emitting module _NIOBase64
2026-10-07T15:32:16.7269146Z [49/995] Compiling _NIOBase64 Base64.swift
2026-10-07T15:32:17.2927868Z [51/998] Compiling _NIODataStructures _TinyArray.swift
2026-10-07T15:32:18.0938717Z [52/998] Compiling SystemPackage RawBuffer.swift
2026-10-07T15:32:18.0939564Z [53/998] Compiling SystemPackage Syscalls.swift
2026-10-07T15:32:18.0940264Z [54/998] Compiling SystemPackage WindowsSyscallAdapters.swift
2026-10-07T15:32:18.0940965Z [55/998] Compiling SystemPackage MachPort.swift
2026-10-07T15:32:18.0941837Z [56/998] Compiling SystemPackage PlatformString.swift
2026-10-07T15:32:18.0942479Z [57/998] Compiling SystemPackage SystemString.swift
2026-10-07T15:32:18.0946604Z [58/998] Compiling SystemPackage Util+StringArray.swift
2026-10-07T15:32:18.0949860Z [59/998] Compiling SystemPackage Util.swift
2026-10-07T15:32:18.0966840Z [60/998] Compiling SystemPackage UtilConsumers.swift
2026-10-07T15:32:18.0970518Z [61/998] Compiling SystemPackage WinSDK+Overlay.swift
2026-10-07T15:32:18.1534777Z [62/998] Compiling _NIODataStructures PriorityQueue.swift
2026-10-07T15:32:18.1535675Z [63/998] Emitting module _NIODataStructures
2026-10-07T15:32:18.1536423Z [64/998] Compiling _NIODataStructures Heap.swift
2026-10-07T15:32:18.2441601Z [66/999] Compiling SystemPackage IORing.swift
2026-10-07T15:32:18.2457624Z [67/999] Compiling SystemPackage RawIORequest.swift
2026-10-07T15:32:18.2458643Z [68/999] Compiling SystemPackage Backcompat.swift
2026-10-07T15:32:18.2459322Z [69/999] Compiling SystemPackage CInterop.swift
2026-10-07T15:32:18.2460042Z [70/999] Compiling SystemPackage Constants.swift
2026-10-07T15:32:18.2460682Z [71/999] Compiling SystemPackage Exports.swift
2026-10-07T15:32:18.2461319Z [72/999] Compiling SystemPackage Mocking.swift
2026-10-07T15:32:18.2462007Z [83/999] Compiling SwiftProtobuf StringUtils.swift
2026-10-07T15:32:18.2462766Z [84/999] Compiling SwiftProtobuf SwiftProtobufContiguousBytes.swift
2026-10-07T15:32:18.2463528Z [85/999] Compiling SwiftProtobuf SwiftProtobufError.swift
2026-10-07T15:32:18.2464407Z [86/999] Compiling SwiftProtobuf TextFormatDecoder.swift
2026-10-07T15:32:18.2465121Z [87/999] Compiling SwiftProtobuf TextFormatDecodingError.swift
2026-10-07T15:32:18.2465874Z [88/999] Compiling SwiftProtobuf TextFormatDecodingOptions.swift
2026-10-07T15:32:19.0637291Z [89/1032] Compiling Logging Locks.swift
2026-10-07T15:32:19.0638400Z [90/1032] Compiling Logging LogEvent.swift
2026-10-07T15:32:19.0670816Z [91/1032] Compiling Logging LogHandler.swift
2026-10-07T15:32:19.4976834Z [92/1034] Compiling Logging LoggingSystem.swift
2026-10-07T15:32:19.4977925Z [93/1034] Compiling Logging MetadataProvider.swift
2026-10-07T15:32:19.6781716Z [94/1034] Emitting module Logging
2026-10-07T15:32:19.9974905Z [95/1034] Compiling Logging MultiplexLogHandler.swift
2026-10-07T15:32:19.9975944Z [96/1034] Compiling Logging StreamLogHandler.swift
2026-10-07T15:32:19.9976733Z [97/1034] Compiling Logging SwiftLogNoOpLogHandler.swift
2026-10-07T15:32:19.9985910Z [98/1034] Compiling Logging Logger+Attributes.swift
2026-10-07T15:32:19.9986740Z [99/1034] Compiling Logging Logger+With.swift
2026-10-07T15:32:19.9987373Z [100/1034] Compiling Logging Logger.swift
2026-10-07T15:32:21.0812746Z [102/1059] Compiling SwiftProtobuf Google_Protobuf_Any+Extensions.swift
2026-10-07T15:32:21.0813757Z [103/1059] Compiling SwiftProtobuf Google_Protobuf_Any+Registry.swift
2026-10-07T15:32:21.0815261Z [104/1059] Compiling SwiftProtobuf Google_Protobuf_Duration+Extensions.swift
2026-10-07T15:32:21.0822319Z [105/1059] Compiling SwiftProtobuf Google_Protobuf_FieldMask+Extensions.swift
2026-10-07T15:32:21.0833707Z [106/1059] Compiling SwiftProtobuf Google_Protobuf_ListValue+Extensions.swift
2026-10-07T15:32:21.0838431Z [107/1059] Compiling SwiftProtobuf Google_Protobuf_NullValue+Extensions.swift
2026-10-07T15:32:21.0842421Z [108/1059] Compiling SwiftProtobuf Google_Protobuf_Struct+Extensions.swift
2026-10-07T15:32:21.0847394Z [109/1059] Compiling SwiftProtobuf Google_Protobuf_Timestamp+Extensions.swift
2026-10-07T15:32:21.0851118Z [110/1059] Compiling SwiftProtobuf Google_Protobuf_Value+Extensions.swift
2026-10-07T15:32:21.0855041Z [111/1059] Compiling SwiftProtobuf Google_Protobuf_Wrappers+Extensions.swift
2026-10-07T15:32:21.0858707Z [112/1059] Compiling SwiftProtobuf HashVisitor.swift
2026-10-07T15:32:21.0862304Z [113/1059] Compiling SwiftProtobuf Internal.swift
2026-10-07T15:32:21.0866225Z [114/1059] Compiling SwiftProtobuf JSONDecoder.swift
2026-10-07T15:32:21.0870038Z [115/1059] Compiling SwiftProtobuf JSONDecodingError.swift
2026-10-07T15:32:21.0873873Z [116/1059] Compiling SwiftProtobuf JSONDecodingOptions.swift
2026-10-07T15:32:21.0877931Z [117/1059] Compiling SwiftProtobuf JSONEncoder.swift
2026-10-07T15:32:21.0881816Z [118/1059] Compiling SwiftProtobuf JSONEncodingError.swift
2026-10-07T15:32:21.0885784Z [119/1059] Compiling SwiftProtobuf JSONEncodingOptions.swift
2026-10-07T15:32:21.0889522Z [120/1059] Compiling SwiftProtobuf JSONEncodingVisitor.swift
2026-10-07T15:32:21.0893142Z [121/1059] Compiling SwiftProtobuf JSONMapEncodingVisitor.swift
2026-10-07T15:32:21.0896821Z [122/1059] Compiling SwiftProtobuf JSONScanner.swift
2026-10-07T15:32:21.0900556Z [123/1059] Compiling SwiftProtobuf MathUtils.swift
2026-10-07T15:32:21.0904757Z [124/1059] Compiling SwiftProtobuf Message+AnyAdditions.swift
2026-10-07T15:32:21.0908611Z [125/1059] Compiling SwiftProtobuf Message+BinaryAdditions.swift
2026-10-07T15:32:21.1179857Z [126/1059] Emitting module RightClickARD
2026-10-07T15:32:21.1198112Z [127/1059] Compiling RightClickARD ARD.swift
2026-10-07T15:32:21.3139574Z [128/1060] Wrapping AST for _NIODataStructures for debugging
2026-10-07T15:32:21.5973041Z [130/1062] Compiling InternalCollectionsUtilities RandomAccessCollection+Offsets.swift
2026-10-07T15:32:21.5975201Z [131/1062] Compiling InternalCollectionsUtilities Span+Extras.swift
2026-10-07T15:32:21.5976160Z [132/1062] Compiling SystemPackage IORing+Util.swift
2026-10-07T15:32:21.5981799Z [140/1062] Compiling InternalCollectionsUtilities Strideable+LimitHelpers.swift
2026-10-07T15:32:21.5982898Z [141/1062] Compiling InternalCollectionsUtilities String+Padding.swift
2026-10-07T15:32:21.5983842Z [142/1062] Compiling InternalCollectionsUtilities TemporaryAllocation.swift
2026-10-07T15:32:21.5985191Z [143/1062] Compiling InternalCollectionsUtilities _UnsafeBitSet+Index.swift
2026-10-07T15:32:21.5986213Z [144/1062] Compiling InternalCollectionsUtilities _UnsafeBitSet+_Word.swift
2026-10-07T15:32:21.5987234Z [145/1062] Compiling InternalCollectionsUtilities _UnsafeBitSet.swift
2026-10-07T15:32:21.5988403Z [146/1062] Compiling InternalCollectionsUtilities UnsafeBufferPointer+Extras.swift
2026-10-07T15:32:21.5989450Z [147/1062] Compiling InternalCollectionsUtilities BorrowingIteratorProtocol+Equality.swift
2026-10-07T15:32:21.5990549Z [148/1062] Compiling InternalCollectionsUtilities BorrowingIteratorProtocol+Extras.swift
2026-10-07T15:32:21.5991428Z [149/1062] Compiling InternalCollectionsUtilities Debugging.swift
2026-10-07T15:32:21.5992391Z [150/1062] Compiling InternalCollectionsUtilities Descriptions.swift
2026-10-07T15:32:21.5993589Z [151/1062] Compiling InternalCollectionsUtilities FixedWidthInteger+roundUpToPowerOfTwo.swift
2026-10-07T15:32:21.5994642Z [152/1062] Compiling InternalCollectionsUtilities Integer rank.swift
2026-10-07T15:32:21.5996058Z [153/1062] Compiling InternalCollectionsUtilities UInt+first and last set bit.swift
2026-10-07T15:32:21.5997037Z [154/1062] Compiling InternalCollectionsUtilities UInt+reversed.swift
2026-10-07T15:32:21.6018189Z [155/1062] Compiling InternalCollectionsUtilities Iterable+CopyContents.swift
2026-10-07T15:32:21.6020312Z [156/1062] Compiling InternalCollectionsUtilities Iterable+Equality.swift
2026-10-07T15:32:21.6021329Z [157/1062] Compiling InternalCollectionsUtilities LifetimeOverride.swift
2026-10-07T15:32:21.6022223Z [158/1062] Compiling InternalCollectionsUtilities MutableRef.swift
2026-10-07T15:32:21.6023041Z [159/1062] Compiling InternalCollectionsUtilities MutableSpan+Extras.swift
2026-10-07T15:32:21.6023873Z [160/1062] Compiling InternalCollectionsUtilities OutputSpan+Extras.swift
2026-10-07T15:32:21.6096070Z [161/1062] Emitting module RightClickARDTests
2026-10-07T15:32:21.6096896Z [162/1062] Compiling RightClickARDTests ARDPortableTests.swift
2026-10-07T15:32:21.8445861Z [165/1066] Emitting module InternalCollectionsUtilities
2026-10-07T15:32:21.8779856Z [188/1073] Wrapping AST for _NIOBase64 for debugging
2026-10-07T15:32:21.9247522Z [190/1073] Emitting module RightClickARDProbe
2026-10-07T15:32:22.2000580Z [191/1110] Compiling MCP StatefulHTTPServerTransport.swift
2026-10-07T15:32:22.2001749Z [192/1110] Compiling MCP StatelessHTTPServerTransport.swift
2026-10-07T15:32:22.2002528Z [193/1110] Compiling MCP InMemoryTransport.swift
2026-10-07T15:32:22.2003223Z [194/1110] Compiling MCP NetworkTransport.swift
2026-10-07T15:32:22.2003883Z [195/1110] Compiling MCP StdioTransport.swift
2026-10-07T15:32:22.2004583Z [196/1110] Compiling MCP UnitInterval.swift
2026-10-07T15:32:22.2005197Z [197/1110] Compiling MCP Cancellation.swift
2026-10-07T15:32:22.2005716Z [198/1110] Compiling MCP Ping.swift
2026-10-07T15:32:22.2006323Z [199/1110] Compiling MCP Progress.swift
2026-10-07T15:32:22.2006924Z [200/1110] Compiling MCP RequestContext.swift
2026-10-07T15:32:22.2007546Z [201/1110] Compiling MCP Value.swift
2026-10-07T15:32:22.2008139Z [202/1110] Compiling MCP Versioning.swift
2026-10-07T15:32:22.2009005Z [203/1110] Compiling MCP PKCE.swift
2026-10-07T15:32:22.2009650Z [204/1110] Compiling MCP TokenStorage.swift
2026-10-07T15:32:22.2010272Z [205/1110] Compiling MCP Error.swift
2026-10-07T15:32:22.2041001Z [206/1110] Compiling MCP ID.swift
2026-10-07T15:32:22.2041885Z [207/1110] Compiling MCP Icon.swift
2026-10-07T15:32:22.2042534Z [208/1110] Compiling MCP Lifecycle.swift
2026-10-07T15:32:22.2043154Z [209/1110] Compiling MCP Messages.swift
2026-10-07T15:32:22.2043755Z [210/1110] Compiling MCP PendingRequest.swift
2026-10-07T15:32:22.2044493Z [211/1110] Compiling MCP Transport.swift
2026-10-07T15:32:22.2045159Z [212/1110] Compiling MCP HTTPClientTransport.swift
2026-10-07T15:32:22.2045848Z [213/1110] Compiling MCP HTTPRequestValidation.swift
2026-10-07T15:32:22.2047279Z [214/1110] Compiling MCP HTTPServerTypes.swift
2026-10-07T15:32:22.2047884Z [215/1110] Emitting module SwiftProtobuf
2026-10-07T15:32:22.4043192Z [216/1110] Compiling RightClickARDProbe main.swift
2026-10-07T15:32:22.5690224Z [217/1111] Wrapping AST for SystemPackage for debugging
2026-10-07T15:32:22.6211945Z [220/1111] Compiling MCP OAuthAuthorizationCodeFlow.swift
2026-10-07T15:32:22.6213016Z [221/1111] Compiling MCP OAuthAuthorizer.swift
2026-10-07T15:32:22.6213676Z [222/1111] Compiling MCP OAuthClientRegistrar.swift
2026-10-07T15:32:22.6214560Z [223/1111] Compiling MCP OAuthConfiguration.swift
2026-10-07T15:32:22.6215242Z [224/1111] Compiling MCP OAuthConstants.swift
2026-10-07T15:32:22.6215857Z [225/1111] Compiling MCP OAuthDiscovery.swift
2026-10-07T15:32:22.6449668Z [225/1112] Wrapping AST for RightClickARDTests for debugging
2026-10-07T15:32:22.7240157Z [227/1112] Wrapping AST for RightClickARDProbe for debugging
2026-10-07T15:32:22.7850556Z [228/1112] Wrapping AST for RightClickARD for debugging
2026-10-07T15:32:22.8637591Z [229/1116] Wrapping AST for Logging for debugging
2026-10-07T15:32:22.8638578Z [229/1116] Write Objects.LinkFileList
2026-10-07T15:32:22.9085469Z [232/1116] Compiling SpanPreview MutableSpan+InputSpanHelpers.swift
2026-10-07T15:32:22.9086704Z [233/1116] Compiling SpanPreview OutputSpan+InputSpanHelpers.swift
2026-10-07T15:32:22.9269831Z [234/1116] Emitting module SpanPreview
2026-10-07T15:32:22.9319444Z [234/1116] Wrapping AST for InternalCollectionsUtilities for debugging
2026-10-07T15:32:22.9320410Z [235/1116] Compiling SpanPreview InputSpan.swift
2026-10-07T15:32:23.3300254Z [237/1153] Linking rightclick-ard-probe
2026-10-07T15:32:23.4470253Z [238/1153] Wrapping AST for SpanPreview for debugging
2026-10-07T15:32:23.4972557Z [239/1153] Compiling CNIOWindows WSAStartup.c
2026-10-07T15:32:23.5522090Z [240/1153] Compiling CNIOWASI CNIOWASI.c
2026-10-07T15:32:23.6071201Z [241/1153] Compiling CNIOPosix event_loop_id.c
2026-10-07T15:32:23.6520375Z [242/1153] Compiling CNIOOpenBSD shim.c
2026-10-07T15:32:23.8442947Z [243/1153] Compiling CNIOLinux shim.c
2026-10-07T15:32:23.9001586Z [244/1153] Compiling CNIOLinux liburing_shims.c
2026-10-07T15:32:24.4178179Z [246/1153] Emitting module MCP
2026-10-07T15:32:24.5374718Z [246/1164] Compiling CNIOLLHTTP c_nio_llhttp.c
2026-10-07T15:32:24.5683928Z [248/1164] Compiling DequeModule RigidDeque+Prepend.swift
2026-10-07T15:32:24.5685217Z [249/1164] Compiling DequeModule RigidDeque+Removals.swift
2026-10-07T15:32:24.5686034Z [250/1164] Compiling DequeModule RigidDeque+Replacements.swift
2026-10-07T15:32:24.5686814Z [251/1164] Compiling DequeModule RigidDeque+Testing.swift
2026-10-07T15:32:24.5687529Z [252/1164] Compiling DequeModule RigidDeque.swift
2026-10-07T15:32:24.5688139Z [253/1164] Compiling DequeModule UniqueDeque+Append.swift
2026-10-07T15:32:24.5688789Z [254/1164] Compiling DequeModule UniqueDeque+Consumption.swift
2026-10-07T15:32:24.5689789Z [255/1164] Compiling DequeModule UniqueDeque+ContainerOperations.swift
2026-10-07T15:32:24.5690525Z [256/1164] Compiling DequeModule UniqueDeque+Deprecations.swift
2026-10-07T15:32:24.5691235Z [257/1164] Compiling DequeModule UniqueDeque+Descriptions.swift
2026-10-07T15:32:24.5696479Z [258/1164] Compiling DequeModule UniqueDeque+Equatable.swift
2026-10-07T15:32:24.5946151Z [259/1175] Compiling DequeModule _DequeBuffer.swift
2026-10-07T15:32:24.5947554Z [260/1175] Compiling DequeModule _DequeBufferHeader.swift
2026-10-07T15:32:24.5948345Z [261/1175] Compiling DequeModule RigidDeque+Append.swift
2026-10-07T15:32:24.5949189Z [262/1175] Compiling DequeModule RigidDeque+Consumption.swift
2026-10-07T15:32:24.5950018Z [263/1175] Compiling DequeModule RigidDeque+ContainerOperations.swift
2026-10-07T15:32:24.5950792Z [264/1175] Compiling DequeModule RigidDeque+Deprecations.swift
2026-10-07T15:32:24.5951637Z [265/1175] Compiling DequeModule RigidDeque+Descriptions.swift
2026-10-07T15:32:24.5952365Z [266/1175] Compiling DequeModule RigidDeque+Equatable.swift
2026-10-07T15:32:24.5953159Z [267/1175] Compiling DequeModule RigidDeque+Hashable.swift
2026-10-07T15:32:24.5953851Z [268/1175] Compiling DequeModule RigidDeque+Initializers.swift
2026-10-07T15:32:24.5954872Z [269/1175] Compiling DequeModule RigidDeque+Insertions.swift
2026-10-07T15:32:24.5955483Z [270/1175] Compiling DequeModule RigidDeque+Iterable.swift
2026-10-07T15:32:24.6331008Z [270/1175] Compiling CNIOLLHTTP c_nio_http.c
2026-10-07T15:32:24.7912833Z [271/1175] Compiling CNIOLLHTTP c_nio_api.c
2026-10-07T15:32:24.8389155Z [272/1175] Compiling CNIOFreeBSD shim.c
2026-10-07T15:32:24.8821862Z [273/1175] Compiling CNIODarwin shim.c
2026-10-07T15:32:25.5717140Z [274/1175] Compiling CNIOBoringSSLShims shims.c
2026-10-07T15:32:25.7196684Z [275/1175] Compiling fiat_p256_adx_sqr.S
2026-10-07T15:32:25.8550571Z [276/1175] Compiling fiat_p256_adx_mul.S
2026-10-07T15:32:25.9709963Z [277/1175] Compiling fiat_curve25519_adx_square.S
2026-10-07T15:32:26.1499083Z [278/1175] Compiling fiat_curve25519_adx_mul.S
2026-10-07T15:32:26.4660909Z [280/1175] Compiling DequeModule Deque+Codable.swift
2026-10-07T15:32:26.4661778Z [281/1175] Compiling DequeModule Deque+Collection.swift
2026-10-07T15:32:26.4662871Z [282/1175] Compiling DequeModule Deque+CustomReflectable.swift
2026-10-07T15:32:26.4663569Z [283/1175] Compiling DequeModule Deque+Descriptions.swift
2026-10-07T15:32:26.4664549Z [284/1175] Compiling DequeModule Deque+Equatable.swift
2026-10-07T15:32:26.4665699Z [285/1175] Compiling DequeModule Deque+ExpressibleByArrayLiteral.swift
2026-10-07T15:32:26.4666590Z [286/1175] Compiling DequeModule Deque+Extras.swift
2026-10-07T15:32:26.4667322Z [287/1175] Compiling DequeModule Deque+Hashable.swift
2026-10-07T15:32:26.4668083Z [288/1175] Compiling DequeModule Deque+Testing.swift
2026-10-07T15:32:26.4668721Z [289/1175] Compiling DequeModule Deque._Storage.swift
2026-10-07T15:32:26.4669419Z [290/1175] Compiling DequeModule Deque._UnsafeHandle.swift
2026-10-07T15:32:26.4670033Z [291/1175] Compiling DequeModule Deque.swift
2026-10-07T15:32:27.7959546Z [327/1175] Compiling DequeModule UniqueDeque+Hashable.swift
2026-10-07T15:32:27.9672622Z [327/1175] Compiling tls_record.cc
2026-10-07T15:32:28.3370560Z [329/1175] Emitting module DequeModule
2026-10-07T15:32:28.5146022Z [331/1175] Compiling DequeModule UniqueDeque+Initializers.swift
2026-10-07T15:32:28.5151668Z [332/1175] Compiling DequeModule UniqueDeque+Insertions.swift
2026-10-07T15:32:28.5152820Z [333/1175] Compiling DequeModule UniqueDeque+Iterable.swift
2026-10-07T15:32:28.5153620Z [334/1175] Compiling DequeModule UniqueDeque+Prepend.swift
2026-10-07T15:32:28.5154529Z [335/1175] Compiling DequeModule UniqueDeque+Removals.swift
2026-10-07T15:32:28.5155375Z [336/1175] Compiling DequeModule UniqueDeque+Replacements.swift
2026-10-07T15:32:28.5156071Z [337/1175] Compiling DequeModule UniqueDeque.swift
2026-10-07T15:32:28.5160266Z [338/1175] Compiling DequeModule _DequeSlot.swift
2026-10-07T15:32:28.5166550Z [339/1175] Compiling DequeModule _UnsafeDequeHandle.swift
2026-10-07T15:32:28.5167316Z [340/1175] Compiling DequeModule _UnsafeDequeSegments.swift
2026-10-07T15:32:28.6311369Z [341/1176] Wrapping AST for DequeModule for debugging
2026-10-07T15:32:29.0295132Z [342/1176] Compiling tls_method.cc
2026-10-07T15:32:29.7545555Z [343/1176] Compiling tls13_server.cc
2026-10-07T15:32:30.1694951Z [344/1176] Compiling tls13_enc.cc
2026-10-07T15:32:30.8757147Z [345/1176] Compiling tls13_client.cc
2026-10-07T15:32:31.2715208Z [346/1176] Compiling tls13_both.cc
2026-10-07T15:32:32.0173896Z [347/1176] Compiling t1_enc.cc
2026-10-07T15:32:32.6670115Z [348/1176] Compiling ssl_x509.cc
2026-10-07T15:32:33.3139504Z [349/1176] Compiling ssl_versions.cc
2026-10-07T15:32:34.0924143Z [350/1176] Compiling ssl_transcript.cc
2026-10-07T15:32:34.6725239Z [351/1176] Compiling ssl_stat.cc
2026-10-07T15:32:35.7944577Z [352/1176] Compiling ssl_session.cc
2026-10-07T15:32:36.1765991Z [354/1176] Compiling SwiftProtobuf TextFormatEncoder.swift
2026-10-07T15:32:36.1770045Z [355/1176] Compiling SwiftProtobuf TextFormatEncodingOptions.swift
2026-10-07T15:32:36.1771165Z [356/1176] Compiling SwiftProtobuf TextFormatEncodingVisitor.swift
2026-10-07T15:32:36.1772103Z [357/1176] Compiling SwiftProtobuf TextFormatScanner.swift
2026-10-07T15:32:36.1772760Z [358/1176] Compiling SwiftProtobuf TimeUtils.swift
2026-10-07T15:32:36.1773376Z [359/1176] Compiling SwiftProtobuf UnknownStorage.swift
2026-10-07T15:32:36.1774130Z [360/1176] Compiling SwiftProtobuf UnsafeRawPointer+Shims.swift
2026-10-07T15:32:36.1774938Z [361/1176] Compiling SwiftProtobuf Varint.swift
2026-10-07T15:32:36.1798616Z [362/1176] Compiling SwiftProtobuf Version.swift
2026-10-07T15:32:36.1799402Z [363/1176] Compiling SwiftProtobuf Visitor.swift
2026-10-07T15:32:36.1825545Z [364/1176] Compiling SwiftProtobuf WireFormat.swift
2026-10-07T15:32:36.1826166Z [365/1176] Compiling SwiftProtobuf ZigZag.swift
2026-10-07T15:32:36.1826654Z [366/1176] Compiling SwiftProtobuf any.pb.swift
2026-10-07T15:32:36.1827208Z [367/1176] Compiling SwiftProtobuf api.pb.swift
2026-10-07T15:32:36.1827711Z [368/1176] Compiling SwiftProtobuf descriptor.pb.swift
2026-10-07T15:32:36.1828252Z [369/1176] Compiling SwiftProtobuf duration.pb.swift
2026-10-07T15:32:36.1828865Z [370/1176] Compiling SwiftProtobuf empty.pb.swift
2026-10-07T15:32:36.1829366Z [371/1176] Compiling SwiftProtobuf field_mask.pb.swift
2026-10-07T15:32:36.1830008Z [372/1176] Compiling SwiftProtobuf source_context.pb.swift
2026-10-07T15:32:36.1830864Z [373/1176] Compiling SwiftProtobuf struct.pb.swift
2026-10-07T15:32:36.1831439Z [374/1176] Compiling SwiftProtobuf timestamp.pb.swift
2026-10-07T15:32:36.1832124Z [375/1176] Compiling SwiftProtobuf type.pb.swift
2026-10-07T15:32:36.1832675Z [376/1176] Compiling SwiftProtobuf wrappers.pb.swift
2026-10-07T15:32:36.1971734Z [376/1176] Compiling ssl_privkey.cc
2026-10-07T15:32:37.2158408Z [378/1177] Compiling ssl_key_share.cc
2026-10-07T15:32:37.2580374Z [379/1177] Wrapping AST for SwiftProtobuf for debugging
2026-10-07T15:32:37.6204401Z [380/1177] Compiling ssl_file.cc
2026-10-07T15:32:38.0605028Z [381/1177] Compiling ssl_lib.cc
2026-10-07T15:32:38.4994018Z [382/1177] Compiling ssl_cipher.cc
2026-10-07T15:32:38.7135265Z [383/1177] Compiling ssl_credential.cc
2026-10-07T15:32:39.3549207Z [384/1177] Compiling ssl_cert.cc
2026-10-07T15:32:39.4182293Z [385/1177] Compiling ssl_buffer.cc
2026-10-07T15:32:39.6620785Z [397/1177] Compiling MCP Tools.swift
2026-10-07T15:32:39.7243829Z [398/1178] Compiling ssl_asn1.cc
2026-10-07T15:32:40.3485493Z [399/1178] Compiling ssl_aead_ctx.cc
2026-10-07T15:32:40.3870758Z [400/1178] Wrapping AST for MCP for debugging
2026-10-07T15:32:40.4054979Z [401/1178] Compiling s3_pkt.cc
2026-10-07T15:32:40.7524763Z [402/1178] Compiling s3_lib.cc
2026-10-07T15:32:40.7753921Z [403/1178] Compiling s3_both.cc
2026-10-07T15:32:41.5754109Z [404/1178] Compiling handshake_client.cc
2026-10-07T15:32:41.5793696Z [405/1178] Compiling handshake_server.cc
2026-10-07T15:32:41.8884572Z [406/1178] Compiling handshake.cc
2026-10-07T15:32:41.9143841Z [407/1178] Compiling handoff.cc
2026-10-07T15:32:42.7085675Z [408/1178] Compiling encrypted_client_hello.cc
2026-10-07T15:32:42.9175338Z [409/1178] Compiling extensions.cc
2026-10-07T15:32:42.9322535Z [410/1178] Compiling dtls_method.cc
2026-10-07T15:32:42.9382489Z [411/1178] Compiling dtls_record.cc
2026-10-07T15:32:43.6745010Z [412/1178] Compiling d1_srtp.cc
2026-10-07T15:32:43.9075225Z [413/1178] Compiling d1_pkt.cc
2026-10-07T15:32:43.9490907Z [414/1178] Compiling md5-x86_64-linux.S
2026-10-07T15:32:43.9860899Z [415/1178] Compiling md5-x86_64-apple.S
2026-10-07T15:32:43.9872441Z [416/1178] Compiling d1_lib.cc
2026-10-07T15:32:44.0570741Z [417/1178] Compiling d1_both.cc
2026-10-07T15:32:44.0843572Z [418/1178] Compiling md5-586-apple.S
2026-10-07T15:32:44.1281090Z [419/1178] Compiling md5-586-linux.S
2026-10-07T15:32:44.1673498Z [420/1178] Compiling chacha20_poly1305_x86_64-apple.S
2026-10-07T15:32:44.1730105Z [421/1178] Compiling chacha20_poly1305_x86_64-linux.S
2026-10-07T15:32:44.1852272Z [422/1178] Compiling bio_ssl.cc
2026-10-07T15:32:44.2046089Z [423/1178] Compiling chacha20_poly1305_armv8-win.S
2026-10-07T15:32:44.2061373Z [424/1178] Compiling chacha20_poly1305_armv8-linux.S
2026-10-07T15:32:44.2168452Z [425/1178] Compiling chacha20_poly1305_armv8-apple.S
2026-10-07T15:32:44.2341305Z [426/1178] Compiling err_data.cc
2026-10-07T15:32:44.2378577Z [427/1178] Compiling chacha-x86_64-apple.S
2026-10-07T15:32:44.2428841Z [428/1178] Compiling chacha-x86_64-linux.S
2026-10-07T15:32:44.2498137Z [429/1178] Compiling chacha-x86-linux.S
2026-10-07T15:32:44.2656750Z [430/1178] Compiling chacha-x86-apple.S
2026-10-07T15:32:44.2708319Z [431/1178] Compiling chacha-armv8-win.S
2026-10-07T15:32:44.2758036Z [432/1178] Compiling chacha-armv8-linux.S
2026-10-07T15:32:44.2807384Z [433/1178] Compiling chacha-armv8-apple.S
2026-10-07T15:32:44.2965188Z [434/1178] Compiling chacha-armv4-linux.S
2026-10-07T15:32:44.3068679Z [435/1178] Compiling aes128gcmsiv-x86_64-apple.S
2026-10-07T15:32:44.3089628Z [436/1178] Compiling aes128gcmsiv-x86_64-linux.S
2026-10-07T15:32:44.3247586Z [437/1178] Compiling x86_64-mont5-linux.S
2026-10-07T15:32:44.3310539Z [438/1178] Compiling x86_64-mont5-apple.S
2026-10-07T15:32:44.3407969Z [439/1178] Compiling x86_64-mont-apple.S
2026-10-07T15:32:44.3417724Z [440/1178] Compiling x86_64-mont-linux.S
2026-10-07T15:32:44.3578148Z [441/1178] Compiling x86-mont-linux.S
2026-10-07T15:32:44.3637137Z [442/1178] Compiling x86-mont-apple.S
2026-10-07T15:32:44.3702634Z [443/1178] Compiling vpaes-x86_64-apple.S
2026-10-07T15:32:44.3723619Z [444/1178] Compiling vpaes-x86_64-linux.S
2026-10-07T15:32:44.3905140Z [445/1178] Compiling vpaes-x86-linux.S
2026-10-07T15:32:44.3948281Z [446/1178] Compiling vpaes-x86-apple.S
2026-10-07T15:32:44.4036938Z [447/1178] Compiling vpaes-armv8-linux.S
2026-10-07T15:32:44.4042173Z [448/1178] Compiling vpaes-armv8-win.S
2026-10-07T15:32:44.4188162Z [449/1178] Compiling vpaes-armv8-apple.S
2026-10-07T15:32:44.4258481Z [450/1178] Compiling vpaes-armv7-linux.S
2026-10-07T15:32:44.4367765Z [451/1178] Compiling sha512-x86_64-apple.S
2026-10-07T15:32:44.4408382Z [452/1178] Compiling sha512-x86_64-linux.S
2026-10-07T15:32:44.4482798Z [453/1178] Compiling sha512-armv8-win.S
2026-10-07T15:32:44.4578285Z [454/1178] Compiling sha512-armv8-linux.S
2026-10-07T15:32:44.4697614Z [455/1178] Compiling sha512-armv4-linux.S
2026-10-07T15:32:44.4698500Z [455/1178] Compiling sha512-armv8-apple.S
2026-10-07T15:32:44.4788211Z [457/1178] Compiling sha512-586-linux.S
2026-10-07T15:32:44.4857817Z [458/1178] Compiling sha512-586-apple.S
2026-10-07T15:32:44.5036898Z [459/1178] Compiling sha256-x86_64-apple.S
2026-10-07T15:32:44.5098321Z [460/1178] Compiling sha256-armv8-win.S
2026-10-07T15:32:44.5167820Z [461/1178] Compiling sha256-x86_64-linux.S
2026-10-07T15:32:44.5168808Z [461/1178] Compiling sha256-armv8-linux.S
2026-10-07T15:32:44.5328012Z [463/1178] Compiling sha256-armv8-apple.S
2026-10-07T15:32:44.5426504Z [464/1178] Compiling sha256-armv4-linux.S
2026-10-07T15:32:44.5461082Z [465/1178] Compiling sha256-586-apple.S
2026-10-07T15:32:44.5508311Z [466/1178] Compiling sha256-586-linux.S
2026-10-07T15:32:44.5707871Z [467/1178] Compiling sha1-x86_64-apple.S
2026-10-07T15:32:44.5750813Z [468/1178] Compiling sha1-armv8-win.S
2026-10-07T15:32:44.5846776Z [469/1178] Compiling sha1-armv8-linux.S
2026-10-07T15:32:44.5847856Z [470/1178] Compiling sha1-x86_64-linux.S
2026-10-07T15:32:44.6018085Z [471/1178] Compiling sha1-armv8-apple.S
2026-10-07T15:32:44.6087985Z [472/1178] Compiling sha1-armv4-large-linux.S
2026-10-07T15:32:44.6146699Z [473/1178] Compiling sha1-586-linux.S
2026-10-07T15:32:44.6156126Z [474/1178] Compiling sha1-586-apple.S
2026-10-07T15:32:44.6372433Z [475/1178] Compiling rsaz-avx2-linux.S
2026-10-07T15:32:44.6434114Z [476/1178] Compiling rdrand-x86_64-linux.S
2026-10-07T15:32:44.6438214Z [477/1178] Compiling rsaz-avx2-apple.S
2026-10-07T15:32:44.6462816Z [478/1178] Compiling rdrand-x86_64-apple.S
2026-10-07T15:32:44.6706910Z [479/1178] Compiling p256_beeu-x86_64-asm-linux.S
2026-10-07T15:32:44.6744437Z [480/1178] Compiling p256_beeu-armv8-asm-win.S
2026-10-07T15:32:44.6796372Z [481/1178] Compiling p256_beeu-x86_64-asm-apple.S
2026-10-07T15:32:44.6797538Z [482/1178] Compiling p256_beeu-armv8-asm-linux.S
2026-10-07T15:32:44.6998791Z [483/1178] Compiling p256_beeu-armv8-asm-apple.S
2026-10-07T15:32:44.7068546Z [484/1178] Compiling p256-x86_64-asm-apple.S
2026-10-07T15:32:44.7128665Z [485/1178] Compiling p256-armv8-asm-win.S
2026-10-07T15:32:44.7178397Z [486/1178] Compiling p256-x86_64-asm-linux.S
2026-10-07T15:32:44.7288289Z [487/1178] Compiling p256-armv8-asm-linux.S
2026-10-07T15:32:44.7394343Z [488/1178] Compiling p256-armv8-asm-apple.S
2026-10-07T15:32:44.7457831Z [489/1178] Compiling ghashv8-armv8-win.S
2026-10-07T15:32:44.7508061Z [490/1178] Compiling ghashv8-armv8-linux.S
2026-10-07T15:32:44.7598070Z [491/1178] Compiling ghashv8-armv8-apple.S
2026-10-07T15:32:44.7688640Z [492/1178] Compiling ghashv8-armv7-linux.S
2026-10-07T15:32:44.7817673Z [493/1178] Compiling ghash-x86_64-linux.S
2026-10-07T15:32:44.7823493Z [494/1178] Compiling ghash-x86_64-apple.S
2026-10-07T15:32:44.7908197Z [495/1178] Compiling ghash-x86-linux.S
2026-10-07T15:32:44.7978023Z [496/1178] Compiling ghash-x86-apple.S
2026-10-07T15:32:44.8147257Z [497/1178] Compiling ghash-ssse3-x86_64-apple.S
2026-10-07T15:32:44.8149627Z [498/1178] Compiling ghash-ssse3-x86_64-linux.S
2026-10-07T15:32:44.8235211Z [499/1178] Compiling ghash-ssse3-x86-linux.S
2026-10-07T15:32:44.8268233Z [500/1178] Compiling ghash-ssse3-x86-apple.S
2026-10-07T15:32:44.8437348Z [501/1178] Compiling ghash-neon-armv8-win.S
2026-10-07T15:32:44.8479287Z [502/1178] Compiling ghash-neon-armv8-linux.S
2026-10-07T15:32:44.8566996Z [503/1178] Compiling ghash-neon-armv8-apple.S
2026-10-07T15:32:44.8579016Z [504/1178] Compiling ghash-armv4-linux.S
2026-10-07T15:32:44.8759199Z [505/1178] Compiling co-586-linux.S
2026-10-07T15:32:44.8778487Z [506/1178] Compiling co-586-apple.S
2026-10-07T15:32:44.8849532Z [507/1178] Compiling bsaes-armv7-linux.S
2026-10-07T15:32:44.8864522Z [508/1178] Compiling bn-armv8-win.S
2026-10-07T15:32:44.9076915Z [509/1178] Compiling bn-armv8-linux.S
2026-10-07T15:32:44.9116878Z [510/1178] Compiling bn-armv8-apple.S
2026-10-07T15:32:44.9177744Z [511/1178] Compiling bn-586-linux.S
2026-10-07T15:32:44.9217538Z [512/1178] Compiling bn-586-apple.S
2026-10-07T15:32:44.9358168Z [513/1178] Compiling armv8-mont-win.S
2026-10-07T15:32:44.9417898Z [514/1178] Compiling armv8-mont-linux.S
2026-10-07T15:32:44.9466565Z [515/1178] Compiling armv8-mont-apple.S
2026-10-07T15:32:44.9558119Z [516/1178] Compiling armv4-mont-linux.S
2026-10-07T15:32:44.9658391Z [517/1178] Compiling aesv8-gcm-armv8-win.S
2026-10-07T15:32:44.9728076Z [518/1178] Compiling aesv8-gcm-armv8-linux.S
2026-10-07T15:32:44.9762207Z [519/1178] Compiling aesv8-gcm-armv8-apple.S
2026-10-07T15:32:44.9871939Z [520/1178] Compiling aesv8-armv8-win.S
2026-10-07T15:32:44.9978923Z [521/1178] Compiling aesv8-armv8-linux.S
2026-10-07T15:32:45.0058389Z [522/1178] Compiling aesv8-armv8-apple.S
2026-10-07T15:32:45.0089968Z [523/1178] Compiling aesv8-armv7-linux.S
2026-10-07T15:32:45.0269002Z [524/1178] Compiling aesni-x86_64-linux.S
2026-10-07T15:32:45.0298671Z [525/1178] Compiling aesni-x86_64-apple.S
2026-10-07T15:32:45.0367249Z [526/1178] Compiling aesni-x86-linux.S
2026-10-07T15:32:45.0417959Z [527/1178] Compiling aesni-x86-apple.S
2026-10-07T15:32:45.0598942Z [528/1178] Compiling aesni-gcm-x86_64-apple.S
2026-10-07T15:32:45.0648424Z [529/1178] Compiling aesni-gcm-x86_64-linux.S
2026-10-07T15:32:45.0728441Z [530/1178] Compiling aes-gcm-avx2-x86_64-linux.S
2026-10-07T15:32:45.0730014Z [531/1178] Compiling aes-gcm-avx2-x86_64-apple.S
2026-10-07T15:32:45.0949587Z [532/1178] Compiling aes-gcm-avx10-x86_64-linux.S
2026-10-07T15:32:45.0955528Z [533/1178] Compiling aes-gcm-avx10-x86_64-apple.S
2026-10-07T15:32:45.6443636Z [534/1178] Compiling x_x509a.cc
2026-10-07T15:32:45.6533106Z [535/1178] Compiling x_val.cc
2026-10-07T15:32:45.6611972Z [536/1178] Compiling x_x509.cc
2026-10-07T15:32:45.6680888Z [537/1178] Compiling x_spki.cc
2026-10-07T15:32:46.1613689Z [538/1178] Compiling x_sig.cc
2026-10-07T15:32:46.2014489Z [539/1178] Compiling x_req.cc
2026-10-07T15:32:46.2222646Z [540/1178] Compiling x_pubkey.cc
2026-10-07T15:32:46.2443004Z [541/1178] Compiling x_name.cc
2026-10-07T15:32:46.7234051Z [542/1178] Compiling x_exten.cc
2026-10-07T15:32:46.7764255Z [543/1178] Compiling x_crl.cc
2026-10-07T15:32:46.7772243Z [544/1178] Compiling x_attrib.cc
2026-10-07T15:32:46.8393813Z [545/1178] Compiling x_all.cc
2026-10-07T15:32:47.2394332Z [546/1178] Compiling x_algor.cc
2026-10-07T15:32:47.2883215Z [547/1178] Compiling x509spki.cc
2026-10-07T15:32:47.3294650Z [548/1178] Compiling x509rset.cc
2026-10-07T15:32:47.4114026Z [549/1178] Compiling x509name.cc
2026-10-07T15:32:47.7968926Z [550/1178] Compiling x509cset.cc
2026-10-07T15:32:47.8544020Z [551/1178] Compiling x509_vpm.cc
2026-10-07T15:32:47.9374937Z [552/1178] Compiling x509_vfy.cc
2026-10-07T15:32:47.9713732Z [553/1178] Compiling x509_v3.cc
2026-10-07T15:32:48.2993638Z [554/1178] Compiling x509_txt.cc
2026-10-07T15:32:48.4074113Z [555/1178] Compiling x509_trs.cc
2026-10-07T15:32:48.4934084Z [556/1178] Compiling x509_set.cc
2026-10-07T15:32:48.5373706Z [557/1178] Compiling x509_req.cc
2026-10-07T15:32:48.8564340Z [558/1178] Compiling x509_obj.cc
2026-10-07T15:32:48.9934983Z [559/1178] Compiling x509_lu.cc
2026-10-07T15:32:49.0353447Z [560/1178] Compiling x509_def.cc
2026-10-07T15:32:49.0525407Z [561/1178] Compiling x509_ext.cc
2026-10-07T15:32:49.3614390Z [562/1178] Compiling x509_d2.cc
2026-10-07T15:32:49.5563957Z [563/1178] Compiling x509.cc
2026-10-07T15:32:49.5703292Z [564/1178] Compiling x509_cmp.cc
2026-10-07T15:32:49.5973545Z [565/1178] Compiling x509_att.cc
2026-10-07T15:32:49.9754126Z [566/1178] Compiling v3_utl.cc
2026-10-07T15:32:50.1104455Z [567/1178] Compiling v3_skey.cc
2026-10-07T15:32:50.1141522Z [568/1178] Compiling v3_prn.cc
2026-10-07T15:32:50.1534656Z [569/1178] Compiling v3_purp.cc
2026-10-07T15:32:50.5284131Z [570/1178] Compiling v3_pmaps.cc
2026-10-07T15:32:50.6163213Z [571/1178] Compiling v3_ocsp.cc
2026-10-07T15:32:50.6613707Z [572/1178] Compiling v3_pcons.cc
2026-10-07T15:32:50.7294682Z [573/1178] Compiling v3_ncons.cc
2026-10-07T15:32:51.0894583Z [574/1178] Compiling v3_lib.cc
2026-10-07T15:32:51.1122813Z [575/1178] Compiling v3_int.cc
2026-10-07T15:32:51.2153770Z [576/1178] Compiling v3_info.cc
2026-10-07T15:32:51.2654341Z [577/1178] Compiling v3_ia5.cc
2026-10-07T15:32:51.6483840Z [578/1178] Compiling v3_genn.cc
2026-10-07T15:32:51.6652491Z [579/1178] Compiling v3_extku.cc
2026-10-07T15:32:51.7594323Z [580/1178] Compiling v3_enum.cc
2026-10-07T15:32:51.8434043Z [581/1178] Compiling v3_crld.cc
2026-10-07T15:32:52.2204584Z [582/1178] Compiling v3_cpols.cc
2026-10-07T15:32:52.2272172Z [583/1178] Compiling v3_conf.cc
2026-10-07T15:32:52.3094056Z [584/1178] Compiling v3_bitst.cc
2026-10-07T15:32:52.4004381Z [585/1178] Compiling v3_bcons.cc
2026-10-07T15:32:52.7763822Z [586/1178] Compiling v3_akeya.cc
2026-10-07T15:32:52.7993567Z [587/1178] Compiling v3_alt.cc
2026-10-07T15:32:52.8733748Z [588/1178] Compiling v3_akey.cc
2026-10-07T15:32:52.9554101Z [589/1178] Compiling t_x509a.cc
2026-10-07T15:32:53.3344561Z [590/1178] Compiling t_x509.cc
2026-10-07T15:32:53.3492571Z [591/1178] Compiling t_req.cc
2026-10-07T15:32:53.3802340Z [592/1178] Compiling t_crl.cc
2026-10-07T15:32:53.5204730Z [593/1178] Compiling rsa_pss.cc
2026-10-07T15:32:53.7103141Z [594/1178] Compiling i2d_pr.cc
2026-10-07T15:32:53.8583765Z [595/1178] Compiling name_print.cc
2026-10-07T15:32:53.9223922Z [596/1178] Compiling policy.cc
2026-10-07T15:32:54.0834532Z [597/1178] Compiling by_file.cc
2026-10-07T15:32:54.2835167Z [598/1178] Compiling by_dir.cc
2026-10-07T15:32:54.4324758Z [599/1178] Compiling asn1_gen.cc
2026-10-07T15:32:54.4734601Z [600/1178] Compiling algorithm.cc
2026-10-07T15:32:54.6324887Z [601/1178] Compiling a_verify.cc
2026-10-07T15:32:54.8334341Z [602/1178] Compiling a_sign.cc
2026-10-07T15:32:54.8843121Z [603/1178] Compiling voprf.cc
2026-10-07T15:32:54.9364096Z [604/1178] Compiling a_digest.cc
2026-10-07T15:32:55.0394548Z [605/1178] Compiling trust_token.cc
2026-10-07T15:32:55.1312707Z [606/1178] Compiling thread_win.cc
2026-10-07T15:32:55.1953123Z [607/1178] Compiling thread_pthread.cc
2026-10-07T15:32:55.2524469Z [608/1178] Compiling pmbtoken.cc
2026-10-07T15:32:55.2877833Z [609/1178] Compiling thread_none.cc
2026-10-07T15:32:55.3563067Z [610/1178] Compiling thread.cc
2026-10-07T15:32:55.4683415Z [611/1178] Compiling stack.cc
2026-10-07T15:32:55.5613489Z [612/1178] Compiling slhdsa.cc
2026-10-07T15:32:55.6083362Z [613/1178] Compiling siphash.cc
2026-10-07T15:32:55.6644138Z [614/1178] Compiling spake2plus.cc
2026-10-07T15:32:55.6842626Z [615/1178] Compiling sha512.cc
2026-10-07T15:32:55.7793115Z [616/1178] Compiling sha256.cc
2026-10-07T15:32:55.8262405Z [617/1178] Compiling sha1.cc
2026-10-07T15:32:55.9192157Z [618/1178] Compiling rsa_extra.cc
2026-10-07T15:32:55.9210841Z [619/1178] Compiling rsa_print.cc
2026-10-07T15:32:56.1063634Z [620/1178] Compiling rsa_crypt.cc
2026-10-07T15:32:56.1322434Z [621/1178] Compiling rc4.cc
2026-10-07T15:32:56.1744380Z [622/1178] Compiling refcount.cc
2026-10-07T15:32:56.1745592Z [622/1178] Compiling rsa_asn1.cc
2026-10-07T15:32:56.3599494Z [624/1178] Compiling windows.cc
2026-10-07T15:32:56.3881380Z [625/1178] Compiling trusty.cc
2026-10-07T15:32:56.3960892Z [626/1178] Compiling rand.cc
2026-10-07T15:32:56.4010599Z [627/1178] Compiling urandom.cc
2026-10-07T15:32:56.6022788Z [628/1178] Compiling ios.cc
2026-10-07T15:32:56.6110855Z [629/1178] Compiling getentropy.cc
2026-10-07T15:32:56.6151103Z [630/1178] Compiling passive.cc
2026-10-07T15:32:56.6652902Z [631/1178] Compiling forkunsafe.cc
2026-10-07T15:32:56.8272713Z [632/1178] Compiling deterministic.cc
2026-10-07T15:32:56.8610006Z [633/1178] Compiling poly1305_arm_asm.S
2026-10-07T15:32:56.8671830Z [634/1178] Compiling fork_detect.cc
2026-10-07T15:32:56.9753931Z [635/1178] Compiling pool.cc
2026-10-07T15:32:57.0163108Z [636/1178] Compiling poly1305_vec.cc
2026-10-07T15:32:57.1073100Z [637/1178] Compiling poly1305_arm.cc
2026-10-07T15:32:57.1111018Z [638/1178] Compiling poly1305.cc
2026-10-07T15:32:57.5824473Z [639/1178] Compiling pkcs8.cc
2026-10-07T15:32:57.5874014Z [640/1178] Compiling pkcs8_x509.cc
2026-10-07T15:32:57.6624531Z [641/1178] Compiling p5_pbev2.cc
2026-10-07T15:32:57.6823164Z [642/1178] Compiling pkcs7_x509.cc
2026-10-07T15:32:57.8853778Z [643/1178] Compiling pkcs7.cc
2026-10-07T15:32:58.0964632Z [644/1178] Compiling pem_xaux.cc
2026-10-07T15:32:58.1794401Z [645/1178] Compiling pem_x509.cc
2026-10-07T15:32:58.2043193Z [646/1178] Compiling pem_pkey.cc
2026-10-07T15:32:58.4154581Z [647/1178] Compiling pem_pk8.cc
2026-10-07T15:32:58.6155162Z [648/1178] Compiling pem_oth.cc
2026-10-07T15:32:58.7324934Z [649/1178] Compiling pem_info.cc
2026-10-07T15:32:58.7774047Z [650/1178] Compiling pem_lib.cc
2026-10-07T15:32:58.9223780Z [651/1178] Compiling obj_xref.cc
2026-10-07T15:32:58.9663931Z [652/1178] Compiling pem_all.cc
2026-10-07T15:32:58.9952550Z [653/1178] Compiling mlkem.cc
2026-10-07T15:32:59.1383192Z [654/1178] Compiling mldsa.cc
2026-10-07T15:32:59.1754722Z [655/1178] Compiling obj.cc
2026-10-07T15:32:59.2372853Z [656/1178] Compiling mem.cc
2026-10-07T15:32:59.2542300Z [657/1178] Compiling md5.cc
2026-10-07T15:32:59.4073394Z [658/1178] Compiling md4.cc
2026-10-07T15:32:59.4342153Z [659/1178] Compiling lhash.cc
2026-10-07T15:32:59.4791160Z [660/1178] Compiling poly_rq_mul.S
2026-10-07T15:32:59.4980272Z [661/1178] Compiling fips_shared_support.cc
2026-10-07T15:32:59.5833446Z [662/1178] Compiling kyber.cc
2026-10-07T15:32:59.6413548Z [663/1178] Compiling hrss.cc
2026-10-07T15:32:59.8263743Z [664/1178] Compiling hpke.cc
2026-10-07T15:32:59.8492438Z [665/1178] Compiling ex_data.cc
2026-10-07T15:32:59.9202738Z [666/1178] Compiling sign.cc
2026-10-07T15:33:00.1203478Z [667/1178] Compiling scrypt.cc
2026-10-07T15:33:00.2084096Z [668/1178] Compiling print.cc
2026-10-07T15:33:00.2088509Z [669/1178] Compiling pbkdf.cc
2026-10-07T15:33:00.4782613Z [670/1178] Compiling p_x25519.cc
2026-10-07T15:33:00.4785509Z [671/1178] Compiling p_x25519_asn1.cc
2026-10-07T15:33:00.5673777Z [672/1178] Compiling p_rsa_asn1.cc
2026-10-07T15:33:00.8433367Z [673/1178] Compiling p_hkdf.cc
2026-10-07T15:33:00.8546823Z [674/1178] Compiling p_rsa.cc
2026-10-07T15:33:00.9375662Z [675/1178] Compiling p_ed25519_asn1.cc
2026-10-07T15:33:01.1163088Z [676/1178] Compiling p_ed25519.cc
2026-10-07T15:33:01.2143263Z [677/1178] Compiling p_ec_asn1.cc
2026-10-07T15:33:01.2623231Z [678/1178] Compiling p_ec.cc
2026-10-07T15:33:01.5342690Z [679/1178] Compiling p_dh_asn1.cc
2026-10-07T15:33:01.5388139Z [680/1178] Compiling p_dsa_asn1.cc
2026-10-07T15:33:01.5481413Z [681/1178] Compiling p_dh.cc
2026-10-07T15:33:01.8582340Z [682/1178] Compiling evp_ctx.cc
2026-10-07T15:33:01.8606934Z [682/1178] Compiling evp.cc
2026-10-07T15:33:01.9417746Z [684/1178] Compiling bcm.cc
2026-10-07T15:33:01.9823735Z [685/1178] Compiling evp_asn1.cc
2026-10-07T15:33:02.1383294Z [686/1178] Compiling engine.cc
2026-10-07T15:33:02.1522251Z [687/1178] Compiling err.cc
2026-10-07T15:33:02.2713347Z [688/1178] Compiling ecdh.cc
2026-10-07T15:33:02.3064042Z [689/1178] Compiling ecdsa_asn1.cc
2026-10-07T15:33:02.4393046Z [690/1178] Compiling ec_derive.cc
2026-10-07T15:33:02.4502259Z [691/1178] Compiling hash_to_curve.cc
2026-10-07T15:33:02.6443388Z [692/1178] Compiling ec_asn1.cc
2026-10-07T15:33:02.6523094Z [693/1178] Compiling dsa_asn1.cc
2026-10-07T15:33:02.7733343Z [694/1178] Compiling dsa.cc
2026-10-07T15:33:02.8293711Z [695/1178] Compiling digest_extra.cc
2026-10-07T15:33:02.9353144Z [696/1178] Compiling params.cc
2026-10-07T15:33:02.9893533Z [697/1178] Compiling dh_asn1.cc
2026-10-07T15:33:03.0923377Z [698/1178] Compiling des.cc
2026-10-07T15:33:03.1250026Z [699/1178] Compiling x25519-asm-arm.S
2026-10-07T15:33:03.1683689Z [700/1178] Compiling spake25519.cc
2026-10-07T15:33:03.4093008Z [701/1178] Compiling crypto.cc
2026-10-07T15:33:03.4171727Z [702/1178] Compiling cpu_intel.cc
2026-10-07T15:33:03.4281569Z [703/1178] Compiling curve25519.cc
2026-10-07T15:33:03.6094601Z [704/1178] Compiling curve25519_64_adx.cc
2026-10-07T15:33:03.6633260Z [705/1178] Compiling cpu_arm_linux.cc
2026-10-07T15:33:03.6670624Z [706/1178] Compiling cpu_arm_freebsd.cc
2026-10-07T15:33:03.6750746Z [707/1178] Compiling cpu_aarch64_win.cc
2026-10-07T15:33:03.8582759Z [708/1178] Compiling cpu_aarch64_sysreg.cc
2026-10-07T15:33:03.8782191Z [709/1178] Compiling cpu_aarch64_openbsd.cc
2026-10-07T15:33:03.9222640Z [710/1178] Compiling cpu_aarch64_linux.cc
2026-10-07T15:33:03.9281298Z [711/1178] Compiling cpu_aarch64_fuchsia.cc
2026-10-07T15:33:04.1092936Z [712/1178] Compiling cpu_aarch64_apple.cc
2026-10-07T15:33:04.1963127Z [713/1178] Compiling conf.cc
2026-10-07T15:33:04.1970460Z [713/1178] Compiling get_cipher.cc
2026-10-07T15:33:04.2070451Z [715/1178] Compiling tls_cbc.cc
2026-10-07T15:33:04.3993461Z [716/1178] Compiling e_tls.cc
2026-10-07T15:33:04.4614642Z [717/1178] Compiling e_rc4.cc
2026-10-07T15:33:04.4721264Z [718/1178] Compiling e_null.cc
2026-10-07T15:33:04.4791009Z [719/1178] Compiling e_rc2.cc
2026-10-07T15:33:04.6693287Z [720/1178] Compiling e_des.cc
2026-10-07T15:33:04.7433531Z [721/1178] Compiling e_chacha20poly1305.cc
2026-10-07T15:33:04.7508405Z [722/1178] Compiling e_aesctrhmac.cc
2026-10-07T15:33:04.7601139Z [723/1178] Compiling e_aesgcmsiv.cc
2026-10-07T15:33:04.8818648Z [724/1178] Compiling derive_key.cc
2026-10-07T15:33:05.0062541Z [725/1178] Compiling chacha.cc
2026-10-07T15:33:05.0292788Z [726/1178] Compiling unicode.cc
2026-10-07T15:33:05.1623630Z [727/1178] Compiling cbs.cc
2026-10-07T15:33:05.2233095Z [728/1178] Compiling cbb.cc
2026-10-07T15:33:05.2832919Z [729/1178] Compiling ber.cc
2026-10-07T15:33:05.3353474Z [730/1178] Compiling asn1_compat.cc
2026-10-07T15:33:05.4213267Z [731/1178] Compiling buf.cc
2026-10-07T15:33:05.5610088Z [732/1178] Compiling bn_asn1.cc
2026-10-07T15:33:05.5722573Z [733/1178] Compiling convert.cc
2026-10-07T15:33:05.5912225Z [734/1178] Compiling blake2.cc
2026-10-07T15:33:05.7143759Z [735/1178] Compiling socket_helper.cc
2026-10-07T15:33:05.8183274Z [736/1178] Compiling printf.cc
2026-10-07T15:33:05.8184385Z [736/1178] Compiling socket.cc
2026-10-07T15:33:05.8758452Z [738/1178] Compiling pair.cc
2026-10-07T15:33:05.9913350Z [739/1178] Compiling hexdump.cc
2026-10-07T15:33:06.1159848Z [740/1178] Compiling file.cc
2026-10-07T15:33:06.1160482Z [740/1178] Compiling errno.cc
2026-10-07T15:33:06.1207460Z [742/1178] Compiling fd.cc
2026-10-07T15:33:06.2913526Z [743/1178] Compiling connect.cc
2026-10-07T15:33:06.3922741Z [744/1178] Compiling base64.cc
2026-10-07T15:33:06.4036225Z [745/1178] Compiling bio_mem.cc
2026-10-07T15:33:06.4433962Z [746/1178] Compiling bio.cc
2026-10-07T15:33:06.6733826Z [747/1178] Compiling tasn_utl.cc
2026-10-07T15:33:06.6871511Z [748/1178] Compiling tasn_typ.cc
2026-10-07T15:33:06.7121407Z [749/1178] Compiling tasn_fre.cc
2026-10-07T15:33:06.7663121Z [750/1178] Compiling tasn_new.cc
2026-10-07T15:33:06.9892761Z [751/1178] Compiling posix_time.cc
2026-10-07T15:33:06.9921230Z [752/1178] Compiling tasn_enc.cc
2026-10-07T15:33:07.0301917Z [753/1178] Compiling f_string.cc
2026-10-07T15:33:07.0722149Z [754/1178] Compiling tasn_dec.cc
2026-10-07T15:33:07.2533383Z [755/1178] Compiling asn_pack.cc
2026-10-07T15:33:07.2538779Z [755/1178] Compiling f_int.cc
2026-10-07T15:33:07.2862770Z [757/1178] Compiling asn1_par.cc
2026-10-07T15:33:07.4393958Z [758/1178] Compiling asn1_lib.cc
2026-10-07T15:33:07.5812755Z [759/1178] Compiling a_utctm.cc
2026-10-07T15:33:07.5851539Z [760/1178] Compiling a_type.cc
2026-10-07T15:33:07.6212058Z [761/1178] Compiling a_time.cc
2026-10-07T15:33:07.8063193Z [762/1178] Compiling a_strnid.cc
2026-10-07T15:33:07.8398057Z [763/1178] Compiling a_octet.cc
2026-10-07T15:33:07.9563898Z [764/1178] Compiling a_strex.cc
2026-10-07T15:33:07.9903146Z [765/1178] Compiling a_object.cc
2026-10-07T15:33:08.1363711Z [766/1178] Compiling a_mbstr.cc
2026-10-07T15:33:08.2073816Z [767/1178] Compiling a_int.cc
2026-10-07T15:33:08.2181928Z [768/1178] Compiling a_i2d_fp.cc
2026-10-07T15:33:08.3193352Z [769/1178] Compiling a_gentm.cc
2026-10-07T15:33:08.3942807Z [770/1178] Compiling a_dup.cc
2026-10-07T15:33:08.4673042Z [771/1178] Compiling a_d2i_fp.cc
2026-10-07T15:33:08.5333134Z [772/1178] Compiling a_bool.cc
2026-10-07T15:33:08.5509911Z [773/1178] Compiling CGRPCZlib empty.c
2026-10-07T15:33:08.6313438Z [774/1178] Compiling a_bitstr.cc
2026-10-07T15:33:08.6700722Z [775/1178] Compiling fiat_p256_adx_sqr.S
2026-10-07T15:33:08.7060493Z [776/1178] Compiling fiat_p256_adx_mul.S
2026-10-07T15:33:08.7410154Z [777/1178] Compiling fiat_curve25519_adx_square.S
2026-10-07T15:33:08.7740365Z [778/1178] Compiling fiat_curve25519_adx_mul.S
2026-10-07T15:33:08.7821491Z [779/1178] Compiling CCryptoBoringSSLShims shims.c
2026-10-07T15:33:08.8092713Z [780/1178] Compiling md5-x86_64-linux.S
2026-10-07T15:33:08.8148824Z [781/1178] Compiling md5-x86_64-apple.S
2026-10-07T15:33:08.8409743Z [782/1178] Compiling md5-586-linux.S
2026-10-07T15:33:08.8458714Z [783/1178] Compiling md5-586-apple.S
2026-10-07T15:33:08.9130984Z [784/1178] Compiling chacha20_poly1305_x86_64-linux.S
2026-10-07T15:33:08.9640991Z [785/1178] Compiling chacha20_poly1305_x86_64-apple.S
2026-10-07T15:33:08.9992174Z [786/1178] Compiling chacha20_poly1305_armv8-win.S
2026-10-07T15:33:09.0330347Z [787/1178] Compiling chacha20_poly1305_armv8-linux.S
2026-10-07T15:33:09.0370131Z [788/1178] Compiling err_data.cc
2026-10-07T15:33:09.0659855Z [789/1178] Compiling chacha20_poly1305_armv8-apple.S
2026-10-07T15:33:09.0759451Z [790/1178] Compiling chacha-x86_64-linux.S
2026-10-07T15:33:09.0989963Z [791/1178] Compiling chacha-x86_64-apple.S
2026-10-07T15:33:09.1099528Z [792/1178] Compiling chacha-x86-linux.S
2026-10-07T15:33:09.1310125Z [793/1178] Compiling chacha-x86-apple.S
2026-10-07T15:33:09.1429458Z [794/1178] Compiling chacha-armv8-win.S
2026-10-07T15:33:09.1639988Z [795/1178] Compiling chacha-armv8-linux.S
2026-10-07T15:33:09.1759631Z [796/1178] Compiling chacha-armv8-apple.S
2026-10-07T15:33:09.1970028Z [797/1178] Compiling chacha-armv4-linux.S
2026-10-07T15:33:09.2180122Z [798/1178] Compiling aes128gcmsiv-x86_64-linux.S
2026-10-07T15:33:09.2309826Z [799/1178] Compiling aes128gcmsiv-x86_64-apple.S
2026-10-07T15:33:09.2600406Z [800/1178] Compiling x86_64-mont5-linux.S
2026-10-07T15:33:09.2659498Z [801/1178] Compiling x86_64-mont5-apple.S
2026-10-07T15:33:09.2950169Z [802/1178] Compiling x86_64-mont-linux.S
2026-10-07T15:33:09.2999087Z [803/1178] Compiling x86_64-mont-apple.S
2026-10-07T15:33:09.3252306Z [804/1178] Compiling x86-mont-linux.S
2026-10-07T15:33:09.3350594Z [805/1178] Compiling x86-mont-apple.S
2026-10-07T15:33:09.3619730Z [806/1178] Compiling vpaes-x86_64-linux.S
2026-10-07T15:33:09.3688928Z [807/1178] Compiling vpaes-x86_64-apple.S
2026-10-07T15:33:09.3914744Z [808/1178] Compiling vpaes-x86-linux.S
2026-10-07T15:33:09.4019422Z [809/1178] Compiling vpaes-x86-apple.S
2026-10-07T15:33:09.4238362Z [810/1178] Compiling vpaes-armv8-win.S
2026-10-07T15:33:09.4342306Z [811/1178] Compiling vpaes-armv8-linux.S
2026-10-07T15:33:09.4588548Z [812/1178] Compiling vpaes-armv8-apple.S
2026-10-07T15:33:09.4679998Z [813/1178] Compiling vpaes-armv7-linux.S
2026-10-07T15:33:09.5000173Z [814/1178] Compiling sha512-x86_64-linux.S
2026-10-07T15:33:09.5001210Z [814/1178] Compiling sha512-x86_64-apple.S
2026-10-07T15:33:09.5338329Z [816/1178] Compiling sha512-armv8-linux.S
2026-10-07T15:33:09.5339650Z [817/1178] Compiling sha512-armv8-win.S
2026-10-07T15:33:09.5689958Z [818/1178] Compiling sha512-armv4-linux.S
2026-10-07T15:33:09.5690763Z [818/1178] Compiling sha512-armv8-apple.S
2026-10-07T15:33:09.6021390Z [820/1178] Compiling sha512-586-linux.S
2026-10-07T15:33:09.6049179Z [821/1178] Compiling sha512-586-apple.S
2026-10-07T15:33:09.6390697Z [822/1178] Compiling sha256-x86_64-apple.S
2026-10-07T15:33:09.6499891Z [823/1178] Compiling sha256-x86_64-linux.S
2026-10-07T15:33:09.6740570Z [824/1178] Compiling sha256-armv8-win.S
2026-10-07T15:33:09.6829871Z [825/1178] Compiling sha256-armv8-linux.S
2026-10-07T15:33:09.7080123Z [826/1178] Compiling sha256-armv8-apple.S
2026-10-07T15:33:09.7132236Z [827/1178] Compiling sha256-armv4-linux.S
2026-10-07T15:33:09.7420333Z [828/1178] Compiling sha256-586-linux.S
2026-10-07T15:33:09.7469238Z [829/1178] Compiling sha256-586-apple.S
2026-10-07T15:33:09.7784905Z [830/1178] Compiling sha1-x86_64-apple.S
2026-10-07T15:33:09.7922130Z [831/1178] Compiling sha1-x86_64-linux.S
2026-10-07T15:33:09.8130451Z [832/1178] Compiling sha1-armv8-win.S
2026-10-07T15:33:09.8249874Z [833/1178] Compiling sha1-armv8-linux.S
2026-10-07T15:33:09.8459572Z [834/1178] Compiling sha1-armv8-apple.S
2026-10-07T15:33:09.8545662Z [835/1178] Compiling sha1-armv4-large-linux.S
2026-10-07T15:33:09.8800397Z [836/1178] Compiling sha1-586-linux.S
2026-10-07T15:33:09.8869579Z [837/1178] Compiling sha1-586-apple.S
2026-10-07T15:33:09.9189867Z [838/1178] Compiling rsaz-avx2-apple.S
2026-10-07T15:33:09.9190845Z [838/1178] Compiling rsaz-avx2-linux.S
2026-10-07T15:33:09.9529157Z [840/1178] Compiling rdrand-x86_64-linux.S
2026-10-07T15:33:09.9540087Z [841/1178] Compiling rdrand-x86_64-apple.S
2026-10-07T15:33:09.9832628Z [842/1178] Compiling p256_beeu-x86_64-asm-linux.S
2026-10-07T15:33:09.9869391Z [843/1178] Compiling p256_beeu-x86_64-asm-apple.S
2026-10-07T15:33:10.0189371Z [844/1178] Compiling p256_beeu-armv8-asm-win.S
2026-10-07T15:33:10.0190713Z [845/1178] Compiling p256_beeu-armv8-asm-linux.S
2026-10-07T15:33:10.0530615Z [846/1178] Compiling p256_beeu-armv8-asm-apple.S
2026-10-07T15:33:10.0640783Z [847/1178] Compiling p256-x86_64-asm-linux.S
2026-10-07T15:33:10.0880683Z [848/1178] Compiling p256-x86_64-asm-apple.S
2026-10-07T15:33:10.0969680Z [849/1178] Compiling p256-armv8-asm-win.S
2026-10-07T15:33:10.1220405Z [850/1178] Compiling p256-armv8-asm-linux.S
2026-10-07T15:33:10.1288886Z [851/1178] Compiling p256-armv8-asm-apple.S
2026-10-07T15:33:10.1570004Z [852/1178] Compiling ghashv8-armv8-win.S
2026-10-07T15:33:10.1608978Z [853/1178] Compiling ghashv8-armv8-linux.S
2026-10-07T15:33:10.1900261Z [854/1178] Compiling ghashv8-armv8-apple.S
2026-10-07T15:33:10.1929240Z [855/1178] Compiling ghashv8-armv7-linux.S
2026-10-07T15:33:10.2181291Z [856/1178] Compiling c-nioatomics.c
2026-10-07T15:33:10.2259289Z [857/1178] Compiling ghash-x86_64-apple.S
2026-10-07T15:33:10.2265659Z [858/1178] Compiling ghash-x86_64-linux.S
2026-10-07T15:33:10.2561096Z [859/1178] Compiling ghash-x86-linux.S
2026-10-07T15:33:10.2607208Z [860/1178] Compiling ghash-x86-apple.S
2026-10-07T15:33:10.2608198Z [861/1178] Compiling ghash-ssse3-x86_64-linux.S
2026-10-07T15:33:10.2878719Z [862/1178] Compiling ghash-ssse3-x86_64-apple.S
2026-10-07T15:33:10.2948276Z [863/1178] Compiling ghash-ssse3-x86-apple.S
2026-10-07T15:33:10.2953262Z [864/1178] Compiling ghash-ssse3-x86-linux.S
2026-10-07T15:33:10.3163690Z [865/1178] Compiling ghash-neon-armv8-win.S
2026-10-07T15:33:10.3279661Z [866/1178] Compiling ghash-neon-armv8-linux.S
2026-10-07T15:33:10.3339813Z [867/1178] Compiling ghash-neon-armv8-apple.S
2026-10-07T15:33:10.3479635Z [868/1178] Compiling ghash-armv4-linux.S
2026-10-07T15:33:10.3619728Z [869/1178] Compiling co-586-linux.S
2026-10-07T15:33:10.3679662Z [870/1178] Compiling co-586-apple.S
2026-10-07T15:33:10.3829249Z [871/1178] Compiling bsaes-armv7-linux.S
2026-10-07T15:33:10.3919289Z [872/1178] Compiling bn-armv8-win.S
2026-10-07T15:33:10.4049475Z [873/1178] Compiling bn-armv8-linux.S
2026-10-07T15:33:10.4161185Z [874/1178] Compiling bn-armv8-apple.S
2026-10-07T15:33:10.4228625Z [875/1178] Compiling bn-586-linux.S
2026-10-07T15:33:10.4409844Z [876/1178] Compiling bn-586-apple.S
2026-10-07T15:33:10.4499266Z [877/1178] Compiling armv8-mont-win.S
2026-10-07T15:33:10.4529299Z [878/1178] Compiling armv8-mont-linux.S
2026-10-07T15:33:10.4770302Z [879/1178] Compiling armv8-mont-apple.S
2026-10-07T15:33:10.4803950Z [880/1178] Compiling armv4-mont-linux.S
2026-10-07T15:33:10.4858163Z [881/1178] Compiling aesv8-gcm-armv8-win.S
2026-10-07T15:33:10.5148979Z [882/1178] Compiling aesv8-gcm-armv8-apple.S
2026-10-07T15:33:10.5154737Z [883/1178] Compiling aesv8-gcm-armv8-linux.S
2026-10-07T15:33:10.5188003Z [884/1178] Compiling aesv8-armv8-win.S
2026-10-07T15:33:10.5450129Z [885/1178] Compiling aesv8-armv8-linux.S
2026-10-07T15:33:10.5508891Z [886/1178] Compiling aesv8-armv7-linux.S
2026-10-07T15:33:10.5513564Z [887/1178] Compiling aesv8-armv8-apple.S
2026-10-07T15:33:10.5840130Z [888/1178] Compiling aesni-x86-linux.S
2026-10-07T15:33:10.5845784Z [888/1178] Compiling aesni-x86_64-linux.S
2026-10-07T15:33:10.5855449Z [890/1178] Compiling aesni-x86_64-apple.S
2026-10-07T15:33:10.6170250Z [891/1178] Compiling aesni-x86-apple.S
2026-10-07T15:33:10.6193620Z [892/1178] Compiling aesni-gcm-x86_64-linux.S
2026-10-07T15:33:10.6218570Z [893/1178] Compiling aesni-gcm-x86_64-apple.S
2026-10-07T15:33:10.6519909Z [894/1178] Compiling aes-gcm-avx512-x86_64-linux.S
2026-10-07T15:33:10.6527930Z [895/1178] Compiling aes-gcm-avx512-x86_64-apple.S
2026-10-07T15:33:10.6608851Z [896/1178] Compiling aes-gcm-avx2-x86_64-linux.S
2026-10-07T15:33:10.6810753Z [897/1178] Compiling aes-gcm-avx2-x86_64-apple.S
2026-10-07T15:33:10.7112117Z [898/1178] Compiling c-atomics.c
2026-10-07T15:33:11.1678931Z [899/1184] Compiling xwing.cc
2026-10-07T15:33:11.3956829Z [900/1184] Compiling x_x509a.cc
2026-10-07T15:33:11.4770475Z [902/1184] Compiling NIOConcurrencyHelpers NIOLockedValueBox.swift
2026-10-07T15:33:11.4772093Z [903/1184] Compiling NIOConcurrencyHelpers NIOThreadPoolWorkAvailable.swift
2026-10-07T15:33:11.5564466Z [903/1185] Compiling x_x509.cc
2026-10-07T15:33:11.8515063Z [905/1185] Compiling NIOConcurrencyHelpers lock.swift
2026-10-07T15:33:11.9313025Z [906/1185] Compiling NIOConcurrencyHelpers atomics.swift
2026-10-07T15:33:11.9318279Z [907/1185] Compiling NIOConcurrencyHelpers NIOAtomic.swift
2026-10-07T15:33:11.9323239Z [908/1185] Compiling NIOConcurrencyHelpers NIOLock.swift
2026-10-07T15:33:11.9349650Z [909/1185] Emitting module NIOConcurrencyHelpers
2026-10-07T15:33:11.9530884Z [909/1186] Compiling x_spki.cc
2026-10-07T15:33:12.0349961Z [911/1186] Wrapping AST for NIOConcurrencyHelpers for debugging
2026-10-07T15:33:12.0628755Z [912/1186] Compiling x_sig.cc
2026-10-07T15:33:12.0833023Z [913/1186] Compiling x_req.cc
2026-10-07T15:33:12.5914293Z [914/1186] Compiling x_pubkey.cc
2026-10-07T15:33:12.6163188Z [915/1186] Compiling x_name.cc
2026-10-07T15:33:12.6232221Z [916/1186] Compiling x_exten.cc
2026-10-07T15:33:12.6502752Z [917/1186] Compiling x_crl.cc
2026-10-07T15:33:13.1513399Z [918/1186] Compiling x_attrib.cc
2026-10-07T15:33:13.1652791Z [919/1186] Compiling x509spki.cc
2026-10-07T15:33:13.2293945Z [920/1186] Compiling x_all.cc
2026-10-07T15:33:13.2654090Z [921/1186] Compiling x_algor.cc
2026-10-07T15:33:13.7123866Z [922/1186] Compiling x509rset.cc
2026-10-07T15:33:13.7353204Z [923/1186] Compiling x509name.cc
2026-10-07T15:33:13.8093512Z [924/1186] Compiling x509cset.cc
2026-10-07T15:33:13.8413674Z [925/1186] Compiling x509_vpm.cc
2026-10-07T15:33:14.3033821Z [926/1186] Compiling x509_v3.cc
2026-10-07T15:33:14.3214015Z [927/1186] Compiling x509_vfy.cc
2026-10-07T15:33:14.3332309Z [928/1186] Compiling x509_txt.cc
2026-10-07T15:33:14.4094021Z [929/1186] Compiling x509_trs.cc
2026-10-07T15:33:14.8853637Z [930/1186] Compiling x509_set.cc
2026-10-07T15:33:14.9073808Z [931/1186] Compiling x509_obj.cc
2026-10-07T15:33:14.9112532Z [932/1186] Compiling x509_req.cc
2026-10-07T15:33:15.0144593Z [933/1186] Compiling x509_lu.cc
2026-10-07T15:33:15.4094282Z [934/1186] Compiling x509_def.cc
2026-10-07T15:33:15.4363012Z [935/1186] Compiling x509_d2.cc
2026-10-07T15:33:15.4624024Z [936/1186] Compiling x509_ext.cc
2026-10-07T15:33:15.5794473Z [937/1186] Compiling x509_cmp.cc
2026-10-07T15:33:15.9504602Z [938/1186] Compiling x509.cc
2026-10-07T15:33:15.9693852Z [939/1186] Compiling x509_att.cc
2026-10-07T15:33:16.0853857Z [940/1186] Compiling v3_utl.cc
2026-10-07T15:33:16.1324626Z [941/1186] Compiling v3_skey.cc
2026-10-07T15:33:16.4834303Z [942/1186] Compiling v3_prn.cc
2026-10-07T15:33:16.5313989Z [943/1186] Compiling v3_purp.cc
2026-10-07T15:33:16.6383820Z [944/1186] Compiling v3_pmaps.cc
2026-10-07T15:33:16.6963851Z [945/1186] Compiling v3_pcons.cc
2026-10-07T15:33:17.0405260Z [946/1186] Compiling v3_ocsp.cc
2026-10-07T15:33:17.1093800Z [947/1186] Compiling v3_ncons.cc
2026-10-07T15:33:17.2064424Z [948/1186] Compiling v3_lib.cc
2026-10-07T15:33:17.2503933Z [949/1186] Compiling v3_int.cc
2026-10-07T15:33:17.6624858Z [950/1186] Compiling v3_ia5.cc
2026-10-07T15:33:17.6711964Z [951/1186] Compiling v3_info.cc
2026-10-07T15:33:17.7724501Z [952/1186] Compiling v3_genn.cc
2026-10-07T15:33:17.8083869Z [953/1186] Compiling v3_extku.cc
2026-10-07T15:33:18.2244495Z [954/1186] Compiling v3_enum.cc
2026-10-07T15:33:18.2583931Z [955/1186] Compiling v3_crld.cc
2026-10-07T15:33:18.3584727Z [956/1186] Compiling v3_cpols.cc
2026-10-07T15:33:18.4369511Z [957/1186] Compiling v3_conf.cc
2026-10-07T15:33:18.7764767Z [958/1186] Compiling v3_bitst.cc
2026-10-07T15:33:18.8154361Z [959/1186] Compiling v3_bcons.cc
2026-10-07T15:33:18.9304680Z [960/1186] Compiling v3_alt.cc
2026-10-07T15:33:18.9914549Z [961/1186] Compiling v3_akeya.cc
2026-10-07T15:33:19.3324685Z [962/1186] Compiling v3_akey.cc
2026-10-07T15:33:19.3713245Z [963/1186] Compiling t_x509a.cc
2026-10-07T15:33:19.4914769Z [964/1186] Compiling t_x509.cc
2026-10-07T15:33:19.5514681Z [965/1186] Compiling t_req.cc
2026-10-07T15:33:19.8424509Z [966/1186] Compiling t_crl.cc
2026-10-07T15:33:19.9603743Z [967/1186] Compiling rsa_pss.cc
2026-10-07T15:33:20.0593910Z [968/1186] Compiling name_print.cc
2026-10-07T15:33:20.0853749Z [969/1186] Compiling policy.cc
2026-10-07T15:33:20.1683317Z [970/1186] Compiling i2d_pr.cc
2026-10-07T15:33:20.5266264Z [971/1186] Compiling by_file.cc
2026-10-07T15:33:20.6534525Z [972/1186] Compiling by_dir.cc
2026-10-07T15:33:20.6633573Z [973/1186] Compiling asn1_gen.cc
2026-10-07T15:33:20.7253690Z [974/1186] Compiling algorithm.cc
2026-10-07T15:33:21.1064513Z [975/1186] Compiling a_verify.cc
2026-10-07T15:33:21.1443258Z [976/1186] Compiling voprf.cc
2026-10-07T15:33:21.1633741Z [977/1186] Compiling a_digest.cc
2026-10-07T15:33:21.2514298Z [978/1186] Compiling a_sign.cc
2026-10-07T15:33:21.4142650Z [979/1186] Compiling thread_win.cc
2026-10-07T15:33:21.5152960Z [980/1186] Compiling thread_pthread.cc
2026-10-07T15:33:21.5761567Z [981/1186] Compiling pmbtoken.cc
2026-10-07T15:33:21.6274502Z [982/1186] Compiling trust_token.cc
2026-10-07T15:33:21.6552396Z [983/1186] Compiling thread_none.cc
2026-10-07T15:33:21.7192938Z [984/1186] Compiling thread.cc
2026-10-07T15:33:21.8543136Z [985/1186] Compiling stack.cc
2026-10-07T15:33:21.9292718Z [986/1186] Compiling slhdsa.cc
2026-10-07T15:33:21.9733157Z [987/1186] Compiling siphash.cc
2026-10-07T15:33:22.0324500Z [988/1186] Compiling spake2plus.cc
2026-10-07T15:33:22.0763869Z [989/1186] Compiling sha512.cc
2026-10-07T15:33:22.1492456Z [990/1186] Compiling sha256.cc
2026-10-07T15:33:22.1913271Z [991/1186] Compiling sha1.cc
2026-10-07T15:33:22.2943693Z [992/1186] Compiling rsa_print.cc
2026-10-07T15:33:22.3031945Z [993/1186] Compiling rsa_extra.cc
2026-10-07T15:33:22.5033189Z [994/1186] Compiling rsa_crypt.cc
2026-10-07T15:33:22.5121063Z [995/1186] Compiling rc4.cc
2026-10-07T15:33:22.5553455Z [996/1186] Compiling refcount.cc
2026-10-07T15:33:22.7613315Z [997/1186] Compiling windows.cc
2026-10-07T15:33:22.7701120Z [998/1186] Compiling trusty.cc
2026-10-07T15:33:22.7813232Z [999/1186] Compiling rsa_asn1.cc
2026-10-07T15:33:22.7901325Z [1000/1186] Compiling urandom.cc
2026-10-07T15:33:22.9852862Z [1001/1186] Compiling rand.cc
2026-10-07T15:33:22.9941596Z [1002/1186] Compiling ios.cc
2026-10-07T15:33:23.0010782Z [1003/1186] Compiling getentropy.cc
2026-10-07T15:33:23.0262366Z [1004/1186] Compiling passive.cc
2026-10-07T15:33:23.2172727Z [1005/1186] Compiling deterministic.cc
2026-10-07T15:33:23.2532720Z [1006/1186] Compiling forkunsafe.cc
2026-10-07T15:33:23.2591514Z [1007/1186] Compiling fork_detect.cc
2026-10-07T15:33:23.2839317Z [1008/1186] Compiling poly1305_arm_asm.S
2026-10-07T15:33:23.3653573Z [1009/1186] Compiling pool.cc
2026-10-07T15:33:23.5043009Z [1010/1186] Compiling poly1305_arm.cc
2026-10-07T15:33:23.5352970Z [1011/1186] Compiling poly1305.cc
2026-10-07T15:33:23.5612449Z [1012/1186] Compiling poly1305_vec.cc
2026-10-07T15:33:23.9855044Z [1013/1186] Compiling pkcs8_x509.cc
2026-10-07T15:33:24.0703230Z [1014/1186] Compiling pkcs8.cc
2026-10-07T15:33:24.0943714Z [1015/1186] Compiling p5_pbev2.cc
2026-10-07T15:33:24.1534892Z [1016/1186] Compiling pkcs7_x509.cc
2026-10-07T15:33:24.3213657Z [1017/1186] Compiling pkcs7.cc
2026-10-07T15:33:24.5884063Z [1018/1186] Compiling pem_xaux.cc
2026-10-07T15:33:24.6063151Z [1019/1186] Compiling pem_x509.cc
2026-10-07T15:33:24.6744320Z [1020/1186] Compiling pem_pkey.cc
2026-10-07T15:33:24.8525007Z [1021/1186] Compiling pem_pk8.cc
2026-10-07T15:33:25.1043944Z [1022/1186] Compiling pem_oth.cc
2026-10-07T15:33:25.1934418Z [1023/1186] Compiling pem_lib.cc
2026-10-07T15:33:25.2022514Z [1024/1186] Compiling pem_info.cc
2026-10-07T15:33:25.4143942Z [1025/1186] Compiling pem_all.cc
2026-10-07T15:33:25.4149992Z [1025/1186] Compiling obj_xref.cc
2026-10-07T15:33:25.4271445Z [1027/1186] Compiling mlkem.cc
2026-10-07T15:33:25.6451668Z [1028/1186] Compiling mldsa.cc
2026-10-07T15:33:25.6903519Z [1029/1186] Compiling mem.cc
2026-10-07T15:33:25.7342930Z [1030/1186] Compiling md5.cc
2026-10-07T15:33:25.7513232Z [1031/1186] Compiling obj.cc
2026-10-07T15:33:25.9533199Z [1032/1186] Compiling lhash.cc
2026-10-07T15:33:25.9602022Z [1033/1186] Compiling md4.cc
2026-10-07T15:33:26.0240846Z [1034/1186] Compiling poly_rq_mul.S
2026-10-07T15:33:26.0842863Z [1035/1186] Compiling kyber.cc
2026-10-07T15:33:26.1039953Z [1036/1186] Compiling fips_shared_support.cc
2026-10-07T15:33:26.2738362Z [1037/1186] Compiling fuzzer_mode.cc
2026-10-07T15:33:26.2842706Z [1038/1186] Compiling hrss.cc
2026-10-07T15:33:26.3544623Z [1039/1186] Compiling hpke.cc
2026-10-07T15:33:26.5389506Z [1040/1186] Compiling ex_data.cc
2026-10-07T15:33:26.6483857Z [1041/1186] Compiling scrypt.cc
2026-10-07T15:33:26.6552049Z [1042/1186] Compiling sign.cc
2026-10-07T15:33:26.9283363Z [1043/1186] Compiling print.cc
2026-10-07T15:33:26.9351671Z [1044/1186] Compiling pbkdf.cc
2026-10-07T15:33:27.0163206Z [1045/1186] Compiling p_x25519_asn1.cc
2026-10-07T15:33:27.2793553Z [1046/1186] Compiling p_x25519.cc
2026-10-07T15:33:27.3254115Z [1047/1186] Compiling p_rsa_asn1.cc
2026-10-07T15:33:27.4654090Z [1048/1186] Compiling p_rsa.cc
2026-10-07T15:33:27.6353478Z [1049/1186] Compiling p_hkdf.cc
2026-10-07T15:33:27.6793143Z [1050/1186] Compiling p_ed25519_asn1.cc
2026-10-07T15:33:27.8213871Z [1051/1186] Compiling p_ed25519.cc
2026-10-07T15:33:28.0373830Z [1052/1186] Compiling p_ec_asn1.cc
2026-10-07T15:33:28.0602953Z [1053/1186] Compiling p_ec.cc
2026-10-07T15:33:28.1984024Z [1054/1186] Compiling p_dsa_asn1.cc
2026-10-07T15:33:28.4012986Z [1055/1186] Compiling p_dh_asn1.cc
2026-10-07T15:33:28.4203040Z [1056/1186] Compiling p_dh.cc
2026-10-07T15:33:28.5553552Z [1057/1186] Compiling evp_ctx.cc
2026-10-07T15:33:28.7903292Z [1058/1186] Compiling evp.cc
2026-10-07T15:33:28.9166408Z [1059/1186] Compiling err.cc
2026-10-07T15:33:29.0345906Z [1060/1186] Compiling evp_asn1.cc
2026-10-07T15:33:29.0683286Z [1061/1186] Compiling engine.cc
2026-10-07T15:33:29.3554081Z [1062/1186] Compiling ecdsa_p1363.cc
2026-10-07T15:33:29.5503109Z [1063/1186] Compiling ecdh.cc
2026-10-07T15:33:29.6173929Z [1064/1186] Compiling ecdsa_asn1.cc
2026-10-07T15:33:29.9087373Z [1065/1186] Compiling hash_to_curve.cc
2026-10-07T15:33:30.1038534Z [1066/1186] Compiling ec_derive.cc
2026-10-07T15:33:30.3343053Z [1067/1186] Compiling ec_asn1.cc
2026-10-07T15:33:30.5363885Z [1068/1186] Compiling dsa_asn1.cc
2026-10-07T15:33:30.7170593Z [1069/1186] Compiling dsa.cc
2026-10-07T15:33:30.9613890Z [1070/1186] Compiling digest_extra.cc
2026-10-07T15:33:31.0504455Z [1071/1186] Compiling params.cc
2026-10-07T15:33:31.3372273Z [1072/1186] Compiling des.cc
2026-10-07T15:33:31.4064047Z [1073/1186] Compiling dh_asn1.cc
2026-10-07T15:33:31.8534288Z [1074/1186] Compiling spake25519.cc
2026-10-07T15:33:31.9115405Z [1075/1186] Compiling x25519-asm-arm.S
2026-10-07T15:33:32.1292815Z [1076/1186] Compiling curve25519.cc
2026-10-07T15:33:32.2165633Z [1077/1186] Compiling curve25519_64_adx.cc
2026-10-07T15:33:32.4407130Z [1078/1186] Compiling cpu_intel.cc
2026-10-07T15:33:32.4632027Z [1079/1186] Compiling crypto.cc
2026-10-07T15:33:32.6102657Z [1080/1186] Compiling cpu_arm_linux.cc
2026-10-07T15:33:32.8027980Z [1081/1186] Compiling cpu_arm_freebsd.cc
2026-10-07T15:33:32.8101951Z [1082/1186] Compiling cpu_aarch64_win.cc
2026-10-07T15:33:33.0209413Z [1083/1186] Compiling cpu_aarch64_openbsd.cc
2026-10-07T15:33:33.0463182Z [1084/1186] Compiling cpu_aarch64_sysreg.cc
2026-10-07T15:33:33.2903338Z [1085/1186] Compiling cpu_aarch64_linux.cc
2026-10-07T15:33:33.3334806Z [1086/1186] Compiling cpu_aarch64_apple.cc
2026-10-07T15:33:33.4874025Z [1087/1186] Compiling cpu_aarch64_fuchsia.cc
2026-10-07T15:33:33.7305584Z [1088/1186] Compiling conf.cc
2026-10-07T15:33:33.8882988Z [1089/1186] Compiling tls_cbc.cc
2026-10-07T15:33:34.1175666Z [1090/1186] Compiling get_cipher.cc
2026-10-07T15:33:34.2243827Z [1091/1186] Compiling e_tls.cc
2026-10-07T15:33:34.4004398Z [1092/1186] Compiling cms.cc
2026-10-07T15:33:34.4787462Z [1093/1186] Compiling bcm.cc
2026-10-07T15:33:34.6233710Z [1094/1186] Compiling e_rc4.cc
2026-10-07T15:33:34.6368063Z [1095/1186] Compiling e_rc2.cc
2026-10-07T15:33:34.7063454Z [1096/1186] Compiling e_null.cc
2026-10-07T15:33:34.7161319Z [1097/1186] Compiling e_des.cc
2026-10-07T15:33:34.9492574Z [1098/1186] Compiling e_aesctrhmac.cc
2026-10-07T15:33:35.0072897Z [1099/1186] Compiling e_aeseax.cc
2026-10-07T15:33:35.1020435Z [1100/1186] Compiling e_chacha20poly1305.cc
2026-10-07T15:33:35.1143365Z [1101/1186] Compiling e_aesgcmsiv.cc
2026-10-07T15:33:35.1642803Z [1102/1186] Compiling derive_key.cc
2026-10-07T15:33:35.2663216Z [1103/1186] Compiling chacha.cc
2026-10-07T15:33:35.4203403Z [1104/1186] Compiling unicode.cc
2026-10-07T15:33:35.5083330Z [1105/1186] Compiling cbb.cc
2026-10-07T15:33:35.5132001Z [1106/1186] Compiling cbs.cc
2026-10-07T15:33:35.5883140Z [1107/1186] Compiling ber.cc
2026-10-07T15:33:35.7342654Z [1108/1186] Compiling sqrt.cc
2026-10-07T15:33:35.7662175Z [1109/1186] Compiling asn1_compat.cc
2026-10-07T15:33:35.7691379Z [1110/1186] Compiling buf.cc
2026-10-07T15:33:35.9052752Z [1111/1186] Compiling exponentiation.cc
2026-10-07T15:33:36.0273028Z [1112/1186] Compiling div.cc
2026-10-07T15:33:36.0532284Z [1113/1186] Compiling bn_asn1.cc
2026-10-07T15:33:36.1563481Z [1114/1186] Compiling convert.cc
2026-10-07T15:33:36.2752616Z [1115/1186] Compiling printf.cc
2026-10-07T15:33:36.2953221Z [1116/1186] Compiling blake2.cc
2026-10-07T15:33:36.3442866Z [1117/1186] Compiling pair.cc
2026-10-07T15:33:36.4383078Z [1118/1186] Compiling hexdump.cc
2026-10-07T15:33:36.5722750Z [1119/1186] Compiling file.cc
2026-10-07T15:33:36.5872356Z [1120/1186] Compiling fd.cc
2026-10-07T15:33:36.6242858Z [1121/1186] Compiling errno.cc
2026-10-07T15:33:36.7313080Z [1122/1186] Compiling bio_mem.cc
2026-10-07T15:33:36.8682942Z [1123/1186] Compiling base64.cc
2026-10-07T15:33:36.9043290Z [1124/1186] Compiling bio.cc
2026-10-07T15:33:37.0073374Z [1125/1186] Compiling tasn_utl.cc
2026-10-07T15:33:37.0231784Z [1126/1186] Compiling tasn_typ.cc
2026-10-07T15:33:37.1843239Z [1127/1186] Compiling tasn_fre.cc
2026-10-07T15:33:37.2313850Z [1128/1186] Compiling tasn_new.cc
2026-10-07T15:33:37.3312936Z [1129/1186] Compiling tasn_enc.cc
2026-10-07T15:33:37.4453282Z [1130/1186] Compiling tasn_dec.cc
2026-10-07T15:33:37.4602187Z [1131/1186] Compiling posix_time.cc
2026-10-07T15:33:37.4912200Z [1132/1186] Compiling f_string.cc
2026-10-07T15:33:37.5862694Z [1133/1186] Compiling f_int.cc
2026-10-07T15:33:37.7082897Z [1134/1186] Compiling asn_pack.cc
2026-10-07T15:33:37.7191966Z [1135/1186] Compiling asn1_par.cc
2026-10-07T15:33:37.8653510Z [1136/1186] Compiling asn1_lib.cc
2026-10-07T15:33:37.9123258Z [1137/1186] Compiling a_utctm.cc
2026-10-07T15:33:38.0502615Z [1138/1186] Compiling a_time.cc
2026-10-07T15:33:38.0902744Z [1139/1186] Compiling a_type.cc
2026-10-07T15:33:38.2853431Z [1140/1186] Compiling a_strex.cc
2026-10-07T15:33:38.3132768Z [1141/1186] Compiling a_octet.cc
2026-10-07T15:33:38.3434413Z [1142/1186] Compiling a_strnid.cc
2026-10-07T15:33:38.4923682Z [1143/1186] Compiling a_object.cc
2026-10-07T15:33:38.6052877Z [1144/1186] Compiling a_i2d_fp.cc
2026-10-07T15:33:38.6141893Z [1145/1186] Compiling a_mbstr.cc
2026-10-07T15:33:38.6933767Z [1146/1186] Compiling a_int.cc
2026-10-07T15:33:38.8223587Z [1147/1186] Compiling a_gentm.cc
2026-10-07T15:33:38.8612802Z [1148/1186] Compiling a_dup.cc
2026-10-07T15:33:38.8701880Z [1149/1186] Compiling a_d2i_fp.cc
2026-10-07T15:33:38.8706201Z [1149/1186] Write sources
2026-10-07T15:33:39.0905197Z [1151/1202] Compiling a_bool.cc
2026-10-07T15:33:39.2213109Z [1152/1202] Compiling aes.cc
2026-10-07T15:33:39.2752704Z [1154/1202] Compiling Atomics AtomicValue.swift
2026-10-07T15:33:39.2758086Z [1155/1202] Compiling Atomics AtomicMemoryOrderings.swift
2026-10-07T15:33:39.2758823Z [1156/1202] Compiling Atomics DoubleWord.swift
2026-10-07T15:33:39.2759552Z [1157/1202] Compiling Atomics ManagedAtomic.swift
2026-10-07T15:33:39.2760275Z [1158/1202] Compiling Atomics ManagedAtomicLazyReference.swift
2026-10-07T15:33:39.3824468Z [1158/1206] Compiling a_bitstr.cc
2026-10-07T15:33:39.6543028Z [1160/1213] Compiling Atomics UnsafeAtomic.swift
2026-10-07T15:33:39.6544095Z [1161/1213] Compiling Atomics UnsafeAtomicLazyReference.swift
2026-10-07T15:33:39.6545095Z [1162/1213] Compiling Atomics IntegerOperations.swift
2026-10-07T15:33:39.6568464Z [1163/1213] Compiling Atomics Unmanaged extensions.swift
2026-10-07T15:33:40.4511424Z [1164/1213] Compiling CryptoBoringWrapper FiniteFieldArithmeticContext.swift
2026-10-07T15:33:40.4512464Z [1165/1213] Compiling Atomics AtomicInteger.swift
2026-10-07T15:33:40.4513507Z [1166/1213] Compiling Atomics AtomicOptionalWrappable.swift
2026-10-07T15:33:40.4514349Z [1167/1213] Compiling Atomics AtomicReference.swift
2026-10-07T15:33:40.4515116Z [1168/1213] Compiling Atomics AtomicStorage.swift
2026-10-07T15:33:40.7323736Z [1169/1213] Compiling Atomics OptionalRawRepresentable.swift
2026-10-07T15:33:40.7324728Z [1170/1213] Compiling Atomics RawRepresentable.swift
2026-10-07T15:33:40.7325666Z [1171/1213] Compiling Atomics AtomicBool.swift
2026-10-07T15:33:40.7326284Z [1172/1213] Compiling Atomics IntegerConformances.swift
2026-10-07T15:33:40.7327036Z [1173/1213] Compiling Atomics PointerConformances.swift
2026-10-07T15:33:40.7568430Z [1174/1213] Emitting module Atomics
2026-10-07T15:33:40.7965331Z [1176/1214] Compiling CryptoBoringWrapper BoringSSLAEAD.swift
2026-10-07T15:33:40.7966454Z [1177/1214] Compiling CryptoBoringWrapper CryptoKitErrors_boring.swift
2026-10-07T15:33:40.7967720Z [1178/1214] Compiling CryptoBoringWrapper EllipticCurve.swift
2026-10-07T15:33:40.7968704Z [1179/1214] Compiling CryptoBoringWrapper EllipticCurvePoint.swift
2026-10-07T15:33:40.7969435Z [1180/1214] Emitting module CryptoBoringWrapper
2026-10-07T15:33:40.8429803Z [1180/1215] Wrapping AST for Atomics for debugging
2026-10-07T15:33:40.9930534Z [1182/1270] Compiling NIOCore FileHandle.swift
2026-10-07T15:33:40.9934406Z [1183/1270] Compiling NIOCore FileRegion.swift
2026-10-07T15:33:41.0310418Z [1184/1270] Compiling CryptoBoringWrapper RandomBytes.swift
2026-10-07T15:33:41.1629884Z [1185/1271] Wrapping AST for CryptoBoringWrapper for debugging
2026-10-07T15:33:44.7115523Z [1187/1343] Emitting module Crypto
2026-10-07T15:33:46.2496180Z [1188/1366] Compiling Crypto CryptoKitErrors.swift
2026-10-07T15:33:46.2506162Z [1189/1366] Compiling Crypto Digest_boring.swift
2026-10-07T15:33:46.2506975Z [1190/1366] Compiling Crypto Digest.swift
2026-10-07T15:33:46.2507585Z [1191/1366] Compiling Crypto Digests.swift
2026-10-07T15:33:46.2508256Z [1192/1366] Compiling Crypto HashFunctions.swift
2026-10-07T15:33:46.2509267Z [1193/1366] Compiling Crypto HashFunctions_SHA2.swift
2026-10-07T15:33:46.2509904Z [1194/1366] Compiling Crypto HashFunctions_SHA3.swift
2026-10-07T15:33:46.2510892Z [1195/1366] Compiling Crypto Digest_xkcp.swift
2026-10-07T15:33:46.2511530Z [1196/1366] Compiling Crypto HPKE-AEAD.swift
2026-10-07T15:33:46.2512138Z [1197/1366] Compiling Crypto HPKE-Ciphersuite.swift
2026-10-07T15:33:46.2512911Z [1198/1366] Compiling Crypto HPKE-KDF.swift
2026-10-07T15:33:46.2513526Z [1199/1366] Compiling Crypto HPKE-KexKeyDerivation.swift
2026-10-07T15:33:46.2514313Z [1200/1366] Compiling Crypto HPKE-LabeledExtract.swift
2026-10-07T15:33:46.2515036Z [1201/1366] Compiling Crypto HPKE-Utils.swift
2026-10-07T15:33:46.2515625Z [1202/1366] Compiling Crypto DHKEM.swift
2026-10-07T15:33:46.2516446Z [1203/1366] Compiling Crypto HPKE-KEM-Curve25519.swift
2026-10-07T15:33:46.2517134Z [1204/1366] Compiling Crypto HPKE-NIST-EC-KEMs.swift
2026-10-07T15:33:46.2517816Z [1205/1366] Compiling Crypto HPKE-KEM.swift
2026-10-07T15:33:46.2518594Z [1206/1366] Compiling Crypto HPKE-Errors.swift
2026-10-07T15:33:46.2519300Z [1207/1366] Compiling Crypto HPKE.swift
2026-10-07T15:33:46.2520071Z [1208/1366] Compiling Crypto HPKE-Context.swift
2026-10-07T15:33:46.2520759Z [1209/1366] Compiling Crypto HPKE-KeySchedule.swift
2026-10-07T15:33:46.2521336Z [1210/1366] Compiling Crypto HPKE-Modes.swift
2026-10-07T15:33:46.2521905Z [1211/1366] Compiling Crypto Insecure.swift
2026-10-07T15:33:47.8586055Z [1212/1366] Compiling Crypto AES-GCM.swift
2026-10-07T15:33:47.8586956Z [1213/1366] Compiling Crypto AES-GCM_boring.swift
2026-10-07T15:33:47.8587733Z [1214/1366] Compiling Crypto ChaChaPoly_boring.swift
2026-10-07T15:33:47.8588453Z [1215/1366] Compiling Crypto ChaChaPoly.swift
2026-10-07T15:33:47.8589116Z [1216/1366] Compiling Crypto Cipher.swift
2026-10-07T15:33:47.8589720Z [1217/1366] Compiling Crypto Nonces.swift
2026-10-07T15:33:47.8590305Z [1218/1366] Compiling Crypto ASN1.swift
2026-10-07T15:33:47.8590899Z [1219/1366] Compiling Crypto ASN1Any.swift
2026-10-07T15:33:47.8591584Z [1220/1366] Compiling Crypto ASN1BitString.swift
2026-10-07T15:33:47.8592198Z [1221/1366] Compiling Crypto ASN1Boolean.swift
2026-10-07T15:33:47.8592900Z [1222/1366] Compiling Crypto ASN1Identifier.swift
2026-10-07T15:33:47.8593534Z [1223/1366] Compiling Crypto ASN1Integer.swift
2026-10-07T15:33:47.8594259Z [1224/1366] Compiling Crypto ASN1Null.swift
2026-10-07T15:33:47.8594912Z [1225/1366] Compiling Crypto ASN1OctetString.swift
2026-10-07T15:33:47.8595532Z [1226/1366] Compiling Crypto ASN1Strings.swift
2026-10-07T15:33:47.8596139Z [1227/1366] Compiling Crypto ArraySliceBigint.swift
2026-10-07T15:33:47.8596894Z [1228/1366] Compiling Crypto GeneralizedTime.swift
2026-10-07T15:33:47.8597524Z [1229/1366] Compiling Crypto ObjectIdentifier.swift
2026-10-07T15:33:47.8598180Z [1230/1366] Compiling Crypto ECDSASignature.swift
2026-10-07T15:33:47.8598796Z [1231/1366] Compiling Crypto PEMDocument.swift
2026-10-07T15:33:47.8599400Z [1232/1366] Compiling Crypto PKCS8PrivateKey.swift
2026-10-07T15:33:47.8600102Z [1233/1366] Compiling Crypto SEC1PrivateKey.swift
2026-10-07T15:33:47.8600790Z [1234/1366] Compiling Crypto SubjectPublicKeyInfo.swift
2026-10-07T15:33:47.8601522Z [1235/1366] Compiling Crypto CryptoError_boring.swift
2026-10-07T15:33:48.6283528Z [1236/1366] Compiling Crypto Insecure_HashFunctions.swift
2026-10-07T15:33:48.6285410Z [1237/1366] Compiling Crypto MLKEM_boring.swift
2026-10-07T15:33:48.6286129Z [1238/1366] Compiling Crypto MLKEM_wrapper.swift
2026-10-07T15:33:48.6286896Z [1239/1366] Compiling Crypto XWing_boring.swift
2026-10-07T15:33:48.6287502Z [1240/1366] Compiling Crypto KEM-Errors.swift
2026-10-07T15:33:48.6288084Z [1241/1366] Compiling Crypto KEM.swift
2026-10-07T15:33:48.6288680Z [1242/1366] Compiling Crypto MLKEM.swift
2026-10-07T15:33:48.6289664Z [1243/1366] Compiling Crypto XWing.swift
2026-10-07T15:33:48.6290672Z [1244/1366] Compiling Crypto ECDH_boring.swift
2026-10-07T15:33:48.6291588Z [1245/1366] Compiling Crypto DH.swift
2026-10-07T15:33:48.6292486Z [1246/1366] Compiling Crypto ECDH.swift
2026-10-07T15:33:48.6293398Z [1247/1366] Compiling Crypto ANSIx963.swift
2026-10-07T15:33:48.6294446Z [1248/1366] Compiling Crypto HKDF.swift
2026-10-07T15:33:48.6295495Z [1249/1366] Compiling Crypto AESWrap.swift
2026-10-07T15:33:48.6296355Z [1250/1366] Compiling Crypto AESWrap_boring.swift
2026-10-07T15:33:48.6297278Z [1251/1366] Compiling Crypto Ed25519_boring.swift
2026-10-07T15:33:48.6298273Z [1252/1366] Compiling Crypto NISTCurvesKeys_boring.swift
2026-10-07T15:33:48.6299266Z [1253/1366] Compiling Crypto X25519Keys_boring.swift
2026-10-07T15:33:48.6300249Z [1254/1366] Compiling Crypto Curve25519.swift
2026-10-07T15:33:48.6301096Z [1255/1366] Compiling Crypto Ed25519Keys.swift
2026-10-07T15:33:48.6302073Z [1256/1366] Compiling Crypto NISTCurvesKeys.swift
2026-10-07T15:33:48.6302967Z [1257/1366] Compiling Crypto X25519Keys.swift
2026-10-07T15:33:48.6304031Z [1258/1366] Compiling Crypto SymmetricKeys.swift
2026-10-07T15:33:50.0521124Z [1277/1383] Compiling Crypto HMAC.swift
2026-10-07T15:33:50.0548788Z [1278/1383] Compiling Crypto MACFunctions.swift
2026-10-07T15:33:50.0553392Z [1279/1383] Compiling Crypto MessageAuthenticationCode.swift
2026-10-07T15:33:50.0557403Z [1280/1383] Compiling Crypto AES.swift
2026-10-07T15:33:50.0561887Z [1281/1383] Compiling Crypto ECDSASignature_boring.swift
2026-10-07T15:33:50.0566756Z [1282/1383] Compiling Crypto ECDSA_boring.swift
2026-10-07T15:33:50.0571136Z [1283/1383] Compiling Crypto EdDSA_boring.swift
2026-10-07T15:33:50.0576077Z [1284/1383] Compiling Crypto MLDSA_boring.swift
2026-10-07T15:33:50.0580316Z [1285/1383] Compiling Crypto MLDSA_wrapper.swift
2026-10-07T15:33:50.0584580Z [1286/1383] Compiling Crypto ECDSA.swift
2026-10-07T15:33:50.0588934Z [1287/1383] Compiling Crypto Ed25519.swift
2026-10-07T15:33:50.0592989Z [1288/1383] Compiling Crypto MLDSA.swift
2026-10-07T15:33:50.0597406Z [1289/1383] Compiling Crypto Signature.swift
2026-10-07T15:33:50.0601829Z [1290/1383] Compiling Crypto CryptoKitErrors_boring.swift
2026-10-07T15:33:50.0606616Z [1291/1383] Compiling Crypto Optional+withUnsafeBytes_boring.swift
2026-10-07T15:33:50.0610893Z [1292/1383] Compiling Crypto RNG_boring.swift
2026-10-07T15:33:50.0614869Z [1293/1383] Compiling Crypto SafeCompare_boring.swift
2026-10-07T15:33:50.0619309Z [1294/1383] Compiling Crypto Zeroization_boring.swift
2026-10-07T15:33:50.0623335Z [1295/1383] Compiling Crypto _CryptoModuleAnchor.swift
2026-10-07T15:33:50.0627719Z [1296/1383] Compiling Crypto PrettyBytes.swift
2026-10-07T15:33:50.0631767Z [1297/1383] Compiling Crypto SafeCompare.swift
2026-10-07T15:33:50.0635679Z [1298/1383] Compiling Crypto SecureBytes.swift
2026-10-07T15:33:50.0646780Z [1299/1383] Compiling Crypto Zeroization.swift
2026-10-07T15:33:50.2080491Z [1300/1384] Wrapping AST for Crypto for debugging
2026-10-07T15:33:50.6936564Z [1302/1384] Emitting module NIOCore
2026-10-07T15:33:51.4359076Z [1303/1384] Compiling NIOCore NIOCoreSendableMetatype.swift
2026-10-07T15:33:51.4359911Z [1304/1384] Compiling NIOCore NIODecodedAsyncSequence.swift
2026-10-07T15:33:51.4363001Z [1305/1384] Compiling NIOCore NIOLoopBound.swift
2026-10-07T15:33:51.4364066Z [1306/1384] Compiling NIOCore NIOPooledRecvBufferAllocator.swift
2026-10-07T15:33:51.4365322Z [1307/1384] Compiling NIOCore NIOScheduledCallback.swift
2026-10-07T15:33:51.4366307Z [1308/1384] Compiling NIOCore NIOSendable.swift
2026-10-07T15:33:51.4367091Z [1309/1384] Compiling NIOCore NIOSplitLinesMessageDecoder.swift
2026-10-07T15:33:51.4367979Z [1310/1384] Compiling NIOCore NIOTransportAccessibleChannelCore.swift
2026-10-07T15:33:51.4368875Z [1311/1384] Compiling NIOCore RecvByteBufferAllocator.swift
2026-10-07T15:33:51.4369663Z [1312/1384] Compiling NIOCore SingleStepByteToMessageDecoder.swift
2026-10-07T15:33:51.4370549Z [1313/1384] Compiling NIOCore SocketAddresses.swift
2026-10-07T15:33:51.4371256Z [1314/1384] Compiling NIOCore SocketOptionProvider.swift
2026-10-07T15:33:51.4371986Z [1315/1384] Compiling NIOCore SystemCallHelpers.swift
2026-10-07T15:33:51.4372673Z [1316/1384] Compiling NIOCore TimeAmount+Duration.swift
2026-10-07T15:33:51.4373790Z [1317/1384] Compiling NIOCore TypeAssistedChannelHandler.swift
2026-10-07T15:33:51.4374957Z [1318/1384] Compiling NIOCore UniversalBootstrapSupport.swift
2026-10-07T15:33:51.4375747Z [1319/1384] Compiling NIOCore Utilities.swift
2026-10-07T15:33:52.0100214Z [1356/1385] Wrapping AST for NIOCore for debugging
2026-10-07T15:33:52.3967863Z [1358/1435] Compiling NIOFoundationEssentialsCompat Codable+ByteBuffer.swift
2026-10-07T15:33:53.2110754Z [1359/1435] Compiling NIOEmbedded AsyncTestingEventLoop.swift
2026-10-07T15:33:53.2713817Z [1360/1435] Emitting module NIOFoundationEssentialsCompat
2026-10-07T15:33:53.2798871Z [1361/1435] Compiling NIOFoundationEssentialsCompat ByteBuffer-foundation.swift
2026-10-07T15:33:53.3992189Z [1363/1436] Emitting module NIOEmbedded
2026-10-07T15:33:53.4580778Z [1363/1436] Wrapping AST for NIOFoundationEssentialsCompat for debugging
2026-10-07T15:33:53.7922229Z [1365/1436] Compiling NIOEmbedded Embedded.swift
2026-10-07T15:33:53.7950429Z [1366/1436] Compiling NIOEmbedded AsyncTestingChannel.swift
2026-10-07T15:33:53.8880198Z [1367/1437] Wrapping AST for NIOEmbedded for debugging
2026-10-07T15:33:55.3665714Z [1369/1437] Compiling NIOPosix PipeChannel.swift
2026-10-07T15:33:55.3666823Z [1370/1437] Compiling NIOPosix PipePair.swift
2026-10-07T15:33:55.3667516Z [1371/1437] Compiling NIOPosix Pool.swift
2026-10-07T15:33:55.3668222Z [1372/1437] Compiling NIOPosix PosixSingletons+ConcurrencyTakeOver.swift
2026-10-07T15:33:55.3669014Z [1373/1437] Compiling NIOPosix PosixSingletons.swift
2026-10-07T15:33:55.3669852Z [1374/1437] Compiling NIOPosix RawSocketBootstrap.swift
2026-10-07T15:33:55.3670579Z [1375/1437] Compiling NIOPosix Resolver.swift
2026-10-07T15:33:55.3671275Z [1376/1437] Compiling NIOPosix Selectable.swift
2026-10-07T15:33:55.3671927Z [1377/1437] Compiling NIOPosix SelectableChannel.swift
2026-10-07T15:33:55.3672710Z [1378/1437] Compiling NIOPosix SelectableEventLoop.swift
2026-10-07T15:33:55.3673398Z [1379/1437] Compiling NIOPosix SelectorEpoll.swift
2026-10-07T15:33:55.3674085Z [1380/1437] Compiling NIOPosix SelectorGeneric.swift
2026-10-07T15:33:55.3674972Z [1381/1437] Compiling NIOPosix SelectorKqueue.swift
2026-10-07T15:33:55.3677203Z [1382/1437] Compiling NIOPosix SelectorUring.swift
2026-10-07T15:33:57.0267821Z [1383/1451] Compiling NIOPosix SelectorWSAPoll.swift
2026-10-07T15:33:57.0274914Z [1384/1451] Compiling NIOPosix ServerSocket.swift
2026-10-07T15:33:57.0275789Z [1385/1451] Compiling NIOPosix Socket.swift
2026-10-07T15:33:57.0278223Z [1386/1451] Compiling NIOPosix SocketChannel.swift
2026-10-07T15:33:57.0279237Z [1387/1451] Compiling NIOPosix SocketProtocols.swift
2026-10-07T15:33:57.0280089Z [1388/1451] Compiling NIOPosix StructuredConcurrencyHelpers.swift
2026-10-07T15:33:57.0280926Z [1389/1451] Compiling NIOPosix System.swift
2026-10-07T15:33:57.0281597Z [1390/1451] Compiling NIOPosix Thread.swift
2026-10-07T15:33:57.0282289Z [1391/1451] Compiling NIOPosix ThreadPosix.swift
2026-10-07T15:33:57.0283108Z [1392/1451] Compiling NIOPosix ThreadWindows.swift
2026-10-07T15:33:57.0283865Z [1393/1451] Compiling NIOPosix Utilities.swift
2026-10-07T15:33:57.0284835Z [1394/1451] Compiling NIOPosix VsockAddress.swift
2026-10-07T15:33:57.0285653Z [1395/1451] Compiling NIOPosix VsockChannelEvents.swift
2026-10-07T15:33:57.0286397Z [1396/1451] Compiling NIOPosix Windows.swift
2026-10-07T15:33:57.0391355Z [1397/1451] Compiling NIOPosix HappyEyeballs.swift
2026-10-07T15:33:57.0395211Z [1398/1451] Compiling NIOPosix IO.swift
2026-10-07T15:33:57.0397465Z [1399/1451] Compiling NIOPosix IntegerBitPacking.swift
2026-10-07T15:33:57.0398559Z [1400/1451] Compiling NIOPosix IntegerTypes.swift
2026-10-07T15:33:57.0399410Z [1401/1451] Compiling NIOPosix Linux.swift
2026-10-07T15:33:57.0400206Z [1402/1451] Compiling NIOPosix LinuxCPUSet.swift
2026-10-07T15:33:57.0400879Z [1403/1451] Compiling NIOPosix LinuxUring.swift
2026-10-07T15:33:57.0401547Z [1404/1451] Compiling NIOPosix MultiThreadedEventLoopGroup.swift
2026-10-07T15:33:57.0539113Z [1405/1451] Compiling NIOPosix NIOPosixSendableMetatype.swift
2026-10-07T15:33:57.0565700Z [1406/1451] Compiling NIOPosix NIORandomizedDNSResolver.swift
2026-10-07T15:33:57.0566765Z [1407/1451] Compiling NIOPosix NIOThreadPool.swift
2026-10-07T15:33:57.0567415Z [1408/1451] Compiling NIOPosix NonBlockingFileIO.swift
2026-10-07T15:33:57.0568126Z [1409/1451] Compiling NIOPosix PendingDatagramWritesManager.swift
2026-10-07T15:33:57.0568841Z [1410/1451] Compiling NIOPosix PendingWritesManager.swift
2026-10-07T15:33:57.0960642Z [1411/1451] Emitting module NIOPosix
2026-10-07T15:33:57.0961257Z [1412/1451] Compiling NIOPosix BSDSocketAPICommon.swift
2026-10-07T15:33:57.0961761Z [1413/1451] Compiling NIOPosix BSDSocketAPIPosix.swift
2026-10-07T15:33:57.0964064Z [1414/1451] Compiling NIOPosix BSDSocketAPIWindows.swift
2026-10-07T15:33:57.0964976Z [1415/1451] Compiling NIOPosix BaseSocket.swift
2026-10-07T15:33:57.0965701Z [1416/1451] Compiling NIOPosix BaseSocketChannel+AccessibleTransport.swift
2026-10-07T15:33:57.0966691Z [1417/1451] Compiling NIOPosix BaseSocketChannel+SocketOptionProvider.swift
2026-10-07T15:33:57.0967485Z [1418/1451] Compiling NIOPosix BaseSocketChannel.swift
2026-10-07T15:33:57.0968181Z [1419/1451] Compiling NIOPosix BaseStreamSocketChannel.swift
2026-10-07T15:33:57.0968839Z [1420/1451] Compiling NIOPosix Bootstrap.swift
2026-10-07T15:33:57.0969447Z [1421/1451] Compiling NIOPosix ControlMessage.swift
2026-10-07T15:33:57.0970092Z [1422/1451] Compiling NIOPosix DatagramVectorReadManager.swift
2026-10-07T15:33:57.0970700Z [1423/1451] Compiling NIOPosix Errors+Any.swift
2026-10-07T15:33:57.0971240Z [1424/1451] Compiling NIOPosix FileDescriptor.swift
2026-10-07T15:33:57.0971832Z [1425/1451] Compiling NIOPosix GetaddrinfoResolver.swift
2026-10-07T15:33:57.1919470Z [1426/1452] Wrapping AST for NIOPosix for debugging
2026-10-07T15:33:57.2332497Z [1428/1454] Emitting module NIO
2026-10-07T15:33:57.2332811Z [1429/1454] Compiling NIO Exports.swift
2026-10-07T15:33:57.3299124Z [1430/1455] Wrapping AST for NIO for debugging
2026-10-07T15:33:57.6579771Z [1432/1479] Emitting module NIOFoundationCompat
2026-10-07T15:33:57.7653155Z [1433/1479] Compiling NIOFoundationCompat Exports.swift
2026-10-07T15:33:57.7679087Z [1434/1479] Compiling NIOFoundationCompat JSONSerialization+ByteBuffer.swift
2026-10-07T15:33:57.7679964Z [1435/1479] Compiling NIOFoundationCompat WaitSpinningRunLoop.swift
2026-10-07T15:33:57.9799959Z [1436/1480] Wrapping AST for NIOFoundationCompat for debugging
2026-10-07T15:33:58.1836786Z [1438/1480] Emitting module NIOTLS
2026-10-07T15:33:58.1837609Z [1439/1480] Compiling NIOTLS SNIHandler.swift
2026-10-07T15:33:58.1838317Z [1440/1480] Compiling NIOTLS ApplicationProtocolNegotiationHandler.swift
2026-10-07T15:33:58.1839125Z [1441/1480] Compiling NIOTLS NIOTypedApplicationProtocolNegotiationHandler.swift
2026-10-07T15:33:58.1840645Z [1442/1481] Compiling NIOTLS ProtocolNegotiationHandlerStateMachine.swift
2026-10-07T15:33:58.3902376Z [1443/1481] Compiling NIOTLS TLSEvents.swift
2026-10-07T15:33:58.4279853Z [1444/1482] Emitting module NIOHTTP1
2026-10-07T15:33:58.5490153Z [1445/1486] Wrapping AST for NIOTLS for debugging
2026-10-07T15:33:58.7820512Z [1447/1531] Compiling NIOSSL SSLPKCS12Bundle.swift
2026-10-07T15:33:58.7821858Z [1448/1531] Compiling NIOSSL SSLPrivateKey.swift
2026-10-07T15:33:58.7822432Z [1449/1531] Compiling NIOSSL SSLPublicKey.swift
2026-10-07T15:33:58.7823079Z [1450/1531] Compiling NIOSSL SecurityFrameworkCertificateVerification.swift
2026-10-07T15:33:58.7823831Z [1451/1531] Compiling NIOSSL String+unsafeUninitializedCapacity.swift
2026-10-07T15:33:58.7824662Z [1452/1531] Compiling NIOSSL NIOSSLServerHandler.swift
2026-10-07T15:33:58.8163585Z [1453/1536] Compiling NIOSSL AndroidCABundle.swift
2026-10-07T15:33:58.8164650Z [1454/1536] Compiling NIOSSL ByteBufferBIO.swift
2026-10-07T15:33:58.8165301Z [1455/1536] Compiling NIOSSL CustomPrivateKey.swift
2026-10-07T15:33:58.8165823Z [1456/1536] Compiling NIOSSL FreeBSDCABundle.swift
2026-10-07T15:33:58.8166372Z [1457/1536] Compiling NIOSSL IdentityVerification.swift
2026-10-07T15:33:58.8167308Z [1458/1536] Compiling NIOSSL LinuxCABundle.swift
2026-10-07T15:33:58.8711735Z [1459/1536] Emitting module NIOTransportServices
2026-10-07T15:33:58.9093981Z [1460/1536] Compiling NIOTransportServices StateManagedChannel.swift
2026-10-07T15:33:58.9120200Z [1461/1536] Compiling NIOTransportServices StateManagedListenerChannel.swift
2026-10-07T15:33:58.9124055Z [1462/1536] Compiling NIOTransportServices StateManagedNWConnectionChannel.swift
2026-10-07T15:33:58.9125548Z [1463/1536] Compiling NIOTransportServices TCPOptions+SocketChannelOption.swift
2026-10-07T15:33:58.9126468Z [1464/1536] Compiling NIOTransportServices UDPOptions+SocketChannelOption.swift
2026-10-07T15:33:59.1213081Z [1465/1536] Compiling NIOSSL NIOSSLClientHandler.swift
2026-10-07T15:33:59.1213929Z [1466/1536] Compiling NIOSSL NIOSSLHandler+Configuration.swift
2026-10-07T15:33:59.1220420Z [1467/1536] Compiling NIOSSL NIOSSLHandler.swift
2026-10-07T15:33:59.1223476Z [1468/1536] Compiling NIOSSL SSLContext.swift
2026-10-07T15:33:59.1227955Z [1469/1536] Compiling NIOSSL SSLErrors.swift
2026-10-07T15:33:59.1231257Z [1470/1536] Compiling NIOSSL SSLInit.swift
2026-10-07T15:33:59.3029772Z [1471/1537] Wrapping AST for NIOTransportServices for debugging
2026-10-07T15:34:00.5307216Z [1491/1538] Wrapping AST for NIOHTTP1 for debugging
2026-10-07T15:34:01.9762819Z [1493/1564] Emitting module NIOExtras
2026-10-07T15:34:02.2669550Z [1494/1568] Compiling NIOExtras NIOExtrasError.swift
2026-10-07T15:34:02.2670755Z [1495/1568] Compiling NIOExtras NIOLengthFieldBitLength.swift
2026-10-07T15:34:02.2671481Z [1496/1568] Compiling NIOExtras NIORequestIdentifiable.swift
2026-10-07T15:34:02.2672096Z [1497/1568] Compiling NIOExtras PCAPRingBuffer.swift
2026-10-07T15:34:02.2672623Z [1498/1568] Compiling NIOExtras QuiescingHelper.swift
2026-10-07T15:34:02.3901909Z [1499/1568] Compiling NIOExtras LengthFieldBasedFrameDecoder.swift
2026-10-07T15:34:02.3902842Z [1500/1568] Compiling NIOExtras LengthFieldPrepender.swift
2026-10-07T15:34:02.3903640Z [1501/1568] Compiling NIOExtras LineBasedFrameDecoder.swift
2026-10-07T15:34:02.3905551Z [1502/1568] Compiling NIOExtras DebugInboundEventsHandler.swift
2026-10-07T15:34:02.3906617Z [1503/1568] Compiling NIOExtras DebugOutboundEventsHandler.swift
2026-10-07T15:34:02.3907706Z [1504/1568] Compiling NIOExtras FixedLengthFrameDecoder.swift
2026-10-07T15:34:02.5357215Z [1505/1570] Compiling NIOExtras JSONRPCFraming.swift
2026-10-07T15:34:02.5358017Z [1509/1570] Compiling NIOHPACK IntegerCoding.swift
2026-10-07T15:34:02.5860890Z [1513/1570] Compiling NIOExtras HTTP1ProxyConnectHandler.swift
2026-10-07T15:34:02.5861879Z [1514/1570] Compiling NIOExtras JSONRPCFraming+ContentLengthHeader.swift
2026-10-07T15:34:02.7299896Z [1515/1570] Emitting module NIOSSL
2026-10-07T15:34:02.7600542Z [1519/1578] Emitting module NIOHPACK
2026-10-07T15:34:02.7817792Z [1521/1578] Compiling NIOHPACK StaticHeaderTable.swift
2026-10-07T15:34:02.7818530Z [1526/1578] Compiling NIOExtras RequestResponseHandler.swift
2026-10-07T15:34:02.7819281Z [1527/1578] Compiling NIOExtras RequestResponseHandlers+State.swift
2026-10-07T15:34:02.9141448Z [1537/1578] Compiling NIOExtras RequestResponseWithIDHandler.swift
2026-10-07T15:34:02.9142219Z [1538/1578] Compiling NIOExtras WritePCAPHandler.swift
2026-10-07T15:34:02.9142846Z [1543/1578] Compiling NIOSSL SSLCertificateName.swift
2026-10-07T15:34:02.9143527Z [1544/1578] Compiling NIOSSL SSLConnection.swift
2026-10-07T15:34:03.0830528Z [1547/1579] Wrapping AST for NIOHPACK for debugging
2026-10-07T15:34:04.2363659Z [1549/1633] Compiling NIOHTTP2 HTTP2StreamChannel.swift
2026-10-07T15:34:04.2364507Z [1550/1633] Compiling NIOHTTP2 HTTP2StreamDelegate.swift
2026-10-07T15:34:04.2365139Z [1551/1633] Compiling NIOHTTP2 ConnectionStateMachine.swift
2026-10-07T15:34:04.2365707Z [1552/1633] Compiling NIOHTTP2 ConnectionStreamsState.swift
2026-10-07T15:34:04.4429941Z [1553/1634] Wrapping AST for NIOExtras for debugging
2026-10-07T15:34:05.3133778Z [1555/1634] Compiling NIOHTTP2 ReceivingWindowUpdateState.swift
2026-10-07T15:34:05.3136021Z [1556/1634] Compiling NIOHTTP2 MaySendFrames.swift
2026-10-07T15:34:05.3137464Z [1557/1634] Compiling NIOHTTP2 SendingDataState.swift
2026-10-07T15:34:05.3139045Z [1558/1634] Compiling NIOHTTP2 SendingGoawayState.swift
2026-10-07T15:34:05.3140019Z [1559/1634] Compiling NIOHTTP2 SendingHeadersState.swift
2026-10-07T15:34:05.3141530Z [1560/1634] Compiling NIOHTTP2 SendingPushPromiseState.swift
2026-10-07T15:34:05.3142914Z [1561/1634] Compiling NIOHTTP2 SendingRstStreamState.swift
2026-10-07T15:34:05.3144350Z [1562/1634] Compiling NIOHTTP2 SendingWindowUpdateState.swift
2026-10-07T15:34:05.4379579Z [1563/1635] Wrapping AST for NIOSSL for debugging
2026-10-07T15:34:05.8396465Z [1565/1635] Emitting module NIOHTTP2
2026-10-07T15:34:05.8945993Z [1566/1652] Compiling NIOHTTP2 HasFlowControlWindows.swift
2026-10-07T15:34:05.8946984Z [1567/1652] Compiling NIOHTTP2 HasLocalSettings.swift
2026-10-07T15:34:05.8956769Z [1568/1652] Compiling NIOHTTP2 HasRemoteSettings.swift
2026-10-07T15:34:05.8957827Z [1569/1652] Compiling NIOHTTP2 LocallyQuiescingState.swift
2026-10-07T15:34:05.8958376Z [1570/1652] Compiling NIOHTTP2 QuiescingState.swift
2026-10-07T15:34:05.8958978Z [1571/1652] Compiling NIOHTTP2 RemotelyQuiescingState.swift
2026-10-07T15:34:05.8959581Z [1572/1652] Compiling NIOHTTP2 SendAndReceiveGoawayState.swift
2026-10-07T15:34:05.8960168Z [1573/1652] Compiling NIOHTTP2 StateMachineResult.swift
2026-10-07T15:34:05.8960706Z [1574/1652] Compiling NIOHTTP2 ContentLengthVerifier.swift
2026-10-07T15:34:05.8961354Z [1575/1652] Compiling NIOHTTP2 DOSHeuristics.swift
2026-10-07T15:34:05.8961859Z [1576/1652] Compiling NIOHTTP2 Error+Any.swift
2026-10-07T15:34:05.8962389Z [1577/1652] Compiling NIOHTTP2 ConcurrentStreamBuffer.swift
2026-10-07T15:34:05.8962956Z [1578/1652] Compiling NIOHTTP2 ControlFrameBuffer.swift
2026-10-07T15:34:05.8963530Z [1579/1652] Compiling NIOHTTP2 OutboundFlowControlBuffer.swift
2026-10-07T15:34:05.8964098Z [1580/1652] Compiling NIOHTTP2 OutboundFrameBuffer.swift
2026-10-07T15:34:05.8964816Z [1581/1652] Compiling NIOHTTP2 GlitchesMonitor.swift
2026-10-07T15:34:05.8965382Z [1582/1652] Compiling NIOHTTP2 HPACKHeaders+Validation.swift
2026-10-07T15:34:05.8966101Z [1583/1652] Compiling NIOHTTP2 HTTP2ChannelHandler+InboundStreamMultiplexer.swift
2026-10-07T15:34:07.6858004Z [1584/1652] Compiling NIOHTTP2 HTTP2StreamID.swift
2026-10-07T15:34:07.6858581Z [1585/1652] Compiling NIOHTTP2 HTTP2StreamMultiplexer.swift
2026-10-07T15:34:07.6859148Z [1586/1652] Compiling NIOHTTP2 HTTP2ToHTTP1Codec.swift
2026-10-07T15:34:07.6859701Z [1587/1652] Compiling NIOHTTP2 HTTP2UserEvents.swift
2026-10-07T15:34:07.6875765Z [1588/1652] Compiling NIOHTTP2 InboundEventBuffer.swift
2026-10-07T15:34:07.6876365Z [1589/1652] Compiling NIOHTTP2 InboundWindowManager.swift
2026-10-07T15:34:07.6876954Z [1590/1652] Compiling NIOHTTP2 MultiplexerAbstractChannel.swift
2026-10-07T15:34:07.6877576Z [1591/1652] Compiling NIOHTTP2 NIOHTTP2FrameDelegate.swift
2026-10-07T15:34:07.6878367Z [1592/1652] Compiling NIOHTTP2 NIOHTTP2ServerConnectionManagementHandler+StateMachine.swift
2026-10-07T15:34:07.6879312Z [1593/1652] Compiling NIOHTTP2 NIOHTTP2ServerConnectionManagementHandler.swift
2026-10-07T15:34:07.6880088Z [1594/1652] Compiling NIOHTTP2 StreamChannelFlowController.swift
2026-10-07T15:34:07.6880736Z [1595/1652] Compiling NIOHTTP2 StreamChannelList.swift
2026-10-07T15:34:07.6881275Z [1596/1652] Compiling NIOHTTP2 StreamMap.swift
2026-10-07T15:34:07.6881775Z [1597/1652] Compiling NIOHTTP2 StreamStateMachine.swift
2026-10-07T15:34:07.6882263Z [1598/1652] Compiling NIOHTTP2 Timer.swift
2026-10-07T15:34:07.6882814Z [1599/1652] Compiling NIOHTTP2 UnsafeTransfer.swift
2026-10-07T15:34:07.6883438Z [1600/1652] Compiling NIOHTTP2 WatermarkedFlowController.swift
2026-10-07T15:34:08.7214410Z [1603/1652] Compiling NIOHTTP2 MayReceiveFrames.swift
2026-10-07T15:34:08.7215002Z [1604/1652] Compiling NIOHTTP2 ReceivingDataState.swift
2026-10-07T15:34:08.7215859Z [1605/1652] Compiling NIOHTTP2 ReceivingGoAwayState.swift
2026-10-07T15:34:08.7216714Z [1606/1652] Compiling NIOHTTP2 ReceivingHeadersState.swift
2026-10-07T15:34:08.7217230Z [1607/1652] Compiling NIOHTTP2 ReceivingPushPromiseState.swift
2026-10-07T15:34:08.7217866Z [1608/1652] Compiling NIOHTTP2 ReceivingRstStreamState.swift
2026-10-07T15:34:08.7218298Z [1617/1652] Compiling NIOHTTP2 HTTP2SettingsState.swift
2026-10-07T15:34:08.7220309Z [1618/1652] Compiling NIOHTTP2 HasExtendedConnectSettings.swift
2026-10-07T15:34:08.7220976Z [1619/1652] Compiling NIOHTTP2 HTTP2ChannelHandler+InlineStreamMultiplexer.swift
2026-10-07T15:34:08.7222018Z [1620/1652] Compiling NIOHTTP2 HTTP2ChannelHandler.swift
2026-10-07T15:34:08.7222680Z [1621/1652] Compiling NIOHTTP2 HTTP2CommonInboundStreamMultiplexer.swift
2026-10-07T15:34:08.7223347Z [1622/1652] Compiling NIOHTTP2 HTTP2ConnectionStateChange.swift
2026-10-07T15:34:08.7223895Z [1623/1652] Compiling NIOHTTP2 HTTP2Error.swift
2026-10-07T15:34:08.7224463Z [1624/1652] Compiling NIOHTTP2 HTTP2ErrorCode.swift
2026-10-07T15:34:08.7224980Z [1625/1652] Compiling NIOHTTP2 HTTP2FlowControlWindow.swift
2026-10-07T15:34:08.7225496Z [1626/1652] Compiling NIOHTTP2 HTTP2Frame.swift
2026-10-07T15:34:08.7225918Z [1627/1652] Compiling NIOHTTP2 HTTP2FrameEncoder.swift
2026-10-07T15:34:08.7226417Z [1628/1652] Compiling NIOHTTP2 HTTP2FrameParser.swift
2026-10-07T15:34:08.7226899Z [1629/1652] Compiling NIOHTTP2 HTTP2PingData.swift
2026-10-07T15:34:08.7227384Z [1630/1652] Compiling NIOHTTP2 HTTP2PipelineHelpers.swift
2026-10-07T15:34:08.7227817Z [1631/1652] Compiling NIOHTTP2 HTTP2Settings.swift
2026-10-07T15:34:08.7228237Z [1632/1652] Compiling NIOHTTP2 HTTP2Stream.swift
2026-10-07T15:34:08.7228808Z [1633/1652] Compiling NIOHTTP2 HTTP2StreamChannel+OutboundStreamMultiplexer.swift
2026-10-07T15:34:08.8450862Z [1636/1653] Wrapping AST for NIOHTTP2 for debugging
2026-10-07T15:34:11.0407920Z [1638/1726] Emitting module GRPC
2026-10-07T15:34:11.7816655Z [1639/1750] Compiling GRPC GRPCAsyncUnaryCall.swift
2026-10-07T15:34:11.7820037Z [1640/1750] Compiling GRPC GRPCAsyncWriterSinkDelegate.swift
2026-10-07T15:34:11.7822859Z [1641/1750] Compiling GRPC GRPCChannel+AsyncAwaitSupport.swift
2026-10-07T15:34:11.7826701Z [1642/1750] Compiling GRPC GRPCClient+AsyncAwaitSupport.swift
2026-10-07T15:34:11.7831970Z [1643/1750] Compiling GRPC GRPCSendable.swift
2026-10-07T15:34:11.7836767Z [1644/1750] Compiling GRPC NIOAsyncWrappers.swift
2026-10-07T15:34:11.7841393Z [1645/1750] Compiling GRPC BidirectionalStreamingServerHandler.swift
2026-10-07T15:34:11.7846046Z [1646/1750] Compiling GRPC ClientStreamingServerHandler.swift
2026-10-07T15:34:11.7850553Z [1647/1750] Compiling GRPC ServerHandlerProtocol.swift
2026-10-07T15:34:11.7855658Z [1648/1750] Compiling GRPC ServerStreamingServerHandler.swift
2026-10-07T15:34:11.7860970Z [1649/1750] Compiling GRPC UnaryServerHandler.swift
2026-10-07T15:34:11.7865937Z [1650/1750] Compiling GRPC CallOptions.swift
2026-10-07T15:34:11.7871858Z [1651/1750] Compiling GRPC BidirectionalStreamingCall.swift
2026-10-07T15:34:11.7872672Z [1652/1750] Compiling GRPC Call.swift
2026-10-07T15:34:11.7873183Z [1653/1750] Compiling GRPC CallDetails.swift
2026-10-07T15:34:11.7873675Z [1654/1750] Compiling GRPC ClientCall.swift
2026-10-07T15:34:11.7874344Z [1655/1750] Compiling GRPC ClientStreamingCall.swift
2026-10-07T15:34:11.7874925Z [1656/1750] Compiling GRPC LazyEventLoopPromise.swift
2026-10-07T15:34:11.7875456Z [1657/1750] Compiling GRPC ResponseContainers.swift
2026-10-07T15:34:11.7875998Z [1658/1750] Compiling GRPC ResponsePartContainer.swift
2026-10-07T15:34:11.7876533Z [1659/1750] Compiling GRPC ServerStreamingCall.swift
2026-10-07T15:34:11.7877020Z [1660/1750] Compiling GRPC UnaryCall.swift
2026-10-07T15:34:11.7877504Z [1661/1750] Compiling GRPC ClientConnection.swift
2026-10-07T15:34:11.7878129Z [1662/1750] Compiling GRPC ClientConnectionConfiguration+NIOSSL.swift
2026-10-07T15:34:12.8696082Z [1663/1774] Compiling GRPC Array+BoundsCheck.swift
2026-10-07T15:34:12.8702024Z [1664/1774] Compiling GRPC ServerHandlerStateMachine+Actions.swift
2026-10-07T15:34:12.8707761Z [1665/1774] Compiling GRPC ServerHandlerStateMachine+Draining.swift
2026-10-07T15:34:12.8712605Z [1666/1774] Compiling GRPC ServerHandlerStateMachine+Finished.swift
2026-10-07T15:34:12.8718191Z [1667/1774] Compiling GRPC ServerHandlerStateMachine+Handling.swift
2026-10-07T15:34:12.8722470Z [1668/1774] Compiling GRPC ServerHandlerStateMachine+Idle.swift
2026-10-07T15:34:12.8726454Z [1669/1774] Compiling GRPC ServerHandlerStateMachine.swift
2026-10-07T15:34:12.8730536Z [1670/1774] Compiling GRPC ServerInterceptorStateMachine+Actions.swift
2026-10-07T15:34:12.8734488Z [1671/1774] Compiling GRPC ServerInterceptorStateMachine+Finished.swift
2026-10-07T15:34:12.8738811Z [1672/1774] Compiling GRPC ServerInterceptorStateMachine+Intercepting.swift
2026-10-07T15:34:12.8742958Z [1673/1774] Compiling GRPC ServerInterceptorStateMachine.swift
2026-10-07T15:34:12.8747270Z [1674/1774] Compiling GRPC StreamState.swift
2026-10-07T15:34:12.8751213Z [1675/1774] Compiling GRPC Call+AsyncRequestStreamWriter.swift
2026-10-07T15:34:12.8755432Z [1676/1774] Compiling GRPC CancellationError+GRPCStatusTransformable.swift
2026-10-07T15:34:12.8759547Z [1677/1774] Compiling GRPC GRPCAsyncBidirectionalStreamingCall.swift
2026-10-07T15:34:12.8763419Z [1678/1774] Compiling GRPC GRPCAsyncClientStreamingCall.swift
2026-10-07T15:34:12.8768185Z [1679/1774] Compiling GRPC GRPCAsyncRequestStream.swift
2026-10-07T15:34:12.8773012Z [1680/1774] Compiling GRPC GRPCAsyncRequestStreamWriter.swift
2026-10-07T15:34:12.8826349Z [1681/1774] Compiling GRPC GRPCAsyncResponseStream.swift
2026-10-07T15:34:12.8830380Z [1682/1774] Compiling GRPC GRPCAsyncResponseStreamWriter.swift
2026-10-07T15:34:12.8833986Z [1683/1774] Compiling GRPC GRPCAsyncSequenceProducerDelegate.swift
2026-10-07T15:34:12.8837817Z [1684/1774] Compiling GRPC GRPCAsyncServerCallContext.swift
2026-10-07T15:34:12.8841361Z [1685/1774] Compiling GRPC GRPCAsyncServerHandler.swift
2026-10-07T15:34:12.8845406Z [1686/1774] Compiling GRPC GRPCAsyncServerStreamingCall.swift
2026-10-07T15:34:12.8848797Z [1687/1774] Compiling GRPC ClientErrorDelegate.swift
2026-10-07T15:34:12.8852537Z [1688/1774] Compiling GRPC CoalescingLengthPrefixedMessageWriter.swift
2026-10-07T15:34:12.8856179Z [1689/1774] Compiling GRPC CompressionAlgorithm.swift
2026-10-07T15:34:12.8860059Z [1690/1774] Compiling GRPC DecompressionLimit.swift
2026-10-07T15:34:12.8863753Z [1691/1774] Compiling GRPC MessageEncoding.swift
2026-10-07T15:34:12.8867318Z [1692/1774] Compiling GRPC Zlib.swift
2026-10-07T15:34:12.8870755Z [1693/1774] Compiling GRPC ConnectionBackoff.swift
2026-10-07T15:34:12.8874419Z [1694/1774] Compiling GRPC ConnectionKeepalive.swift
2026-10-07T15:34:12.8877895Z [1695/1774] Compiling GRPC ConnectionManager+Delegates.swift
2026-10-07T15:34:12.8881475Z [1696/1774] Compiling GRPC ConnectionManager.swift
2026-10-07T15:34:12.8884936Z [1697/1774] Compiling GRPC ConnectionManagerChannelProvider.swift
2026-10-07T15:34:12.8888572Z [1698/1774] Compiling GRPC ConnectionManagerID.swift
2026-10-07T15:34:12.8892133Z [1699/1774] Compiling GRPC ConnectionPool+PerConnectionState.swift
2026-10-07T15:34:12.8895885Z [1700/1774] Compiling GRPC ConnectionPool+Waiter.swift
2026-10-07T15:34:12.8899374Z [1701/1774] Compiling GRPC ConnectionPool.swift
2026-10-07T15:34:12.8902918Z [1702/1774] Compiling GRPC ConnectionPoolIDs.swift
2026-10-07T15:34:12.8906519Z [1703/1774] Compiling GRPC GRPCChannelPool.swift
2026-10-07T15:34:12.8910025Z [1704/1774] Compiling GRPC PoolManager.swift
2026-10-07T15:34:12.8913485Z [1705/1774] Compiling GRPC PoolManagerStateMachine+PerPoolState.swift
2026-10-07T15:34:12.8917153Z [1706/1774] Compiling GRPC PoolManagerStateMachine.swift
2026-10-07T15:34:12.8920511Z [1707/1774] Compiling GRPC PooledChannel.swift
2026-10-07T15:34:12.8923980Z [1708/1774] Compiling GRPC StreamLender.swift
2026-10-07T15:34:12.8927481Z [1709/1774] Compiling GRPC ConnectivityState.swift
2026-10-07T15:34:12.8930899Z [1710/1774] Compiling GRPC DebugOnly.swift
2026-10-07T15:34:13.9586774Z [1711/1797] Compiling GRPC GRPCTLSConfiguration.swift
2026-10-07T15:34:13.9587550Z [1712/1797] Compiling GRPC GRPCTimeout.swift
2026-10-07T15:34:13.9587971Z [1713/1797] Compiling GRPC GRPCWebToHTTP2ServerCodec.swift
2026-10-07T15:34:13.9588525Z [1714/1797] Compiling GRPC HTTP2ToRawGRPCServerCodec.swift
2026-10-07T15:34:13.9588991Z [1715/1797] Compiling GRPC HTTP2ToRawGRPCStateMachine.swift
2026-10-07T15:34:13.9589450Z [1716/1797] Compiling GRPC ClientInterceptorContext.swift
2026-10-07T15:34:13.9594420Z [1717/1797] Compiling GRPC ClientInterceptorPipeline.swift
2026-10-07T15:34:13.9594955Z [1718/1797] Compiling GRPC ClientInterceptorProtocol.swift
2026-10-07T15:34:13.9595689Z [1719/1797] Compiling GRPC ClientInterceptors.swift
2026-10-07T15:34:13.9597632Z [1720/1797] Compiling GRPC ClientTransport.swift
2026-10-07T15:34:13.9599001Z [1721/1797] Compiling GRPC ClientTransportFactory.swift
2026-10-07T15:34:13.9600154Z [1722/1797] Compiling GRPC MessageParts.swift
2026-10-07T15:34:13.9601257Z [1723/1797] Compiling GRPC ServerInterceptorContext.swift
2026-10-07T15:34:13.9602236Z [1724/1797] Compiling GRPC ServerInterceptorPipeline.swift
2026-10-07T15:34:13.9603262Z [1725/1797] Compiling GRPC ServerInterceptors.swift
2026-10-07T15:34:13.9604409Z [1726/1797] Compiling GRPC InterceptorContextList.swift
2026-10-07T15:34:13.9605616Z [1727/1797] Compiling GRPC LengthPrefixedMessageReader.swift
2026-10-07T15:34:13.9606567Z [1728/1797] Compiling GRPC Logger.swift
2026-10-07T15:34:13.9607626Z [1729/1797] Compiling GRPC LoggingServerErrorDelegate.swift
2026-10-07T15:34:13.9608704Z [1730/1797] Compiling GRPC MessageEncodingHeaderValidator.swift
2026-10-07T15:34:13.9609543Z [1731/1797] Compiling GRPC PlatformSupport.swift
2026-10-07T15:34:13.9610530Z [1732/1797] Compiling GRPC ReadWriteStates.swift
2026-10-07T15:34:13.9611492Z [1733/1797] Compiling GRPC Ref.swift
2026-10-07T15:34:13.9612399Z [1734/1797] Compiling GRPC Serialization.swift
2026-10-07T15:34:14.0596378Z [1735/1797] Compiling GRPC DelegatingErrorHandler.swift
2026-10-07T15:34:14.0597267Z [1736/1797] Compiling GRPC Error+NIOSSL.swift
2026-10-07T15:34:14.0598134Z [1737/1797] Compiling GRPC EventLoopFuture+RecoverFromUncleanShutdown.swift
2026-10-07T15:34:14.0598930Z [1738/1797] Compiling GRPC FakeChannel.swift
2026-10-07T15:34:14.0599563Z [1739/1797] Compiling GRPC ClientConnection+NIOSSL.swift
2026-10-07T15:34:14.0600757Z [1740/1797] Compiling GRPC ClientConnection+NWTLS.swift
2026-10-07T15:34:14.0601265Z [1741/1797] Compiling GRPC GRPCChannel.swift
2026-10-07T15:34:14.0601694Z [1742/1797] Compiling GRPC GRPCChannelBuilder.swift
2026-10-07T15:34:14.0602100Z [1743/1797] Compiling GRPC GRPCClient.swift
2026-10-07T15:34:14.0602553Z [1744/1797] Compiling GRPC GRPCClientChannelHandler.swift
2026-10-07T15:34:14.0603056Z [1745/1797] Compiling GRPC GRPCClientStateMachine.swift
2026-10-07T15:34:14.0603490Z [1746/1797] Compiling GRPC GRPCContentType.swift
2026-10-07T15:34:14.0603906Z [1747/1797] Compiling GRPC GRPCError.swift
2026-10-07T15:34:14.0604592Z [1748/1797] Compiling GRPC GRPCHeaderName.swift
2026-10-07T15:34:14.0605027Z [1749/1797] Compiling GRPC GRPCIdleHandler.swift
2026-10-07T15:34:14.0605531Z [1750/1797] Compiling GRPC GRPCIdleHandlerStateMachine.swift
2026-10-07T15:34:14.0606012Z [1751/1797] Compiling GRPC GRPCKeepaliveHandlers.swift
2026-10-07T15:34:14.0606461Z [1752/1797] Compiling GRPC GRPCPayload.swift
2026-10-07T15:34:14.0606892Z [1753/1797] Compiling GRPC GRPCServerPipelineConfigurator.swift
2026-10-07T15:34:14.0607410Z [1754/1797] Compiling GRPC GRPCServerRequestRoutingHandler.swift
2026-10-07T15:34:14.0607923Z [1755/1797] Compiling GRPC GRPCServiceDescription.swift
2026-10-07T15:34:14.0608351Z [1756/1797] Compiling GRPC GRPCStatus.swift
2026-10-07T15:34:14.0608851Z [1757/1797] Compiling GRPC GRPCStatusAndMetadata.swift
2026-10-07T15:34:14.0609328Z [1758/1797] Compiling GRPC GRPCStatusMessageMarshaller.swift
2026-10-07T15:34:14.5945694Z [1759/1797] Compiling GRPC Server+NIOSSL.swift
2026-10-07T15:34:14.5946093Z [1760/1797] Compiling GRPC Server.swift
2026-10-07T15:34:14.5946458Z [1761/1797] Compiling GRPC ServerBuilder+NIOSSL.swift
2026-10-07T15:34:14.5947230Z [1762/1797] Compiling GRPC ServerBuilder.swift
2026-10-07T15:34:14.5947641Z [1763/1797] Compiling GRPC ServerCallContext.swift
2026-10-07T15:34:14.5948249Z [1764/1797] Compiling GRPC StreamingResponseCallContext.swift
2026-10-07T15:34:14.5948776Z [1765/1797] Compiling GRPC UnaryResponseCallContext.swift
2026-10-07T15:34:14.5949275Z [1766/1797] Compiling GRPC ServerChannelErrorHandler.swift
2026-10-07T15:34:14.5949753Z [1767/1797] Compiling GRPC ServerErrorDelegate.swift
2026-10-07T15:34:14.5950191Z [1768/1797] Compiling GRPC ServerErrorProcessor.swift
2026-10-07T15:34:14.5950599Z [1769/1797] Compiling GRPC Stopwatch.swift
2026-10-07T15:34:14.5950982Z [1770/1797] Compiling GRPC StreamEvent.swift
2026-10-07T15:34:14.5951445Z [1771/1797] Compiling GRPC TLSVerificationHandler.swift
2026-10-07T15:34:14.5951873Z [1772/1797] Compiling GRPC TLSVersion.swift
2026-10-07T15:34:14.5952252Z [1773/1797] Compiling GRPC TimeLimit.swift
2026-10-07T15:34:14.5952618Z [1774/1797] Compiling GRPC UserInfo.swift
2026-10-07T15:34:14.5952975Z [1775/1797] Compiling GRPC Version.swift
2026-10-07T15:34:14.5953363Z [1776/1797] Compiling GRPC WebCORSHandler.swift
2026-10-07T15:34:14.5953795Z [1777/1797] Compiling GRPC WriteCapturingHandler.swift
2026-10-07T15:34:14.5954376Z [1778/1797] Compiling GRPC _EmbeddedThroughput.swift
2026-10-07T15:34:14.5954815Z [1779/1797] Compiling GRPC _FakeResponseStream.swift
2026-10-07T15:34:14.5955267Z [1780/1797] Compiling GRPC _GRPCClientCodecHandler.swift
2026-10-07T15:34:14.5955709Z [1781/1797] Compiling GRPC _MessageContext.swift
2026-10-07T15:34:14.7286536Z [1782/1798] Wrapping AST for GRPC for debugging
2026-10-07T15:34:15.7380146Z [1784/1839] Emitting module RightClickCore
2026-10-07T15:34:15.7382758Z /__w/rightclick/rightclick/Sources/RightClickCore/OriginPinnedHTTP.swift:45:19: warning: non-final class 'RedirectRejectingDelegate' cannot conform to 'Sendable'; use '@unchecked Sendable'; this is an error in the Swift 6 language mode
2026-10-07T15:34:15.7384350Z  43 |     }
2026-10-07T15:34:15.7384799Z  44 | 
2026-10-07T15:34:15.7385605Z  45 |     private class RedirectRejectingDelegate:
2026-10-07T15:34:15.7386712Z     |                   `- warning: non-final class 'RedirectRejectingDelegate' cannot conform to 'Sendable'; use '@unchecked Sendable'; this is an error in the Swift 6 language mode
2026-10-07T15:34:15.7387603Z  46 |         NSObject,
2026-10-07T15:34:15.7387877Z  47 |         URLSessionTaskDelegate
2026-10-07T15:34:15.7388088Z 
2026-10-07T15:34:15.7388933Z /__w/rightclick/rightclick/Sources/RightClickCore/OriginPinnedHTTP.swift:86:21: warning: stored property 'storedData' of 'Sendable'-conforming class 'BoundedLoadDelegate' is mutable; this is an error in the Swift 6 language mode
2026-10-07T15:34:15.7390026Z  84 |             Int
2026-10-07T15:34:15.7390298Z  85 | 
2026-10-07T15:34:15.7390547Z  86 |         private var storedData =
2026-10-07T15:34:15.7391330Z     |                     `- warning: stored property 'storedData' of 'Sendable'-conforming class 'BoundedLoadDelegate' is mutable; this is an error in the Swift 6 language mode
2026-10-07T15:34:15.7392108Z  87 |             Data()
2026-10-07T15:34:15.7392352Z  88 | 
2026-10-07T15:34:18.0411176Z [1785/1852] Compiling RightClickCore RCIRExecutionHost.swift
2026-10-07T15:34:18.0412190Z [1786/1852] Compiling RightClickCore RCIRHTTPObservation.swift
2026-10-07T15:34:18.0412902Z [1787/1852] Compiling RightClickCore RCIRHostObservation.swift
2026-10-07T15:34:18.0417088Z [1788/1852] Compiling RightClickCore RCIRSignedReceipt.swift
2026-10-07T15:34:18.0421079Z [1789/1852] Compiling RightClickCore RCIRUnaryInvocation.swift
2026-10-07T15:34:18.0424734Z [1790/1852] Compiling RightClickCore RuntimePlatform.swift
2026-10-07T15:34:18.0428350Z [1791/1852] Compiling RightClickCore SafetyPolicy.swift
2026-10-07T15:34:18.0431991Z [1792/1852] Compiling RightClickCore ServiceCatalog.swift
2026-10-07T15:34:18.0436065Z [1793/1852] Compiling RightClickCore ServiceContext.swift
2026-10-07T15:34:18.0439628Z [1794/1852] Compiling RightClickCore ServiceOutcome.swift
2026-10-07T15:34:18.0443801Z [1795/1852] Compiling RightClickCore SharingCatalog.swift
2026-10-07T15:34:18.0448043Z [1796/1852] Compiling RightClickCore SharingExecutionModel.swift
2026-10-07T15:34:18.0451868Z [1797/1852] Compiling RightClickCore WASMCapabilityArtifactResolver.swift
2026-10-07T15:34:19.3066510Z [1798/1852] Compiling RightClickCore A2AReflector.swift
2026-10-07T15:34:19.3067515Z /__w/rightclick/rightclick/Sources/RightClickCore/CapabilityEngine.swift:427:33: warning: result of call to 'run(mode:before:)' is unused [#no-usage]
2026-10-07T15:34:19.3068364Z  425 |                 }
2026-10-07T15:34:19.3068642Z  426 | 
2026-10-07T15:34:19.3068913Z  427 |                 RunLoop.current.run(
2026-10-07T15:34:19.3069487Z      |                                 `- warning: result of call to 'run(mode:before:)' is unused [#no-usage]
2026-10-07T15:34:19.3070022Z  428 |                     mode: .default,
2026-10-07T15:34:19.3070363Z  429 |                     before:
2026-10-07T15:34:19.3070810Z [1799/1852] Compiling RightClickCore ARDRegistrySource.swift
2026-10-07T15:34:19.3071742Z /__w/rightclick/rightclick/Sources/RightClickCore/CapabilityEngine.swift:427:33: warning: result of call to 'run(mode:before:)' is unused [#no-usage]
2026-10-07T15:34:19.3072563Z  425 |                 }
2026-10-07T15:34:19.3072830Z  426 | 
2026-10-07T15:34:19.3073085Z  427 |                 RunLoop.current.run(
2026-10-07T15:34:19.3073609Z      |                                 `- warning: result of call to 'run(mode:before:)' is unused [#no-usage]
2026-10-07T15:34:19.3074140Z  428 |                     mode: .default,
2026-10-07T15:34:19.3074566Z  429 |                     before:
2026-10-07T15:34:19.3078589Z [1800/1852] Compiling RightClickCore ActionExtensionCatalog.swift
2026-10-07T15:34:19.3079623Z /__w/rightclick/rightclick/Sources/RightClickCore/CapabilityEngine.swift:427:33: warning: result of call to 'run(mode:before:)' is unused [#no-usage]
2026-10-07T15:34:19.3080446Z  425 |                 }
2026-10-07T15:34:19.3080731Z  426 | 
2026-10-07T15:34:19.3080989Z  427 |                 RunLoop.current.run(
2026-10-07T15:34:19.3081518Z      |                                 `- warning: result of call to 'run(mode:before:)' is unused [#no-usage]
2026-10-07T15:34:19.3082052Z  428 |                     mode: .default,
2026-10-07T15:34:19.3082382Z  429 |                     before:
2026-10-07T15:34:19.3094313Z [1801/1852] Compiling RightClickCore BonjourGRPCSource.swift
2026-10-07T15:34:19.3095235Z /__w/rightclick/rightclick/Sources/RightClickCore/CapabilityEngine.swift:427:33: warning: result of call to 'run(mode:before:)' is unused [#no-usage]
2026-10-07T15:34:19.3096036Z  425 |                 }
2026-10-07T15:34:19.3096298Z  426 | 
2026-10-07T15:34:19.3096548Z  427 |                 RunLoop.current.run(
2026-10-07T15:34:19.3097053Z      |                                 `- warning: result of call to 'run(mode:before:)' is unused [#no-usage]
2026-10-07T15:34:19.3097578Z  428 |                     mode: .default,
2026-10-07T15:34:19.3097910Z  429 |                     before:
2026-10-07T15:34:19.3109011Z [1802/1852] Compiling RightClickCore BonjourGraphQLSource.swift
2026-10-07T15:34:19.3110033Z /__w/rightclick/rightclick/Sources/RightClickCore/CapabilityEngine.swift:427:33: warning: result of call to 'run(mode:before:)' is unused [#no-usage]
2026-10-07T15:34:19.3110926Z  425 |                 }
2026-10-07T15:34:19.3111283Z  426 | 
2026-10-07T15:34:19.3111619Z  427 |                 RunLoop.current.run(
2026-10-07T15:34:19.3112212Z      |                                 `- warning: result of call to 'run(mode:before:)' is unused [#no-usage]
2026-10-07T15:34:19.3112806Z  428 |                     mode: .default,
2026-10-07T15:34:19.3113213Z  429 |                     before:
2026-10-07T15:34:19.3123682Z [1803/1852] Compiling RightClickCore BonjourOpenAPISource.swift
2026-10-07T15:34:19.3124781Z /__w/rightclick/rightclick/Sources/RightClickCore/CapabilityEngine.swift:427:33: warning: result of call to 'run(mode:before:)' is unused [#no-usage]
2026-10-07T15:34:19.3126117Z  425 |                 }
2026-10-07T15:34:19.3126506Z  426 | 
2026-10-07T15:34:19.3126975Z  427 |                 RunLoop.current.run(
2026-10-07T15:34:19.3127591Z      |                                 `- warning: result of call to 'run(mode:before:)' is unused [#no-usage]
2026-10-07T15:34:19.3128210Z  428 |                     mode: .default,
2026-10-07T15:34:19.3128635Z  429 |                     before:
2026-10-07T15:34:19.3138641Z [1804/1852] Compiling RightClickCore BoundedCapabilityProcess.swift
2026-10-07T15:34:19.3139949Z /__w/rightclick/rightclick/Sources/RightClickCore/CapabilityEngine.swift:427:33: warning: result of call to 'run(mode:before:)' is unused [#no-usage]
2026-10-07T15:34:19.3140866Z  425 |                 }
2026-10-07T15:34:19.3141245Z  426 | 
2026-10-07T15:34:19.3141597Z  427 |                 RunLoop.current.run(
2026-10-07T15:34:19.3142214Z      |                                 `- warning: result of call to 'run(mode:before:)' is unused [#no-usage]
2026-10-07T15:34:19.3142842Z  428 |                     mode: .default,
2026-10-07T15:34:19.3143271Z  429 |                     before:
2026-10-07T15:34:19.3153515Z [1805/1852] Compiling RightClickCore BundleScan.swift
2026-10-07T15:34:19.3154716Z /__w/rightclick/rightclick/Sources/RightClickCore/CapabilityEngine.swift:427:33: warning: result of call to 'run(mode:before:)' is unused [#no-usage]
2026-10-07T15:34:19.3155640Z  425 |                 }
2026-10-07T15:34:19.3156033Z  426 | 
2026-10-07T15:34:19.3156385Z  427 |                 RunLoop.current.run(
2026-10-07T15:34:19.3157000Z      |                                 `- warning: result of call to 'run(mode:before:)' is unused [#no-usage]
2026-10-07T15:34:19.3157611Z  428 |                     mode: .default,
2026-10-07T15:34:19.3158035Z  429 |                     before:
2026-10-07T15:34:19.3168134Z [1806/1852] Compiling RightClickCore Capability.swift
2026-10-07T15:34:19.3170010Z /__w/rightclick/rightclick/Sources/RightClickCore/CapabilityEngine.swift:427:33: warning: result of call to 'run(mode:before:)' is unused [#no-usage]
2026-10-07T15:34:19.3171089Z  425 |                 }
2026-10-07T15:34:19.3171463Z  426 | 
2026-10-07T15:34:19.3171813Z  427 |                 RunLoop.current.run(
2026-10-07T15:34:19.3172413Z      |                                 `- warning: result of call to 'run(mode:before:)' is unused [#no-usage]
2026-10-07T15:34:19.3173021Z  428 |                     mode: .default,
2026-10-07T15:34:19.3173441Z  429 |                     before:
2026-10-07T15:34:19.3183000Z [1807/1852] Compiling RightClickCore CapabilityABI.swift
2026-10-07T15:34:19.3184346Z /__w/rightclick/rightclick/Sources/RightClickCore/CapabilityEngine.swift:427:33: warning: result of call to 'run(mode:before:)' is unused [#no-usage]
2026-10-07T15:34:19.3185296Z  425 |                 }
2026-10-07T15:34:19.3185684Z  426 | 
2026-10-07T15:34:19.3186050Z  427 |                 RunLoop.current.run(
2026-10-07T15:34:19.3186678Z      |                                 `- warning: result of call to 'run(mode:before:)' is unused [#no-usage]
2026-10-07T15:34:19.3187299Z  428 |                     mode: .default,
2026-10-07T15:34:19.3187746Z  429 |                     before:
2026-10-07T15:34:19.3199421Z [1808/1852] Compiling RightClickCore CapabilityABIAdapter.swift
2026-10-07T15:34:19.3200896Z /__w/rightclick/rightclick/Sources/RightClickCore/CapabilityEngine.swift:427:33: warning: result of call to 'run(mode:before:)' is unused [#no-usage]
2026-10-07T15:34:19.3201837Z  425 |                 }
2026-10-07T15:34:19.3202201Z  426 | 
2026-10-07T15:34:19.3202547Z  427 |                 RunLoop.current.run(
2026-10-07T15:34:19.3203156Z      |                                 `- warning: result of call to 'run(mode:before:)' is unused [#no-usage]
2026-10-07T15:34:19.3203752Z  428 |                     mode: .default,
2026-10-07T15:34:19.3204261Z  429 |                     before:
2026-10-07T15:34:19.3213605Z [1809/1852] Compiling RightClickCore CapabilityArtifactResolver.swift
2026-10-07T15:34:19.3215351Z /__w/rightclick/rightclick/Sources/RightClickCore/CapabilityEngine.swift:427:33: warning: result of call to 'run(mode:before:)' is unused [#no-usage]
2026-10-07T15:34:19.3216304Z  425 |                 }
2026-10-07T15:34:19.3216664Z  426 | 
2026-10-07T15:34:19.3217024Z  427 |                 RunLoop.current.run(
2026-10-07T15:34:19.3217622Z      |                                 `- warning: result of call to 'run(mode:before:)' is unused [#no-usage]
2026-10-07T15:34:19.3218220Z  428 |                     mode: .default,
2026-10-07T15:34:19.3218643Z  429 |                     before:
2026-10-07T15:34:19.3228230Z [1810/1852] Compiling RightClickCore CapabilityArtifactSnapshot.swift
2026-10-07T15:34:19.3229534Z /__w/rightclick/rightclick/Sources/RightClickCore/CapabilityEngine.swift:427:33: warning: result of call to 'run(mode:before:)' is unused [#no-usage]
2026-10-07T15:34:19.3230438Z  425 |                 }
2026-10-07T15:34:19.3230800Z  426 | 
2026-10-07T15:34:19.3231160Z  427 |                 RunLoop.current.run(
2026-10-07T15:34:19.3231756Z      |                                 `- warning: result of call to 'run(mode:before:)' is unused [#no-usage]
2026-10-07T15:34:19.3232359Z  428 |                     mode: .default,
2026-10-07T15:34:19.3232789Z  429 |                     before:
2026-10-07T15:34:19.3242530Z [1811/1852] Compiling RightClickCore CapabilityEngine.swift
2026-10-07T15:34:19.3243713Z /__w/rightclick/rightclick/Sources/RightClickCore/CapabilityEngine.swift:427:33: warning: result of call to 'run(mode:before:)' is unused [#no-usage]
2026-10-07T15:34:19.3244811Z  425 |                 }
2026-10-07T15:34:19.3245219Z  426 | 
2026-10-07T15:34:19.3245591Z  427 |                 RunLoop.current.run(
2026-10-07T15:34:19.3246186Z      |                                 `- warning: result of call to 'run(mode:before:)' is unused [#no-usage]
2026-10-07T15:34:19.3246780Z  428 |                     mode: .default,
2026-10-07T15:34:19.3247197Z  429 |                     before:
2026-10-07T15:34:20.5465888Z [1812/1852] Compiling RightClickCore CapabilityExperience.swift
2026-10-07T15:34:20.5466713Z [1813/1852] Compiling RightClickCore CapabilityExperienceLedger.swift
2026-10-07T15:34:20.5468222Z [1814/1852] Compiling RightClickCore CapabilityInterface.swift
2026-10-07T15:34:20.5468814Z [1815/1852] Compiling RightClickCore CapabilityProtectedReference.swift
2026-10-07T15:34:20.5469394Z [1816/1852] Compiling RightClickCore CapabilityReflector.swift
2026-10-07T15:34:20.5469948Z [1817/1852] Compiling RightClickCore CapabilityReflectorSource.swift
2026-10-07T15:34:20.5470531Z [1818/1852] Compiling RightClickCore CapabilityRuntimeDefaults.swift
2026-10-07T15:34:20.5471120Z [1819/1852] Compiling RightClickCore CapabilitySnapshotFreshness.swift
2026-10-07T15:34:20.5471702Z [1820/1852] Compiling RightClickCore ConfiguredOpenAPISource.swift
2026-10-07T15:34:20.5472207Z [1821/1852] Compiling RightClickCore ContentItem.swift
2026-10-07T15:34:20.5472690Z [1822/1852] Compiling RightClickCore GRPCReflectionTransport.swift
2026-10-07T15:34:20.5473214Z [1823/1852] Compiling RightClickCore GRPCReflector.swift
2026-10-07T15:34:20.5473668Z [1824/1852] Compiling RightClickCore GRPCWireCodec.swift
2026-10-07T15:34:20.5474128Z [1825/1852] Compiling RightClickCore GraphQLHTTP.swift
2026-10-07T15:34:20.5475528Z /__w/rightclick/rightclick/Sources/RightClickCore/OriginPinnedHTTP.swift:45:19: warning: non-final class 'RedirectRejectingDelegate' cannot conform to 'Sendable'; use '@unchecked Sendable'; this is an error in the Swift 6 language mode
2026-10-07T15:34:20.5476797Z  43 |     }
2026-10-07T15:34:20.5477020Z  44 | 
2026-10-07T15:34:20.5477308Z  45 |     private class RedirectRejectingDelegate:
2026-10-07T15:34:20.5478194Z     |                   `- warning: non-final class 'RedirectRejectingDelegate' cannot conform to 'Sendable'; use '@unchecked Sendable'; this is an error in the Swift 6 language mode
2026-10-07T15:34:20.5479021Z  46 |         NSObject,
2026-10-07T15:34:20.5479309Z  47 |         URLSessionTaskDelegate
2026-10-07T15:34:20.5479836Z 
2026-10-07T15:34:20.5480836Z /__w/rightclick/rightclick/Sources/RightClickCore/OriginPinnedHTTP.swift:86:21: warning: stored property 'storedData' of 'Sendable'-conforming class 'BoundedLoadDelegate' is mutable; this is an error in the Swift 6 language mode
2026-10-07T15:34:20.5482053Z  84 |             Int
2026-10-07T15:34:20.5482293Z  85 | 
2026-10-07T15:34:20.5482531Z  86 |         private var storedData =
2026-10-07T15:34:20.5483305Z     |                     `- warning: stored property 'storedData' of 'Sendable'-conforming class 'BoundedLoadDelegate' is mutable; this is an error in the Swift 6 language mode
2026-10-07T15:34:20.5484063Z  87 |             Data()
2026-10-07T15:34:20.5557318Z  88 | 
2026-10-07T15:34:20.5557811Z [1826/1852] Compiling RightClickCore GraphQLReflector.swift
2026-10-07T15:34:20.5559222Z /__w/rightclick/rightclick/Sources/RightClickCore/OriginPinnedHTTP.swift:45:19: warning: non-final class 'RedirectRejectingDelegate' cannot conform to 'Sendable'; use '@unchecked Sendable'; this is an error in the Swift 6 language mode
2026-10-07T15:34:20.5560486Z  43 |     }
2026-10-07T15:34:20.5560731Z  44 | 
2026-10-07T15:34:20.5561044Z  45 |     private class RedirectRejectingDelegate:
2026-10-07T15:34:20.5561997Z     |                   `- warning: non-final class 'RedirectRejectingDelegate' cannot conform to 'Sendable'; use '@unchecked Sendable'; this is an error in the Swift 6 language mode
2026-10-07T15:34:20.5562886Z  46 |         NSObject,
2026-10-07T15:34:20.5563191Z  47 |         URLSessionTaskDelegate
2026-10-07T15:34:20.5563436Z 
2026-10-07T15:34:20.5564489Z /__w/rightclick/rightclick/Sources/RightClickCore/OriginPinnedHTTP.swift:86:21: warning: stored property 'storedData' of 'Sendable'-conforming class 'BoundedLoadDelegate' is mutable; this is an error in the Swift 6 language mode
2026-10-07T15:34:20.5565634Z  84 |             Int
2026-10-07T15:34:20.5565900Z  85 | 
2026-10-07T15:34:20.5566161Z  86 |         private var storedData =
2026-10-07T15:34:20.5567027Z     |                     `- warning: stored property 'storedData' of 'Sendable'-conforming class 'BoundedLoadDelegate' is mutable; this is an error in the Swift 6 language mode
2026-10-07T15:34:20.5567920Z  87 |             Data()
2026-10-07T15:34:20.5568198Z  88 | 
2026-10-07T15:34:20.5646400Z [1827/1852] Compiling RightClickCore KafkaCapabilityArtifactResolver.swift
2026-10-07T15:34:20.5648094Z /__w/rightclick/rightclick/Sources/RightClickCore/OriginPinnedHTTP.swift:45:19: warning: non-final class 'RedirectRejectingDelegate' cannot conform to 'Sendable'; use '@unchecked Sendable'; this is an error in the Swift 6 language mode
2026-10-07T15:34:20.5649405Z  43 |     }
2026-10-07T15:34:20.5649672Z  44 | 
2026-10-07T15:34:20.5649961Z  45 |     private class RedirectRejectingDelegate:
2026-10-07T15:34:20.5650704Z     |                   `- warning: non-final class 'RedirectRejectingDelegate' cannot conform to 'Sendable'; use '@unchecked Sendable'; this is an error in the Swift 6 language mode
2026-10-07T15:34:20.5651627Z  46 |         NSObject,
2026-10-07T15:34:20.5651930Z  47 |         URLSessionTaskDelegate
2026-10-07T15:34:20.5652182Z 
2026-10-07T15:34:20.5653155Z /__w/rightclick/rightclick/Sources/RightClickCore/OriginPinnedHTTP.swift:86:21: warning: stored property 'storedData' of 'Sendable'-conforming class 'BoundedLoadDelegate' is mutable; this is an error in the Swift 6 language mode
2026-10-07T15:34:20.5654581Z  84 |             Int
2026-10-07T15:34:20.5654855Z  85 | 
2026-10-07T15:34:20.5655116Z  86 |         private var storedData =
2026-10-07T15:34:20.5655953Z     |                     `- warning: stored property 'storedData' of 'Sendable'-conforming class 'BoundedLoadDelegate' is mutable; this is an error in the Swift 6 language mode
2026-10-07T15:34:20.5656768Z  87 |             Data()
2026-10-07T15:34:20.5657032Z  88 | 
2026-10-07T15:34:20.5735179Z [1828/1852] Compiling RightClickCore KubernetesCapabilityArtifactResolver.swift
2026-10-07T15:34:20.5736922Z /__w/rightclick/rightclick/Sources/RightClickCore/OriginPinnedHTTP.swift:45:19: warning: non-final class 'RedirectRejectingDelegate' cannot conform to 'Sendable'; use '@unchecked Sendable'; this is an error in the Swift 6 language mode
2026-10-07T15:34:20.5738252Z  43 |     }
2026-10-07T15:34:20.5738482Z  44 | 
2026-10-07T15:34:20.5738770Z  45 |     private class RedirectRejectingDelegate:
2026-10-07T15:34:20.5739688Z     |                   `- warning: non-final class 'RedirectRejectingDelegate' cannot conform to 'Sendable'; use '@unchecked Sendable'; this is an error in the Swift 6 language mode
2026-10-07T15:34:20.5740551Z  46 |         NSObject,
2026-10-07T15:34:20.5740891Z  47 |         URLSessionTaskDelegate
2026-10-07T15:34:20.5741134Z 
2026-10-07T15:34:20.5742084Z /__w/rightclick/rightclick/Sources/RightClickCore/OriginPinnedHTTP.swift:86:21: warning: stored property 'storedData' of 'Sendable'-conforming class 'BoundedLoadDelegate' is mutable; this is an error in the Swift 6 language mode
2026-10-07T15:34:20.5743230Z  84 |             Int
2026-10-07T15:34:20.5743490Z  85 | 
2026-10-07T15:34:20.5743738Z  86 |         private var storedData =
2026-10-07T15:34:20.5744694Z     |                     `- warning: stored property 'storedData' of 'Sendable'-conforming class 'BoundedLoadDelegate' is mutable; this is an error in the Swift 6 language mode
2026-10-07T15:34:20.5745529Z  87 |             Data()
2026-10-07T15:34:20.5745792Z  88 | 
2026-10-07T15:34:20.5823034Z [1829/1852] Compiling RightClickCore MCPCapabilityArtifactResolver.swift
2026-10-07T15:34:20.5824478Z /__w/rightclick/rightclick/Sources/RightClickCore/OriginPinnedHTTP.swift:45:19: warning: non-final class 'RedirectRejectingDelegate' cannot conform to 'Sendable'; use '@unchecked Sendable'; this is an error in the Swift 6 language mode
2026-10-07T15:34:20.5825662Z  43 |     }
2026-10-07T15:34:20.5825885Z  44 | 
2026-10-07T15:34:20.5826171Z  45 |     private class RedirectRejectingDelegate:
2026-10-07T15:34:20.5827075Z     |                   `- warning: non-final class 'RedirectRejectingDelegate' cannot conform to 'Sendable'; use '@unchecked Sendable'; this is an error in the Swift 6 language mode
2026-10-07T15:34:20.5827930Z  46 |         NSObject,
2026-10-07T15:34:20.5828222Z  47 |         URLSessionTaskDelegate
2026-10-07T15:34:20.5828460Z 
2026-10-07T15:34:20.5829394Z /__w/rightclick/rightclick/Sources/RightClickCore/OriginPinnedHTTP.swift:86:21: warning: stored property 'storedData' of 'Sendable'-conforming class 'BoundedLoadDelegate' is mutable; this is an error in the Swift 6 language mode
2026-10-07T15:34:20.5830532Z  84 |             Int
2026-10-07T15:34:20.5830784Z  85 | 
2026-10-07T15:34:20.5831028Z  86 |         private var storedData =
2026-10-07T15:34:20.5831856Z     |                     `- warning: stored property 'storedData' of 'Sendable'-conforming class 'BoundedLoadDelegate' is mutable; this is an error in the Swift 6 language mode
2026-10-07T15:34:20.5832680Z  87 |             Data()
2026-10-07T15:34:20.5832939Z  88 | 
2026-10-07T15:34:20.5912393Z [1830/1852] Compiling RightClickCore OAuthOIDCAuthority.swift
2026-10-07T15:34:20.5913793Z /__w/rightclick/rightclick/Sources/RightClickCore/OriginPinnedHTTP.swift:45:19: warning: non-final class 'RedirectRejectingDelegate' cannot conform to 'Sendable'; use '@unchecked Sendable'; this is an error in the Swift 6 language mode
2026-10-07T15:34:20.5915130Z  43 |     }
2026-10-07T15:34:20.5915363Z  44 | 
2026-10-07T15:34:20.5915660Z  45 |     private class RedirectRejectingDelegate:
2026-10-07T15:34:20.5916582Z     |                   `- warning: non-final class 'RedirectRejectingDelegate' cannot conform to 'Sendable'; use '@unchecked Sendable'; this is an error in the Swift 6 language mode
2026-10-07T15:34:20.5917444Z  46 |         NSObject,
2026-10-07T15:34:20.5917736Z  47 |         URLSessionTaskDelegate
2026-10-07T15:34:20.5917970Z 
2026-10-07T15:34:20.5918903Z /__w/rightclick/rightclick/Sources/RightClickCore/OriginPinnedHTTP.swift:86:21: warning: stored property 'storedData' of 'Sendable'-conforming class 'BoundedLoadDelegate' is mutable; this is an error in the Swift 6 language mode
2026-10-07T15:34:20.5920283Z  84 |             Int
2026-10-07T15:34:20.5920549Z  85 | 
2026-10-07T15:34:20.5920973Z  86 |         private var storedData =
2026-10-07T15:34:20.5921815Z     |                     `- warning: stored property 'storedData' of 'Sendable'-conforming class 'BoundedLoadDelegate' is mutable; this is an error in the Swift 6 language mode
2026-10-07T15:34:20.5922642Z  87 |             Data()
2026-10-07T15:34:20.5922905Z  88 | 
2026-10-07T15:34:20.6001871Z [1831/1852] Compiling RightClickCore OpenAPIAuthority.swift
2026-10-07T15:34:20.6003422Z /__w/rightclick/rightclick/Sources/RightClickCore/OriginPinnedHTTP.swift:45:19: warning: non-final class 'RedirectRejectingDelegate' cannot conform to 'Sendable'; use '@unchecked Sendable'; this is an error in the Swift 6 language mode
2026-10-07T15:34:20.6004891Z  43 |     }
2026-10-07T15:34:20.6005332Z  44 | 
2026-10-07T15:34:20.6005642Z  45 |     private class RedirectRejectingDelegate:
2026-10-07T15:34:20.6006584Z     |                   `- warning: non-final class 'RedirectRejectingDelegate' cannot conform to 'Sendable'; use '@unchecked Sendable'; this is an error in the Swift 6 language mode
2026-10-07T15:34:20.6007445Z  46 |         NSObject,
2026-10-07T15:34:20.6007729Z  47 |         URLSessionTaskDelegate
2026-10-07T15:34:20.6007949Z 
2026-10-07T15:34:20.6008891Z /__w/rightclick/rightclick/Sources/RightClickCore/OriginPinnedHTTP.swift:86:21: warning: stored property 'storedData' of 'Sendable'-conforming class 'BoundedLoadDelegate' is mutable; this is an error in the Swift 6 language mode
2026-10-07T15:34:20.6010033Z  84 |             Int
2026-10-07T15:34:20.6010281Z  85 | 
2026-10-07T15:34:20.6010520Z  86 |         private var storedData =
2026-10-07T15:34:20.6011346Z     |                     `- warning: stored property 'storedData' of 'Sendable'-conforming class 'BoundedLoadDelegate' is mutable; this is an error in the Swift 6 language mode
2026-10-07T15:34:20.6012165Z  87 |             Data()
2026-10-07T15:34:20.6012438Z  88 | 
2026-10-07T15:34:20.6089356Z [1832/1852] Compiling RightClickCore OpenAPIReflector.swift
2026-10-07T15:34:20.6090798Z /__w/rightclick/rightclick/Sources/RightClickCore/OriginPinnedHTTP.swift:45:19: warning: non-final class 'RedirectRejectingDelegate' cannot conform to 'Sendable'; use '@unchecked Sendable'; this is an error in the Swift 6 language mode
2026-10-07T15:34:20.6091969Z  43 |     }
2026-10-07T15:34:20.6092191Z  44 | 
2026-10-07T15:34:20.6092469Z  45 |     private class RedirectRejectingDelegate:
2026-10-07T15:34:20.6093376Z     |                   `- warning: non-final class 'RedirectRejectingDelegate' cannot conform to 'Sendable'; use '@unchecked Sendable'; this is an error in the Swift 6 language mode
2026-10-07T15:34:20.6094354Z  46 |         NSObject,
2026-10-07T15:34:20.6094645Z  47 |         URLSessionTaskDelegate
2026-10-07T15:34:20.6094868Z 
2026-10-07T15:34:20.6095811Z /__w/rightclick/rightclick/Sources/RightClickCore/OriginPinnedHTTP.swift:86:21: warning: stored property 'storedData' of 'Sendable'-conforming class 'BoundedLoadDelegate' is mutable; this is an error in the Swift 6 language mode
2026-10-07T15:34:20.6096976Z  84 |             Int
2026-10-07T15:34:20.6097231Z  85 | 
2026-10-07T15:34:20.6097520Z  86 |         private var storedData =
2026-10-07T15:34:20.6098350Z     |                     `- warning: stored property 'storedData' of 'Sendable'-conforming class 'BoundedLoadDelegate' is mutable; this is an error in the Swift 6 language mode
2026-10-07T15:34:20.6099177Z  87 |             Data()
2026-10-07T15:34:20.6099438Z  88 | 
2026-10-07T15:34:20.6179493Z [1833/1852] Compiling RightClickCore OriginPinnedHTTP.swift
2026-10-07T15:34:20.6180810Z /__w/rightclick/rightclick/Sources/RightClickCore/OriginPinnedHTTP.swift:45:19: warning: non-final class 'RedirectRejectingDelegate' cannot conform to 'Sendable'; use '@unchecked Sendable'; this is an error in the Swift 6 language mode
2026-10-07T15:34:20.6181996Z  43 |     }
2026-10-07T15:34:20.6182480Z  44 | 
2026-10-07T15:34:20.6182765Z  45 |     private class RedirectRejectingDelegate:
2026-10-07T15:34:20.6183789Z     |                   `- warning: non-final class 'RedirectRejectingDelegate' cannot conform to 'Sendable'; use '@unchecked Sendable'; this is an error in the Swift 6 language mode
2026-10-07T15:34:20.6184762Z  46 |         NSObject,
2026-10-07T15:34:20.6185057Z  47 |         URLSessionTaskDelegate
2026-10-07T15:34:20.6185291Z 
2026-10-07T15:34:20.6186227Z /__w/rightclick/rightclick/Sources/RightClickCore/OriginPinnedHTTP.swift:86:21: warning: stored property 'storedData' of 'Sendable'-conforming class 'BoundedLoadDelegate' is mutable; this is an error in the Swift 6 language mode
2026-10-07T15:34:20.6187370Z  84 |             Int
2026-10-07T15:34:20.6187633Z  85 | 
2026-10-07T15:34:20.6187874Z  86 |         private var storedData =
2026-10-07T15:34:20.6188700Z     |                     `- warning: stored property 'storedData' of 'Sendable'-conforming class 'BoundedLoadDelegate' is mutable; this is an error in the Swift 6 language mode
2026-10-07T15:34:20.6189530Z  87 |             Data()
2026-10-07T15:34:20.6189792Z  88 | 
2026-10-07T15:34:20.6267530Z [1834/1852] Compiling RightClickCore OutcomeVerifier.swift
2026-10-07T15:34:20.6269018Z /__w/rightclick/rightclick/Sources/RightClickCore/OriginPinnedHTTP.swift:45:19: warning: non-final class 'RedirectRejectingDelegate' cannot conform to 'Sendable'; use '@unchecked Sendable'; this is an error in the Swift 6 language mode
2026-10-07T15:34:20.6270394Z  43 |     }
2026-10-07T15:34:20.6271008Z  44 | 
2026-10-07T15:34:20.6271372Z  45 |     private class RedirectRejectingDelegate:
2026-10-07T15:34:20.6272274Z     |                   `- warning: non-final class 'RedirectRejectingDelegate' cannot conform to 'Sendable'; use '@unchecked Sendable'; this is an error in the Swift 6 language mode
2026-10-07T15:34:20.6273108Z  46 |         NSObject,
2026-10-07T15:34:20.6273414Z  47 |         URLSessionTaskDelegate
2026-10-07T15:34:20.6273632Z 
2026-10-07T15:34:20.6274670Z /__w/rightclick/rightclick/Sources/RightClickCore/OriginPinnedHTTP.swift:86:21: warning: stored property 'storedData' of 'Sendable'-conforming class 'BoundedLoadDelegate' is mutable; this is an error in the Swift 6 language mode
2026-10-07T15:34:20.6275760Z  84 |             Int
2026-10-07T15:34:20.6276005Z  85 | 
2026-10-07T15:34:20.6276253Z  86 |         private var storedData =
2026-10-07T15:34:20.6277028Z     |                     `- warning: stored property 'storedData' of 'Sendable'-conforming class 'BoundedLoadDelegate' is mutable; this is an error in the Swift 6 language mode
2026-10-07T15:34:20.6277808Z  87 |             Data()
2026-10-07T15:34:20.6278062Z  88 | 
2026-10-07T15:34:20.6354429Z [1835/1852] Compiling RightClickCore ProductSurface.swift
2026-10-07T15:34:20.6355702Z /__w/rightclick/rightclick/Sources/RightClickCore/OriginPinnedHTTP.swift:45:19: warning: non-final class 'RedirectRejectingDelegate' cannot conform to 'Sendable'; use '@unchecked Sendable'; this is an error in the Swift 6 language mode
2026-10-07T15:34:20.6356842Z  43 |     }
2026-10-07T15:34:20.6357070Z  44 | 
2026-10-07T15:34:20.6357358Z  45 |     private class RedirectRejectingDelegate:
2026-10-07T15:34:20.6358218Z     |                   `- warning: non-final class 'RedirectRejectingDelegate' cannot conform to 'Sendable'; use '@unchecked Sendable'; this is an error in the Swift 6 language mode
2026-10-07T15:34:20.6359020Z  46 |         NSObject,
2026-10-07T15:34:20.6359312Z  47 |         URLSessionTaskDelegate
2026-10-07T15:34:20.6359524Z 
2026-10-07T15:34:20.6360402Z /__w/rightclick/rightclick/Sources/RightClickCore/OriginPinnedHTTP.swift:86:21: warning: stored property 'storedData' of 'Sendable'-conforming class 'BoundedLoadDelegate' is mutable; this is an error in the Swift 6 language mode
2026-10-07T15:34:20.6361458Z  84 |             Int
2026-10-07T15:34:20.6361700Z  85 | 
2026-10-07T15:34:20.6361939Z  86 |         private var storedData =
2026-10-07T15:34:20.6362720Z     |                     `- warning: stored property 'storedData' of 'Sendable'-conforming class 'BoundedLoadDelegate' is mutable; this is an error in the Swift 6 language mode
2026-10-07T15:34:20.6363831Z  87 |             Data()
2026-10-07T15:34:20.6364086Z  88 | 
2026-10-07T15:34:20.6440537Z [1836/1852] Compiling RightClickCore RCIR.swift
2026-10-07T15:34:20.6441864Z /__w/rightclick/rightclick/Sources/RightClickCore/OriginPinnedHTTP.swift:45:19: warning: non-final class 'RedirectRejectingDelegate' cannot conform to 'Sendable'; use '@unchecked Sendable'; this is an error in the Swift 6 language mode
2026-10-07T15:34:20.6443056Z  43 |     }
2026-10-07T15:34:20.6443339Z  44 | 
2026-10-07T15:34:20.6443656Z  45 |     private class RedirectRejectingDelegate:
2026-10-07T15:34:20.6444647Z     |                   `- warning: non-final class 'RedirectRejectingDelegate' cannot conform to 'Sendable'; use '@unchecked Sendable'; this is an error in the Swift 6 language mode
2026-10-07T15:34:20.6445502Z  46 |         NSObject,
2026-10-07T15:34:20.6445824Z  47 |         URLSessionTaskDelegate
2026-10-07T15:34:20.6446045Z 
2026-10-07T15:34:20.6446978Z /__w/rightclick/rightclick/Sources/RightClickCore/OriginPinnedHTTP.swift:86:21: warning: stored property 'storedData' of 'Sendable'-conforming class 'BoundedLoadDelegate' is mutable; this is an error in the Swift 6 language mode
2026-10-07T15:34:20.6448130Z  84 |             Int
2026-10-07T15:34:20.6448378Z  85 | 
2026-10-07T15:34:20.6448623Z  86 |         private var storedData =
2026-10-07T15:34:20.6449463Z     |                     `- warning: stored property 'storedData' of 'Sendable'-conforming class 'BoundedLoadDelegate' is mutable; this is an error in the Swift 6 language mode
2026-10-07T15:34:20.6450304Z  87 |             Data()
2026-10-07T15:34:20.6450570Z  88 | 
2026-10-07T15:34:20.6529479Z [1837/1852] Compiling RightClickCore RCIRDeferredExecution.swift
2026-10-07T15:34:20.6530783Z /__w/rightclick/rightclick/Sources/RightClickCore/OriginPinnedHTTP.swift:45:19: warning: non-final class 'RedirectRejectingDelegate' cannot conform to 'Sendable'; use '@unchecked Sendable'; this is an error in the Swift 6 language mode
2026-10-07T15:34:20.6531932Z  43 |     }
2026-10-07T15:34:20.6532169Z  44 | 
2026-10-07T15:34:20.6532454Z  45 |     private class RedirectRejectingDelegate:
2026-10-07T15:34:20.6533336Z     |                   `- warning: non-final class 'RedirectRejectingDelegate' cannot conform to 'Sendable'; use '@unchecked Sendable'; this is an error in the Swift 6 language mode
2026-10-07T15:34:20.6534144Z  46 |         NSObject,
2026-10-07T15:34:20.6534558Z  47 |         URLSessionTaskDelegate
2026-10-07T15:34:20.6534784Z 
2026-10-07T15:34:20.6535667Z /__w/rightclick/rightclick/Sources/RightClickCore/OriginPinnedHTTP.swift:86:21: warning: stored property 'storedData' of 'Sendable'-conforming class 'BoundedLoadDelegate' is mutable; this is an error in the Swift 6 language mode
2026-10-07T15:34:20.6536750Z  84 |             Int
2026-10-07T15:34:20.6536995Z  85 | 
2026-10-07T15:34:20.6537235Z  86 |         private var storedData =
2026-10-07T15:34:20.6538029Z     |                     `- warning: stored property 'storedData' of 'Sendable'-conforming class 'BoundedLoadDelegate' is mutable; this is an error in the Swift 6 language mode
2026-10-07T15:34:20.6538809Z  87 |             Data()
2026-10-07T15:34:20.6539067Z  88 | 
2026-10-07T15:34:20.7025129Z [1838/1853] Wrapping AST for RightClickCore for debugging
2026-10-07T15:34:21.2150038Z error: emit-module command failed with exit code 1 (use -v to see invocation)
2026-10-07T15:34:21.2151075Z [1840/1907] Emitting module RightClickCoreTests
2026-10-07T15:34:21.2152061Z /__w/rightclick/rightclick/Tests/RightClickCoreTests/OpenAPIAcknowledgementTests.swift:1:8: error: no such module 'CryptoKit'
2026-10-07T15:34:21.2152994Z   1 | import CryptoKit
2026-10-07T15:34:21.2153427Z     |        `- error: no such module 'CryptoKit'
2026-10-07T15:34:21.2153912Z   2 | import Foundation
2026-10-07T15:34:21.2154470Z   3 | import XCTest
2026-10-07T15:34:21.3161800Z [1841/1923] Emitting module RightClickMCP
2026-10-07T15:34:21.3188711Z [1842/1923] Compiling RightClickMCP ModernMCPStdioTransport.swift
2026-10-07T15:34:22.0391484Z [1843/1924] Compiling RightClickCoreTests MOAT005G1PathAndJSONBodyTests.swift
2026-10-07T15:34:22.0396909Z /__w/rightclick/rightclick/Tests/RightClickCoreTests/OpenAPIAcknowledgementTests.swift:1:8: error: no such module 'CryptoKit'
2026-10-07T15:34:22.0398015Z   1 | import CryptoKit
2026-10-07T15:34:22.0398446Z     |        `- error: no such module 'CryptoKit'
2026-10-07T15:34:22.0398895Z   2 | import Foundation
2026-10-07T15:34:22.0399274Z   3 | import XCTest
2026-10-07T15:34:22.0405565Z [1844/1924] Compiling RightClickCoreTests MOAT005G2MultiplePathArgumentsTests.swift
2026-10-07T15:34:22.0410008Z /__w/rightclick/rightclick/Tests/RightClickCoreTests/OpenAPIAcknowledgementTests.swift:1:8: error: no such module 'CryptoKit'
2026-10-07T15:34:22.0411069Z   1 | import CryptoKit
2026-10-07T15:34:22.0411485Z     |        `- error: no such module 'CryptoKit'
2026-10-07T15:34:22.0411940Z   2 | import Foundation
2026-10-07T15:34:22.0412285Z   3 | import XCTest
2026-10-07T15:34:22.0427529Z [1845/1924] Compiling RightClickCoreTests MOAT005G3GitHubRequestSchemaTests.swift
2026-10-07T15:34:22.0431909Z /__w/rightclick/rightclick/Tests/RightClickCoreTests/OpenAPIAcknowledgementTests.swift:1:8: error: no such module 'CryptoKit'
2026-10-07T15:34:22.0432950Z   1 | import CryptoKit
2026-10-07T15:34:22.0433375Z     |        `- error: no such module 'CryptoKit'
2026-10-07T15:34:22.0433830Z   2 | import Foundation
2026-10-07T15:34:22.0434633Z   3 | import XCTest
2026-10-07T15:34:22.0440310Z [1846/1924] Compiling RightClickCoreTests MOAT005G4MutationJSONResponseFallbackTests.swift
2026-10-07T15:34:22.0444817Z /__w/rightclick/rightclick/Tests/RightClickCoreTests/OpenAPIAcknowledgementTests.swift:1:8: error: no such module 'CryptoKit'
2026-10-07T15:34:22.0445875Z   1 | import CryptoKit
2026-10-07T15:34:22.0446283Z     |        `- error: no such module 'CryptoKit'
2026-10-07T15:34:22.0446754Z   2 | import Foundation
2026-10-07T15:34:22.0447078Z   3 | import XCTest
2026-10-07T15:34:22.0452106Z [1847/1924] Compiling RightClickCoreTests MOAT005G5FullFrozenGitHubContractTests.swift
2026-10-07T15:34:22.0456457Z /__w/rightclick/rightclick/Tests/RightClickCoreTests/OpenAPIAcknowledgementTests.swift:1:8: error: no such module 'CryptoKit'
2026-10-07T15:34:22.0457446Z   1 | import CryptoKit
2026-10-07T15:34:22.0457841Z     |        `- error: no such module 'CryptoKit'
2026-10-07T15:34:22.0458282Z   2 | import Foundation
2026-10-07T15:34:22.0458643Z   3 | import XCTest
2026-10-07T15:34:22.0463628Z [1848/1924] Compiling RightClickCoreTests MOAT005G6MultiSegmentPathTests.swift
2026-10-07T15:34:22.0467883Z /__w/rightclick/rightclick/Tests/RightClickCoreTests/OpenAPIAcknowledgementTests.swift:1:8: error: no such module 'CryptoKit'
2026-10-07T15:34:22.0468917Z   1 | import CryptoKit
2026-10-07T15:34:22.0469346Z     |        `- error: no such module 'CryptoKit'
2026-10-07T15:34:22.0469827Z   2 | import Foundation
2026-10-07T15:34:22.0470226Z   3 | import XCTest
2026-10-07T15:34:22.0475148Z [1849/1924] Compiling RightClickCoreTests NetworkOriginAuthorityTests.swift
2026-10-07T15:34:22.0479081Z /__w/rightclick/rightclick/Tests/RightClickCoreTests/OpenAPIAcknowledgementTests.swift:1:8: error: no such module 'CryptoKit'
2026-10-07T15:34:22.0480107Z   1 | import CryptoKit
2026-10-07T15:34:22.0480528Z     |        `- error: no such module 'CryptoKit'
2026-10-07T15:34:22.0480996Z   2 | import Foundation
2026-10-07T15:34:22.0481380Z   3 | import XCTest
2026-10-07T15:34:22.0486562Z [1850/1924] Compiling RightClickCoreTests OAuthOIDCAuthorityTests.swift
2026-10-07T15:34:22.0490837Z /__w/rightclick/rightclick/Tests/RightClickCoreTests/OpenAPIAcknowledgementTests.swift:1:8: error: no such module 'CryptoKit'
2026-10-07T15:34:22.0491973Z   1 | import CryptoKit
2026-10-07T15:34:22.0492883Z     |        `- error: no such module 'CryptoKit'
2026-10-07T15:34:22.0493310Z   2 | import Foundation
2026-10-07T15:34:22.0493633Z   3 | import XCTest
2026-10-07T15:34:22.0497487Z [1851/1924] Compiling RightClickCoreTests OpenAPIAcknowledgementTests.swift
2026-10-07T15:34:22.0499527Z /__w/rightclick/rightclick/Tests/RightClickCoreTests/OpenAPIAcknowledgementTests.swift:1:8: error: no such module 'CryptoKit'
2026-10-07T15:34:22.0500396Z   1 | import CryptoKit
2026-10-07T15:34:22.0500694Z     |        `- error: no such module 'CryptoKit'
2026-10-07T15:34:22.0501037Z   2 | import Foundation
2026-10-07T15:34:22.0501295Z   3 | import XCTest
2026-10-07T15:34:22.0507794Z [1852/1924] Compiling RightClickCoreTests OpenAPIAcquisitionBoundsTests.swift
2026-10-07T15:34:22.0508835Z /__w/rightclick/rightclick/Tests/RightClickCoreTests/OpenAPIAcknowledgementTests.swift:1:8: error: no such module 'CryptoKit'
2026-10-07T15:34:22.0509728Z   1 | import CryptoKit
2026-10-07T15:34:22.0510111Z     |        `- error: no such module 'CryptoKit'
2026-10-07T15:34:22.0510517Z   2 | import Foundation
2026-10-07T15:34:22.0510766Z   3 | import XCTest
2026-10-07T15:34:22.0511182Z [1853/1924] Compiling RightClickCoreTests OpenAPIAuthorityTests.swift
2026-10-07T15:34:22.0512162Z /__w/rightclick/rightclick/Tests/RightClickCoreTests/OpenAPIAcknowledgementTests.swift:1:8: error: no such module 'CryptoKit'
2026-10-07T15:34:22.0512901Z   1 | import CryptoKit
2026-10-07T15:34:22.0513213Z     |        `- error: no such module 'CryptoKit'
2026-10-07T15:34:22.0513573Z   2 | import Foundation
2026-10-07T15:34:22.0513845Z   3 | import XCTest
2026-10-07T15:34:22.0514506Z [1854/1924] Compiling RightClickCoreTests OpenAPIRealProviderAcceptanceTests.swift
2026-10-07T15:34:22.0515400Z /__w/rightclick/rightclick/Tests/RightClickCoreTests/OpenAPIAcknowledgementTests.swift:1:8: error: no such module 'CryptoKit'
2026-10-07T15:34:22.0516114Z   1 | import CryptoKit
2026-10-07T15:34:22.0516783Z     |        `- error: no such module 'CryptoKit'
2026-10-07T15:34:22.0517593Z   2 | import Foundation
2026-10-07T15:34:22.0517930Z   3 | import XCTest
2026-10-07T15:34:22.0518339Z [1855/1924] Compiling RightClickCoreTests OpenAPIReflectorTests.swift
2026-10-07T15:34:22.0521550Z /__w/rightclick/rightclick/Tests/RightClickCoreTests/OpenAPIAcknowledgementTests.swift:1:8: error: no such module 'CryptoKit'
2026-10-07T15:34:22.0522404Z   1 | import CryptoKit
2026-10-07T15:34:22.0522744Z     |        `- error: no such module 'CryptoKit'
2026-10-07T15:34:22.0523127Z   2 | import Foundation
2026-10-07T15:34:22.0523419Z   3 | import XCTest
2026-10-07T15:34:22.0527669Z [1856/1924] Compiling RightClickCoreTests PolicyTests.swift
2026-10-07T15:34:22.0530519Z /__w/rightclick/rightclick/Tests/RightClickCoreTests/OpenAPIAcknowledgementTests.swift:1:8: error: no such module 'CryptoKit'
2026-10-07T15:34:22.0531244Z   1 | import CryptoKit
2026-10-07T15:34:22.0531892Z     |        `- error: no such module 'CryptoKit'
2026-10-07T15:34:22.0532292Z   2 | import Foundation
2026-10-07T15:34:22.0532573Z   3 | import XCTest
2026-10-07T15:34:22.0534990Z [1857/1924] Compiling RightClickCoreTests PortableRuntimeTests.swift
2026-10-07T15:34:22.0535923Z /__w/rightclick/rightclick/Tests/RightClickCoreTests/OpenAPIAcknowledgementTests.swift:1:8: error: no such module 'CryptoKit'
2026-10-07T15:34:22.0536838Z   1 | import CryptoKit
2026-10-07T15:34:22.0537262Z     |        `- error: no such module 'CryptoKit'
2026-10-07T15:34:22.0537697Z   2 | import Foundation
2026-10-07T15:34:22.0538057Z   3 | import XCTest
2026-10-07T15:34:22.0539056Z [1858/1924] Compiling RightClickCoreTests ProductSurfaceRuntimeTests.swift
2026-10-07T15:34:22.0540092Z /__w/rightclick/rightclick/Tests/RightClickCoreTests/OpenAPIAcknowledgementTests.swift:1:8: error: no such module 'CryptoKit'
2026-10-07T15:34:22.0540879Z   1 | import CryptoKit
2026-10-07T15:34:22.0541176Z     |        `- error: no such module 'CryptoKit'
2026-10-07T15:34:22.0541524Z   2 | import Foundation
2026-10-07T15:34:22.0541787Z   3 | import XCTest
2026-10-07T15:34:22.1370282Z [1859/1924] Compiling RightClickCoreTests DispatchContractBindingTests.swift
2026-10-07T15:34:22.1371612Z /__w/rightclick/rightclick/Tests/RightClickCoreTests/OpenAPIAcknowledgementTests.swift:1:8: error: no such module 'CryptoKit'
2026-10-07T15:34:22.1373035Z   1 | import CryptoKit
2026-10-07T15:34:22.1373641Z     |        `- error: no such module 'CryptoKit'
2026-10-07T15:34:22.1374135Z   2 | import Foundation
2026-10-07T15:34:22.1374818Z   3 | import XCTest
2026-10-07T15:34:22.1375674Z [1860/1924] Compiling RightClickCoreTests ExecutionCapacityAdmissionTests.swift
2026-10-07T15:34:22.1376860Z /__w/rightclick/rightclick/Tests/RightClickCoreTests/OpenAPIAcknowledgementTests.swift:1:8: error: no such module 'CryptoKit'
2026-10-07T15:34:22.1377698Z   1 | import CryptoKit
2026-10-07T15:34:22.1378133Z     |        `- error: no such module 'CryptoKit'
2026-10-07T15:34:22.1378624Z   2 | import Foundation
2026-10-07T15:34:22.1379031Z   3 | import XCTest
2026-10-07T15:34:22.1379526Z [1861/1924] Compiling RightClickCoreTests ExecutionRetentionTests.swift
2026-10-07T15:34:22.1380505Z /__w/rightclick/rightclick/Tests/RightClickCoreTests/OpenAPIAcknowledgementTests.swift:1:8: error: no such module 'CryptoKit'
2026-10-07T15:34:22.1381318Z   1 | import CryptoKit
2026-10-07T15:34:22.1381729Z     |        `- error: no such module 'CryptoKit'
2026-10-07T15:34:22.1382177Z   2 | import Foundation
2026-10-07T15:34:22.1382555Z   3 | import XCTest
2026-10-07T15:34:22.1383103Z [1862/1924] Compiling RightClickCoreTests GRPCRealProviderAcceptanceTests.swift
2026-10-07T15:34:22.1384136Z /__w/rightclick/rightclick/Tests/RightClickCoreTests/OpenAPIAcknowledgementTests.swift:1:8: error: no such module 'CryptoKit'
2026-10-07T15:34:22.1385175Z   1 | import CryptoKit
2026-10-07T15:34:22.1385611Z     |        `- error: no such module 'CryptoKit'
2026-10-07T15:34:22.1386075Z   2 | import Foundation
2026-10-07T15:34:22.1386468Z   3 | import XCTest
2026-10-07T15:34:22.1387002Z [1863/1924] Compiling RightClickCoreTests GRPCReflectionTransportTests.swift
2026-10-07T15:34:22.1387969Z /__w/rightclick/rightclick/Tests/RightClickCoreTests/OpenAPIAcknowledgementTests.swift:1:8: error: no such module 'CryptoKit'
2026-10-07T15:34:22.1388830Z   1 | import CryptoKit
2026-10-07T15:34:22.1389218Z     |        `- error: no such module 'CryptoKit'
2026-10-07T15:34:22.1389697Z   2 | import Foundation
2026-10-07T15:34:22.1390068Z   3 | import XCTest
2026-10-07T15:34:22.1390580Z [1864/1924] Compiling RightClickCoreTests GRPCReflectorTests.swift
2026-10-07T15:34:22.1391505Z /__w/rightclick/rightclick/Tests/RightClickCoreTests/OpenAPIAcknowledgementTests.swift:1:8: error: no such module 'CryptoKit'
2026-10-07T15:34:22.1392356Z   1 | import CryptoKit
2026-10-07T15:34:22.1392771Z     |        `- error: no such module 'CryptoKit'
2026-10-07T15:34:22.1393233Z   2 | import Foundation
2026-10-07T15:34:22.1393619Z   3 | import XCTest
2026-10-07T15:34:22.1420718Z [1865/1924] Compiling RightClickCoreTests GraphQLReflectorTests.swift
2026-10-07T15:34:22.1421871Z /__w/rightclick/rightclick/Tests/RightClickCoreTests/OpenAPIAcknowledgementTests.swift:1:8: error: no such module 'CryptoKit'
2026-10-07T15:34:22.1422792Z   1 | import CryptoKit
2026-10-07T15:34:22.1423304Z     |        `- error: no such module 'CryptoKit'
2026-10-07T15:34:22.1423756Z   2 | import Foundation
2026-10-07T15:34:22.1424270Z   3 | import XCTest
2026-10-07T15:34:22.1424879Z [1866/1924] Compiling RightClickCoreTests HostProtectedReferenceTests.swift
2026-10-07T15:34:22.1425937Z /__w/rightclick/rightclick/Tests/RightClickCoreTests/OpenAPIAcknowledgementTests.swift:1:8: error: no such module 'CryptoKit'
2026-10-07T15:34:22.1426807Z   1 | import CryptoKit
2026-10-07T15:34:22.1427223Z     |        `- error: no such module 'CryptoKit'
2026-10-07T15:34:22.1427686Z   2 | import Foundation
2026-10-07T15:34:22.1428061Z   3 | import XCTest
2026-10-07T15:34:22.1428575Z [1867/1924] Compiling RightClickCoreTests InvocationBindingTests.swift
2026-10-07T15:34:22.1429622Z /__w/rightclick/rightclick/Tests/RightClickCoreTests/OpenAPIAcknowledgementTests.swift:1:8: error: no such module 'CryptoKit'
2026-10-07T15:34:22.1430472Z   1 | import CryptoKit
2026-10-07T15:34:22.1431171Z     |        `- error: no such module 'CryptoKit'
2026-10-07T15:34:22.1431630Z   2 | import Foundation
2026-10-07T15:34:22.1432001Z   3 | import XCTest
2026-10-07T15:34:22.1432635Z [1868/1924] Compiling RightClickCoreTests KafkaCapabilityTests.swift
2026-10-07T15:34:22.1433602Z /__w/rightclick/rightclick/Tests/RightClickCoreTests/OpenAPIAcknowledgementTests.swift:1:8: error: no such module 'CryptoKit'
2026-10-07T15:34:22.1434605Z   1 | import CryptoKit
2026-10-07T15:34:22.1435023Z     |        `- error: no such module 'CryptoKit'
2026-10-07T15:34:22.1435491Z   2 | import Foundation
2026-10-07T15:34:22.1435867Z   3 | import XCTest
2026-10-07T15:34:22.1436417Z [1869/1924] Compiling RightClickCoreTests KubernetesCapabilityArtifactTests.swift
2026-10-07T15:34:22.1437387Z /__w/rightclick/rightclick/Tests/RightClickCoreTests/OpenAPIAcknowledgementTests.swift:1:8: error: no such module 'CryptoKit'
2026-10-07T15:34:22.1438193Z   1 | import CryptoKit
2026-10-07T15:34:22.1438595Z     |        `- error: no such module 'CryptoKit'
2026-10-07T15:34:22.1439053Z   2 | import Foundation
2026-10-07T15:34:22.1439424Z   3 | import XCTest
2026-10-07T15:34:22.1439951Z [1870/1924] Compiling RightClickCoreTests MOAT004G1AcquisitionTests.swift
2026-10-07T15:34:22.1441022Z /__w/rightclick/rightclick/Tests/RightClickCoreTests/OpenAPIAcknowledgementTests.swift:1:8: error: no such module 'CryptoKit'
2026-10-07T15:34:22.1441886Z   1 | import CryptoKit
2026-10-07T15:34:22.1442312Z     |        `- error: no such module 'CryptoKit'
2026-10-07T15:34:22.1442796Z   2 | import Foundation
2026-10-07T15:34:22.1443183Z   3 | import XCTest
2026-10-07T15:34:22.1443741Z [1871/1924] Compiling RightClickCoreTests MOAT004G2SplitOriginTests.swift
2026-10-07T15:34:22.1444963Z /__w/rightclick/rightclick/Tests/RightClickCoreTests/OpenAPIAcknowledgementTests.swift:1:8: error: no such module 'CryptoKit'
2026-10-07T15:34:22.1445864Z   1 | import CryptoKit
2026-10-07T15:34:22.1446299Z     |        `- error: no such module 'CryptoKit'
2026-10-07T15:34:22.1446781Z   2 | import Foundation
2026-10-07T15:34:22.1447168Z   3 | import XCTest
2026-10-07T15:34:22.1447707Z [1872/1924] Compiling RightClickCoreTests MOAT004G3ZeroArgumentGETTests.swift
2026-10-07T15:34:22.1448712Z /__w/rightclick/rightclick/Tests/RightClickCoreTests/OpenAPIAcknowledgementTests.swift:1:8: error: no such module 'CryptoKit'
2026-10-07T15:34:22.1449528Z   1 | import CryptoKit
2026-10-07T15:34:22.1449910Z     |        `- error: no such module 'CryptoKit'
2026-10-07T15:34:22.1450382Z   2 | import Foundation
2026-10-07T15:34:22.1450772Z   3 | import XCTest
2026-10-07T15:34:22.1451378Z [1873/1924] Compiling RightClickCoreTests MOAT004G4JSONSyntaxFallbackTests.swift
2026-10-07T15:34:22.1452456Z /__w/rightclick/rightclick/Tests/RightClickCoreTests/OpenAPIAcknowledgementTests.swift:1:8: error: no such module 'CryptoKit'
2026-10-07T15:34:22.1453312Z   1 | import CryptoKit
2026-10-07T15:34:22.1453710Z     |        `- error: no such module 'CryptoKit'
2026-10-07T15:34:22.1454135Z   2 | import Foundation
2026-10-07T15:34:22.1454747Z   3 | import XCTest
2026-10-07T15:34:22.1455387Z [1874/1924] Compiling RightClickCoreTests MOAT004G6RealGitHubAuthenticatedCompatibilityTests.swift
2026-10-07T15:34:22.1456437Z /__w/rightclick/rightclick/Tests/RightClickCoreTests/OpenAPIAcknowledgementTests.swift:1:8: error: no such module 'CryptoKit'
2026-10-07T15:34:22.1457233Z   1 | import CryptoKit
2026-10-07T15:34:22.1457621Z     |        `- error: no such module 'CryptoKit'
2026-10-07T15:34:22.1458052Z   2 | import Foundation
2026-10-07T15:34:22.1458406Z   3 | import XCTest
2026-10-07T15:34:22.3807981Z [1875/1924] Compiling RightClickCoreTests A2ARealLifecycleTests.swift
2026-10-07T15:34:22.3809047Z /__w/rightclick/rightclick/Tests/RightClickCoreTests/OpenAPIAcknowledgementTests.swift:1:8: error: no such module 'CryptoKit'
2026-10-07T15:34:22.3809944Z   1 | import CryptoKit
2026-10-07T15:34:22.3810426Z     |        `- error: no such module 'CryptoKit'
2026-10-07T15:34:22.3810887Z   2 | import Foundation
2026-10-07T15:34:22.3811602Z   3 | import XCTest
2026-10-07T15:34:22.3812157Z [1876/1924] Compiling RightClickCoreTests ARDAcquisitionGateTests.swift
2026-10-07T15:34:22.3813318Z /__w/rightclick/rightclick/Tests/RightClickCoreTests/OpenAPIAcknowledgementTests.swift:1:8: error: no such module 'CryptoKit'
2026-10-07T15:34:22.3814141Z   1 | import CryptoKit
2026-10-07T15:34:22.3814834Z     |        `- error: no such module 'CryptoKit'
2026-10-07T15:34:22.3815320Z   2 | import Foundation
2026-10-07T15:34:22.3815696Z   3 | import XCTest
2026-10-07T15:34:22.3816237Z [1877/1924] Compiling RightClickCoreTests BonjourOpenAPISourceTests.swift
2026-10-07T15:34:22.3817248Z /__w/rightclick/rightclick/Tests/RightClickCoreTests/OpenAPIAcknowledgementTests.swift:1:8: error: no such module 'CryptoKit'
2026-10-07T15:34:22.3818132Z   1 | import CryptoKit
2026-10-07T15:34:22.3818561Z     |        `- error: no such module 'CryptoKit'
2026-10-07T15:34:22.3819033Z   2 | import Foundation
2026-10-07T15:34:22.3819417Z   3 | import XCTest
2026-10-07T15:34:22.3821692Z [1878/1924] Compiling RightClickCoreTests CapabilityABIAdapterTests.swift
2026-10-07T15:34:22.3822767Z /__w/rightclick/rightclick/Tests/RightClickCoreTests/OpenAPIAcknowledgementTests.swift:1:8: error: no such module 'CryptoKit'
2026-10-07T15:34:22.3823565Z   1 | import CryptoKit
2026-10-07T15:34:22.3823972Z     |        `- error: no such module 'CryptoKit'
2026-10-07T15:34:22.3824586Z   2 | import Foundation
2026-10-07T15:34:22.3824947Z   3 | import XCTest
2026-10-07T15:34:22.3825494Z [1879/1924] Compiling RightClickCoreTests CapabilityABIBoundaryTests.swift
2026-10-07T15:34:22.3826503Z /__w/rightclick/rightclick/Tests/RightClickCoreTests/OpenAPIAcknowledgementTests.swift:1:8: error: no such module 'CryptoKit'
2026-10-07T15:34:22.3827305Z   1 | import CryptoKit
2026-10-07T15:34:22.3827725Z     |        `- error: no such module 'CryptoKit'
2026-10-07T15:34:22.3828182Z   2 | import Foundation
2026-10-07T15:34:22.3828547Z   3 | import XCTest
2026-10-07T15:34:22.3829048Z [1880/1924] Compiling RightClickCoreTests CapabilityABITests.swift
2026-10-07T15:34:22.3830077Z /__w/rightclick/rightclick/Tests/RightClickCoreTests/OpenAPIAcknowledgementTests.swift:1:8: error: no such module 'CryptoKit'
2026-10-07T15:34:22.3830935Z   1 | import CryptoKit
2026-10-07T15:34:22.3831364Z     |        `- error: no such module 'CryptoKit'
2026-10-07T15:34:22.3831832Z   2 | import Foundation
2026-10-07T15:34:22.3832188Z   3 | import XCTest
2026-10-07T15:34:22.3832784Z [1881/1924] Compiling RightClickCoreTests CapabilityAcquisitionLifecycleTests.swift
2026-10-07T15:34:22.3833869Z /__w/rightclick/rightclick/Tests/RightClickCoreTests/OpenAPIAcknowledgementTests.swift:1:8: error: no such module 'CryptoKit'
2026-10-07T15:34:22.3834946Z   1 | import CryptoKit
2026-10-07T15:34:22.3835379Z     |        `- error: no such module 'CryptoKit'
2026-10-07T15:34:22.3835844Z   2 | import Foundation
2026-10-07T15:34:22.3836235Z   3 | import XCTest
2026-10-07T15:34:22.3836798Z [1882/1924] Compiling RightClickCoreTests CapabilityArtifactResolverTests.swift
2026-10-07T15:34:22.3837809Z /__w/rightclick/rightclick/Tests/RightClickCoreTests/OpenAPIAcknowledgementTests.swift:1:8: error: no such module 'CryptoKit'
2026-10-07T15:34:22.3838630Z   1 | import CryptoKit
2026-10-07T15:34:22.3839041Z     |        `- error: no such module 'CryptoKit'
2026-10-07T15:34:22.3839488Z   2 | import Foundation
2026-10-07T15:34:22.3839862Z   3 | import XCTest
2026-10-07T15:34:22.3840396Z [1883/1924] Compiling RightClickCoreTests CapabilityExperienceLedgerTests.swift
2026-10-07T15:34:22.3841392Z /__w/rightclick/rightclick/Tests/RightClickCoreTests/OpenAPIAcknowledgementTests.swift:1:8: error: no such module 'CryptoKit'
2026-10-07T15:34:22.3842229Z   1 | import CryptoKit
2026-10-07T15:34:22.3842654Z     |        `- error: no such module 'CryptoKit'
2026-10-07T15:34:22.3843122Z   2 | import Foundation
2026-10-07T15:34:22.3843509Z   3 | import XCTest
2026-10-07T15:34:22.3844058Z [1884/1924] Compiling RightClickCoreTests CapabilityExperienceTests.swift
2026-10-07T15:34:22.3845542Z /__w/rightclick/rightclick/Tests/RightClickCoreTests/OpenAPIAcknowledgementTests.swift:1:8: error: no such module 'CryptoKit'
2026-10-07T15:34:22.3846404Z   1 | import CryptoKit
2026-10-07T15:34:22.3846939Z     |        `- error: no such module 'CryptoKit'
2026-10-07T15:34:22.3847418Z   2 | import Foundation
2026-10-07T15:34:22.3847805Z   3 | import XCTest
2026-10-07T15:34:22.3848333Z [1885/1924] Compiling RightClickCoreTests CapabilityInterfaceTests.swift
2026-10-07T15:34:22.3849352Z /__w/rightclick/rightclick/Tests/RightClickCoreTests/OpenAPIAcknowledgementTests.swift:1:8: error: no such module 'CryptoKit'
2026-10-07T15:34:22.3850234Z   1 | import CryptoKit
2026-10-07T15:34:22.3850658Z     |        `- error: no such module 'CryptoKit'
2026-10-07T15:34:22.3851129Z   2 | import Foundation
2026-10-07T15:34:22.3851557Z   3 | import XCTest
2026-10-07T15:34:22.3852141Z [1886/1924] Compiling RightClickCoreTests CapabilityReflectorSourceTests.swift
2026-10-07T15:34:22.3853152Z /__w/rightclick/rightclick/Tests/RightClickCoreTests/OpenAPIAcknowledgementTests.swift:1:8: error: no such module 'CryptoKit'
2026-10-07T15:34:22.3854010Z   1 | import CryptoKit
2026-10-07T15:34:22.3854682Z     |        `- error: no such module 'CryptoKit'
2026-10-07T15:34:22.3855148Z   2 | import Foundation
2026-10-07T15:34:22.3855513Z   3 | import XCTest
2026-10-07T15:34:22.3856078Z [1887/1924] Compiling RightClickCoreTests CapabilityRuntimeDefaultsTests.swift
2026-10-07T15:34:22.3857078Z /__w/rightclick/rightclick/Tests/RightClickCoreTests/OpenAPIAcknowledgementTests.swift:1:8: error: no such module 'CryptoKit'
2026-10-07T15:34:22.3857885Z   1 | import CryptoKit
2026-10-07T15:34:22.3858272Z     |        `- error: no such module 'CryptoKit'
2026-10-07T15:34:22.3858733Z   2 | import Foundation
2026-10-07T15:34:22.3859118Z   3 | import XCTest
2026-10-07T15:34:22.3859689Z [1888/1924] Compiling RightClickCoreTests CapabilitySnapshotBoundaryTests.swift
2026-10-07T15:34:22.3860751Z /__w/rightclick/rightclick/Tests/RightClickCoreTests/OpenAPIAcknowledgementTests.swift:1:8: error: no such module 'CryptoKit'
2026-10-07T15:34:22.3861618Z   1 | import CryptoKit
2026-10-07T15:34:22.3862043Z     |        `- error: no such module 'CryptoKit'
2026-10-07T15:34:22.3862499Z   2 | import Foundation
2026-10-07T15:34:22.3862877Z   3 | import XCTest
2026-10-07T15:34:22.3863681Z [1889/1924] Compiling RightClickCoreTests CapabilityStringConstraintTests.swift
2026-10-07T15:34:22.3864994Z /__w/rightclick/rightclick/Tests/RightClickCoreTests/OpenAPIAcknowledgementTests.swift:1:8: error: no such module 'CryptoKit'
2026-10-07T15:34:22.3865887Z   1 | import CryptoKit
2026-10-07T15:34:22.3866311Z     |        `- error: no such module 'CryptoKit'
2026-10-07T15:34:22.3866780Z   2 | import Foundation
2026-10-07T15:34:22.3867167Z   3 | import XCTest
2026-10-07T15:34:22.3867721Z [1890/1924] Compiling RightClickCoreTests ConfiguredOpenAPISourceTests.swift
2026-10-07T15:34:22.3868750Z /__w/rightclick/rightclick/Tests/RightClickCoreTests/OpenAPIAcknowledgementTests.swift:1:8: error: no such module 'CryptoKit'
2026-10-07T15:34:22.3869617Z   1 | import CryptoKit
2026-10-07T15:34:22.3870003Z     |        `- error: no such module 'CryptoKit'
2026-10-07T15:34:22.3870476Z   2 | import Foundation
2026-10-07T15:34:22.3870874Z   3 | import XCTest
2026-10-07T15:34:22.4234025Z [1891/1924] Compiling RightClickCoreTests RCIRBoundaryTests.swift
2026-10-07T15:34:22.4235506Z /__w/rightclick/rightclick/Tests/RightClickCoreTests/OpenAPIAcknowledgementTests.swift:1:8: error: no such module 'CryptoKit'
2026-10-07T15:34:22.4236432Z   1 | import CryptoKit
2026-10-07T15:34:22.4236778Z     |        `- error: no such module 'CryptoKit'
2026-10-07T15:34:22.4237116Z   2 | import Foundation
2026-10-07T15:34:22.4237364Z   3 | import XCTest
2026-10-07T15:34:22.4237659Z [1892/1924] Compiling RightClickCoreTests RCIRDeferredCapacityTests.swift
2026-10-07T15:34:22.4238190Z /__w/rightclick/rightclick/Tests/RightClickCoreTests/OpenAPIAcknowledgementTests.swift:1:8: error: no such module 'CryptoKit'
2026-10-07T15:34:22.4238846Z   1 | import CryptoKit
2026-10-07T15:34:22.4239050Z     |        `- error: no such module 'CryptoKit'
2026-10-07T15:34:22.4239277Z   2 | import Foundation
2026-10-07T15:34:22.4239555Z   3 | import XCTest
2026-10-07T15:34:22.4239828Z [1893/1924] Compiling RightClickCoreTests RCIRDeferredProductionTests.swift
2026-10-07T15:34:22.4240353Z /__w/rightclick/rightclick/Tests/RightClickCoreTests/OpenAPIAcknowledgementTests.swift:1:8: error: no such module 'CryptoKit'
2026-10-07T15:34:22.4240786Z   1 | import CryptoKit
2026-10-07T15:34:22.4240985Z     |        `- error: no such module 'CryptoKit'
2026-10-07T15:34:22.4241208Z   2 | import Foundation
2026-10-07T15:34:22.4241391Z   3 | import XCTest
2026-10-07T15:34:22.4241662Z [1894/1924] Compiling RightClickCoreTests RCIRHTTPJSONObservationTests.swift
2026-10-07T15:34:22.4242185Z /__w/rightclick/rightclick/Tests/RightClickCoreTests/OpenAPIAcknowledgementTests.swift:1:8: error: no such module 'CryptoKit'
2026-10-07T15:34:22.4242625Z   1 | import CryptoKit
2026-10-07T15:34:22.4242830Z     |        `- error: no such module 'CryptoKit'
2026-10-07T15:34:22.4243050Z   2 | import Foundation
2026-10-07T15:34:22.4243228Z   3 | import XCTest
2026-10-07T15:34:22.4243472Z [1895/1924] Compiling RightClickCoreTests RCIRIntegrationTests.swift
2026-10-07T15:34:22.4243965Z /__w/rightclick/rightclick/Tests/RightClickCoreTests/OpenAPIAcknowledgementTests.swift:1:8: error: no such module 'CryptoKit'
2026-10-07T15:34:22.4244707Z   1 | import CryptoKit
2026-10-07T15:34:22.4244972Z     |        `- error: no such module 'CryptoKit'
2026-10-07T15:34:22.4245258Z   2 | import Foundation
2026-10-07T15:34:22.4245490Z   3 | import XCTest
2026-10-07T15:34:22.4245828Z [1896/1924] Compiling RightClickCoreTests RCIRInvocationBindingTests.swift
2026-10-07T15:34:22.4246545Z /__w/rightclick/rightclick/Tests/RightClickCoreTests/OpenAPIAcknowledgementTests.swift:1:8: error: no such module 'CryptoKit'
2026-10-07T15:34:22.4247129Z   1 | import CryptoKit
2026-10-07T15:34:22.4247374Z     |        `- error: no such module 'CryptoKit'
2026-10-07T15:34:22.4247707Z   2 | import Foundation
2026-10-07T15:34:22.4247936Z   3 | import XCTest
2026-10-07T15:34:22.4248313Z [1897/1924] Compiling RightClickCoreTests RCIRInvocationIsolationTests.swift
2026-10-07T15:34:22.4249036Z /__w/rightclick/rightclick/Tests/RightClickCoreTests/OpenAPIAcknowledgementTests.swift:1:8: error: no such module 'CryptoKit'
2026-10-07T15:34:22.4249660Z   1 | import CryptoKit
2026-10-07T15:34:22.4249902Z     |        `- error: no such module 'CryptoKit'
2026-10-07T15:34:22.4250201Z   2 | import Foundation
2026-10-07T15:34:22.4250434Z   3 | import XCTest
2026-10-07T15:34:22.4250746Z [1898/1924] Compiling RightClickCoreTests RCIRNoOutputTests.swift
2026-10-07T15:34:22.4251479Z /__w/rightclick/rightclick/Tests/RightClickCoreTests/OpenAPIAcknowledgementTests.swift:1:8: error: no such module 'CryptoKit'
2026-10-07T15:34:22.4252104Z   1 | import CryptoKit
2026-10-07T15:34:22.4252355Z     |        `- error: no such module 'CryptoKit'
2026-10-07T15:34:22.4252660Z   2 | import Foundation
2026-10-07T15:34:22.4252898Z   3 | import XCTest
2026-10-07T15:34:22.4253283Z [1899/1924] Compiling RightClickCoreTests RCIRProductionDispatchTests.swift
2026-10-07T15:34:22.4254073Z /__w/rightclick/rightclick/Tests/RightClickCoreTests/OpenAPIAcknowledgementTests.swift:1:8: error: no such module 'CryptoKit'
2026-10-07T15:34:22.4254865Z   1 | import CryptoKit
2026-10-07T15:34:22.4255141Z     |        `- error: no such module 'CryptoKit'
2026-10-07T15:34:22.4255467Z   2 | import Foundation
2026-10-07T15:34:22.4255716Z   3 | import XCTest
2026-10-07T15:34:22.4256142Z [1900/1924] Compiling RightClickCoreTests RCIRStructuredObservationTests.swift
2026-10-07T15:34:22.4257024Z /__w/rightclick/rightclick/Tests/RightClickCoreTests/OpenAPIAcknowledgementTests.swift:1:8: error: no such module 'CryptoKit'
2026-10-07T15:34:22.4257715Z   1 | import CryptoKit
2026-10-07T15:34:22.4258102Z     |        `- error: no such module 'CryptoKit'
2026-10-07T15:34:22.4258428Z   2 | import Foundation
2026-10-07T15:34:22.4258956Z   3 | import XCTest
2026-10-07T15:34:22.4259270Z [1901/1924] Compiling RightClickCoreTests RCIRTests.swift
2026-10-07T15:34:22.4260228Z /__w/rightclick/rightclick/Tests/RightClickCoreTests/OpenAPIAcknowledgementTests.swift:1:8: error: no such module 'CryptoKit'
2026-10-07T15:34:22.4260929Z   1 | import CryptoKit
2026-10-07T15:34:22.4261197Z     |        `- error: no such module 'CryptoKit'
2026-10-07T15:34:22.4261525Z   2 | import Foundation
2026-10-07T15:34:22.4261766Z   3 | import XCTest
2026-10-07T15:34:22.4262133Z [1902/1924] Compiling RightClickCoreTests RCIRUnaryAdmissionTests.swift
2026-10-07T15:34:22.4263023Z /__w/rightclick/rightclick/Tests/RightClickCoreTests/OpenAPIAcknowledgementTests.swift:1:8: error: no such module 'CryptoKit'
2026-10-07T15:34:22.4263715Z   1 | import CryptoKit
2026-10-07T15:34:22.4263988Z     |        `- error: no such module 'CryptoKit'
2026-10-07T15:34:22.4265365Z   2 | import Foundation
2026-10-07T15:34:22.4265616Z   3 | import XCTest
2026-10-07T15:34:22.4265976Z [1903/1924] Compiling RightClickCoreTests RCIRUnitCompletionTests.swift
2026-10-07T15:34:22.4266796Z /__w/rightclick/rightclick/Tests/RightClickCoreTests/OpenAPIAcknowledgementTests.swift:1:8: error: no such module 'CryptoKit'
2026-10-07T15:34:22.4267471Z   1 | import CryptoKit
2026-10-07T15:34:22.4267740Z     |        `- error: no such module 'CryptoKit'
2026-10-07T15:34:22.4268163Z   2 | import Foundation
2026-10-07T15:34:22.4268416Z   3 | import XCTest
2026-10-07T15:34:22.4268773Z [1904/1924] Compiling RightClickCoreTests ServiceOutcomeTests.swift
2026-10-07T15:34:22.4269610Z /__w/rightclick/rightclick/Tests/RightClickCoreTests/OpenAPIAcknowledgementTests.swift:1:8: error: no such module 'CryptoKit'
2026-10-07T15:34:22.4270340Z   1 | import CryptoKit
2026-10-07T15:34:22.4270636Z     |        `- error: no such module 'CryptoKit'
2026-10-07T15:34:22.4270947Z   2 | import Foundation
2026-10-07T15:34:22.4271182Z   3 | import XCTest
2026-10-07T15:34:22.4271510Z [1905/1924] Compiling RightClickCoreTests SharingExecutionTests.swift
2026-10-07T15:34:22.4272209Z /__w/rightclick/rightclick/Tests/RightClickCoreTests/OpenAPIAcknowledgementTests.swift:1:8: error: no such module 'CryptoKit'
2026-10-07T15:34:22.4272717Z   1 | import CryptoKit
2026-10-07T15:34:22.4272910Z     |        `- error: no such module 'CryptoKit'
2026-10-07T15:34:22.4273177Z   2 | import Foundation
2026-10-07T15:34:22.4273400Z   3 | import XCTest
2026-10-07T15:34:22.4273763Z [1906/1924] Compiling RightClickCoreTests UniversalReflectorContractTests.swift
2026-10-07T15:34:22.4274822Z /__w/rightclick/rightclick/Tests/RightClickCoreTests/OpenAPIAcknowledgementTests.swift:1:8: error: no such module 'CryptoKit'
2026-10-07T15:34:22.4275561Z   1 | import CryptoKit
2026-10-07T15:34:22.4275852Z     |        `- error: no such module 'CryptoKit'
2026-10-07T15:34:22.4276196Z   2 | import Foundation
2026-10-07T15:34:22.4276471Z   3 | import XCTest
2026-10-07T15:34:22.4354523Z /__w/rightclick/rightclick/Sources/RightClickMCP/Server.swift:316:37: warning: 'text(_:metadata:)' is deprecated: Use .text(text:annotations:_meta:) instead. [#DeprecatedDeclaration]
2026-10-07T15:34:22.4355497Z 314 |                 transport: transport
2026-10-07T15:34:22.4356013Z 315 |             )
2026-10-07T15:34:22.4356477Z 316 |             return .init(content: [.text(text)], isError: false)
2026-10-07T15:34:22.4357085Z     |                                     `- warning: 'text(_:metadata:)' is deprecated: Use .text(text:annotations:_meta:) instead. [#DeprecatedDeclaration]
2026-10-07T15:34:22.4357528Z 317 |         } catch {
2026-10-07T15:34:22.4357818Z 318 |             return .init(content: [.text(String(describing: error))], isError: true)
2026-10-07T15:34:22.4358069Z 
2026-10-07T15:34:22.4915399Z error: fatalError
2026-10-07T15:34:22.5012783Z ##[error]Process completed with exit code 1.
2026-10-07T15:34:22.5133461Z Post job cleanup.
2026-10-07T15:34:22.5140023Z ##[command]/usr/bin/docker exec  cb1f57f60c11448f74838a668f6e2612b3086ebff2f48931e8e8c9554e863a28 sh -c "cat /etc/*release | grep ^ID"
2026-10-07T15:34:22.6625713Z [command]/usr/bin/git version
2026-10-07T15:34:22.6663036Z git version 2.43.0
2026-10-07T15:34:22.6696926Z Temporarily overriding HOME='/__w/_temp/bbac0e35-ad5d-48af-aa02-869e30ee52d9' before making global git config changes
2026-10-07T15:34:22.6697994Z Adding repository directory to the temporary git global config as a safe directory
2026-10-07T15:34:22.6701312Z [command]/usr/bin/git config --global --add safe.directory /__w/rightclick/rightclick
2026-10-07T15:34:22.6725919Z Removing SSH command configuration
2026-10-07T15:34:22.6729841Z [command]/usr/bin/git config --local --name-only --get-regexp core\.sshCommand
2026-10-07T15:34:22.6759280Z [command]/usr/bin/git submodule foreach --recursive sh -c "git config --local --name-only --get-regexp 'core\.sshCommand' && git config --local --unset-all 'core.sshCommand' || :"
2026-10-07T15:34:22.6945946Z Removing HTTP extra header
2026-10-07T15:34:22.6946514Z [command]/usr/bin/git config --local --name-only --get-regexp http\.https\:\/\/github\.com\/\.extraheader
2026-10-07T15:34:22.6970421Z [command]/usr/bin/git submodule foreach --recursive sh -c "git config --local --name-only --get-regexp 'http\.https\:\/\/github\.com\/\.extraheader' && git config --local --unset-all 'http.https://github.com/.extraheader' || :"
2026-10-07T15:34:22.7157373Z Removing includeIf entries pointing to credentials config files
2026-10-07T15:34:22.7162187Z [command]/usr/bin/git config --local --name-only --get-regexp ^includeIf\.gitdir:
2026-10-07T15:34:22.7178922Z includeif.gitdir:/__w/rightclick/rightclick/.git.path
2026-10-07T15:34:22.7179523Z includeif.gitdir:/__w/rightclick/rightclick/.git/worktrees/*.path
2026-10-07T15:34:22.7180333Z includeif.gitdir:/github/workspace/.git.path
2026-10-07T15:34:22.7180878Z includeif.gitdir:/github/workspace/.git/worktrees/*.path
2026-10-07T15:34:22.7186505Z [command]/usr/bin/git config --local --get-all includeif.gitdir:/__w/rightclick/rightclick/.git.path
2026-10-07T15:34:22.7203645Z /__w/_temp/git-credentials-74a7ffa9-317a-4a4f-835b-434f58373f4e.config
2026-10-07T15:34:22.7230078Z [command]/usr/bin/git config --local --unset includeif.gitdir:/__w/rightclick/rightclick/.git.path /__w/_temp/git-credentials-74a7ffa9-317a-4a4f-835b-434f58373f4e.config
2026-10-07T15:34:22.7246754Z [command]/usr/bin/git config --local --get-all includeif.gitdir:/__w/rightclick/rightclick/.git/worktrees/*.path
2026-10-07T15:34:22.7264996Z /__w/_temp/git-credentials-74a7ffa9-317a-4a4f-835b-434f58373f4e.config
2026-10-07T15:34:22.7274905Z [command]/usr/bin/git config --local --unset includeif.gitdir:/__w/rightclick/rightclick/.git/worktrees/*.path /__w/_temp/git-credentials-74a7ffa9-317a-4a4f-835b-434f58373f4e.config
2026-10-07T15:34:22.7301536Z [command]/usr/bin/git config --local --get-all includeif.gitdir:/github/workspace/.git.path
2026-10-07T15:34:22.7319128Z /github/runner_temp/git-credentials-74a7ffa9-317a-4a4f-835b-434f58373f4e.config
2026-10-07T15:34:22.7326799Z [command]/usr/bin/git config --local --unset includeif.gitdir:/github/workspace/.git.path /github/runner_temp/git-credentials-74a7ffa9-317a-4a4f-835b-434f58373f4e.config
2026-10-07T15:34:22.7354611Z [command]/usr/bin/git config --local --get-all includeif.gitdir:/github/workspace/.git/worktrees/*.path
2026-10-07T15:34:22.7369882Z /github/runner_temp/git-credentials-74a7ffa9-317a-4a4f-835b-434f58373f4e.config
2026-10-07T15:34:22.7377686Z [command]/usr/bin/git config --local --unset includeif.gitdir:/github/workspace/.git/worktrees/*.path /github/runner_temp/git-credentials-74a7ffa9-317a-4a4f-835b-434f58373f4e.config
2026-10-07T15:34:22.7404357Z [command]/usr/bin/git submodule foreach --recursive git config --local --show-origin --name-only --get-regexp remote.origin.url
2026-10-07T15:34:22.7576537Z Removing credentials config '/__w/_temp/git-credentials-74a7ffa9-317a-4a4f-835b-434f58373f4e.config'
2026-10-07T15:34:22.7706478Z Stop and remove container: 143a1d4119d84240862409f649fb0d6b_swift62_c634f3
2026-10-07T15:34:22.7711196Z ##[command]/usr/bin/docker rm --force cb1f57f60c11448f74838a668f6e2612b3086ebff2f48931e8e8c9554e863a28
2026-10-07T15:34:23.8217490Z cb1f57f60c11448f74838a668f6e2612b3086ebff2f48931e8e8c9554e863a28
2026-10-07T15:34:23.8238800Z Remove container network: github_network_cbc020430ef749eaad7e799308bcadf2
2026-10-07T15:34:23.8242189Z ##[command]/usr/bin/docker network rm github_network_cbc020430ef749eaad7e799308bcadf2
2026-10-07T15:34:23.9096558Z github_network_cbc020430ef749eaad7e799308bcadf2
2026-10-07T15:34:23.9165475Z Cleaning up orphan processes
