2026-10-07T16:00:49.4440060Z Current runner version: '2.337.0'
2026-10-07T16:00:49.4486340Z ##[group]Runner Image Provisioner
2026-10-07T16:00:49.4487050Z Hosted Compute Agent
2026-10-07T16:00:49.4487510Z Version: 20260828.587
2026-10-07T16:00:49.4488070Z Commit: abac92662cab4cc7352de4f9f9d2e2419aad9c29
2026-10-07T16:00:49.4488560Z Build Date: 2026-08-28T16:44:25Z
2026-10-07T16:00:49.4489140Z Worker ID: {1f02abb3-4028-46f8-b479-728181f53295}
2026-10-07T16:00:49.4489690Z Azure Region: westus
2026-10-07T16:00:49.4490090Z ##[endgroup]
2026-10-07T16:00:49.4496650Z ##[group]Operating System
2026-10-07T16:00:49.4497220Z macOS
2026-10-07T16:00:49.4497650Z 26.6.2
2026-10-07T16:00:49.4498250Z 25G83
2026-10-07T16:00:49.4498770Z ##[endgroup]
2026-10-07T16:00:49.4499350Z ##[group]Runner Image
2026-10-07T16:00:49.4499790Z Image: macos-26-arm64
2026-10-07T16:00:49.4500190Z Version: 20260907.0351.1
2026-10-07T16:00:49.4501130Z Included Software: https://github.com/actions/runner-images/blob/macos-26-arm64/20260907.0351/images/macos/macos-26-arm64-Readme.md
2026-10-07T16:00:49.4502300Z Image Release: https://github.com/actions/runner-images/releases/tag/macos-26-arm64%2F20260907.0351
2026-10-07T16:00:49.4503050Z ##[endgroup]
2026-10-07T16:00:49.4503820Z ##[group]GITHUB_TOKEN Permissions
2026-10-07T16:00:49.4517880Z Contents: read
2026-10-07T16:00:49.4523660Z Metadata: read
2026-10-07T16:00:49.4524250Z ##[endgroup]
2026-10-07T16:00:49.4526370Z Secret source: Actions
2026-10-07T16:00:49.4527050Z Cache mode: write
2026-10-07T16:00:49.4527700Z Prepare workflow directory
2026-10-07T16:00:49.5257320Z Prepare all required actions
2026-10-07T16:00:49.5333300Z Getting action download info
2026-10-07T16:00:50.0469900Z Download action repository 'actions/checkout@de0fac2e4500dabe0009e67214ff5f5447ce83dd' (SHA:de0fac2e4500dabe0009e67214ff5f5447ce83dd)
2026-10-07T16:00:50.4664960Z Complete job name: macos
2026-10-07T16:00:50.5534970Z ##[group]Run actions/checkout@de0fac2e4500dabe0009e67214ff5f5447ce83dd
2026-10-07T16:00:50.5535930Z with:
2026-10-07T16:00:50.5536370Z   ref: 1c1940c08733630837d470e574ff77a964d2a79a
2026-10-07T16:00:50.5536960Z   repository: rossbuckley1990-hash/rightclick
2026-10-07T16:00:50.5540210Z   token: ***
2026-10-07T16:00:50.5540590Z   ssh-strict: true
2026-10-07T16:00:50.5541000Z   ssh-user: git
2026-10-07T16:00:50.5541360Z   persist-credentials: true
2026-10-07T16:00:50.5541800Z   clean: true
2026-10-07T16:00:50.5542210Z   sparse-checkout-cone-mode: true
2026-10-07T16:00:50.5542660Z   fetch-depth: 1
2026-10-07T16:00:50.5543040Z   fetch-tags: false
2026-10-07T16:00:50.5543440Z   show-progress: true
2026-10-07T16:00:50.5543840Z   lfs: false
2026-10-07T16:00:50.5544230Z   submodules: false
2026-10-07T16:00:50.5544670Z   set-safe-directory: true
2026-10-07T16:00:50.5545270Z ##[endgroup]
2026-10-07T16:00:50.9995690Z Syncing repository: rossbuckley1990-hash/rightclick
2026-10-07T16:00:50.9997820Z ##[group]Getting Git version info
2026-10-07T16:00:50.9998590Z Working directory is '/Users/runner/work/rightclick/rightclick'
2026-10-07T16:00:50.9999550Z [command]/opt/homebrew/bin/git version
2026-10-07T16:00:51.0574840Z git version 2.55.0
2026-10-07T16:00:51.0592230Z ##[endgroup]
2026-10-07T16:00:51.0600810Z Copying '/Users/runner/.gitconfig' to '/Users/runner/work/_temp/cfe83bc4-daba-4825-af71-118d339668dd/.gitconfig'
2026-10-07T16:00:51.0609810Z Temporarily overriding HOME='/Users/runner/work/_temp/cfe83bc4-daba-4825-af71-118d339668dd' before making global git config changes
2026-10-07T16:00:51.0613590Z Adding repository directory to the temporary git global config as a safe directory
2026-10-07T16:00:51.0616450Z [command]/opt/homebrew/bin/git config --global --add safe.directory /Users/runner/work/rightclick/rightclick
2026-10-07T16:00:51.0759490Z Deleting the contents of '/Users/runner/work/rightclick/rightclick'
2026-10-07T16:00:51.0766650Z ##[group]Initializing the repository
2026-10-07T16:00:51.0769020Z [command]/opt/homebrew/bin/git init /Users/runner/work/rightclick/rightclick
2026-10-07T16:00:51.1090340Z hint: Using 'master' as the name for the initial branch. This default branch name
2026-10-07T16:00:51.1112310Z hint: will change to "main" in Git 3.0. To configure the initial branch name
2026-10-07T16:00:51.1116780Z hint: to use in all of your new repositories, which will suppress this warning,
2026-10-07T16:00:51.1117660Z hint: call:
2026-10-07T16:00:51.1118150Z hint:
2026-10-07T16:00:51.1118970Z hint: 	git config --global init.defaultBranch <name>
2026-10-07T16:00:51.1119680Z hint:
2026-10-07T16:00:51.1120410Z hint: Names commonly chosen instead of 'master' are 'main', 'trunk' and
2026-10-07T16:00:51.1121580Z hint: 'development'. The just-created branch can be renamed via this command:
2026-10-07T16:00:51.1122390Z hint:
2026-10-07T16:00:51.1122980Z hint: 	git branch -m <name>
2026-10-07T16:00:51.1123660Z hint:
2026-10-07T16:00:51.1124420Z hint: Disable this message with "git config set advice.defaultBranchName false"
2026-10-07T16:00:51.1125470Z Initialized empty Git repository in /Users/runner/work/rightclick/rightclick/.git/
2026-10-07T16:00:51.1127720Z [command]/opt/homebrew/bin/git remote add origin https://github.com/rossbuckley1990-hash/rightclick
2026-10-07T16:00:51.1555310Z ##[endgroup]
2026-10-07T16:00:51.1557960Z ##[group]Disabling automatic garbage collection
2026-10-07T16:00:51.1558870Z [command]/opt/homebrew/bin/git config --local gc.auto 0
2026-10-07T16:00:51.1655920Z ##[endgroup]
2026-10-07T16:00:51.1658610Z ##[group]Setting up auth
2026-10-07T16:00:51.1660650Z Removing SSH command configuration
2026-10-07T16:00:51.1662930Z [command]/opt/homebrew/bin/git config --local --name-only --get-regexp core\.sshCommand
2026-10-07T16:00:51.1750800Z [command]/opt/homebrew/bin/git submodule foreach --recursive sh -c "git config --local --name-only --get-regexp 'core\.sshCommand' && git config --local --unset-all 'core.sshCommand' || :"
2026-10-07T16:00:51.3421720Z Removing HTTP extra header
2026-10-07T16:00:51.3424210Z [command]/opt/homebrew/bin/git config --local --name-only --get-regexp http\.https\:\/\/github\.com\/\.extraheader
2026-10-07T16:00:51.3502790Z [command]/opt/homebrew/bin/git submodule foreach --recursive sh -c "git config --local --name-only --get-regexp 'http\.https\:\/\/github\.com\/\.extraheader' && git config --local --unset-all 'http.https://github.com/.extraheader' || :"
2026-10-07T16:00:51.5268010Z Removing includeIf entries pointing to credentials config files
2026-10-07T16:00:51.5373820Z [command]/opt/homebrew/bin/git config --local --name-only --get-regexp ^includeIf\.gitdir:
2026-10-07T16:00:51.5448190Z [command]/opt/homebrew/bin/git submodule foreach --recursive git config --local --show-origin --name-only --get-regexp remote.origin.url
2026-10-07T16:00:51.6648060Z [command]/opt/homebrew/bin/git config --file /Users/runner/work/_temp/git-credentials-76b570d4-1938-4856-9b37-986df08b1395.config http.https://github.com/.extraheader AUTHORIZATION: basic ***
2026-10-07T16:00:51.6752180Z [command]/opt/homebrew/bin/git config --local includeIf.gitdir:/Users/runner/work/rightclick/rightclick/.git.path /Users/runner/work/_temp/git-credentials-76b570d4-1938-4856-9b37-986df08b1395.config
2026-10-07T16:00:51.6958340Z [command]/opt/homebrew/bin/git config --local includeIf.gitdir:/Users/runner/work/rightclick/rightclick/.git/worktrees/*.path /Users/runner/work/_temp/git-credentials-76b570d4-1938-4856-9b37-986df08b1395.config
2026-10-07T16:00:51.7025770Z [command]/opt/homebrew/bin/git config --local includeIf.gitdir:/github/workspace/.git.path /github/runner_temp/git-credentials-76b570d4-1938-4856-9b37-986df08b1395.config
2026-10-07T16:00:51.7125850Z [command]/opt/homebrew/bin/git config --local includeIf.gitdir:/github/workspace/.git/worktrees/*.path /github/runner_temp/git-credentials-76b570d4-1938-4856-9b37-986df08b1395.config
2026-10-07T16:00:51.7458620Z ##[endgroup]
2026-10-07T16:00:51.7459350Z ##[group]Fetching the repository
2026-10-07T16:00:51.7465130Z [command]/opt/homebrew/bin/git -c protocol.version=2 fetch --no-tags --prune --no-recurse-submodules --depth=1 origin 1c1940c08733630837d470e574ff77a964d2a79a
2026-10-07T16:00:52.8131940Z From https://github.com/rossbuckley1990-hash/rightclick
2026-10-07T16:00:52.8134670Z  * branch            1c1940c08733630837d470e574ff77a964d2a79a -> FETCH_HEAD
2026-10-07T16:00:52.8141210Z [command]/opt/homebrew/bin/git rev-parse --verify --quiet 1c1940c08733630837d470e574ff77a964d2a79a^{object}
2026-10-07T16:00:52.8245460Z 1c1940c08733630837d470e574ff77a964d2a79a
2026-10-07T16:00:52.8256680Z ##[endgroup]
2026-10-07T16:00:52.8259360Z ##[group]Determining the checkout info
2026-10-07T16:00:52.8262570Z ##[endgroup]
2026-10-07T16:00:52.8264610Z [command]/opt/homebrew/bin/git sparse-checkout disable
2026-10-07T16:00:52.8358180Z [command]/opt/homebrew/bin/git config --local --unset-all extensions.worktreeConfig
2026-10-07T16:00:52.8453140Z ##[group]Checking out the ref
2026-10-07T16:00:52.8461770Z [command]/opt/homebrew/bin/git checkout --progress --force 1c1940c08733630837d470e574ff77a964d2a79a
2026-10-07T16:00:53.2987840Z HEAD is now at 1c1940c Merge remote-tracking branch 'origin/main' into codex/agency-portable-convergence-20261007
2026-10-07T16:00:53.3015860Z ##[endgroup]
2026-10-07T16:00:53.3201670Z [command]/opt/homebrew/bin/git log -1 --format=%H
2026-10-07T16:00:53.3289210Z 1c1940c08733630837d470e574ff77a964d2a79a
2026-10-07T16:00:53.3689980Z ##[group]Run swift test --force-resolved-versions
2026-10-07T16:00:53.3693610Z [36;1mswift test --force-resolved-versions[0m
2026-10-07T16:00:53.3823540Z shell: /bin/bash -e {0}
2026-10-07T16:00:53.3824670Z ##[endgroup]
2026-10-07T16:01:11.2649320Z Fetching https://github.com/apple/swift-system.git
2026-10-07T16:01:11.2712840Z Fetching https://github.com/apple/swift-numerics.git
2026-10-07T16:01:12.0233830Z [1/6658] Fetching swift-numerics
2026-10-07T16:01:12.0236800Z [2/13885] Fetching swift-numerics, swift-system
2026-10-07T16:01:12.2739440Z Fetched https://github.com/apple/swift-numerics.git from cache (1.00s)
2026-10-07T16:01:12.2913090Z Fetching https://github.com/apple/swift-atomics.git
2026-10-07T16:01:12.3213250Z Fetched https://github.com/apple/swift-system.git from cache (1.06s)
2026-10-07T16:01:12.3513290Z Fetching https://github.com/apple/swift-protobuf.git
2026-10-07T16:01:12.8726980Z [1/1885] Fetching swift-atomics
2026-10-07T16:01:13.1108880Z Fetched https://github.com/apple/swift-atomics.git from cache (0.82s)
2026-10-07T16:01:13.1261700Z Fetching https://github.com/grpc/grpc-swift.git
2026-10-07T16:01:13.8927910Z [1/51604] Fetching grpc-swift
2026-10-07T16:01:14.1819670Z [10322/106309] Fetching grpc-swift, swift-protobuf
2026-10-07T16:01:15.8881580Z Fetched https://github.com/grpc/grpc-swift.git from cache (2.76s)
2026-10-07T16:01:15.8983630Z [34465/54705] Fetching swift-protobuf
2026-10-07T16:01:15.9190900Z Fetching https://github.com/apple/swift-async-algorithms.git
2026-10-07T16:01:16.9536530Z [54706/61500] Fetching swift-protobuf, swift-async-algorithms
2026-10-07T16:01:17.7546150Z Fetched https://github.com/apple/swift-async-algorithms.git from cache (1.84s)
2026-10-07T16:01:17.7649330Z Fetching https://github.com/apple/swift-http-types.git
2026-10-07T16:01:18.2895630Z [1/1939] Fetching swift-http-types
2026-10-07T16:01:18.3948290Z Fetched https://github.com/apple/swift-http-types.git from cache (0.63s)
2026-10-07T16:01:18.4197220Z Fetching https://github.com/apple/swift-collections.git
2026-10-07T16:01:19.1757520Z [1/28544] Fetching swift-collections
2026-10-07T16:01:20.9550850Z Fetched https://github.com/apple/swift-collections.git from cache (2.54s)
2026-10-07T16:01:20.9791490Z Fetching https://github.com/mattt/eventsource.git
2026-10-07T16:01:21.5298230Z [1/303] Fetching eventsource
2026-10-07T16:01:21.6398200Z Fetched https://github.com/mattt/eventsource.git from cache (0.65s)
2026-10-07T16:01:21.6735700Z Fetching https://github.com/apple/swift-nio-http2.git
2026-10-07T16:01:22.4310310Z [1/12288] Fetching swift-nio-http2
2026-10-07T16:01:22.4871080Z Fetched https://github.com/apple/swift-protobuf.git from cache (10.13s)
2026-10-07T16:01:22.4981990Z Fetching https://github.com/apple/swift-nio-ssl.git
2026-10-07T16:01:23.1947220Z Fetched https://github.com/apple/swift-nio-http2.git from cache (1.53s)
2026-10-07T16:01:23.2078460Z Fetching https://github.com/swift-server/swift-service-lifecycle.git
2026-10-07T16:01:23.6856820Z [1/16854] Fetching swift-nio-ssl
2026-10-07T16:01:23.7214060Z [2/19721] Fetching swift-nio-ssl, swift-service-lifecycle
2026-10-07T16:01:23.8909800Z Fetched https://github.com/swift-server/swift-service-lifecycle.git from cache (0.68s)
2026-10-07T16:01:23.9025800Z [1686/16854] Fetching swift-nio-ssl
2026-10-07T16:01:23.9076920Z Fetching https://github.com/apple/swift-nio-transport-services.git
2026-10-07T16:01:24.5183430Z [16855/19721] Fetching swift-nio-ssl, swift-nio-transport-services
2026-10-07T16:01:24.6766820Z Fetched https://github.com/apple/swift-nio-transport-services.git from cache (0.76s)
2026-10-07T16:01:24.6969510Z Fetching https://github.com/apple/swift-nio.git
2026-10-07T16:01:24.9718230Z Fetched https://github.com/apple/swift-nio-ssl.git from cache (2.47s)
2026-10-07T16:01:24.9838900Z Fetching https://github.com/apple/swift-asn1.git
2026-10-07T16:01:25.9188700Z [1/1986] Fetching swift-asn1
2026-10-07T16:01:25.9962260Z [518/88343] Fetching swift-asn1, swift-nio
2026-10-07T16:01:26.1377910Z Fetched https://github.com/apple/swift-asn1.git from cache (1.15s)
2026-10-07T16:01:26.1463620Z [4318/86357] Fetching swift-nio
2026-10-07T16:01:26.1475690Z Fetching https://github.com/apple/swift-certificates.git
2026-10-07T16:01:27.0139750Z [64769/93965] Fetching swift-nio, swift-certificates
2026-10-07T16:01:27.3397750Z Fetched https://github.com/apple/swift-certificates.git from cache (1.19s)
2026-10-07T16:01:27.3427330Z [72540/86357] Fetching swift-nio
2026-10-07T16:01:27.3681140Z Fetching https://github.com/apple/swift-crypto.git
2026-10-07T16:01:27.9006750Z [86358/104921] Fetching swift-nio, swift-crypto
2026-10-07T16:01:29.3612640Z Fetched https://github.com/apple/swift-crypto.git from cache (2.01s)
2026-10-07T16:01:29.3714400Z Fetching https://github.com/apple/swift-nio-extras.git
2026-10-07T16:01:30.0672560Z Fetched https://github.com/apple/swift-nio.git from cache (5.38s)
2026-10-07T16:01:30.0862040Z [1/6702] Fetching swift-nio-extras
2026-10-07T16:01:30.0862950Z Fetching https://github.com/apple/swift-algorithms.git
2026-10-07T16:01:30.3558690Z Fetched https://github.com/apple/swift-nio-extras.git from cache (0.98s)
2026-10-07T16:01:30.3682820Z Fetching https://github.com/apple/swift-log.git
2026-10-07T16:01:30.8857880Z [1/6164] Fetching swift-algorithms
2026-10-07T16:01:30.9517100Z [1234/14421] Fetching swift-algorithms, swift-log
2026-10-07T16:01:31.0815670Z Fetched https://github.com/apple/swift-algorithms.git from cache (0.99s)
2026-10-07T16:01:31.0819480Z [8010/8257] Fetching swift-log
2026-10-07T16:01:31.1053470Z Fetching https://github.com/apple/swift-http-structured-headers.git
2026-10-07T16:01:31.2034020Z Fetched https://github.com/apple/swift-log.git from cache (0.83s)
2026-10-07T16:01:31.6305430Z [1/1253] Fetching swift-http-structured-headers
2026-10-07T16:01:31.7360570Z Fetched https://github.com/apple/swift-http-structured-headers.git from cache (0.63s)
2026-10-07T16:01:31.7695810Z Creating working copy for https://github.com/apple/swift-atomics.git
2026-10-07T16:01:31.7715740Z Creating working copy for https://github.com/apple/swift-numerics.git
2026-10-07T16:01:31.7881400Z Creating working copy for https://github.com/apple/swift-system.git
2026-10-07T16:01:32.0042940Z Working copy of https://github.com/apple/swift-numerics.git resolved at 1.1.1
2026-10-07T16:01:32.0210180Z Working copy of https://github.com/apple/swift-system.git resolved at 1.8.1
2026-10-07T16:01:32.0328400Z Creating working copy for https://github.com/apple/swift-protobuf.git
2026-10-07T16:01:32.0406670Z Working copy of https://github.com/apple/swift-atomics.git resolved at 1.3.1
2026-10-07T16:01:32.0559100Z Creating working copy for https://github.com/apple/swift-async-algorithms.git
2026-10-07T16:01:32.0642070Z Creating working copy for https://github.com/apple/swift-http-types.git
2026-10-07T16:01:32.2814120Z Working copy of https://github.com/apple/swift-async-algorithms.git resolved at 1.1.7
2026-10-07T16:01:32.3057560Z Creating working copy for https://github.com/grpc/grpc-swift.git
2026-10-07T16:01:32.3791800Z Working copy of https://github.com/apple/swift-http-types.git resolved at 1.8.0
2026-10-07T16:01:32.4113710Z Creating working copy for https://github.com/apple/swift-collections.git
2026-10-07T16:01:32.9405320Z Working copy of https://github.com/grpc/grpc-swift.git resolved at 1.26.2
2026-10-07T16:01:32.9630950Z Creating working copy for https://github.com/apple/swift-nio-http2.git
2026-10-07T16:01:33.0478490Z Working copy of https://github.com/apple/swift-collections.git resolved at 1.7.1
2026-10-07T16:01:33.0840050Z Creating working copy for https://github.com/apple/swift-nio-ssl.git
2026-10-07T16:01:33.5502770Z Working copy of https://github.com/apple/swift-protobuf.git resolved at 1.38.1
2026-10-07T16:01:33.5982240Z Creating working copy for https://github.com/mattt/eventsource.git
2026-10-07T16:01:33.6623120Z Working copy of https://github.com/apple/swift-nio-http2.git resolved at 1.46.0
2026-10-07T16:01:33.6879710Z Creating working copy for https://github.com/swift-server/swift-service-lifecycle.git
2026-10-07T16:01:33.7296190Z Working copy of https://github.com/mattt/eventsource.git resolved at 1.5.1
2026-10-07T16:01:33.7507990Z Creating working copy for https://github.com/apple/swift-nio.git
2026-10-07T16:01:33.8003990Z Working copy of https://github.com/apple/swift-nio-ssl.git resolved at 2.37.5
2026-10-07T16:01:33.8245540Z Creating working copy for https://github.com/apple/swift-asn1.git
2026-10-07T16:01:33.8251140Z Working copy of https://github.com/swift-server/swift-service-lifecycle.git resolved at 2.12.1
2026-10-07T16:01:33.9402610Z Creating working copy for https://github.com/apple/swift-certificates.git
2026-10-07T16:01:34.0664660Z Working copy of https://github.com/apple/swift-asn1.git resolved at 1.7.3
2026-10-07T16:01:34.0912650Z Creating working copy for https://github.com/apple/swift-crypto.git
2026-10-07T16:01:34.2415450Z Working copy of https://github.com/apple/swift-certificates.git resolved at 1.21.0
2026-10-07T16:01:34.2734840Z Creating working copy for https://github.com/apple/swift-nio-extras.git
2026-10-07T16:01:34.3509470Z Working copy of https://github.com/apple/swift-nio.git resolved at 2.103.0
2026-10-07T16:01:34.3871400Z Creating working copy for https://github.com/apple/swift-algorithms.git
2026-10-07T16:01:34.6005600Z Working copy of https://github.com/apple/swift-nio-extras.git resolved at 1.35.1
2026-10-07T16:01:34.6122310Z Working copy of https://github.com/apple/swift-algorithms.git resolved at 1.2.1
2026-10-07T16:01:34.6309150Z Creating working copy for https://github.com/apple/swift-log.git
2026-10-07T16:01:34.6362990Z Creating working copy for https://github.com/apple/swift-nio-transport-services.git
2026-10-07T16:01:34.7777260Z Working copy of https://github.com/apple/swift-nio-transport-services.git resolved at 1.28.0
2026-10-07T16:01:34.7962670Z Working copy of https://github.com/apple/swift-log.git resolved at 1.15.1
2026-10-07T16:01:34.8106860Z Creating working copy for https://github.com/apple/swift-http-structured-headers.git
2026-10-07T16:01:34.9220190Z Working copy of https://github.com/apple/swift-http-structured-headers.git resolved at 1.7.0
2026-10-07T16:01:34.9619930Z Working copy of https://github.com/apple/swift-crypto.git resolved at 4.5.2
2026-10-07T16:02:04.8783100Z warning: 'rightclick': found 3 file(s) which are unhandled; explicitly declare them as resources or exclude from the target
2026-10-07T16:02:04.8796260Z     /Users/runner/work/rightclick/rightclick/Tests/RightClickCoreTests/Fixtures/MOAT005G3IssuesCreateRequest.json
2026-10-07T16:02:04.8797170Z     /Users/runner/work/rightclick/rightclick/Tests/RightClickCoreTests/Fixtures/MOAT005G4IssuesCreateRealResponse.json
2026-10-07T16:02:04.8798000Z     /Users/runner/work/rightclick/rightclick/Tests/RightClickCoreTests/Fixtures/WindowsActualAcknowledgementDeclaration.json
2026-10-07T16:02:14.7412170Z [1/1] Compiling plugin SwiftProtobufPlugin
2026-10-07T16:02:15.7644470Z [2/2] Compiling plugin GRPCSwiftPlugin
2026-10-07T16:02:15.7650420Z Building for debugging...
2026-10-07T16:02:15.8633860Z [2/484] /Users/runner/work/rightclick/rightclick/.build/arm64-apple-macosx/debug/rightclick-mcpPackageTests.derived/runner.swift
2026-10-07T16:02:15.8786790Z [3/484] Write sources
2026-10-07T16:02:15.8795930Z [3/484] Copying PrivacyInfo.xcprivacy
2026-10-07T16:02:15.8803930Z [7/484] Write sources
2026-10-07T16:02:15.8805080Z [8/484] Write rightclick-probe-entitlement.plist
2026-10-07T16:02:15.8810480Z [9/484] Write rightclick-marker-entitlement.plist
2026-10-07T16:02:15.8815420Z [10/484] Write rightclick-entitlement.plist
2026-10-07T16:02:15.8875780Z [11/484] Write rightclick-ard-probe-entitlement.plist
2026-10-07T16:02:15.8876410Z [12/484] Write sources
2026-10-07T16:02:16.0661840Z [14/484] Write swift-version-7974D3F7F03D5E95.txt
2026-10-07T16:02:16.0670790Z [15/484] Write sources
2026-10-07T16:02:16.4666690Z [16/487] Compiling _AtomicsShims.c
2026-10-07T16:02:18.4709650Z [18/489] Compiling _NIOBase64 Base64.swift
2026-10-07T16:02:18.4815780Z [19/489] Emitting module _NIOBase64
2026-10-07T16:02:18.4927730Z [19/489] Copying PrivacyInfo.xcprivacy
2026-10-07T16:02:18.5012050Z [20/489] Write sources
2026-10-07T16:02:18.6427670Z [23/489] Compiling _NIODataStructures PriorityQueue.swift
2026-10-07T16:02:19.1771160Z [24/539] Emitting module _NIODataStructures
2026-10-07T16:02:19.1878600Z [25/539] Compiling _NIODataStructures Heap.swift
2026-10-07T16:02:19.2708590Z [26/539] Compiling _NIODataStructures _TinyArray.swift
2026-10-07T16:02:19.2810080Z [26/539] Write sources
2026-10-07T16:02:19.6735780Z [28/541] Compiling RightClickProbePrivate RCPrivateExtensionProbe.m
2026-10-07T16:02:19.6858570Z [28/541] Write sources
2026-10-07T16:02:19.8921760Z [30/541] Compiling RightClickHostFiles HostFiles.c
2026-10-07T16:02:34.4617640Z [32/543] Emitting module SwiftProtobuf
2026-10-07T16:02:34.5155550Z [33/567] Compiling SwiftProtobuf AnyMessageStorage.swift
2026-10-07T16:02:34.5278140Z [34/567] Compiling SwiftProtobuf AnyUnpackError.swift
2026-10-07T16:02:34.5380170Z [35/567] Compiling SwiftProtobuf AsyncMessageSequence.swift
2026-10-07T16:02:34.5487120Z [36/567] Compiling SwiftProtobuf BinaryDecoder.swift
2026-10-07T16:02:34.5590620Z [37/567] Compiling SwiftProtobuf BinaryDecodingError.swift
2026-10-07T16:02:34.5718480Z [38/567] Compiling SwiftProtobuf BinaryDecodingOptions.swift
2026-10-07T16:02:34.5821920Z [39/567] Compiling SwiftProtobuf BinaryDelimited.swift
2026-10-07T16:02:34.5928560Z [40/567] Compiling SwiftProtobuf BinaryEncoder.swift
2026-10-07T16:02:34.6030340Z [41/567] Compiling SwiftProtobuf BinaryEncodingError.swift
2026-10-07T16:02:34.6150620Z [42/567] Compiling SwiftProtobuf BinaryEncodingOptions.swift
2026-10-07T16:02:34.6254870Z [43/567] Compiling SwiftProtobuf BinaryEncodingSizeVisitor.swift
2026-10-07T16:02:34.6255460Z [44/567] Compiling SwiftProtobuf BinaryEncodingVisitor.swift
2026-10-07T16:02:34.6357150Z [45/567] Compiling SwiftProtobuf BytecodeInterpreter.swift
2026-10-07T16:02:34.6459270Z [46/567] Compiling SwiftProtobuf BytecodeReader.swift
2026-10-07T16:02:34.6558490Z [47/567] Compiling SwiftProtobuf CustomJSONCodable.swift
2026-10-07T16:02:34.6661140Z [48/567] Compiling SwiftProtobuf Decoder.swift
2026-10-07T16:02:34.6798570Z [49/567] Compiling SwiftProtobuf DoubleParser.swift
2026-10-07T16:02:34.6925220Z [50/567] Compiling SwiftProtobuf Enum.swift
2026-10-07T16:02:34.7053460Z [51/567] Compiling SwiftProtobuf ExtensibleMessage.swift
2026-10-07T16:02:34.7131540Z [52/567] Compiling SwiftProtobuf ExtensionFieldValueSet.swift
2026-10-07T16:02:34.7200490Z [53/567] Compiling SwiftProtobuf ExtensionFields.swift
2026-10-07T16:02:34.7206040Z [54/567] Compiling SwiftProtobuf ExtensionMap.swift
2026-10-07T16:02:34.7206490Z [55/567] Compiling SwiftProtobuf FieldTag.swift
2026-10-07T16:02:34.7206950Z [56/567] Compiling SwiftProtobuf FieldTypes.swift
2026-10-07T16:02:34.7207520Z [57/567] Compiling SwiftProtobuf Google_Protobuf_Any+Extensions.swift
2026-10-07T16:02:34.7208000Z [58/567] Compiling SwiftProtobuf Google_Protobuf_Any+Registry.swift
2026-10-07T16:02:34.7226680Z [59/567] Compiling SwiftProtobuf Google_Protobuf_Duration+Extensions.swift
2026-10-07T16:02:34.7227350Z [60/567] Compiling SwiftProtobuf Google_Protobuf_FieldMask+Extensions.swift
2026-10-07T16:02:34.7227870Z [61/567] Compiling SwiftProtobuf Google_Protobuf_ListValue+Extensions.swift
2026-10-07T16:02:34.7228390Z [62/567] Compiling SwiftProtobuf Google_Protobuf_NullValue+Extensions.swift
2026-10-07T16:02:34.7228850Z [63/567] Compiling SwiftProtobuf Google_Protobuf_Struct+Extensions.swift
2026-10-07T16:02:34.7229360Z [64/567] Compiling SwiftProtobuf Google_Protobuf_Timestamp+Extensions.swift
2026-10-07T16:02:34.7230930Z [65/567] Compiling SwiftProtobuf Google_Protobuf_Value+Extensions.swift
2026-10-07T16:02:34.7231530Z [66/567] Compiling SwiftProtobuf Google_Protobuf_Wrappers+Extensions.swift
2026-10-07T16:02:34.7233050Z [67/567] Compiling SwiftProtobuf HashVisitor.swift
2026-10-07T16:02:34.7233410Z [68/567] Compiling SwiftProtobuf Internal.swift
2026-10-07T16:02:34.7233810Z [69/567] Compiling SwiftProtobuf JSONDecoder.swift
2026-10-07T16:02:34.7234150Z [70/567] Compiling SwiftProtobuf JSONDecodingError.swift
2026-10-07T16:02:34.7244520Z [71/567] Compiling SwiftProtobuf JSONDecodingOptions.swift
2026-10-07T16:02:34.7244990Z [72/567] Compiling SwiftProtobuf JSONEncoder.swift
2026-10-07T16:02:34.7245430Z [73/567] Compiling SwiftProtobuf JSONEncodingError.swift
2026-10-07T16:02:34.7245780Z [74/567] Compiling SwiftProtobuf JSONEncodingOptions.swift
2026-10-07T16:02:34.7247450Z [75/567] Compiling SwiftProtobuf JSONEncodingVisitor.swift
2026-10-07T16:02:34.7248450Z [76/567] Compiling SwiftProtobuf JSONMapEncodingVisitor.swift
2026-10-07T16:02:34.7249440Z [77/567] Compiling SwiftProtobuf JSONScanner.swift
2026-10-07T16:02:34.7250320Z [78/567] Compiling SwiftProtobuf MathUtils.swift
2026-10-07T16:02:34.7251210Z [79/567] Compiling SwiftProtobuf Message+AnyAdditions.swift
2026-10-07T16:02:34.7252350Z [80/567] Compiling SwiftProtobuf Message+BinaryAdditions.swift
2026-10-07T16:02:38.0003180Z [81/590] Emitting module RightClickMarker
2026-10-07T16:02:38.0096330Z [82/590] Compiling RightClickMarker main.swift
2026-10-07T16:02:38.0308150Z [82/590] Write sources
2026-10-07T16:02:38.0410370Z [83/590] Write Objects.LinkFileList
2026-10-07T16:02:38.0512170Z [84/590] Write sources
2026-10-07T16:02:39.4452170Z [85/590] Linking rightclick-marker
2026-10-07T16:02:39.4564740Z [86/590] Write sources
2026-10-07T16:02:39.5809260Z [87/590] Applying rightclick-marker
2026-10-07T16:02:39.5908420Z [88/590] Write sources
2026-10-07T16:02:40.5529260Z [94/592] Compiling SwiftProtobuf Message+BinaryAdditions_Data.swift
2026-10-07T16:02:40.5626960Z [95/592] Compiling SwiftProtobuf Message+FieldMask.swift
2026-10-07T16:02:40.5729210Z [96/592] Compiling SwiftProtobuf Message+JSONAdditions.swift
2026-10-07T16:02:40.5830720Z [97/592] Compiling SwiftProtobuf Message+JSONAdditions_Data.swift
2026-10-07T16:02:40.5936670Z [98/592] Compiling SwiftProtobuf Message+JSONArrayAdditions.swift
2026-10-07T16:02:40.6037370Z [99/592] Compiling SwiftProtobuf Message+JSONArrayAdditions_Data.swift
2026-10-07T16:02:40.6139310Z [100/592] Compiling SwiftProtobuf Message+TextFormatAdditions.swift
2026-10-07T16:02:40.6240940Z [101/592] Compiling SwiftProtobuf Message.swift
2026-10-07T16:02:40.6342380Z [102/592] Compiling SwiftProtobuf MessageExtension.swift
2026-10-07T16:02:40.6443200Z [103/592] Compiling SwiftProtobuf NameMap.swift
2026-10-07T16:02:40.6549350Z [104/592] Compiling SwiftProtobuf PathDecoder.swift
2026-10-07T16:02:40.6655580Z [105/592] Compiling SwiftProtobuf PathVisitor.swift
2026-10-07T16:02:40.6754360Z [106/592] Compiling SwiftProtobuf ProtoNameProviding.swift
2026-10-07T16:02:40.6857120Z [107/592] Compiling SwiftProtobuf ProtobufAPIVersionCheck.swift
2026-10-07T16:02:40.6959860Z [108/592] Compiling SwiftProtobuf ProtobufMap.swift
2026-10-07T16:02:40.7066250Z [109/592] Compiling SwiftProtobuf SelectiveVisitor.swift
2026-10-07T16:02:40.7167920Z [110/592] Compiling SwiftProtobuf SimpleExtensionMap.swift
2026-10-07T16:02:40.7274600Z [111/592] Compiling SwiftProtobuf StringUtils.swift
2026-10-07T16:02:40.7394670Z [112/592] Compiling SwiftProtobuf SwiftProtobufContiguousBytes.swift
2026-10-07T16:02:40.7535980Z [113/592] Compiling SwiftProtobuf SwiftProtobufError.swift
2026-10-07T16:02:40.7662800Z [114/592] Compiling SwiftProtobuf TextFormatDecoder.swift
2026-10-07T16:02:40.7664450Z [115/592] Compiling SwiftProtobuf TextFormatDecodingError.swift
2026-10-07T16:02:40.7770520Z [116/592] Compiling SwiftProtobuf TextFormatDecodingOptions.swift
2026-10-07T16:02:40.7876510Z [117/592] Compiling SwiftProtobuf TextFormatEncoder.swift
2026-10-07T16:02:40.7978050Z [118/592] Emitting module RightClickARD
2026-10-07T16:02:40.8090210Z [119/592] Compiling RightClickARD ARD.swift
2026-10-07T16:02:40.8203740Z [119/592] Write sources
2026-10-07T16:02:42.0226350Z [121/594] Emitting module RightClickProbe
2026-10-07T16:02:42.0329530Z /Users/runner/work/rightclick/rightclick/Sources/RightClickProbe/main.swift:231:27: warning: 'postOnFacebook' was deprecated in macOS 10.14: This service is no longer included with the system. [#DeprecatedDeclaration]
2026-10-07T16:02:42.0451610Z  229 |     KnownShareName(name: .useAsDesktopPicture, status: "PUBLIC_SUPPORTED"),
2026-10-07T16:02:42.0565570Z  230 |     KnownShareName(name: .cloudSharing, status: "PUBLIC_SUPPORTED"),
2026-10-07T16:02:42.0668680Z  231 |     KnownShareName(name: .postOnFacebook, status: "PUBLIC_DEPRECATED"),
2026-10-07T16:02:42.0778230Z      |                           `- warning: 'postOnFacebook' was deprecated in macOS 10.14: This service is no longer included with the system. [#DeprecatedDeclaration]
2026-10-07T16:02:42.0910520Z  232 |     KnownShareName(name: .postOnTwitter, status: "PUBLIC_DEPRECATED"),
2026-10-07T16:02:42.1028580Z  233 |     KnownShareName(name: .postOnSinaWeibo, status: "PUBLIC_DEPRECATED"),
2026-10-07T16:02:42.1032810Z 
2026-10-07T16:02:42.1145350Z /Users/runner/work/rightclick/rightclick/Sources/RightClickProbe/main.swift:232:27: warning: 'postOnTwitter' was deprecated in macOS 10.14: This service is no longer included with the system. [#DeprecatedDeclaration]
2026-10-07T16:02:42.1272050Z  230 |     KnownShareName(name: .cloudSharing, status: "PUBLIC_SUPPORTED"),
2026-10-07T16:02:42.1378620Z  231 |     KnownShareName(name: .postOnFacebook, status: "PUBLIC_DEPRECATED"),
2026-10-07T16:02:42.1493210Z  232 |     KnownShareName(name: .postOnTwitter, status: "PUBLIC_DEPRECATED"),
2026-10-07T16:02:42.1617300Z      |                           `- warning: 'postOnTwitter' was deprecated in macOS 10.14: This service is no longer included with the system. [#DeprecatedDeclaration]
2026-10-07T16:02:42.1736700Z  233 |     KnownShareName(name: .postOnSinaWeibo, status: "PUBLIC_DEPRECATED"),
2026-10-07T16:02:42.1862530Z  234 |     KnownShareName(name: .postOnTencentWeibo, status: "PUBLIC_DEPRECATED"),
2026-10-07T16:02:42.1976690Z 
2026-10-07T16:02:42.2115090Z /Users/runner/work/rightclick/rightclick/Sources/RightClickProbe/main.swift:233:27: warning: 'postOnSinaWeibo' was deprecated in macOS 10.14: This service is no longer included with the system. [#DeprecatedDeclaration]
2026-10-07T16:02:42.2217720Z  231 |     KnownShareName(name: .postOnFacebook, status: "PUBLIC_DEPRECATED"),
2026-10-07T16:02:42.2324110Z  232 |     KnownShareName(name: .postOnTwitter, status: "PUBLIC_DEPRECATED"),
2026-10-07T16:02:42.2617540Z  233 |     KnownShareName(name: .postOnSinaWeibo, status: "PUBLIC_DEPRECATED"),
2026-10-07T16:02:42.2719260Z      |                           `- warning: 'postOnSinaWeibo' was deprecated in macOS 10.14: This service is no longer included with the system. [#DeprecatedDeclaration]
2026-10-07T16:02:42.2821630Z  234 |     KnownShareName(name: .postOnTencentWeibo, status: "PUBLIC_DEPRECATED"),
2026-10-07T16:02:42.2924300Z  235 |     KnownShareName(name: .postOnLinkedIn, status: "PUBLIC_DEPRECATED"),
2026-10-07T16:02:42.3036470Z 
2026-10-07T16:02:42.3140790Z /Users/runner/work/rightclick/rightclick/Sources/RightClickProbe/main.swift:234:27: warning: 'postOnTencentWeibo' was deprecated in macOS 10.14: This service is no longer included with the system. [#DeprecatedDeclaration]
2026-10-07T16:02:42.3258220Z  232 |     KnownShareName(name: .postOnTwitter, status: "PUBLIC_DEPRECATED"),
2026-10-07T16:02:42.3361660Z  233 |     KnownShareName(name: .postOnSinaWeibo, status: "PUBLIC_DEPRECATED"),
2026-10-07T16:02:42.3471020Z  234 |     KnownShareName(name: .postOnTencentWeibo, status: "PUBLIC_DEPRECATED"),
2026-10-07T16:02:42.3583000Z      |                           `- warning: 'postOnTencentWeibo' was deprecated in macOS 10.14: This service is no longer included with the system. [#DeprecatedDeclaration]
2026-10-07T16:02:42.3686160Z  235 |     KnownShareName(name: .postOnLinkedIn, status: "PUBLIC_DEPRECATED"),
2026-10-07T16:02:42.3802280Z  236 |     KnownShareName(name: .postImageOnFlickr, status: "PUBLIC_DEPRECATED"),
2026-10-07T16:02:42.3923490Z 
2026-10-07T16:02:42.4026350Z /Users/runner/work/rightclick/rightclick/Sources/RightClickProbe/main.swift:235:27: warning: 'postOnLinkedIn' was deprecated in macOS 10.14: This service is no longer included with the system. [#DeprecatedDeclaration]
2026-10-07T16:02:42.4151130Z  233 |     KnownShareName(name: .postOnSinaWeibo, status: "PUBLIC_DEPRECATED"),
2026-10-07T16:02:42.4269760Z  234 |     KnownShareName(name: .postOnTencentWeibo, status: "PUBLIC_DEPRECATED"),
2026-10-07T16:02:42.4378270Z  235 |     KnownShareName(name: .postOnLinkedIn, status: "PUBLIC_DEPRECATED"),
2026-10-07T16:02:42.4481650Z      |                           `- warning: 'postOnLinkedIn' was deprecated in macOS 10.14: This service is no longer included with the system. [#DeprecatedDeclaration]
2026-10-07T16:02:42.4529240Z  236 |     KnownShareName(name: .postImageOnFlickr, status: "PUBLIC_DEPRECATED"),
2026-10-07T16:02:42.4631070Z  237 |     KnownShareName(name: .postVideoOnVimeo, status: "PUBLIC_DEPRECATED"),
2026-10-07T16:02:42.4732130Z 
2026-10-07T16:02:42.4833540Z /Users/runner/work/rightclick/rightclick/Sources/RightClickProbe/main.swift:236:27: warning: 'postImageOnFlickr' was deprecated in macOS 10.14: This service is no longer included with the system. [#DeprecatedDeclaration]
2026-10-07T16:02:42.4935590Z  234 |     KnownShareName(name: .postOnTencentWeibo, status: "PUBLIC_DEPRECATED"),
2026-10-07T16:02:42.5037150Z  235 |     KnownShareName(name: .postOnLinkedIn, status: "PUBLIC_DEPRECATED"),
2026-10-07T16:02:42.5157350Z  236 |     KnownShareName(name: .postImageOnFlickr, status: "PUBLIC_DEPRECATED"),
2026-10-07T16:02:42.5260310Z      |                           `- warning: 'postImageOnFlickr' was deprecated in macOS 10.14: This service is no longer included with the system. [#DeprecatedDeclaration]
2026-10-07T16:02:42.5363290Z  237 |     KnownShareName(name: .postVideoOnVimeo, status: "PUBLIC_DEPRECATED"),
2026-10-07T16:02:42.5465090Z  238 |     KnownShareName(name: .postVideoOnYouku, status: "PUBLIC_DEPRECATED"),
2026-10-07T16:02:42.5566150Z 
2026-10-07T16:02:42.5667510Z /Users/runner/work/rightclick/rightclick/Sources/RightClickProbe/main.swift:237:27: warning: 'postVideoOnVimeo' was deprecated in macOS 10.14: This service is no longer included with the system. [#DeprecatedDeclaration]
2026-10-07T16:02:42.5769270Z  235 |     KnownShareName(name: .postOnLinkedIn, status: "PUBLIC_DEPRECATED"),
2026-10-07T16:02:42.5870840Z  236 |     KnownShareName(name: .postImageOnFlickr, status: "PUBLIC_DEPRECATED"),
2026-10-07T16:02:42.5977680Z  237 |     KnownShareName(name: .postVideoOnVimeo, status: "PUBLIC_DEPRECATED"),
2026-10-07T16:02:42.6089080Z      |                           `- warning: 'postVideoOnVimeo' was deprecated in macOS 10.14: This service is no longer included with the system. [#DeprecatedDeclaration]
2026-10-07T16:02:42.6163610Z  238 |     KnownShareName(name: .postVideoOnYouku, status: "PUBLIC_DEPRECATED"),
2026-10-07T16:02:42.6265420Z  239 |     KnownShareName(name: .postVideoOnTudou, status: "PUBLIC_DEPRECATED"),
2026-10-07T16:02:42.6366330Z 
2026-10-07T16:02:42.6467750Z /Users/runner/work/rightclick/rightclick/Sources/RightClickProbe/main.swift:238:27: warning: 'postVideoOnYouku' was deprecated in macOS 10.14: This service is no longer included with the system. [#DeprecatedDeclaration]
2026-10-07T16:02:42.6570530Z  236 |     KnownShareName(name: .postImageOnFlickr, status: "PUBLIC_DEPRECATED"),
2026-10-07T16:02:42.6674630Z  237 |     KnownShareName(name: .postVideoOnVimeo, status: "PUBLIC_DEPRECATED"),
2026-10-07T16:02:42.6776910Z  238 |     KnownShareName(name: .postVideoOnYouku, status: "PUBLIC_DEPRECATED"),
2026-10-07T16:02:42.6879230Z      |                           `- warning: 'postVideoOnYouku' was deprecated in macOS 10.14: This service is no longer included with the system. [#DeprecatedDeclaration]
2026-10-07T16:02:42.6983540Z  239 |     KnownShareName(name: .postVideoOnTudou, status: "PUBLIC_DEPRECATED"),
2026-10-07T16:02:42.7086490Z  240 | ]
2026-10-07T16:02:42.7192030Z 
2026-10-07T16:02:42.7335430Z /Users/runner/work/rightclick/rightclick/Sources/RightClickProbe/main.swift:239:27: warning: 'postVideoOnTudou' was deprecated in macOS 10.14: This service is no longer included with the system. [#DeprecatedDeclaration]
2026-10-07T16:02:42.7444340Z  237 |     KnownShareName(name: .postVideoOnVimeo, status: "PUBLIC_DEPRECATED"),
2026-10-07T16:02:42.7586120Z  238 |     KnownShareName(name: .postVideoOnYouku, status: "PUBLIC_DEPRECATED"),
2026-10-07T16:02:42.7714900Z  239 |     KnownShareName(name: .postVideoOnTudou, status: "PUBLIC_DEPRECATED"),
2026-10-07T16:02:42.7833180Z      |                           `- warning: 'postVideoOnTudou' was deprecated in macOS 10.14: This service is no longer included with the system. [#DeprecatedDeclaration]
2026-10-07T16:02:42.7954770Z  240 | ]
2026-10-07T16:02:42.8080170Z  241 | 
2026-10-07T16:02:42.8207280Z 
2026-10-07T16:02:42.8327300Z [#DeprecatedDeclaration]: <https://docs.swift.org/compiler/documentation/diagnostics/deprecated-declaration>
2026-10-07T16:02:42.9690490Z [122/594] Compiling RightClickProbe main.swift
2026-10-07T16:02:42.9806640Z /Users/runner/work/rightclick/rightclick/Sources/RightClickProbe/main.swift:231:27: warning: 'postOnFacebook' was deprecated in macOS 10.14: This service is no longer included with the system. [#DeprecatedDeclaration]
2026-10-07T16:02:42.9910400Z  229 |     KnownShareName(name: .useAsDesktopPicture, status: "PUBLIC_SUPPORTED"),
2026-10-07T16:02:43.0012680Z  230 |     KnownShareName(name: .cloudSharing, status: "PUBLIC_SUPPORTED"),
2026-10-07T16:02:43.0114660Z  231 |     KnownShareName(name: .postOnFacebook, status: "PUBLIC_DEPRECATED"),
2026-10-07T16:02:43.0218700Z      |                           `- warning: 'postOnFacebook' was deprecated in macOS 10.14: This service is no longer included with the system. [#DeprecatedDeclaration]
2026-10-07T16:02:43.0322170Z  232 |     KnownShareName(name: .postOnTwitter, status: "PUBLIC_DEPRECATED"),
2026-10-07T16:02:43.0424580Z  233 |     KnownShareName(name: .postOnSinaWeibo, status: "PUBLIC_DEPRECATED"),
2026-10-07T16:02:43.0526560Z 
2026-10-07T16:02:43.0628490Z /Users/runner/work/rightclick/rightclick/Sources/RightClickProbe/main.swift:232:27: warning: 'postOnTwitter' was deprecated in macOS 10.14: This service is no longer included with the system. [#DeprecatedDeclaration]
2026-10-07T16:02:43.0732060Z  230 |     KnownShareName(name: .cloudSharing, status: "PUBLIC_SUPPORTED"),
2026-10-07T16:02:43.0833950Z  231 |     KnownShareName(name: .postOnFacebook, status: "PUBLIC_DEPRECATED"),
2026-10-07T16:02:43.0935630Z  232 |     KnownShareName(name: .postOnTwitter, status: "PUBLIC_DEPRECATED"),
2026-10-07T16:02:43.1036520Z      |                           `- warning: 'postOnTwitter' was deprecated in macOS 10.14: This service is no longer included with the system. [#DeprecatedDeclaration]
2026-10-07T16:02:43.1138150Z  233 |     KnownShareName(name: .postOnSinaWeibo, status: "PUBLIC_DEPRECATED"),
2026-10-07T16:02:43.1242640Z  234 |     KnownShareName(name: .postOnTencentWeibo, status: "PUBLIC_DEPRECATED"),
2026-10-07T16:02:43.1380480Z 
2026-10-07T16:02:43.1484960Z /Users/runner/work/rightclick/rightclick/Sources/RightClickProbe/main.swift:233:27: warning: 'postOnSinaWeibo' was deprecated in macOS 10.14: This service is no longer included with the system. [#DeprecatedDeclaration]
2026-10-07T16:02:43.1590190Z  231 |     KnownShareName(name: .postOnFacebook, status: "PUBLIC_DEPRECATED"),
2026-10-07T16:02:43.1692750Z  232 |     KnownShareName(name: .postOnTwitter, status: "PUBLIC_DEPRECATED"),
2026-10-07T16:02:43.1794400Z  233 |     KnownShareName(name: .postOnSinaWeibo, status: "PUBLIC_DEPRECATED"),
2026-10-07T16:02:43.1895230Z      |                           `- warning: 'postOnSinaWeibo' was deprecated in macOS 10.14: This service is no longer included with the system. [#DeprecatedDeclaration]
2026-10-07T16:02:43.1996870Z  234 |     KnownShareName(name: .postOnTencentWeibo, status: "PUBLIC_DEPRECATED"),
2026-10-07T16:02:43.2097700Z  235 |     KnownShareName(name: .postOnLinkedIn, status: "PUBLIC_DEPRECATED"),
2026-10-07T16:02:43.2198390Z 
2026-10-07T16:02:43.2300070Z /Users/runner/work/rightclick/rightclick/Sources/RightClickProbe/main.swift:234:27: warning: 'postOnTencentWeibo' was deprecated in macOS 10.14: This service is no longer included with the system. [#DeprecatedDeclaration]
2026-10-07T16:02:43.2401280Z  232 |     KnownShareName(name: .postOnTwitter, status: "PUBLIC_DEPRECATED"),
2026-10-07T16:02:43.2510980Z  233 |     KnownShareName(name: .postOnSinaWeibo, status: "PUBLIC_DEPRECATED"),
2026-10-07T16:02:43.2612020Z  234 |     KnownShareName(name: .postOnTencentWeibo, status: "PUBLIC_DEPRECATED"),
2026-10-07T16:02:43.2713850Z      |                           `- warning: 'postOnTencentWeibo' was deprecated in macOS 10.14: This service is no longer included with the system. [#DeprecatedDeclaration]
2026-10-07T16:02:43.2814190Z  235 |     KnownShareName(name: .postOnLinkedIn, status: "PUBLIC_DEPRECATED"),
2026-10-07T16:02:43.2914510Z  236 |     KnownShareName(name: .postImageOnFlickr, status: "PUBLIC_DEPRECATED"),
2026-10-07T16:02:43.3015870Z 
2026-10-07T16:02:43.3118510Z /Users/runner/work/rightclick/rightclick/Sources/RightClickProbe/main.swift:235:27: warning: 'postOnLinkedIn' was deprecated in macOS 10.14: This service is no longer included with the system. [#DeprecatedDeclaration]
2026-10-07T16:02:43.3218390Z  233 |     KnownShareName(name: .postOnSinaWeibo, status: "PUBLIC_DEPRECATED"),
2026-10-07T16:02:43.3322150Z  234 |     KnownShareName(name: .postOnTencentWeibo, status: "PUBLIC_DEPRECATED"),
2026-10-07T16:02:43.3428460Z  235 |     KnownShareName(name: .postOnLinkedIn, status: "PUBLIC_DEPRECATED"),
2026-10-07T16:02:43.3531220Z      |                           `- warning: 'postOnLinkedIn' was deprecated in macOS 10.14: This service is no longer included with the system. [#DeprecatedDeclaration]
2026-10-07T16:02:43.3634850Z  236 |     KnownShareName(name: .postImageOnFlickr, status: "PUBLIC_DEPRECATED"),
2026-10-07T16:02:43.3736240Z  237 |     KnownShareName(name: .postVideoOnVimeo, status: "PUBLIC_DEPRECATED"),
2026-10-07T16:02:43.3836350Z 
2026-10-07T16:02:43.3939580Z /Users/runner/work/rightclick/rightclick/Sources/RightClickProbe/main.swift:236:27: warning: 'postImageOnFlickr' was deprecated in macOS 10.14: This service is no longer included with the system. [#DeprecatedDeclaration]
2026-10-07T16:02:43.4039420Z  234 |     KnownShareName(name: .postOnTencentWeibo, status: "PUBLIC_DEPRECATED"),
2026-10-07T16:02:43.4141460Z  235 |     KnownShareName(name: .postOnLinkedIn, status: "PUBLIC_DEPRECATED"),
2026-10-07T16:02:43.4241950Z  236 |     KnownShareName(name: .postImageOnFlickr, status: "PUBLIC_DEPRECATED"),
2026-10-07T16:02:43.4342860Z      |                           `- warning: 'postImageOnFlickr' was deprecated in macOS 10.14: This service is no longer included with the system. [#DeprecatedDeclaration]
2026-10-07T16:02:43.4444070Z  237 |     KnownShareName(name: .postVideoOnVimeo, status: "PUBLIC_DEPRECATED"),
2026-10-07T16:02:43.4545320Z  238 |     KnownShareName(name: .postVideoOnYouku, status: "PUBLIC_DEPRECATED"),
2026-10-07T16:02:43.4645250Z 
2026-10-07T16:02:43.4746580Z /Users/runner/work/rightclick/rightclick/Sources/RightClickProbe/main.swift:237:27: warning: 'postVideoOnVimeo' was deprecated in macOS 10.14: This service is no longer included with the system. [#DeprecatedDeclaration]
2026-10-07T16:02:43.4846660Z  235 |     KnownShareName(name: .postOnLinkedIn, status: "PUBLIC_DEPRECATED"),
2026-10-07T16:02:43.4955910Z  236 |     KnownShareName(name: .postImageOnFlickr, status: "PUBLIC_DEPRECATED"),
2026-10-07T16:02:43.5058280Z  237 |     KnownShareName(name: .postVideoOnVimeo, status: "PUBLIC_DEPRECATED"),
2026-10-07T16:02:43.5163290Z      |                           `- warning: 'postVideoOnVimeo' was deprecated in macOS 10.14: This service is no longer included with the system. [#DeprecatedDeclaration]
2026-10-07T16:02:43.5272500Z  238 |     KnownShareName(name: .postVideoOnYouku, status: "PUBLIC_DEPRECATED"),
2026-10-07T16:02:43.5373960Z  239 |     KnownShareName(name: .postVideoOnTudou, status: "PUBLIC_DEPRECATED"),
2026-10-07T16:02:43.5489120Z 
2026-10-07T16:02:43.5592160Z /Users/runner/work/rightclick/rightclick/Sources/RightClickProbe/main.swift:238:27: warning: 'postVideoOnYouku' was deprecated in macOS 10.14: This service is no longer included with the system. [#DeprecatedDeclaration]
2026-10-07T16:02:43.5726110Z  236 |     KnownShareName(name: .postImageOnFlickr, status: "PUBLIC_DEPRECATED"),
2026-10-07T16:02:43.5727020Z  237 |     KnownShareName(name: .postVideoOnVimeo, status: "PUBLIC_DEPRECATED"),
2026-10-07T16:02:43.5834080Z  238 |     KnownShareName(name: .postVideoOnYouku, status: "PUBLIC_DEPRECATED"),
2026-10-07T16:02:43.5941360Z      |                           `- warning: 'postVideoOnYouku' was deprecated in macOS 10.14: This service is no longer included with the system. [#DeprecatedDeclaration]
2026-10-07T16:02:43.6045050Z  239 |     KnownShareName(name: .postVideoOnTudou, status: "PUBLIC_DEPRECATED"),
2026-10-07T16:02:43.6147490Z  240 | ]
2026-10-07T16:02:43.6272400Z 
2026-10-07T16:02:43.6329900Z /Users/runner/work/rightclick/rightclick/Sources/RightClickProbe/main.swift:239:27: warning: 'postVideoOnTudou' was deprecated in macOS 10.14: This service is no longer included with the system. [#DeprecatedDeclaration]
2026-10-07T16:02:43.6433670Z  237 |     KnownShareName(name: .postVideoOnVimeo, status: "PUBLIC_DEPRECATED"),
2026-10-07T16:02:43.6537210Z  238 |     KnownShareName(name: .postVideoOnYouku, status: "PUBLIC_DEPRECATED"),
2026-10-07T16:02:43.6640010Z  239 |     KnownShareName(name: .postVideoOnTudou, status: "PUBLIC_DEPRECATED"),
2026-10-07T16:02:43.6743860Z      |                           `- warning: 'postVideoOnTudou' was deprecated in macOS 10.14: This service is no longer included with the system. [#DeprecatedDeclaration]
2026-10-07T16:02:43.6847310Z  240 | ]
2026-10-07T16:02:43.6949940Z  241 | 
2026-10-07T16:02:43.7051340Z 
2026-10-07T16:02:43.7153290Z /Users/runner/work/rightclick/rightclick/Sources/RightClickProbe/main.swift:582:30: warning: 'sharingServices(forItems:)' was deprecated in macOS 13.0: Use -[NSSharingServicePicker standardShareMenuItem] instead. [#DeprecatedDeclaration]
2026-10-07T16:02:43.7264670Z  580 |         var errors: [String] = []
2026-10-07T16:02:43.7367550Z  581 |         let deprecated = safeShares {
2026-10-07T16:02:43.7470530Z  582 |             NSSharingService.sharingServices(forItems: items).map {
2026-10-07T16:02:43.7574380Z      |                              `- warning: 'sharingServices(forItems:)' was deprecated in macOS 13.0: Use -[NSSharingServicePicker standardShareMenuItem] instead. [#DeprecatedDeclaration]
2026-10-07T16:02:43.7678750Z  583 |                 record(for: $0, items: items, sourceAPI: "NSSharingService.sharingServices(forItems:) PUBLIC_DEPRECATED")
2026-10-07T16:02:43.7781160Z  584 |             }
2026-10-07T16:02:43.7883080Z 
2026-10-07T16:02:43.7986650Z /Users/runner/work/rightclick/rightclick/Sources/RightClickProbe/main.swift:748:39: warning: 'sharingServices(forItems:)' was deprecated in macOS 13.0: Use -[NSSharingServicePicker standardShareMenuItem] instead. [#DeprecatedDeclaration]
2026-10-07T16:02:43.8090320Z  746 | func executeHarmlessShare(fixtures: FixtureSet) -> SharingExecution {
2026-10-07T16:02:43.8193780Z  747 |     let items: [Any] = [fixtures.webURL as NSURL]
2026-10-07T16:02:43.8295630Z  748 |     let discovered = NSSharingService.sharingServices(forItems: items)
2026-10-07T16:02:43.8405330Z      |                                       `- warning: 'sharingServices(forItems:)' was deprecated in macOS 13.0: Use -[NSSharingServicePicker standardShareMenuItem] instead. [#DeprecatedDeclaration]
2026-10-07T16:02:43.8507810Z  749 |     let titles = discovered.map(\.title)
2026-10-07T16:02:43.8609660Z  750 |     let readingListName = NSSharingService.Name.addToSafariReadingList
2026-10-07T16:02:43.8710790Z 
2026-10-07T16:02:43.8813920Z [#DeprecatedDeclaration]: <https://docs.swift.org/compiler/documentation/diagnostics/deprecated-declaration>
2026-10-07T16:02:45.7765210Z [123/596] Emitting module RightClickARDProbe
2026-10-07T16:02:45.7867590Z [124/596] Compiling RightClickARDProbe main.swift
2026-10-07T16:02:45.7970320Z [124/596] Write Objects.LinkFileList
2026-10-07T16:02:45.8073770Z [124/596] Write sources
2026-10-07T16:02:45.8199010Z [130/596] Linking rightclick-probe
2026-10-07T16:02:45.8301080Z [131/596] Write Objects.LinkFileList
2026-10-07T16:02:45.8404470Z [132/596] Applying rightclick-probe
2026-10-07T16:02:45.8505700Z [133/596] Linking rightclick-ard-probe
2026-10-07T16:02:45.8607590Z [134/596] Write sources
2026-10-07T16:02:45.8709100Z [135/596] Applying rightclick-ard-probe
2026-10-07T16:02:45.8810560Z [136/596] Write sources
2026-10-07T16:02:45.9371410Z [146/605] Compiling Logging LogEvent.swift
2026-10-07T16:02:45.9473250Z [147/605] Compiling Logging LogHandler.swift
2026-10-07T16:02:45.9574950Z [148/605] Compiling Logging Logger+Attributes.swift
2026-10-07T16:02:45.9677960Z [149/605] Compiling Logging Logger+With.swift
2026-10-07T16:02:46.3434970Z [150/608] Emitting module Logging
2026-10-07T16:02:46.3547770Z [151/608] Compiling Logging MultiplexLogHandler.swift
2026-10-07T16:02:46.3650190Z [152/608] Compiling Logging StreamLogHandler.swift
2026-10-07T16:02:46.3765340Z [153/608] Compiling Logging SwiftLogNoOpLogHandler.swift
2026-10-07T16:02:46.3873630Z [154/608] Compiling Logging Locks.swift
2026-10-07T16:02:46.7673090Z [155/608] Compiling Logging Logger.swift
2026-10-07T16:02:46.7776090Z [156/608] Compiling Logging LoggingSystem.swift
2026-10-07T16:02:46.7877920Z [157/608] Compiling Logging MetadataProvider.swift
2026-10-07T16:02:48.3634850Z [158/629] Emitting module InternalCollectionsUtilities
2026-10-07T16:02:48.3864080Z [159/639] Compiling InternalCollectionsUtilities BorrowingIteratorProtocol+Equality.swift
2026-10-07T16:02:48.3975320Z [160/639] Compiling InternalCollectionsUtilities BorrowingIteratorProtocol+Extras.swift
2026-10-07T16:02:48.4086750Z [161/639] Compiling InternalCollectionsUtilities Debugging.swift
2026-10-07T16:02:48.4189940Z [162/639] Compiling InternalCollectionsUtilities Descriptions.swift
2026-10-07T16:02:48.4302510Z [163/639] Compiling InternalCollectionsUtilities FixedWidthInteger+roundUpToPowerOfTwo.swift
2026-10-07T16:02:48.4409850Z [164/639] Compiling InternalCollectionsUtilities Integer rank.swift
2026-10-07T16:02:48.4531500Z [165/639] Compiling InternalCollectionsUtilities UInt+first and last set bit.swift
2026-10-07T16:02:48.4651930Z [166/639] Compiling InternalCollectionsUtilities UInt+reversed.swift
2026-10-07T16:02:48.4753340Z [167/639] Compiling InternalCollectionsUtilities Iterable+CopyContents.swift
2026-10-07T16:02:48.4854690Z [168/639] Compiling InternalCollectionsUtilities Iterable+Equality.swift
2026-10-07T16:02:48.4969790Z [169/639] Compiling InternalCollectionsUtilities LifetimeOverride.swift
2026-10-07T16:02:48.5071540Z [170/639] Compiling InternalCollectionsUtilities MutableRef.swift
2026-10-07T16:02:48.5174190Z [171/639] Compiling InternalCollectionsUtilities MutableSpan+Extras.swift
2026-10-07T16:02:48.5276740Z [172/639] Compiling InternalCollectionsUtilities OutputSpan+Extras.swift
2026-10-07T16:02:48.5379890Z [173/639] Compiling InternalCollectionsUtilities RandomAccessCollection+Offsets.swift
2026-10-07T16:02:48.5486540Z [174/639] Compiling InternalCollectionsUtilities Span+Extras.swift
2026-10-07T16:02:48.5588030Z [175/639] Compiling InternalCollectionsUtilities Strideable+LimitHelpers.swift
2026-10-07T16:02:48.5689990Z [176/639] Compiling InternalCollectionsUtilities String+Padding.swift
2026-10-07T16:02:48.5792630Z [177/639] Compiling InternalCollectionsUtilities TemporaryAllocation.swift
2026-10-07T16:02:48.5896490Z [178/639] Compiling InternalCollectionsUtilities _UnsafeBitSet+Index.swift
2026-10-07T16:02:49.3361120Z [179/639] Compiling InternalCollectionsUtilities _UnsafeBitSet+_Word.swift
2026-10-07T16:02:49.3460820Z [180/639] Compiling InternalCollectionsUtilities _UnsafeBitSet.swift
2026-10-07T16:02:49.3560530Z [181/639] Compiling InternalCollectionsUtilities UnsafeBufferPointer+Extras.swift
2026-10-07T16:02:49.3661900Z [182/639] Compiling InternalCollectionsUtilities UnsafeMutableBufferPointer+Extras.swift
2026-10-07T16:02:49.3785450Z [183/639] Compiling InternalCollectionsUtilities UnsafeMutablePointer+Extras.swift
2026-10-07T16:02:49.3893940Z [184/639] Compiling InternalCollectionsUtilities UnsafeMutableRawBufferPointer+Extras.swift
2026-10-07T16:02:49.4005670Z [185/639] Compiling InternalCollectionsUtilities UnsafePointer+Extras.swift
2026-10-07T16:02:49.4108050Z [186/639] Compiling InternalCollectionsUtilities UnsafeRawBufferPointer+Extras.swift
2026-10-07T16:02:49.4217920Z [187/639] Compiling InternalCollectionsUtilities _SortedCollection.swift
2026-10-07T16:02:49.4319750Z [188/639] Compiling InternalCollectionsUtilities _UniqueCollection.swift
2026-10-07T16:02:49.4436070Z [188/639] Write sources
2026-10-07T16:02:49.7480870Z [190/642] Emitting module SpanPreview
2026-10-07T16:02:49.7582950Z [191/642] Compiling SpanPreview MutableSpan+InputSpanHelpers.swift
2026-10-07T16:02:49.7684480Z [192/642] Compiling SpanPreview InputSpan.swift
2026-10-07T16:02:49.8799260Z [193/643] Compiling SpanPreview OutputSpan+InputSpanHelpers.swift
2026-10-07T16:02:49.8901460Z [193/643] Write sources
2026-10-07T16:02:51.2658160Z [196/647] Compiling SwiftProtobuf TextFormatEncodingOptions.swift
2026-10-07T16:02:51.2759700Z [197/647] Compiling SwiftProtobuf TextFormatEncodingVisitor.swift
2026-10-07T16:02:51.2868010Z [198/647] Compiling SwiftProtobuf TextFormatScanner.swift
2026-10-07T16:02:51.2985780Z [199/647] Compiling SwiftProtobuf TimeUtils.swift
2026-10-07T16:02:51.3109160Z [200/647] Compiling SwiftProtobuf UnknownStorage.swift
2026-10-07T16:02:51.3246490Z [201/647] Compiling SwiftProtobuf UnsafeRawPointer+Shims.swift
2026-10-07T16:02:51.3359370Z [202/647] Compiling SwiftProtobuf Varint.swift
2026-10-07T16:02:51.3479640Z [203/647] Compiling SwiftProtobuf Version.swift
2026-10-07T16:02:51.3581780Z [204/647] Compiling SwiftProtobuf Visitor.swift
2026-10-07T16:02:51.3709840Z [205/647] Compiling SwiftProtobuf WireFormat.swift
2026-10-07T16:02:51.3717120Z [206/647] Compiling SwiftProtobuf ZigZag.swift
2026-10-07T16:02:51.3854450Z [207/647] Compiling SwiftProtobuf any.pb.swift
2026-10-07T16:02:51.3984060Z [208/647] Compiling SwiftProtobuf api.pb.swift
2026-10-07T16:02:51.4090440Z [209/647] Compiling SwiftProtobuf descriptor.pb.swift
2026-10-07T16:02:51.4194200Z [210/647] Compiling SwiftProtobuf duration.pb.swift
2026-10-07T16:02:51.4296310Z [211/647] Compiling SwiftProtobuf empty.pb.swift
2026-10-07T16:02:51.4407460Z [212/647] Compiling SwiftProtobuf field_mask.pb.swift
2026-10-07T16:02:51.4513780Z [213/647] Compiling SwiftProtobuf source_context.pb.swift
2026-10-07T16:02:51.4619640Z [214/647] Compiling SwiftProtobuf struct.pb.swift
2026-10-07T16:02:51.4681760Z [215/647] Compiling SwiftProtobuf timestamp.pb.swift
2026-10-07T16:02:51.4785200Z [216/647] Compiling SwiftProtobuf type.pb.swift
2026-10-07T16:02:51.4890920Z [217/647] Compiling SwiftProtobuf wrappers.pb.swift
2026-10-07T16:02:51.4994320Z [218/647] Compiling SwiftProtobuf resource_bundle_accessor.swift
2026-10-07T16:02:53.8237650Z [219/679] Compiling RightClickARDTests ARDPortableTests.swift
2026-10-07T16:02:53.8351030Z [220/679] Emitting module RightClickARDTests
2026-10-07T16:02:53.8498720Z [220/679] Write sources
2026-10-07T16:02:53.9555770Z [221/679] Compiling CSystem shims.c
2026-10-07T16:02:54.1500680Z [223/679] Compiling EventSource EventSource+AsyncHTTPClient.swift
2026-10-07T16:02:54.1805260Z [224/680] Emitting module EventSource
2026-10-07T16:02:54.1944740Z [225/680] Compiling DequeModule RigidDeque+ContainerOperations.swift
2026-10-07T16:02:54.2056600Z [226/680] Compiling DequeModule RigidDeque+Deprecations.swift
2026-10-07T16:02:54.2883560Z [227/729] Compiling Crypto ArraySliceBigint.swift
2026-10-07T16:02:54.3001130Z [228/729] Compiling Crypto GeneralizedTime.swift
2026-10-07T16:02:54.3102880Z [229/729] Compiling Crypto ObjectIdentifier.swift
2026-10-07T16:02:54.3285210Z [230/729] Compiling Crypto ECDSASignature.swift
2026-10-07T16:02:54.3426800Z [231/729] Compiling Crypto PEMDocument.swift
2026-10-07T16:02:54.3537300Z [232/729] Compiling Crypto PKCS8PrivateKey.swift
2026-10-07T16:02:54.3671190Z [233/729] Compiling Crypto SEC1PrivateKey.swift
2026-10-07T16:02:54.3789050Z [234/729] Compiling Crypto SubjectPublicKeyInfo.swift
2026-10-07T16:02:54.3902400Z [235/729] Compiling Crypto CryptoError_boring.swift
2026-10-07T16:02:54.4028100Z [236/729] Compiling Crypto CryptoKitErrors.swift
2026-10-07T16:02:54.4135110Z [237/729] Compiling Crypto Digest_boring.swift
2026-10-07T16:02:54.4238240Z [238/729] Compiling Crypto Digest.swift
2026-10-07T16:02:54.4352270Z [239/729] Compiling Crypto Digests.swift
2026-10-07T16:02:54.4455740Z [240/729] Compiling Crypto HashFunctions.swift
2026-10-07T16:02:54.4560600Z [241/729] Compiling Crypto HashFunctions_SHA2.swift
2026-10-07T16:02:54.4666280Z [242/729] Compiling Crypto HashFunctions_SHA3.swift
2026-10-07T16:02:54.4768110Z [243/729] Compiling Crypto AES-GCM.swift
2026-10-07T16:02:54.4894010Z [244/729] Compiling Crypto AES-GCM_boring.swift
2026-10-07T16:02:54.4894400Z [245/729] Compiling Crypto ChaChaPoly_boring.swift
2026-10-07T16:02:54.5010610Z [246/729] Compiling Crypto ChaChaPoly.swift
2026-10-07T16:02:54.5134870Z [247/729] Compiling Crypto Cipher.swift
2026-10-07T16:02:54.5242900Z [248/729] Compiling Crypto Nonces.swift
2026-10-07T16:02:54.5344770Z [249/729] Compiling Crypto ASN1.swift
2026-10-07T16:02:54.5446360Z [250/729] Compiling Crypto ASN1Any.swift
2026-10-07T16:02:54.5547790Z [251/729] Compiling Crypto ASN1BitString.swift
2026-10-07T16:02:54.5666030Z [252/729] Compiling Crypto ASN1Boolean.swift
2026-10-07T16:02:54.5769800Z [253/729] Compiling Crypto ASN1Identifier.swift
2026-10-07T16:02:54.5808640Z [254/729] Compiling Crypto ASN1Integer.swift
2026-10-07T16:02:54.5906310Z [255/729] Compiling Crypto ASN1Null.swift
2026-10-07T16:02:54.6008610Z [256/729] Compiling Crypto ASN1OctetString.swift
2026-10-07T16:02:54.6110740Z [257/729] Compiling Crypto ASN1Strings.swift
2026-10-07T16:02:54.8131830Z [265/744] Compiling DequeModule UniqueDeque+ContainerOperations.swift
2026-10-07T16:02:54.8260410Z [266/744] Compiling DequeModule UniqueDeque+Deprecations.swift
2026-10-07T16:02:54.8363790Z [267/744] Compiling DequeModule UniqueDeque+Descriptions.swift
2026-10-07T16:02:54.8465510Z [268/744] Compiling DequeModule UniqueDeque+Equatable.swift
2026-10-07T16:02:54.8566800Z [269/744] Compiling DequeModule UniqueDeque+Hashable.swift
2026-10-07T16:02:54.8669080Z [270/744] Compiling DequeModule UniqueDeque+Initializers.swift
2026-10-07T16:02:54.8771060Z [271/744] Compiling DequeModule UniqueDeque+Insertions.swift
2026-10-07T16:02:54.8873730Z [272/744] Compiling DequeModule UniqueDeque+Iterable.swift
2026-10-07T16:02:54.8976890Z [273/744] Compiling DequeModule UniqueDeque+Prepend.swift
2026-10-07T16:02:54.9079860Z [274/744] Compiling DequeModule UniqueDeque+Removals.swift
2026-10-07T16:02:54.9181610Z [275/744] Compiling DequeModule UniqueDeque+Replacements.swift
2026-10-07T16:02:54.9283750Z [276/744] Compiling DequeModule UniqueDeque.swift
2026-10-07T16:02:54.9385820Z [277/744] Compiling DequeModule _DequeSlot.swift
2026-10-07T16:02:54.9488250Z [278/744] Compiling DequeModule _UnsafeDequeHandle.swift
2026-10-07T16:02:54.9590480Z [279/744] Compiling DequeModule _UnsafeDequeSegments.swift
2026-10-07T16:02:54.9693260Z [280/744] Compiling Crypto HPKE-Modes.swift
2026-10-07T16:02:54.9794780Z [281/744] Compiling Crypto Insecure.swift
2026-10-07T16:02:55.0148760Z [306/768] Emitting module Crypto
2026-10-07T16:02:55.5261010Z [307/791] Compiling Crypto Insecure_HashFunctions.swift
2026-10-07T16:02:55.5362550Z [308/791] Compiling Crypto MLKEM_boring.swift
2026-10-07T16:02:55.5463690Z [309/791] Compiling Crypto MLKEM_wrapper.swift
2026-10-07T16:02:55.5565600Z [310/791] Compiling Crypto XWing_boring.swift
2026-10-07T16:02:55.5667890Z [311/791] Compiling Crypto KEM-Errors.swift
2026-10-07T16:02:55.5769330Z [312/791] Compiling Crypto KEM.swift
2026-10-07T16:02:55.5870720Z [313/791] Compiling Crypto MLKEM.swift
2026-10-07T16:02:55.5972740Z [314/791] Compiling Crypto XWing.swift
2026-10-07T16:02:55.6074030Z [315/791] Compiling Crypto ECDH_boring.swift
2026-10-07T16:02:55.6196890Z [316/791] Compiling Crypto DH.swift
2026-10-07T16:02:55.6298570Z [317/791] Compiling Crypto ECDH.swift
2026-10-07T16:02:55.6399070Z [318/791] Compiling Crypto ANSIx963.swift
2026-10-07T16:02:55.6499850Z [319/791] Compiling Crypto HKDF.swift
2026-10-07T16:02:55.6602200Z [320/791] Compiling Crypto AESWrap.swift
2026-10-07T16:02:55.6702280Z [321/791] Compiling Crypto AESWrap_boring.swift
2026-10-07T16:02:55.6802420Z [322/791] Compiling Crypto Ed25519_boring.swift
2026-10-07T16:02:55.6905160Z [323/791] Compiling Crypto NISTCurvesKeys_boring.swift
2026-10-07T16:02:55.7007130Z [324/791] Compiling Crypto X25519Keys_boring.swift
2026-10-07T16:02:55.7107480Z [325/791] Compiling Crypto Curve25519.swift
2026-10-07T16:02:55.7210080Z [326/791] Compiling Crypto Ed25519Keys.swift
2026-10-07T16:02:55.7309430Z [327/791] Compiling Crypto NISTCurvesKeys.swift
2026-10-07T16:02:55.7410030Z [328/791] Compiling Crypto X25519Keys.swift
2026-10-07T16:02:55.7512240Z [329/791] Compiling Crypto SymmetricKeys.swift
2026-10-07T16:02:55.7613380Z [330/791] Compiling Crypto HMAC.swift
2026-10-07T16:02:55.9022920Z [331/791] Emitting module DequeModule
2026-10-07T16:02:55.9848790Z [332/791] Compiling EventSource EventSource.swift
2026-10-07T16:02:56.4428120Z [333/816] Compiling Crypto MACFunctions.swift
2026-10-07T16:02:56.4530140Z [334/816] Compiling Crypto MessageAuthenticationCode.swift
2026-10-07T16:02:56.4629940Z [335/816] Compiling Crypto AES.swift
2026-10-07T16:02:56.4730650Z [336/816] Compiling Crypto ECDSASignature_boring.swift
2026-10-07T16:02:56.4831250Z [337/816] Compiling Crypto ECDSA_boring.swift
2026-10-07T16:02:56.4932650Z [338/816] Compiling Crypto EdDSA_boring.swift
2026-10-07T16:02:56.5032960Z [339/816] Compiling Crypto MLDSA_boring.swift
2026-10-07T16:02:56.5133340Z [340/816] Compiling Crypto MLDSA_wrapper.swift
2026-10-07T16:02:56.5234140Z [341/816] Compiling Crypto ECDSA.swift
2026-10-07T16:02:56.5347900Z [342/816] Compiling Crypto Ed25519.swift
2026-10-07T16:02:56.5348410Z [343/816] Compiling Crypto MLDSA.swift
2026-10-07T16:02:56.5449410Z [344/816] Compiling Crypto Signature.swift
2026-10-07T16:02:56.5550690Z [345/816] Compiling Crypto CryptoKitErrors_boring.swift
2026-10-07T16:02:56.5651920Z [346/816] Compiling Crypto Optional+withUnsafeBytes_boring.swift
2026-10-07T16:02:56.5757530Z [347/816] Compiling Crypto RNG_boring.swift
2026-10-07T16:02:56.5860210Z [348/816] Compiling Crypto SafeCompare_boring.swift
2026-10-07T16:02:56.5963210Z [349/816] Compiling Crypto Zeroization_boring.swift
2026-10-07T16:02:56.6053630Z [350/816] Compiling Crypto _CryptoModuleAnchor.swift
2026-10-07T16:02:56.6155990Z [351/816] Compiling Crypto PrettyBytes.swift
2026-10-07T16:02:56.6270780Z [352/816] Compiling Crypto SafeCompare.swift
2026-10-07T16:02:56.6393120Z [353/816] Compiling Crypto SecureBytes.swift
2026-10-07T16:02:56.6494510Z [354/816] Compiling Crypto Zeroization.swift
2026-10-07T16:02:56.6597220Z [355/816] Compiling Crypto resource_bundle_accessor.swift
2026-10-07T16:02:56.6699320Z [355/816] Compiling CNIOWindows shim.c
2026-10-07T16:02:56.6801500Z [356/816] Compiling CNIOWindows WSAStartup.c
2026-10-07T16:02:56.6905630Z [357/816] Compiling CNIOWASI CNIOWASI.c
2026-10-07T16:02:56.8246150Z [358/816] Compiling CNIOPosix event_loop_id.c
2026-10-07T16:02:56.8670050Z [359/816] Compiling CNIOOpenBSD shim.c
2026-10-07T16:02:56.9274830Z [360/816] Compiling CNIOLinux shim.c
2026-10-07T16:02:56.9877340Z [361/816] Compiling CNIOLinux liburing_shims.c
2026-10-07T16:02:57.8433000Z [362/816] Compiling CNIOLLHTTP c_nio_llhttp.c
2026-10-07T16:02:57.9196610Z [363/816] Compiling CNIOLLHTTP c_nio_http.c
2026-10-07T16:02:58.0063360Z [364/816] Compiling CNIOLLHTTP c_nio_api.c
2026-10-07T16:02:58.0724510Z [365/816] Compiling CNIOFreeBSD shim.c
2026-10-07T16:02:58.3163270Z [367/816] Emitting module SystemPackage
2026-10-07T16:02:58.7431390Z [367/828] Compiling CNIODarwin shim.c
2026-10-07T16:02:58.9615430Z [369/828] Compiling SystemPackage SystemString.swift
2026-10-07T16:02:58.9718740Z [370/828] Compiling SystemPackage Util+StringArray.swift
2026-10-07T16:02:58.9820260Z [371/828] Compiling SystemPackage Util.swift
2026-10-07T16:02:58.9926150Z [372/828] Compiling SystemPackage UtilConsumers.swift
2026-10-07T16:02:59.0028260Z [373/828] Compiling SystemPackage WinSDK+Overlay.swift
2026-10-07T16:02:59.0657990Z [383/828] Compiling fiat_p256_adx_sqr.S
2026-10-07T16:02:59.1165330Z [384/828] Compiling fiat_p256_adx_mul.S
2026-10-07T16:02:59.1605330Z [385/828] Compiling fiat_curve25519_adx_square.S
2026-10-07T16:02:59.2110730Z [386/828] Compiling fiat_curve25519_adx_mul.S
2026-10-07T16:02:59.7720740Z [387/828] Compiling CNIOBoringSSLShims shims.c
2026-10-07T16:03:00.8348270Z [389/828] Compiling SystemPackage Errno.swift
2026-10-07T16:03:00.8451120Z [390/828] Compiling SystemPackage ErrnoWindows.swift
2026-10-07T16:03:00.8553620Z [391/828] Compiling SystemPackage FileDescriptor.swift
2026-10-07T16:03:00.8655340Z [392/828] Compiling SystemPackage FileHelpers.swift
2026-10-07T16:03:00.8756690Z [393/828] Compiling SystemPackage FileOperations.swift
2026-10-07T16:03:00.8859760Z [394/828] Compiling SystemPackage FilePath.swift
2026-10-07T16:03:00.8963560Z [395/828] Compiling SystemPackage FilePathComponentView.swift
2026-10-07T16:03:00.9064970Z [396/828] Compiling SystemPackage FilePathComponents.swift
2026-10-07T16:03:00.9167010Z [397/828] Compiling SystemPackage FilePathParsing.swift
2026-10-07T16:03:00.9254130Z [398/828] Compiling SystemPackage FilePathString.swift
2026-10-07T16:03:00.9355440Z [399/828] Compiling SystemPackage FilePathSyntax.swift
2026-10-07T16:03:00.9456940Z [400/828] Compiling SystemPackage FilePathTemp.swift
2026-10-07T16:03:01.3942150Z [401/828] Compiling SystemPackage Exports.swift
2026-10-07T16:03:01.4068800Z [402/828] Compiling SystemPackage Mocking.swift
2026-10-07T16:03:01.4188660Z [403/828] Compiling SystemPackage RawBuffer.swift
2026-10-07T16:03:01.4296530Z [404/828] Compiling SystemPackage Syscalls.swift
2026-10-07T16:03:01.4401210Z [405/828] Compiling SystemPackage WindowsSyscallAdapters.swift
2026-10-07T16:03:01.4510070Z [406/828] Compiling SystemPackage MachPort.swift
2026-10-07T16:03:01.4613390Z [407/828] Compiling SystemPackage PlatformString.swift
2026-10-07T16:03:01.5592720Z [412/828] Compiling tls_method.cc
2026-10-07T16:03:01.5693930Z [413/828] Compiling tls_record.cc
2026-10-07T16:03:02.0961400Z [415/828] Compiling SystemPackage FilePathTempPosix.swift
2026-10-07T16:03:02.1077850Z [416/828] Compiling SystemPackage FilePathTempWindows.swift
2026-10-07T16:03:02.1179870Z [417/828] Compiling SystemPackage FilePathWindows.swift
2026-10-07T16:03:02.1297610Z [418/828] Compiling SystemPackage FilePermissions.swift
2026-10-07T16:03:02.1415160Z [419/828] Compiling SystemPackage FileFlags.swift
2026-10-07T16:03:02.1521810Z [420/828] Compiling SystemPackage FileMode.swift
2026-10-07T16:03:02.1646710Z [421/828] Compiling SystemPackage FileType.swift
2026-10-07T16:03:02.1756950Z [422/828] Compiling SystemPackage Identifiers.swift
2026-10-07T16:03:02.1863890Z [423/828] Compiling SystemPackage Stat.swift
2026-10-07T16:03:02.1965070Z [424/828] Compiling SystemPackage Backcompat.swift
2026-10-07T16:03:02.2070470Z [425/828] Compiling SystemPackage CInterop.swift
2026-10-07T16:03:02.2174750Z [426/828] Compiling SystemPackage Constants.swift
2026-10-07T16:03:02.3833670Z [426/828] Compiling tls13_server.cc
2026-10-07T16:03:02.4277940Z [427/828] Compiling tls13_enc.cc
2026-10-07T16:03:03.1326380Z [428/861] Compiling tls13_client.cc
2026-10-07T16:03:03.2856910Z [429/861] Compiling tls13_both.cc
2026-10-07T16:03:03.8713720Z [430/861] Compiling t1_enc.cc
2026-10-07T16:03:04.1130080Z [431/861] Compiling ssl_x509.cc
2026-10-07T16:03:04.7318290Z [432/861] Compiling ssl_versions.cc
2026-10-07T16:03:04.9223320Z [433/861] Compiling ssl_transcript.cc
2026-10-07T16:03:05.3360970Z [434/861] Compiling ssl_stat.cc
2026-10-07T16:03:05.8319280Z [435/861] Compiling ssl_session.cc
2026-10-07T16:03:07.3510890Z [436/861] Compiling ssl_privkey.cc
2026-10-07T16:03:08.6858810Z [437/861] Compiling ssl_lib.cc
2026-10-07T16:03:08.8992500Z [438/861] Compiling ssl_key_share.cc
2026-10-07T16:03:09.8402920Z [439/861] Compiling ssl_file.cc
2026-10-07T16:03:10.0306630Z [440/861] Compiling ssl_credential.cc
2026-10-07T16:03:10.9864120Z [441/861] Compiling ssl_cipher.cc
2026-10-07T16:03:11.1081400Z [442/861] Compiling ssl_cert.cc
2026-10-07T16:03:11.8548260Z [443/861] Compiling ssl_buffer.cc
2026-10-07T16:03:11.9504100Z [444/861] Compiling ssl_asn1.cc
2026-10-07T16:03:12.5800170Z [445/861] Compiling ssl_aead_ctx.cc
2026-10-07T16:03:12.6953710Z [446/861] Compiling s3_pkt.cc
2026-10-07T16:03:12.8565870Z [448/861] Compiling MCP OAuthAuthorizationCodeFlow.swift
2026-10-07T16:03:12.8712480Z [449/861] Compiling MCP OAuthAuthorizer.swift
2026-10-07T16:03:12.8849380Z [450/861] Compiling MCP OAuthClientRegistrar.swift
2026-10-07T16:03:12.8952260Z [451/861] Compiling MCP OAuthConfiguration.swift
2026-10-07T16:03:12.9053410Z [452/861] Compiling MCP OAuthConstants.swift
2026-10-07T16:03:12.9166000Z [453/861] Compiling MCP OAuthDiscovery.swift
2026-10-07T16:03:12.9267090Z [454/861] Compiling MCP OAuthDiscoveryClient.swift
2026-10-07T16:03:12.9368740Z [455/861] Compiling MCP OAuthErrors.swift
2026-10-07T16:03:12.9470690Z [456/861] Compiling MCP OAuthModels.swift
2026-10-07T16:03:12.9572490Z [457/861] Compiling MCP OAuthTokenEndpointClient.swift
2026-10-07T16:03:12.9673760Z [458/861] Compiling MCP OAuthURLValidator.swift
2026-10-07T16:03:12.9777910Z [459/861] Compiling MCP OAuthWWWAuthenticateParser.swift
2026-10-07T16:03:12.9879160Z [460/861] Compiling MCP PKCE.swift
2026-10-07T16:03:12.9982240Z [461/861] Compiling MCP TokenStorage.swift
2026-10-07T16:03:13.0045620Z [462/861] Compiling MCP Error.swift
2026-10-07T16:03:13.0147050Z [463/861] Compiling MCP ID.swift
2026-10-07T16:03:13.0253190Z [464/861] Emitting module MCP
2026-10-07T16:03:13.0365940Z [465/861] Compiling MCP Icon.swift
2026-10-07T16:03:13.0467660Z [466/861] Compiling MCP Lifecycle.swift
2026-10-07T16:03:13.0568970Z [467/861] Compiling MCP Messages.swift
2026-10-07T16:03:13.0688420Z [468/861] Compiling MCP PendingRequest.swift
2026-10-07T16:03:13.0815880Z [469/861] Compiling MCP Transport.swift
2026-10-07T16:03:13.0820820Z [470/861] Compiling MCP HTTPClientTransport.swift
2026-10-07T16:03:13.0923890Z [471/861] Compiling MCP HTTPRequestValidation.swift
2026-10-07T16:03:13.1027310Z [472/861] Compiling MCP HTTPServerTypes.swift
2026-10-07T16:03:13.1158350Z [473/861] Compiling MCP StatefulHTTPServerTransport.swift
2026-10-07T16:03:13.1262250Z [474/861] Compiling MCP StatelessHTTPServerTransport.swift
2026-10-07T16:03:13.1364010Z [475/861] Compiling MCP InMemoryTransport.swift
2026-10-07T16:03:13.1465680Z [476/861] Compiling MCP NetworkTransport.swift
2026-10-07T16:03:13.1567550Z [477/861] Compiling MCP StdioTransport.swift
2026-10-07T16:03:13.1669080Z [478/861] Compiling MCP UnitInterval.swift
2026-10-07T16:03:13.1770930Z [479/861] Compiling MCP Cancellation.swift
2026-10-07T16:03:13.1873710Z [480/861] Compiling MCP Ping.swift
2026-10-07T16:03:13.3683970Z [480/876] Compiling s3_lib.cc
2026-10-07T16:03:13.4731040Z [481/876] Compiling s3_both.cc
2026-10-07T16:03:14.1992950Z [482/876] Compiling handshake_server.cc
2026-10-07T16:03:14.2610250Z [483/876] Compiling handshake_client.cc
2026-10-07T16:03:15.0294050Z [484/876] Compiling handshake.cc
2026-10-07T16:03:15.0602100Z [485/876] Compiling handoff.cc
2026-10-07T16:03:15.8497190Z [486/876] Compiling encrypted_client_hello.cc
2026-10-07T16:03:15.9168180Z [487/876] Compiling extensions.cc
2026-10-07T16:03:16.6103080Z [488/876] Compiling dtls_record.cc
2026-10-07T16:03:16.6534790Z [489/876] Compiling dtls_method.cc
2026-10-07T16:03:17.4229770Z [490/876] Compiling d1_srtp.cc
2026-10-07T16:03:17.7130490Z [491/876] Compiling d1_pkt.cc
2026-10-07T16:03:18.3379500Z [492/876] Compiling d1_lib.cc
2026-10-07T16:03:18.6493700Z [493/876] Compiling d1_both.cc
2026-10-07T16:03:18.7055310Z [494/876] Compiling md5-x86_64-linux.S
2026-10-07T16:03:18.7505580Z [495/876] Compiling md5-x86_64-apple.S
2026-10-07T16:03:18.7940190Z [496/876] Compiling md5-586-linux.S
2026-10-07T16:03:18.8252080Z [497/876] Compiling md5-586-apple.S
2026-10-07T16:03:18.9508120Z [498/876] Compiling bio_ssl.cc
2026-10-07T16:03:18.9931770Z [499/876] Compiling chacha20_poly1305_x86_64-linux.S
2026-10-07T16:03:19.0345420Z [500/876] Compiling chacha20_poly1305_x86_64-apple.S
2026-10-07T16:03:19.0748840Z [501/876] Compiling chacha20_poly1305_armv8-win.S
2026-10-07T16:03:19.1562000Z [502/876] Compiling chacha20_poly1305_armv8-linux.S
2026-10-07T16:03:19.1973830Z [503/876] Compiling err_data.cc
2026-10-07T16:03:19.2327160Z [504/876] Compiling chacha20_poly1305_armv8-apple.S
2026-10-07T16:03:19.2441280Z [505/876] Compiling chacha-x86_64-linux.S
2026-10-07T16:03:19.2767300Z [506/876] Compiling chacha-x86_64-apple.S
2026-10-07T16:03:19.2869310Z [507/876] Compiling chacha-x86-linux.S
2026-10-07T16:03:19.3214940Z [508/876] Compiling chacha-x86-apple.S
2026-10-07T16:03:19.3317170Z [509/876] Compiling chacha-armv8-win.S
2026-10-07T16:03:19.3652270Z [510/876] Compiling chacha-armv8-linux.S
2026-10-07T16:03:19.3877170Z [511/876] Compiling chacha-armv8-apple.S
2026-10-07T16:03:19.4032880Z [512/876] Compiling chacha-armv4-linux.S
2026-10-07T16:03:19.4309680Z [513/876] Compiling aes128gcmsiv-x86_64-linux.S
2026-10-07T16:03:19.4512480Z [514/876] Compiling aes128gcmsiv-x86_64-apple.S
2026-10-07T16:03:19.4793300Z [515/876] Compiling x86_64-mont5-linux.S
2026-10-07T16:03:19.5016170Z [516/876] Compiling x86_64-mont5-apple.S
2026-10-07T16:03:19.5157080Z [517/876] Compiling x86_64-mont-linux.S
2026-10-07T16:03:19.5461400Z [518/876] Compiling x86_64-mont-apple.S
2026-10-07T16:03:19.5601880Z [519/876] Compiling x86-mont-linux.S
2026-10-07T16:03:19.5846840Z [520/876] Compiling x86-mont-apple.S
2026-10-07T16:03:19.6049590Z [521/876] Compiling vpaes-x86_64-linux.S
2026-10-07T16:03:19.6252130Z [522/876] Compiling vpaes-x86_64-apple.S
2026-10-07T16:03:19.6375320Z [523/876] Compiling vpaes-x86-linux.S
2026-10-07T16:03:19.6655380Z [524/876] Compiling vpaes-x86-apple.S
2026-10-07T16:03:19.6782250Z [525/876] Compiling vpaes-armv8-win.S
2026-10-07T16:03:19.7088470Z [526/876] Compiling vpaes-armv8-linux.S
2026-10-07T16:03:19.7303430Z [527/876] Compiling vpaes-armv8-apple.S
2026-10-07T16:03:19.7525720Z [528/876] Compiling vpaes-armv7-linux.S
2026-10-07T16:03:19.7745280Z [529/876] Compiling sha512-x86_64-linux.S
2026-10-07T16:03:19.7846610Z [530/876] Compiling sha512-x86_64-apple.S
2026-10-07T16:03:19.8063640Z [531/876] Compiling sha512-armv8-win.S
2026-10-07T16:03:19.8266580Z [532/876] Compiling sha512-armv8-linux.S
2026-10-07T16:03:19.8591770Z [533/876] Compiling sha512-armv4-linux.S
2026-10-07T16:03:19.8705520Z [534/876] Compiling sha512-armv8-apple.S
2026-10-07T16:03:19.8923360Z [535/876] Compiling sha512-586-linux.S
2026-10-07T16:03:19.9025010Z [536/876] Compiling sha512-586-apple.S
2026-10-07T16:03:19.9336960Z [537/876] Compiling sha256-x86_64-linux.S
2026-10-07T16:03:19.9438860Z [538/876] Compiling sha256-x86_64-apple.S
2026-10-07T16:03:19.9649990Z [539/876] Compiling sha256-armv8-win.S
2026-10-07T16:03:19.9751500Z [540/876] Compiling sha256-armv8-linux.S
2026-10-07T16:03:20.0255040Z [541/876] Compiling sha256-armv8-apple.S
2026-10-07T16:03:20.0357890Z [541/876] Compiling sha256-armv4-linux.S
2026-10-07T16:03:20.0815130Z [543/876] Compiling sha256-586-linux.S
2026-10-07T16:03:20.0916840Z [544/876] Compiling sha256-586-apple.S
2026-10-07T16:03:20.1214970Z [545/876] Compiling sha1-x86_64-linux.S
2026-10-07T16:03:20.1326310Z [546/876] Compiling sha1-x86_64-apple.S
2026-10-07T16:03:20.1655750Z [547/876] Compiling sha1-armv8-win.S
2026-10-07T16:03:20.1756970Z [548/876] Compiling sha1-armv8-linux.S
2026-10-07T16:03:20.2162900Z [549/876] Compiling sha1-armv4-large-linux.S
2026-10-07T16:03:20.2364910Z [550/876] Compiling sha1-armv8-apple.S
2026-10-07T16:03:20.2566900Z [551/876] Compiling sha1-586-linux.S
2026-10-07T16:03:20.2714130Z [552/876] Compiling sha1-586-apple.S
2026-10-07T16:03:20.3042890Z [553/876] Compiling rsaz-avx2-linux.S
2026-10-07T16:03:20.3144550Z [554/876] Compiling rsaz-avx2-apple.S
2026-10-07T16:03:20.3525700Z [555/876] Compiling rdrand-x86_64-linux.S
2026-10-07T16:03:20.3668960Z [556/876] Compiling rdrand-x86_64-apple.S
2026-10-07T16:03:20.3929840Z [557/876] Compiling p256_beeu-x86_64-asm-linux.S
2026-10-07T16:03:20.4107650Z [558/876] Compiling p256_beeu-x86_64-asm-apple.S
2026-10-07T16:03:20.4330330Z [559/876] Compiling p256_beeu-armv8-asm-win.S
2026-10-07T16:03:20.4649690Z [560/876] Compiling p256_beeu-armv8-asm-linux.S
2026-10-07T16:03:20.4796690Z [561/876] Compiling p256_beeu-armv8-asm-apple.S
2026-10-07T16:03:20.5237330Z [562/876] Compiling p256-x86_64-asm-linux.S
2026-10-07T16:03:20.5440990Z [563/876] Compiling p256-x86_64-asm-apple.S
2026-10-07T16:03:20.5662950Z [564/876] Compiling p256-armv8-asm-win.S
2026-10-07T16:03:20.5764270Z [565/876] Compiling p256-armv8-asm-linux.S
2026-10-07T16:03:20.6306940Z [566/876] Compiling ghashv8-armv8-win.S
2026-10-07T16:03:20.6408810Z [567/876] Compiling p256-armv8-asm-apple.S
2026-10-07T16:03:20.6711110Z [568/876] Compiling ghashv8-armv8-linux.S
2026-10-07T16:03:20.6819490Z [569/876] Compiling ghashv8-armv8-apple.S
2026-10-07T16:03:20.7181690Z [570/876] Compiling ghashv8-armv7-linux.S
2026-10-07T16:03:20.7283400Z [571/876] Compiling ghash-x86_64-linux.S
2026-10-07T16:03:20.7587620Z [572/876] Compiling ghash-x86-linux.S
2026-10-07T16:03:20.7689300Z [573/876] Compiling ghash-x86_64-apple.S
2026-10-07T16:03:20.7992160Z [574/876] Compiling ghash-x86-apple.S
2026-10-07T16:03:20.8093410Z [575/876] Compiling ghash-ssse3-x86_64-linux.S
2026-10-07T16:03:20.8440910Z [576/876] Compiling ghash-ssse3-x86-linux.S
2026-10-07T16:03:20.8542910Z [576/876] Compiling ghash-ssse3-x86_64-apple.S
2026-10-07T16:03:20.8851580Z [578/876] Compiling ghash-ssse3-x86-apple.S
2026-10-07T16:03:20.8966210Z [579/876] Compiling ghash-neon-armv8-win.S
2026-10-07T16:03:20.9275350Z [580/876] Compiling ghash-neon-armv8-apple.S
2026-10-07T16:03:20.9377230Z [581/876] Compiling ghash-neon-armv8-linux.S
2026-10-07T16:03:20.9697030Z [582/876] Compiling ghash-armv4-linux.S
2026-10-07T16:03:20.9799120Z [583/876] Compiling co-586-linux.S
2026-10-07T16:03:21.0084590Z [584/876] Compiling co-586-apple.S
2026-10-07T16:03:21.0186390Z [585/876] Compiling bsaes-armv7-linux.S
2026-10-07T16:03:21.0506880Z [586/876] Compiling bn-armv8-win.S
2026-10-07T16:03:21.0734580Z [587/876] Compiling bn-armv8-linux.S
2026-10-07T16:03:21.0837120Z [588/876] Compiling bn-armv8-apple.S
2026-10-07T16:03:21.1062080Z [589/876] Compiling bn-586-linux.S
2026-10-07T16:03:21.1273270Z [590/876] Compiling bn-586-apple.S
2026-10-07T16:03:21.1482000Z [591/876] Compiling armv8-mont-win.S
2026-10-07T16:03:21.1606720Z [592/876] Compiling armv8-mont-linux.S
2026-10-07T16:03:21.2024690Z [593/876] Compiling armv8-mont-apple.S
2026-10-07T16:03:21.2281650Z [594/876] Compiling armv4-mont-linux.S
2026-10-07T16:03:21.2427460Z [595/876] Compiling aesv8-gcm-armv8-win.S
2026-10-07T16:03:21.2583910Z [596/876] Compiling aesv8-gcm-armv8-linux.S
2026-10-07T16:03:21.2830390Z [597/876] Compiling aesv8-gcm-armv8-apple.S
2026-10-07T16:03:21.2933600Z [598/876] Compiling aesv8-armv8-win.S
2026-10-07T16:03:21.3188230Z [599/876] Compiling aesv8-armv8-linux.S
2026-10-07T16:03:21.3297600Z [600/876] Compiling aesv8-armv8-apple.S
2026-10-07T16:03:21.3558200Z [601/876] Compiling aesv8-armv7-linux.S
2026-10-07T16:03:21.3661220Z [602/876] Compiling aesni-x86_64-linux.S
2026-10-07T16:03:21.4024140Z [603/876] Compiling aesni-x86_64-apple.S
2026-10-07T16:03:21.4152360Z [604/876] Compiling aesni-x86-linux.S
2026-10-07T16:03:21.4363580Z [605/876] Compiling aesni-x86-apple.S
2026-10-07T16:03:21.4467290Z [606/876] Compiling aesni-gcm-x86_64-linux.S
2026-10-07T16:03:21.4784470Z [607/876] Compiling aesni-gcm-x86_64-apple.S
2026-10-07T16:03:21.4886530Z [608/876] Compiling aes-gcm-avx2-x86_64-linux.S
2026-10-07T16:03:21.5093830Z [609/876] Compiling aes-gcm-avx2-x86_64-apple.S
2026-10-07T16:03:21.5203380Z [610/876] Compiling aes-gcm-avx10-x86_64-linux.S
2026-10-07T16:03:21.5454800Z [611/876] Compiling aes-gcm-avx10-x86_64-apple.S
2026-10-07T16:03:21.8194150Z [613/876] Compiling MCP Progress.swift
2026-10-07T16:03:21.8296690Z [614/876] Compiling MCP RequestContext.swift
2026-10-07T16:03:21.8398560Z [615/876] Compiling MCP Value.swift
2026-10-07T16:03:21.8522310Z [616/876] Compiling MCP Versioning.swift
2026-10-07T16:03:21.8645830Z [617/876] Compiling MCP Client.swift
2026-10-07T16:03:21.8747690Z [618/876] Compiling MCP Elicitation.swift
2026-10-07T16:03:21.8867040Z [619/876] Compiling MCP Roots.swift
2026-10-07T16:03:21.8971130Z [620/876] Compiling MCP Sampling.swift
2026-10-07T16:03:21.9099030Z [621/876] Compiling MCP Data+Extensions.swift
2026-10-07T16:03:21.9200820Z [622/876] Compiling MCP Completion.swift
2026-10-07T16:03:21.9315300Z [623/876] Compiling MCP Logging.swift
2026-10-07T16:03:21.9431620Z [624/876] Compiling MCP Prompts.swift
2026-10-07T16:03:21.9533220Z [625/876] Compiling MCP Resources.swift
2026-10-07T16:03:21.9634310Z [626/876] Compiling MCP Server.swift
2026-10-07T16:03:21.9734560Z [627/876] Compiling MCP Tools.swift
2026-10-07T16:03:22.1284000Z [627/876] Compiling x_x509a.cc
2026-10-07T16:03:22.1856240Z [628/876] Compiling x_x509.cc
2026-10-07T16:03:22.4550470Z [629/876] Compiling x_val.cc
2026-10-07T16:03:22.6822000Z [630/876] Compiling x_spki.cc
2026-10-07T16:03:22.6923670Z [631/876] Compiling x_sig.cc
2026-10-07T16:03:23.0070870Z [632/876] Compiling x_req.cc
2026-10-07T16:03:23.2282780Z [633/876] Compiling x_name.cc
2026-10-07T16:03:23.2385770Z [634/876] Compiling x_pubkey.cc
2026-10-07T16:03:23.6152480Z [635/876] Compiling x_exten.cc
2026-10-07T16:03:23.8231030Z [636/876] Compiling x_attrib.cc
2026-10-07T16:03:23.8533100Z [637/876] Compiling x_crl.cc
2026-10-07T16:03:24.1796100Z [638/876] Compiling x_all.cc
2026-10-07T16:03:24.2921500Z [639/876] Compiling x509spki.cc
2026-10-07T16:03:24.3138810Z [640/876] Compiling x_algor.cc
2026-10-07T16:03:24.6900390Z [641/876] Compiling x509rset.cc
2026-10-07T16:03:24.7833970Z [642/876] Compiling x509name.cc
2026-10-07T16:03:24.8121660Z [643/876] Compiling x509cset.cc
2026-10-07T16:03:25.2145100Z [644/876] Compiling x509_vpm.cc
2026-10-07T16:03:25.3394890Z [645/876] Compiling x509_v3.cc
2026-10-07T16:03:25.3836550Z [646/876] Compiling x509_vfy.cc
2026-10-07T16:03:25.7672150Z [647/876] Compiling x509_txt.cc
2026-10-07T16:03:25.8829500Z [648/876] Compiling x509_trs.cc
2026-10-07T16:03:25.9186760Z [649/876] Compiling x509_set.cc
2026-10-07T16:03:26.3419520Z [650/876] Compiling x509_req.cc
2026-10-07T16:03:26.4741680Z [651/876] Compiling x509_obj.cc
2026-10-07T16:03:26.5213680Z [652/876] Compiling x509_lu.cc
2026-10-07T16:03:26.9872300Z [653/876] Compiling x509_ext.cc
2026-10-07T16:03:27.0594040Z [654/876] Compiling x509_def.cc
2026-10-07T16:03:27.0983790Z [655/876] Compiling x509_d2.cc
2026-10-07T16:03:27.5786530Z [656/876] Compiling x509_cmp.cc
2026-10-07T16:03:27.5888540Z [657/876] Compiling x509_att.cc
2026-10-07T16:03:27.6784950Z [658/876] Compiling x509.cc
2026-10-07T16:03:28.0954780Z [659/876] Compiling v3_skey.cc
2026-10-07T16:03:28.1258310Z [660/876] Compiling v3_utl.cc
2026-10-07T16:03:28.2360970Z [661/876] Compiling v3_purp.cc
2026-10-07T16:03:28.9130680Z [662/876] Compiling v3_prn.cc
2026-10-07T16:03:29.1235460Z [663/876] Compiling v3_pmaps.cc
2026-10-07T16:03:29.2343690Z [664/876] Compiling v3_pcons.cc
2026-10-07T16:03:29.6082740Z [665/876] Compiling v3_ocsp.cc
2026-10-07T16:03:29.7948210Z [666/876] Compiling v3_ncons.cc
2026-10-07T16:03:29.9281630Z [667/876] Compiling v3_lib.cc
2026-10-07T16:03:30.2716270Z [668/876] Compiling v3_int.cc
2026-10-07T16:03:30.4468880Z [669/876] Compiling v3_info.cc
2026-10-07T16:03:30.5346600Z [670/876] Compiling v3_ia5.cc
2026-10-07T16:03:30.8699110Z [671/876] Compiling v3_genn.cc
2026-10-07T16:03:31.2043280Z [672/876] Compiling v3_extku.cc
2026-10-07T16:03:31.2287290Z [673/876] Compiling v3_enum.cc
2026-10-07T16:03:31.6219080Z [674/876] Compiling v3_crld.cc
2026-10-07T16:03:31.7963320Z [675/876] Compiling v3_cpols.cc
2026-10-07T16:03:31.8065120Z [676/876] Compiling v3_conf.cc
2026-10-07T16:03:32.2130720Z [677/876] Compiling v3_bitst.cc
2026-10-07T16:03:32.4370750Z [678/876] Compiling v3_bcons.cc
2026-10-07T16:03:32.4524520Z [679/876] Compiling v3_alt.cc
2026-10-07T16:03:32.9879220Z [680/876] Compiling v3_akeya.cc
2026-10-07T16:03:33.2051290Z [681/876] Compiling t_x509a.cc
2026-10-07T16:03:33.2221060Z [682/876] Compiling v3_akey.cc
2026-10-07T16:03:33.9421360Z [683/876] Compiling t_x509.cc
2026-10-07T16:03:34.2527430Z [684/876] Compiling t_req.cc
2026-10-07T16:03:34.2668120Z [685/876] Compiling t_crl.cc
2026-10-07T16:03:34.9492840Z [686/876] Compiling rsa_pss.cc
2026-10-07T16:03:35.1556480Z [687/876] Compiling name_print.cc
2026-10-07T16:03:35.4074810Z [688/876] Compiling policy.cc
2026-10-07T16:03:35.6191400Z [689/876] Compiling i2d_pr.cc
2026-10-07T16:03:36.0415970Z [690/876] Compiling by_file.cc
2026-10-07T16:03:36.4238300Z [691/876] Compiling by_dir.cc
2026-10-07T16:03:36.8304110Z [692/876] Compiling asn1_gen.cc
2026-10-07T16:03:37.1368390Z [693/876] Compiling algorithm.cc
2026-10-07T16:03:37.5848650Z [694/876] Compiling a_verify.cc
2026-10-07T16:03:37.9673790Z [695/876] Compiling a_sign.cc
2026-10-07T16:03:38.3107630Z [696/876] Compiling a_digest.cc
2026-10-07T16:03:38.8964030Z [697/876] Compiling voprf.cc
2026-10-07T16:03:39.1689020Z [698/876] Compiling trust_token.cc
2026-10-07T16:03:39.6867120Z [699/876] Compiling pmbtoken.cc
2026-10-07T16:03:40.0099180Z [700/876] Compiling thread_win.cc
2026-10-07T16:03:40.3730610Z [701/876] Compiling thread_pthread.cc
2026-10-07T16:03:40.5682380Z [702/876] Compiling thread_none.cc
2026-10-07T16:03:40.6055970Z [703/876] Compiling thread.cc
2026-10-07T16:03:41.1345930Z [704/876] Compiling stack.cc
2026-10-07T16:03:41.5207800Z [705/876] Compiling slhdsa.cc
2026-10-07T16:03:41.5813850Z [706/876] Compiling spake2plus.cc
2026-10-07T16:03:41.7463890Z [707/876] Compiling siphash.cc
2026-10-07T16:03:42.1657090Z [708/876] Compiling sha512.cc
2026-10-07T16:03:42.2174510Z [709/876] Compiling sha256.cc
2026-10-07T16:03:42.2980000Z [710/876] Compiling sha1.cc
2026-10-07T16:03:42.4970660Z [711/876] Compiling rsa_print.cc
2026-10-07T16:03:42.5300190Z [712/876] Compiling rsa_extra.cc
2026-10-07T16:03:42.6640110Z [713/876] Compiling rsa_crypt.cc
2026-10-07T16:03:42.8955070Z [714/876] Compiling refcount.cc
2026-10-07T16:03:42.9967020Z [715/876] Compiling rsa_asn1.cc
2026-10-07T16:03:43.0284880Z [716/876] Compiling rc4.cc
2026-10-07T16:03:43.2670900Z [717/876] Compiling windows.cc
2026-10-07T16:03:43.3530960Z [718/876] Compiling urandom.cc
2026-10-07T16:03:43.3804000Z [719/876] Compiling trusty.cc
2026-10-07T16:03:43.5893440Z [720/876] Compiling rand.cc
2026-10-07T16:03:43.6922190Z [721/876] Compiling passive.cc
2026-10-07T16:03:43.7064740Z [722/876] Compiling ios.cc
2026-10-07T16:03:43.9516350Z [723/876] Compiling getentropy.cc
2026-10-07T16:03:44.0630430Z [724/876] Compiling forkunsafe.cc
2026-10-07T16:03:44.0732490Z [725/876] Compiling fork_detect.cc
2026-10-07T16:03:44.3633470Z [726/876] Compiling deterministic.cc
2026-10-07T16:03:44.4139430Z [727/876] Compiling poly1305_arm_asm.S
2026-10-07T16:03:44.4241140Z [728/876] Compiling poly1305_vec.cc
2026-10-07T16:03:44.5432690Z [729/876] Compiling pool.cc
2026-10-07T16:03:44.7630530Z [730/876] Compiling poly1305_arm.cc
2026-10-07T16:03:44.8380660Z [731/876] Compiling poly1305.cc
2026-10-07T16:03:45.1416850Z [732/876] Compiling pkcs8_x509.cc
2026-10-07T16:03:45.3530750Z [733/876] Compiling pkcs8.cc
2026-10-07T16:03:45.4381940Z [734/876] Compiling p5_pbev2.cc
2026-10-07T16:03:45.7527970Z [735/876] Compiling pkcs7_x509.cc
2026-10-07T16:03:45.8694740Z [736/876] Compiling pkcs7.cc
2026-10-07T16:03:46.0404280Z [737/876] Compiling pem_xaux.cc
2026-10-07T16:03:46.3538490Z [738/876] Compiling pem_x509.cc
2026-10-07T16:03:46.5093480Z [739/876] Compiling pem_pkey.cc
2026-10-07T16:03:46.6723650Z [740/876] Compiling pem_pk8.cc
2026-10-07T16:03:46.9401150Z [741/876] Compiling pem_oth.cc
2026-10-07T16:03:47.1544540Z [742/876] Compiling pem_lib.cc
2026-10-07T16:03:47.3449370Z [743/876] Compiling pem_info.cc
2026-10-07T16:03:47.5919430Z [744/876] Compiling pem_all.cc
2026-10-07T16:03:47.6643590Z [745/876] Compiling obj_xref.cc
2026-10-07T16:03:47.9243990Z [746/876] Compiling obj.cc
2026-10-07T16:03:47.9591190Z [747/876] Compiling mlkem.cc
2026-10-07T16:03:48.0845250Z [748/876] Compiling mldsa.cc
2026-10-07T16:03:48.3128400Z [749/876] Compiling md5.cc
2026-10-07T16:03:48.3230540Z [750/876] Compiling mem.cc
2026-10-07T16:03:48.4799630Z [751/876] Compiling md4.cc
2026-10-07T16:03:48.7561040Z [752/876] Compiling lhash.cc
2026-10-07T16:03:48.7970390Z [753/876] Compiling poly_rq_mul.S
2026-10-07T16:03:48.8579100Z [754/876] Compiling kyber.cc
2026-10-07T16:03:48.8893810Z [755/876] Compiling fips_shared_support.cc
2026-10-07T16:03:49.1273430Z [756/876] Compiling hrss.cc
2026-10-07T16:03:49.2810850Z [757/876] Compiling hpke.cc
2026-10-07T16:03:49.5829920Z [758/876] Compiling ex_data.cc
2026-10-07T16:03:49.7926700Z [759/876] Compiling sign.cc
2026-10-07T16:03:50.0619100Z [760/876] Compiling scrypt.cc
2026-10-07T16:03:50.4085110Z [761/876] Compiling print.cc
2026-10-07T16:03:50.8106680Z [762/876] Compiling pbkdf.cc
2026-10-07T16:03:51.2239760Z [763/876] Compiling p_x25519_asn1.cc
2026-10-07T16:03:51.4594290Z [764/876] Compiling p_x25519.cc
2026-10-07T16:03:51.8827770Z [765/876] Compiling bcm.cc
2026-10-07T16:03:52.2331120Z [766/876] Compiling p_rsa_asn1.cc
2026-10-07T16:03:52.4643390Z [767/876] Compiling p_rsa.cc
2026-10-07T16:03:52.7670170Z [768/876] Compiling p_hkdf.cc
2026-10-07T16:03:53.0468610Z [769/876] Compiling p_ed25519_asn1.cc
2026-10-07T16:03:53.0571580Z [770/876] Compiling p_ed25519.cc
2026-10-07T16:03:53.5442030Z [771/876] Compiling p_ec_asn1.cc
2026-10-07T16:03:53.6244880Z [772/876] Compiling p_ec.cc
2026-10-07T16:03:53.8601630Z [773/876] Compiling p_dsa_asn1.cc
2026-10-07T16:03:54.2024440Z [774/876] Compiling p_dh_asn1.cc
2026-10-07T16:03:54.2628490Z [775/876] Compiling p_dh.cc
2026-10-07T16:03:54.5971790Z [776/876] Compiling evp_ctx.cc
2026-10-07T16:03:54.8785710Z [777/876] Compiling evp.cc
2026-10-07T16:03:55.0962190Z [778/876] Compiling err.cc
2026-10-07T16:03:55.1167010Z [779/876] Compiling evp_asn1.cc
2026-10-07T16:03:55.4931380Z [780/876] Compiling engine.cc
2026-10-07T16:03:55.6448460Z [781/876] Compiling ecdh.cc
2026-10-07T16:03:55.7966120Z [782/876] Compiling ecdsa_asn1.cc
2026-10-07T16:03:55.9292730Z [783/876] Compiling hash_to_curve.cc
2026-10-07T16:03:56.0703730Z [784/876] Compiling ec_derive.cc
2026-10-07T16:03:56.5571750Z [785/876] Compiling ec_asn1.cc
2026-10-07T16:03:56.7418770Z [786/876] Compiling dsa.cc
2026-10-07T16:03:56.7927130Z [787/876] Compiling dsa_asn1.cc
2026-10-07T16:03:57.3658730Z [788/876] Compiling params.cc
2026-10-07T16:03:57.4160010Z [789/876] Compiling digest_extra.cc
2026-10-07T16:03:57.6792780Z [790/876] Compiling dh_asn1.cc
2026-10-07T16:03:58.0120210Z [791/876] Compiling des.cc
2026-10-07T16:03:58.0678800Z [792/876] Compiling spake25519.cc
2026-10-07T16:03:58.0980020Z [793/876] Compiling x25519-asm-arm.S
2026-10-07T16:03:58.1808210Z [794/876] Compiling curve25519_64_adx.cc
2026-10-07T16:03:58.4543020Z [795/876] Compiling crypto.cc
2026-10-07T16:03:58.4786150Z [796/876] Compiling cpu_intel.cc
2026-10-07T16:03:58.6425020Z [797/876] Compiling curve25519.cc
2026-10-07T16:03:58.9565230Z [798/876] Compiling cpu_arm_freebsd.cc
2026-10-07T16:03:58.9667120Z [799/876] Compiling cpu_arm_linux.cc
2026-10-07T16:03:59.1756360Z [800/876] Compiling cpu_aarch64_win.cc
2026-10-07T16:03:59.3098440Z [801/876] Compiling cpu_aarch64_openbsd.cc
2026-10-07T16:03:59.3870560Z [802/876] Compiling cpu_aarch64_sysreg.cc
2026-10-07T16:03:59.5094410Z [803/876] Compiling cpu_aarch64_linux.cc
2026-10-07T16:03:59.7125410Z [804/876] Compiling cpu_aarch64_fuchsia.cc
2026-10-07T16:03:59.8343570Z [805/876] Compiling cpu_aarch64_apple.cc
2026-10-07T16:04:00.0487910Z [806/876] Compiling conf.cc
2026-10-07T16:04:00.1093400Z [807/876] Compiling tls_cbc.cc
2026-10-07T16:04:00.2097370Z [808/876] Compiling get_cipher.cc
2026-10-07T16:04:00.5751060Z [809/876] Compiling e_tls.cc
2026-10-07T16:04:00.6253540Z [810/876] Compiling e_rc4.cc
2026-10-07T16:04:00.7258780Z [811/876] Compiling e_rc2.cc
2026-10-07T16:04:01.0072410Z [812/876] Compiling e_null.cc
2026-10-07T16:04:01.0374340Z [813/876] Compiling e_des.cc
2026-10-07T16:04:01.1897570Z [814/876] Compiling e_chacha20poly1305.cc
2026-10-07T16:04:01.5056430Z [815/876] Compiling e_aesgcmsiv.cc
2026-10-07T16:04:01.5526920Z [816/876] Compiling e_aesctrhmac.cc
2026-10-07T16:04:01.5628410Z [816/876] Compiling derive_key.cc
2026-10-07T16:04:01.9946710Z [818/876] Compiling chacha.cc
2026-10-07T16:04:02.1078520Z [819/876] Compiling unicode.cc
2026-10-07T16:04:02.2812600Z [820/876] Compiling cbs.cc
2026-10-07T16:04:02.5223670Z [821/876] Compiling cbb.cc
2026-10-07T16:04:02.6530260Z [822/876] Compiling ber.cc
2026-10-07T16:04:02.7736730Z [823/876] Compiling asn1_compat.cc
2026-10-07T16:04:02.9448500Z [824/876] Compiling buf.cc
2026-10-07T16:04:03.3011720Z [825/876] Compiling convert.cc
2026-10-07T16:04:03.3130680Z [826/876] Compiling bn_asn1.cc
2026-10-07T16:04:03.3462670Z [827/876] Compiling blake2.cc
2026-10-07T16:04:03.7333280Z [828/876] Compiling socket.cc
2026-10-07T16:04:03.7435390Z [829/876] Compiling socket_helper.cc
2026-10-07T16:04:03.9150320Z [830/876] Compiling printf.cc
2026-10-07T16:04:04.1563150Z [831/876] Compiling pair.cc
2026-10-07T16:04:04.1782770Z [832/876] Compiling hexdump.cc
2026-10-07T16:04:04.1984830Z [833/876] Compiling file.cc
2026-10-07T16:04:04.4801810Z [834/876] Compiling errno.cc
2026-10-07T16:04:04.4902210Z [835/876] Compiling fd.cc
2026-10-07T16:04:04.6409070Z [836/876] Compiling connect.cc
2026-10-07T16:04:04.7413130Z [837/876] Compiling bio_mem.cc
2026-10-07T16:04:04.7713920Z [838/876] Compiling bio.cc
2026-10-07T16:04:04.9421760Z [839/876] Compiling base64.cc
2026-10-07T16:04:05.0125400Z [840/876] Compiling tasn_typ.cc
2026-10-07T16:04:05.0998770Z [841/876] Compiling tasn_utl.cc
2026-10-07T16:04:05.3414010Z [842/876] Compiling tasn_fre.cc
2026-10-07T16:04:05.3614540Z [843/876] Compiling tasn_new.cc
2026-10-07T16:04:05.5523620Z [844/876] Compiling tasn_enc.cc
2026-10-07T16:04:05.7266730Z [845/876] Compiling posix_time.cc
2026-10-07T16:04:05.8765670Z [846/876] Compiling tasn_dec.cc
2026-10-07T16:04:05.9268760Z [847/876] Compiling f_string.cc
2026-10-07T16:04:06.0295580Z [848/876] Compiling f_int.cc
2026-10-07T16:04:06.1199330Z [849/876] Compiling asn_pack.cc
2026-10-07T16:04:06.1786760Z [850/876] Compiling asn1_par.cc
2026-10-07T16:04:06.3876490Z [851/876] Compiling asn1_lib.cc
2026-10-07T16:04:06.4903770Z [852/876] Compiling a_utctm.cc
2026-10-07T16:04:06.5368930Z [853/876] Compiling a_type.cc
2026-10-07T16:04:06.7071670Z [854/876] Compiling a_time.cc
2026-10-07T16:04:06.8014060Z [855/876] Compiling a_strnid.cc
2026-10-07T16:04:06.8526350Z [856/876] Compiling a_strex.cc
2026-10-07T16:04:06.9853440Z [857/876] Compiling a_octet.cc
2026-10-07T16:04:07.1302960Z [858/876] Compiling a_object.cc
2026-10-07T16:04:07.1533310Z [859/876] Compiling a_mbstr.cc
2026-10-07T16:04:07.2653930Z [860/876] Compiling a_int.cc
2026-10-07T16:04:07.3714000Z [861/876] Compiling a_i2d_fp.cc
2026-10-07T16:04:07.4549360Z [862/876] Compiling a_gentm.cc
2026-10-07T16:04:07.5164920Z [863/876] Compiling a_dup.cc
2026-10-07T16:04:07.6461770Z [864/876] Compiling a_d2i_fp.cc
2026-10-07T16:04:07.8846730Z [865/876] Compiling a_bool.cc
2026-10-07T16:04:07.8847360Z [866/876] Compiling a_bitstr.cc
2026-10-07T16:04:07.9165000Z [867/876] Compiling CGRPCZlib empty.c
2026-10-07T16:04:07.9282820Z [868/876] Write sources
2026-10-07T16:04:09.3088130Z [870/890] Compiling Atomics AtomicOptionalWrappable.swift
2026-10-07T16:04:09.3190410Z [871/890] Compiling Atomics AtomicReference.swift
2026-10-07T16:04:09.3319640Z [872/890] Compiling Atomics AtomicStorage.swift
2026-10-07T16:04:09.3421040Z [873/890] Compiling Atomics AtomicValue.swift
2026-10-07T16:04:09.3523300Z [874/890] Compiling Atomics AtomicMemoryOrderings.swift
2026-10-07T16:04:09.3625530Z [875/890] Compiling Atomics DoubleWord.swift
2026-10-07T16:04:09.7464230Z [876/896] Compiling Atomics ManagedAtomic.swift
2026-10-07T16:04:09.7565410Z [877/896] Compiling Atomics ManagedAtomicLazyReference.swift
2026-10-07T16:04:09.7669780Z [878/896] Compiling Atomics UnsafeAtomic.swift
2026-10-07T16:04:09.7772900Z [879/896] Compiling Atomics UnsafeAtomicLazyReference.swift
2026-10-07T16:04:09.7874620Z [880/896] Compiling Atomics IntegerOperations.swift
2026-10-07T16:04:09.7976220Z [881/896] Compiling Atomics Unmanaged extensions.swift
2026-10-07T16:04:10.4397910Z [882/896] Emitting module Atomics
2026-10-07T16:04:10.4505050Z [883/896] Compiling Atomics OptionalRawRepresentable.swift
2026-10-07T16:04:10.4625310Z [884/896] Compiling Atomics RawRepresentable.swift
2026-10-07T16:04:10.4709620Z [885/896] Compiling Atomics AtomicBool.swift
2026-10-07T16:04:10.4810510Z [886/896] Compiling Atomics IntegerConformances.swift
2026-10-07T16:04:10.4914960Z [887/896] Compiling Atomics PointerConformances.swift
2026-10-07T16:04:10.5018050Z [888/896] Compiling Atomics Primitives.native.swift
2026-10-07T16:04:10.5119870Z [889/896] Compiling Atomics AtomicInteger.swift
2026-10-07T16:04:16.2965210Z [889/896] Compiling c-nioatomics.c
2026-10-07T16:04:18.6449490Z [890/896] Compiling c-atomics.c
2026-10-07T16:04:19.4146290Z [892/901] Compiling NIOConcurrencyHelpers NIOLockedValueBox.swift
2026-10-07T16:04:19.4247010Z [893/901] Compiling NIOConcurrencyHelpers NIOThreadPoolWorkAvailable.swift
2026-10-07T16:04:19.8154420Z [894/903] Emitting module NIOConcurrencyHelpers
2026-10-07T16:04:19.8155320Z [895/903] Compiling NIOConcurrencyHelpers NIOAtomic.swift
2026-10-07T16:04:19.8155920Z [896/903] Compiling NIOConcurrencyHelpers NIOLock.swift
2026-10-07T16:04:20.1676680Z [897/903] Compiling NIOConcurrencyHelpers atomics.swift
2026-10-07T16:04:20.1677230Z [898/903] Compiling NIOConcurrencyHelpers lock.swift
2026-10-07T16:04:28.7105110Z [899/952] Compiling NIOCore ChannelInvoker.swift
2026-10-07T16:04:28.7220820Z [900/952] Compiling NIOCore ChannelOption.swift
2026-10-07T16:04:28.7340610Z [901/952] Compiling NIOCore ChannelPipeline.swift
2026-10-07T16:04:28.7439590Z [902/952] Compiling NIOCore CircularBuffer.swift
2026-10-07T16:04:28.7544250Z [903/952] Compiling NIOCore Codec.swift
2026-10-07T16:04:28.7645870Z [904/952] Compiling NIOCore ConvenienceOptionSupport.swift
2026-10-07T16:04:28.7746320Z [905/952] Compiling NIOCore DeadChannel.swift
2026-10-07T16:04:28.7846590Z [906/952] Compiling NIOCore DispatchQueue+WithFuture.swift
2026-10-07T16:04:28.7928210Z [907/952] Compiling NIOCore EventLoop+Deprecated.swift
2026-10-07T16:04:28.7957330Z [908/952] Compiling NIOCore EventLoop+SerialExecutor.swift
2026-10-07T16:04:28.8016840Z [909/952] Compiling NIOCore EventLoop.swift
2026-10-07T16:04:28.8095880Z [910/952] Compiling NIOCore EventLoopFuture+AssumeIsolated.swift
2026-10-07T16:04:28.8102860Z [911/952] Compiling NIOCore EventLoopFuture+Deprecated.swift
2026-10-07T16:04:28.8126400Z [912/952] Compiling NIOCore EventLoopFuture+WithEventLoop.swift
2026-10-07T16:04:28.8157780Z [913/952] Compiling NIOCore EventLoopFuture.swift
2026-10-07T16:04:28.8164950Z [914/952] Compiling NIOCore FileDescriptor.swift
2026-10-07T16:04:28.8165750Z [915/952] Compiling NIOCore FileHandle.swift
2026-10-07T16:04:28.8166320Z [916/952] Compiling NIOCore FileRegion.swift
2026-10-07T16:04:28.8166840Z [917/952] Compiling NIOCore GlobalSingletons.swift
2026-10-07T16:04:28.8167280Z [918/952] Compiling NIOCore IO.swift
2026-10-07T16:04:28.8167740Z [919/952] Compiling NIOCore IOData.swift
2026-10-07T16:04:28.8168320Z [920/952] Compiling NIOCore IPProtocol.swift
2026-10-07T16:04:28.8175560Z [921/952] Compiling NIOCore IntegerBitPacking.swift
2026-10-07T16:04:28.8176160Z [922/952] Compiling NIOCore IntegerTypes.swift
2026-10-07T16:04:28.8176810Z [923/952] Compiling NIOCore AddressedEnvelope.swift
2026-10-07T16:04:28.8183750Z [924/952] Compiling NIOCore AsyncAwaitSupport.swift
2026-10-07T16:04:28.8184920Z [925/952] Compiling NIOCore AsyncChannel.swift
2026-10-07T16:04:28.8190750Z [926/952] Compiling NIOCore AsyncChannelHandler.swift
2026-10-07T16:04:28.8191870Z [927/952] Compiling NIOCore AsyncChannelInboundStream.swift
2026-10-07T16:04:28.8197170Z [928/952] Compiling NIOCore AsyncChannelOutboundWriter.swift
2026-10-07T16:04:28.8197720Z [929/952] Compiling NIOCore NIOAsyncSequenceProducer.swift
2026-10-07T16:04:28.8198310Z [930/952] Compiling NIOCore NIOAsyncSequenceProducerStrategies.swift
2026-10-07T16:04:28.8198880Z [931/952] Compiling NIOCore NIOAsyncWriter.swift
2026-10-07T16:04:28.8199440Z [932/952] Compiling NIOCore NIOThrowingAsyncSequenceProducer.swift
2026-10-07T16:04:28.8200130Z [933/952] Compiling NIOCore BSDSocketAPI.swift
2026-10-07T16:04:28.8200570Z [934/952] Compiling NIOCore ByteBuffer-aux.swift
2026-10-07T16:04:28.8209160Z [935/952] Compiling NIOCore ByteBuffer-binaryEncodedLengthPrefix.swift
2026-10-07T16:04:28.8209950Z [936/952] Compiling NIOCore ByteBuffer-conversions.swift
2026-10-07T16:04:28.8210360Z [937/952] Compiling NIOCore ByteBuffer-core.swift
2026-10-07T16:04:28.8210680Z [938/952] Compiling NIOCore ByteBuffer-hex.swift
2026-10-07T16:04:28.8211050Z [939/952] Compiling NIOCore ByteBuffer-int.swift
2026-10-07T16:04:28.8215450Z [940/952] Compiling NIOCore ByteBuffer-lengthPrefix.swift
2026-10-07T16:04:28.8215930Z [941/952] Compiling NIOCore ByteBuffer-multi-int.swift
2026-10-07T16:04:28.8216410Z [942/952] Compiling NIOCore ByteBuffer-quicBinaryEncodingStrategy.swift
2026-10-07T16:04:28.8216850Z [943/952] Compiling NIOCore ByteBuffer-views.swift
2026-10-07T16:04:28.8217280Z [944/952] Compiling NIOCore Channel.swift
2026-10-07T16:04:28.8217590Z [945/952] Compiling NIOCore ChannelHandler.swift
2026-10-07T16:04:28.8218000Z [946/952] Compiling NIOCore ChannelHandlers.swift
2026-10-07T16:04:28.8218310Z [947/952] Emitting module NIOCore
2026-10-07T16:04:32.6850150Z [948/975] Compiling NIOCore Interfaces.swift
2026-10-07T16:04:32.6851080Z [949/975] Compiling NIOCore Linux.swift
2026-10-07T16:04:32.6851510Z [950/975] Compiling NIOCore MarkedCircularBuffer.swift
2026-10-07T16:04:32.6852280Z [951/975] Compiling NIOCore MulticastChannel.swift
2026-10-07T16:04:32.6852860Z [952/975] Compiling NIOCore NIOAny.swift
2026-10-07T16:04:32.6853230Z [953/975] Compiling NIOCore NIOCloseOnErrorHandler.swift
2026-10-07T16:04:32.6856370Z [954/975] Compiling NIOCore NIOCoreSendableMetatype.swift
2026-10-07T16:04:32.6856830Z [955/975] Compiling NIOCore NIODecodedAsyncSequence.swift
2026-10-07T16:04:32.6857170Z [956/975] Compiling NIOCore NIOLoopBound.swift
2026-10-07T16:04:32.6857580Z [957/975] Compiling NIOCore NIOPooledRecvBufferAllocator.swift
2026-10-07T16:04:32.6858230Z [958/975] Compiling NIOCore NIOScheduledCallback.swift
2026-10-07T16:04:32.6858620Z [959/975] Compiling NIOCore NIOSendable.swift
2026-10-07T16:04:32.6859110Z [960/975] Compiling NIOCore NIOSplitLinesMessageDecoder.swift
2026-10-07T16:04:32.6859660Z [961/975] Compiling NIOCore NIOTransportAccessibleChannelCore.swift
2026-10-07T16:04:32.6860370Z [962/975] Compiling NIOCore RecvByteBufferAllocator.swift
2026-10-07T16:04:32.6860850Z [963/975] Compiling NIOCore SingleStepByteToMessageDecoder.swift
2026-10-07T16:04:32.6861390Z [964/975] Compiling NIOCore SocketAddresses.swift
2026-10-07T16:04:32.6861760Z [965/975] Compiling NIOCore SocketOptionProvider.swift
2026-10-07T16:04:32.6862190Z [966/975] Compiling NIOCore SystemCallHelpers.swift
2026-10-07T16:04:32.6862550Z [967/975] Compiling NIOCore TimeAmount+Duration.swift
2026-10-07T16:04:32.6863000Z [968/975] Compiling NIOCore TypeAssistedChannelHandler.swift
2026-10-07T16:04:32.6863490Z [969/975] Compiling NIOCore UniversalBootstrapSupport.swift
2026-10-07T16:04:32.6865050Z [970/975] Compiling NIOCore Utilities.swift
2026-10-07T16:04:34.7531830Z [971/1020] Compiling NIOFoundationEssentialsCompat Codable+ByteBuffer.swift
2026-10-07T16:04:35.5989450Z [972/1020] Compiling NIOEmbedded AsyncTestingEventLoop.swift
2026-10-07T16:04:35.7596740Z [973/1021] Emitting module NIOEmbedded
2026-10-07T16:04:35.7697970Z [974/1021] Compiling NIOEmbedded AsyncTestingChannel.swift
2026-10-07T16:04:36.3735280Z [975/1021] Emitting module NIOFoundationEssentialsCompat
2026-10-07T16:04:36.3839030Z [976/1021] Compiling NIOFoundationEssentialsCompat ByteBuffer-foundation.swift
2026-10-07T16:04:36.9872810Z [977/1021] Compiling NIOEmbedded Embedded.swift
2026-10-07T16:04:37.6702020Z [978/1021] Emitting module NIOPosix
2026-10-07T16:04:44.7436160Z [979/1040] Compiling NIOPosix SelectorEpoll.swift
2026-10-07T16:04:44.7562400Z [980/1040] Compiling NIOPosix SelectorGeneric.swift
2026-10-07T16:04:44.7663860Z [981/1040] Compiling NIOPosix SelectorKqueue.swift
2026-10-07T16:04:44.7766450Z [982/1040] Compiling NIOPosix SelectorUring.swift
2026-10-07T16:04:44.7920640Z [983/1040] Compiling NIOPosix SelectorWSAPoll.swift
2026-10-07T16:04:44.8136320Z [984/1040] Compiling NIOPosix ServerSocket.swift
2026-10-07T16:04:44.8137660Z [985/1040] Compiling NIOPosix Socket.swift
2026-10-07T16:04:44.8138640Z [986/1040] Compiling NIOPosix SocketChannel.swift
2026-10-07T16:04:44.8240670Z [987/1040] Compiling NIOPosix SocketProtocols.swift
2026-10-07T16:04:44.8346590Z [988/1040] Compiling NIOPosix StructuredConcurrencyHelpers.swift
2026-10-07T16:04:44.8449500Z [989/1040] Compiling NIOPosix System.swift
2026-10-07T16:04:44.8559050Z [990/1040] Compiling NIOPosix Thread.swift
2026-10-07T16:04:44.8660980Z [991/1040] Compiling NIOPosix ThreadPosix.swift
2026-10-07T16:04:44.8811050Z [992/1040] Compiling NIOPosix ThreadWindows.swift
2026-10-07T16:04:44.8979090Z [993/1040] Compiling NIOPosix Utilities.swift
2026-10-07T16:04:44.9088950Z [994/1040] Compiling NIOPosix VsockAddress.swift
2026-10-07T16:04:44.9190630Z [995/1040] Compiling NIOPosix VsockChannelEvents.swift
2026-10-07T16:04:44.9318750Z [996/1040] Compiling NIOPosix Windows.swift
2026-10-07T16:04:44.9424270Z [997/1040] Compiling NIOPosix resource_bundle_accessor.swift
2026-10-07T16:04:47.7888090Z [998/1040] Compiling NIOPosix LinuxCPUSet.swift
2026-10-07T16:04:47.7989870Z [999/1040] Compiling NIOPosix LinuxUring.swift
2026-10-07T16:04:47.8091210Z [1000/1040] Compiling NIOPosix MultiThreadedEventLoopGroup.swift
2026-10-07T16:04:47.8205060Z [1001/1040] Compiling NIOPosix NIOPosixSendableMetatype.swift
2026-10-07T16:04:47.8307940Z [1002/1040] Compiling NIOPosix NIORandomizedDNSResolver.swift
2026-10-07T16:04:47.8418690Z [1003/1040] Compiling NIOPosix NIOThreadPool.swift
2026-10-07T16:04:47.8519640Z [1004/1040] Compiling NIOPosix NonBlockingFileIO.swift
2026-10-07T16:04:47.8621700Z [1005/1040] Compiling NIOPosix PendingDatagramWritesManager.swift
2026-10-07T16:04:47.8721750Z [1006/1040] Compiling NIOPosix PendingWritesManager.swift
2026-10-07T16:04:47.8823340Z [1007/1040] Compiling NIOPosix PipeChannel.swift
2026-10-07T16:04:47.8924710Z [1008/1040] Compiling NIOPosix PipePair.swift
2026-10-07T16:04:47.9017040Z [1009/1040] Compiling NIOPosix Pool.swift
2026-10-07T16:04:47.9023790Z [1010/1040] Compiling NIOPosix PosixSingletons+ConcurrencyTakeOver.swift
2026-10-07T16:04:47.9030210Z [1011/1040] Compiling NIOPosix PosixSingletons.swift
2026-10-07T16:04:47.9030780Z [1012/1040] Compiling NIOPosix RawSocketBootstrap.swift
2026-10-07T16:04:47.9032380Z [1013/1040] Compiling NIOPosix Resolver.swift
2026-10-07T16:04:47.9033750Z [1014/1040] Compiling NIOPosix Selectable.swift
2026-10-07T16:04:47.9035550Z [1015/1040] Compiling NIOPosix SelectableChannel.swift
2026-10-07T16:04:47.9037160Z [1016/1040] Compiling NIOPosix SelectableEventLoop.swift
2026-10-07T16:04:47.9039930Z [1017/1040] Compiling NIOPosix BSDSocketAPICommon.swift
2026-10-07T16:04:47.9040380Z [1018/1040] Compiling NIOPosix BSDSocketAPIPosix.swift
2026-10-07T16:04:47.9041570Z [1019/1040] Compiling NIOPosix BSDSocketAPIWindows.swift
2026-10-07T16:04:47.9050790Z [1020/1040] Compiling NIOPosix BaseSocket.swift
2026-10-07T16:04:47.9051510Z [1021/1040] Compiling NIOPosix BaseSocketChannel+AccessibleTransport.swift
2026-10-07T16:04:47.9052170Z [1022/1040] Compiling NIOPosix BaseSocketChannel+SocketOptionProvider.swift
2026-10-07T16:04:47.9058010Z [1023/1040] Compiling NIOPosix BaseSocketChannel.swift
2026-10-07T16:04:47.9059640Z [1024/1040] Compiling NIOPosix BaseStreamSocketChannel.swift
2026-10-07T16:04:47.9064210Z [1025/1040] Compiling NIOPosix Bootstrap.swift
2026-10-07T16:04:47.9065670Z [1026/1040] Compiling NIOPosix ControlMessage.swift
2026-10-07T16:04:47.9066990Z [1027/1040] Compiling NIOPosix DatagramVectorReadManager.swift
2026-10-07T16:04:47.9072990Z [1028/1040] Compiling NIOPosix Errors+Any.swift
2026-10-07T16:04:47.9075260Z [1029/1040] Compiling NIOPosix FileDescriptor.swift
2026-10-07T16:04:47.9082560Z [1030/1040] Compiling NIOPosix GetaddrinfoResolver.swift
2026-10-07T16:04:47.9083060Z [1031/1040] Compiling NIOPosix HappyEyeballs.swift
2026-10-07T16:04:47.9084150Z [1032/1040] Compiling NIOPosix IO.swift
2026-10-07T16:04:47.9085820Z [1033/1040] Compiling NIOPosix IntegerBitPacking.swift
2026-10-07T16:04:47.9090610Z [1034/1040] Compiling NIOPosix IntegerTypes.swift
2026-10-07T16:04:47.9091930Z [1035/1040] Compiling NIOPosix Linux.swift
2026-10-07T16:04:48.9124130Z [1036/1042] Compiling NIO Exports.swift
2026-10-07T16:04:48.9210920Z [1037/1042] Emitting module NIO
2026-10-07T16:04:50.7461180Z [1038/1063] Compiling NIOFoundationCompat Exports.swift
2026-10-07T16:04:50.7559050Z [1039/1063] Compiling NIOFoundationCompat JSONSerialization+ByteBuffer.swift
2026-10-07T16:04:50.8163740Z [1040/1064] Emitting module NIOFoundationCompat
2026-10-07T16:04:52.3124050Z [1041/1064] Compiling NIOFoundationCompat WaitSpinningRunLoop.swift
2026-10-07T16:04:52.7874570Z [1042/1064] Emitting module NIOHTTP1
2026-10-07T16:04:53.2434720Z [1043/1070] Compiling NIOHTTP1 HTTPServerRequestMethodQueue.swift
2026-10-07T16:04:53.2591840Z [1044/1070] Compiling NIOHTTP1 HTTPServerUpgradeHandler.swift
2026-10-07T16:04:53.2718440Z [1045/1070] Emitting module NIOTLS
2026-10-07T16:04:53.2841760Z [1046/1070] Compiling NIOHTTP1 HTTPServerPipelineHandler.swift
2026-10-07T16:04:53.2954370Z [1047/1070] Compiling NIOHTTP1 HTTPServerProtocolErrorHandler.swift
2026-10-07T16:04:53.4478080Z [1048/1071] Compiling NIOTLS TLSEvents.swift
2026-10-07T16:04:55.7903590Z [1049/1112] Emitting module NIOTransportServices
2026-10-07T16:04:56.5640420Z [1050/1119] Compiling NIOTransportServices NIOTSBootstraps.swift
2026-10-07T16:04:56.5741940Z [1051/1119] Compiling NIOTransportServices NIOTSChannelOptions.swift
2026-10-07T16:04:56.5844330Z [1052/1119] Compiling NIOTransportServices NIOTSConnectionBootstrap.swift
2026-10-07T16:04:56.5945580Z [1053/1119] Compiling NIOTransportServices NIOTSConnectionChannel.swift
2026-10-07T16:04:56.6047660Z [1054/1119] Compiling NIOTransportServices NIOTSErrors.swift
2026-10-07T16:04:56.6150220Z [1055/1119] Compiling NIOTransportServices NIOTSEventLoop.swift
2026-10-07T16:04:56.6252630Z [1056/1119] Compiling NIOTransportServices AcceptHandler.swift
2026-10-07T16:04:56.6358300Z [1057/1119] Compiling NIOTransportServices NIOTSDatagramConnectionBootstrap.swift
2026-10-07T16:04:56.6459820Z [1058/1119] Compiling NIOTransportServices NIOTSDatagramConnectionChannel.swift
2026-10-07T16:04:56.6562010Z [1059/1119] Compiling NIOTransportServices NIOTSDatagramListenerBootstrap.swift
2026-10-07T16:04:56.6664990Z [1060/1119] Compiling NIOTransportServices NIOTSDatagramListenerChannel.swift
2026-10-07T16:04:56.6766130Z [1061/1119] Compiling NIOTransportServices NIOFilterEmptyWritesHandler.swift
2026-10-07T16:04:57.0804220Z [1062/1119] Compiling NIOTransportServices NIOTSEventLoopGroup.swift
2026-10-07T16:04:57.0906620Z [1063/1119] Compiling NIOTransportServices NIOTSListenerBootstrap.swift
2026-10-07T16:04:57.1125460Z [1064/1119] Compiling NIOTransportServices NIOTSListenerChannel.swift
2026-10-07T16:04:57.1210450Z [1065/1119] Compiling NIOTransportServices NIOTSNetworkEvents.swift
2026-10-07T16:04:57.1311850Z [1066/1119] Compiling NIOTransportServices NIOTSSingletons.swift
2026-10-07T16:04:57.1414840Z [1067/1119] Compiling NIOTransportServices SocketAddress+NWEndpoint.swift
2026-10-07T16:04:57.3036910Z [1068/1119] Emitting module NIOSSL
2026-10-07T16:04:59.7612230Z [1069/1139] Compiling NIOHPACK DynamicHeaderTable.swift
2026-10-07T16:04:59.7714420Z [1070/1139] Compiling NIOHPACK HPACKDecoder.swift
2026-10-07T16:04:59.7816150Z [1071/1139] Compiling NIOHPACK HPACKEncoder.swift
2026-10-07T16:04:59.7917240Z [1072/1139] Compiling NIOHPACK HPACKErrors.swift
2026-10-07T16:04:59.8020690Z [1073/1139] Compiling NIOHPACK HPACKHeader.swift
2026-10-07T16:04:59.8119540Z [1074/1139] Compiling NIOHPACK HeaderTables.swift
2026-10-07T16:04:59.8220690Z [1075/1139] Compiling NIOHPACK HuffmanCoding.swift
2026-10-07T16:04:59.8322650Z [1076/1139] Compiling NIOHPACK HuffmanTables.swift
2026-10-07T16:05:00.3260880Z [1087/1139] Compiling NIOTransportServices StateManagedChannel.swift
2026-10-07T16:05:00.3355500Z [1088/1139] Compiling NIOTransportServices StateManagedListenerChannel.swift
2026-10-07T16:05:00.3484940Z [1089/1139] Compiling NIOTransportServices StateManagedNWConnectionChannel.swift
2026-10-07T16:05:00.3566030Z [1090/1139] Compiling NIOTransportServices TCPOptions+SocketChannelOption.swift
2026-10-07T16:05:00.3689140Z [1091/1139] Compiling NIOTransportServices UDPOptions+SocketChannelOption.swift
2026-10-07T16:05:00.7289540Z [1092/1153] Compiling NIOExtras DebugInboundEventsHandler.swift
2026-10-07T16:05:00.7392670Z [1093/1153] Compiling NIOExtras DebugOutboundEventsHandler.swift
2026-10-07T16:05:00.7493050Z [1094/1153] Compiling NIOExtras FixedLengthFrameDecoder.swift
2026-10-07T16:05:00.7593570Z [1095/1153] Compiling NIOExtras HTTP1ProxyConnectHandler.swift
2026-10-07T16:05:00.7694680Z [1096/1153] Emitting module NIOHPACK
2026-10-07T16:05:00.7796150Z [1097/1153] Compiling NIOExtras JSONRPCFraming+ContentLengthHeader.swift
2026-10-07T16:05:00.7897010Z [1098/1153] Compiling NIOExtras JSONRPCFraming.swift
2026-10-07T16:05:00.7998060Z [1099/1153] Compiling NIOExtras LengthFieldBasedFrameDecoder.swift
2026-10-07T16:05:00.8099900Z [1100/1153] Compiling NIOExtras LengthFieldPrepender.swift
2026-10-07T16:05:01.2243370Z [1109/1156] Compiling NIOHPACK IndexedHeaderTable.swift
2026-10-07T16:05:01.2345330Z [1110/1156] Compiling NIOHPACK IntegerCoding.swift
2026-10-07T16:05:01.2446360Z [1111/1156] Compiling NIOHPACK StaticHeaderTable.swift
2026-10-07T16:05:01.2548270Z [1112/1156] Compiling NIOExtras NIOLengthFieldBitLength.swift
2026-10-07T16:05:02.0429520Z [1116/1156] Emitting module NIOExtras
2026-10-07T16:05:02.3872690Z [1117/1210] Compiling NIOHTTP2 OutboundFlowControlBuffer.swift
2026-10-07T16:05:02.3972560Z [1118/1210] Compiling NIOHTTP2 OutboundFrameBuffer.swift
2026-10-07T16:05:02.4015960Z [1119/1210] Compiling NIOHTTP2 GlitchesMonitor.swift
2026-10-07T16:05:02.4017280Z [1120/1210] Compiling NIOHTTP2 HPACKHeaders+Validation.swift
2026-10-07T16:05:02.4019070Z [1121/1210] Compiling NIOHTTP2 HTTP2ChannelHandler+InboundStreamMultiplexer.swift
2026-10-07T16:05:02.4026080Z [1122/1210] Compiling NIOHTTP2 HTTP2ChannelHandler+InlineStreamMultiplexer.swift
2026-10-07T16:05:02.4026960Z [1123/1210] Compiling NIOHTTP2 ConnectionStateMachine.swift
2026-10-07T16:05:02.4027940Z [1124/1210] Compiling NIOHTTP2 ConnectionStreamsState.swift
2026-10-07T16:05:02.4031490Z [1125/1210] Compiling NIOHTTP2 MayReceiveFrames.swift
2026-10-07T16:05:02.4032030Z [1126/1210] Compiling NIOHTTP2 ReceivingDataState.swift
2026-10-07T16:05:02.4032500Z [1127/1210] Compiling NIOHTTP2 ReceivingGoAwayState.swift
2026-10-07T16:05:02.4033090Z [1128/1210] Compiling NIOHTTP2 ReceivingHeadersState.swift
2026-10-07T16:05:02.4033540Z [1129/1210] Compiling NIOHTTP2 ReceivingPushPromiseState.swift
2026-10-07T16:05:02.4033970Z [1130/1210] Compiling NIOHTTP2 ReceivingRstStreamState.swift
2026-10-07T16:05:02.4034430Z [1131/1210] Compiling NIOHTTP2 ReceivingWindowUpdateState.swift
2026-10-07T16:05:02.4034800Z [1132/1210] Compiling NIOHTTP2 MaySendFrames.swift
2026-10-07T16:05:02.4036460Z [1133/1210] Compiling NIOHTTP2 SendingDataState.swift
2026-10-07T16:05:03.2832360Z [1134/1210] Compiling NIOHTTP2 SendAndReceiveGoawayState.swift
2026-10-07T16:05:03.2946550Z [1135/1210] Compiling NIOHTTP2 StateMachineResult.swift
2026-10-07T16:05:03.3048110Z [1136/1210] Compiling NIOHTTP2 ContentLengthVerifier.swift
2026-10-07T16:05:03.3149520Z [1137/1210] Compiling NIOHTTP2 DOSHeuristics.swift
2026-10-07T16:05:03.3250150Z [1138/1210] Compiling NIOHTTP2 Error+Any.swift
2026-10-07T16:05:03.3352050Z [1139/1210] Compiling NIOHTTP2 ConcurrentStreamBuffer.swift
2026-10-07T16:05:03.3453190Z [1140/1210] Compiling NIOHTTP2 ControlFrameBuffer.swift
2026-10-07T16:05:04.0918640Z [1142/1210] Compiling NIOHTTP2 HTTP2ChannelHandler.swift
2026-10-07T16:05:04.1020500Z [1143/1210] Compiling NIOHTTP2 HTTP2CommonInboundStreamMultiplexer.swift
2026-10-07T16:05:04.1120500Z [1144/1210] Compiling NIOHTTP2 HTTP2ConnectionStateChange.swift
2026-10-07T16:05:04.1222120Z [1145/1210] Compiling NIOHTTP2 HTTP2Error.swift
2026-10-07T16:05:04.1322570Z [1146/1210] Compiling NIOHTTP2 HTTP2ErrorCode.swift
2026-10-07T16:05:04.1425680Z [1147/1210] Compiling NIOHTTP2 HTTP2FlowControlWindow.swift
2026-10-07T16:05:04.1527990Z [1148/1210] Compiling NIOHTTP2 HTTP2Frame.swift
2026-10-07T16:05:04.1627410Z [1149/1210] Compiling NIOHTTP2 HTTP2FrameEncoder.swift
2026-10-07T16:05:04.1728110Z [1150/1210] Compiling NIOHTTP2 HTTP2FrameParser.swift
2026-10-07T16:05:04.1829060Z [1151/1210] Compiling NIOHTTP2 HTTP2PingData.swift
2026-10-07T16:05:04.9381760Z [1152/1210] Emitting module NIOHTTP2
2026-10-07T16:05:05.9214140Z [1170/1233] Compiling NIOHTTP2 SendingGoawayState.swift
2026-10-07T16:05:05.9312620Z [1171/1233] Compiling NIOHTTP2 SendingHeadersState.swift
2026-10-07T16:05:05.9429450Z [1172/1233] Compiling NIOHTTP2 SendingPushPromiseState.swift
2026-10-07T16:05:05.9531580Z [1173/1233] Compiling NIOHTTP2 SendingRstStreamState.swift
2026-10-07T16:05:05.9633790Z [1174/1233] Compiling NIOHTTP2 SendingWindowUpdateState.swift
2026-10-07T16:05:05.9755360Z [1175/1233] Compiling NIOHTTP2 HTTP2SettingsState.swift
2026-10-07T16:05:05.9858500Z [1176/1233] Compiling NIOHTTP2 HasExtendedConnectSettings.swift
2026-10-07T16:05:05.9961940Z [1177/1233] Compiling NIOHTTP2 HasFlowControlWindows.swift
2026-10-07T16:05:06.0067550Z [1178/1233] Compiling NIOHTTP2 HasLocalSettings.swift
2026-10-07T16:05:06.0169890Z [1179/1233] Compiling NIOHTTP2 HasRemoteSettings.swift
2026-10-07T16:05:06.0273040Z [1180/1233] Compiling NIOHTTP2 LocallyQuiescingState.swift
2026-10-07T16:05:06.0374470Z [1181/1233] Compiling NIOHTTP2 QuiescingState.swift
2026-10-07T16:05:06.0478850Z [1182/1233] Compiling NIOHTTP2 RemotelyQuiescingState.swift
2026-10-07T16:05:08.4526970Z [1183/1233] Compiling NIOHTTP2 HTTP2PipelineHelpers.swift
2026-10-07T16:05:08.4629220Z [1184/1233] Compiling NIOHTTP2 HTTP2Settings.swift
2026-10-07T16:05:08.4729370Z [1185/1233] Compiling NIOHTTP2 HTTP2Stream.swift
2026-10-07T16:05:08.4831390Z [1186/1233] Compiling NIOHTTP2 HTTP2StreamChannel+OutboundStreamMultiplexer.swift
2026-10-07T16:05:08.4931410Z [1187/1233] Compiling NIOHTTP2 HTTP2StreamChannel.swift
2026-10-07T16:05:08.5032740Z [1188/1233] Compiling NIOHTTP2 HTTP2StreamDelegate.swift
2026-10-07T16:05:08.5134620Z [1189/1233] Compiling NIOHTTP2 HTTP2StreamID.swift
2026-10-07T16:05:08.5235180Z [1190/1233] Compiling NIOHTTP2 HTTP2StreamMultiplexer.swift
2026-10-07T16:05:08.5335920Z [1191/1233] Compiling NIOHTTP2 HTTP2ToHTTP1Codec.swift
2026-10-07T16:05:08.5437660Z [1192/1233] Compiling NIOHTTP2 HTTP2UserEvents.swift
2026-10-07T16:05:08.5538580Z [1193/1233] Compiling NIOHTTP2 InboundEventBuffer.swift
2026-10-07T16:05:08.5640260Z [1194/1233] Compiling NIOHTTP2 InboundWindowManager.swift
2026-10-07T16:05:08.5741340Z [1195/1233] Compiling NIOHTTP2 MultiplexerAbstractChannel.swift
2026-10-07T16:05:08.5844380Z [1196/1233] Compiling NIOHTTP2 NIOHTTP2FrameDelegate.swift
2026-10-07T16:05:08.5949510Z [1197/1233] Compiling NIOHTTP2 NIOHTTP2ServerConnectionManagementHandler+StateMachine.swift
2026-10-07T16:05:08.6049720Z [1198/1233] Compiling NIOHTTP2 NIOHTTP2ServerConnectionManagementHandler.swift
2026-10-07T16:05:08.6151440Z [1199/1233] Compiling NIOHTTP2 StreamChannelFlowController.swift
2026-10-07T16:05:08.6253120Z [1200/1233] Compiling NIOHTTP2 StreamChannelList.swift
2026-10-07T16:05:08.6354610Z [1201/1233] Compiling NIOHTTP2 StreamMap.swift
2026-10-07T16:05:08.6454970Z [1202/1233] Compiling NIOHTTP2 StreamStateMachine.swift
2026-10-07T16:05:08.6556140Z [1203/1233] Compiling NIOHTTP2 Timer.swift
2026-10-07T16:05:08.6656610Z [1204/1233] Compiling NIOHTTP2 UnsafeTransfer.swift
2026-10-07T16:05:08.6758050Z [1205/1233] Compiling NIOHTTP2 WatermarkedFlowController.swift
2026-10-07T16:05:18.3769680Z [1229/1282] Emitting module GRPC
2026-10-07T16:05:18.3885140Z [1230/1282] Compiling GRPC GRPCAsyncUnaryCall.swift
2026-10-07T16:05:18.4035800Z [1231/1282] Compiling GRPC GRPCAsyncWriterSinkDelegate.swift
2026-10-07T16:05:18.4170560Z [1232/1282] Compiling GRPC GRPCChannel+AsyncAwaitSupport.swift
2026-10-07T16:05:18.4354800Z [1233/1282] Compiling GRPC GRPCClient+AsyncAwaitSupport.swift
2026-10-07T16:05:18.4477010Z [1234/1282] Compiling GRPC GRPCSendable.swift
2026-10-07T16:05:18.4588090Z [1235/1282] Compiling GRPC NIOAsyncWrappers.swift
2026-10-07T16:05:18.4679140Z [1236/1282] Compiling GRPC BidirectionalStreamingServerHandler.swift
2026-10-07T16:05:18.4780620Z [1237/1282] Compiling GRPC ClientStreamingServerHandler.swift
2026-10-07T16:05:18.4882090Z [1238/1282] Compiling GRPC ServerHandlerProtocol.swift
2026-10-07T16:05:18.4984330Z [1239/1282] Compiling GRPC ServerStreamingServerHandler.swift
2026-10-07T16:05:18.5084590Z [1240/1282] Compiling GRPC UnaryServerHandler.swift
2026-10-07T16:05:18.5111440Z [1241/1282] Compiling GRPC CallOptions.swift
2026-10-07T16:05:18.5112200Z [1242/1282] Compiling GRPC BidirectionalStreamingCall.swift
2026-10-07T16:05:18.5126530Z [1243/1282] Compiling GRPC Call.swift
2026-10-07T16:05:18.5126800Z [1244/1282] Compiling GRPC CallDetails.swift
2026-10-07T16:05:18.5127150Z [1245/1282] Compiling GRPC ClientCall.swift
2026-10-07T16:05:18.5127510Z [1246/1282] Compiling GRPC ClientStreamingCall.swift
2026-10-07T16:05:18.5127920Z [1247/1282] Compiling GRPC LazyEventLoopPromise.swift
2026-10-07T16:05:18.5128280Z [1248/1282] Compiling GRPC ResponseContainers.swift
2026-10-07T16:05:18.5128690Z [1249/1282] Compiling GRPC ResponsePartContainer.swift
2026-10-07T16:05:18.5129020Z [1250/1282] Compiling GRPC ServerStreamingCall.swift
2026-10-07T16:05:18.5129400Z [1251/1282] Compiling GRPC UnaryCall.swift
2026-10-07T16:05:18.5129820Z [1252/1282] Compiling GRPC ClientConnection.swift
2026-10-07T16:05:18.5130270Z [1253/1282] Compiling GRPC ClientConnectionConfiguration+NIOSSL.swift
2026-10-07T16:05:18.5130680Z [1254/1282] Compiling GRPC Array+BoundsCheck.swift
2026-10-07T16:05:18.5131160Z [1255/1282] Compiling GRPC ServerHandlerStateMachine+Actions.swift
2026-10-07T16:05:18.5131600Z [1256/1282] Compiling GRPC ServerHandlerStateMachine+Draining.swift
2026-10-07T16:05:18.5132130Z [1257/1282] Compiling GRPC ServerHandlerStateMachine+Finished.swift
2026-10-07T16:05:18.5133030Z [1258/1282] Compiling GRPC ServerHandlerStateMachine+Handling.swift
2026-10-07T16:05:18.5133710Z [1259/1282] Compiling GRPC ServerHandlerStateMachine+Idle.swift
2026-10-07T16:05:18.5135020Z [1260/1282] Compiling GRPC ServerHandlerStateMachine.swift
2026-10-07T16:05:18.5135540Z [1261/1282] Compiling GRPC ServerInterceptorStateMachine+Actions.swift
2026-10-07T16:05:18.5136070Z [1262/1282] Compiling GRPC ServerInterceptorStateMachine+Finished.swift
2026-10-07T16:05:18.5136670Z [1263/1282] Compiling GRPC ServerInterceptorStateMachine+Intercepting.swift
2026-10-07T16:05:18.5137140Z [1264/1282] Compiling GRPC ServerInterceptorStateMachine.swift
2026-10-07T16:05:18.5137580Z [1265/1282] Compiling GRPC StreamState.swift
2026-10-07T16:05:18.5137940Z [1266/1282] Compiling GRPC Call+AsyncRequestStreamWriter.swift
2026-10-07T16:05:18.5138500Z [1267/1282] Compiling GRPC CancellationError+GRPCStatusTransformable.swift
2026-10-07T16:05:18.5139030Z [1268/1282] Compiling GRPC GRPCAsyncBidirectionalStreamingCall.swift
2026-10-07T16:05:18.5143090Z [1269/1282] Compiling GRPC GRPCAsyncClientStreamingCall.swift
2026-10-07T16:05:18.5143560Z [1270/1282] Compiling GRPC GRPCAsyncRequestStream.swift
2026-10-07T16:05:18.5143960Z [1271/1282] Compiling GRPC GRPCAsyncRequestStreamWriter.swift
2026-10-07T16:05:18.5144420Z [1272/1282] Compiling GRPC GRPCAsyncResponseStream.swift
2026-10-07T16:05:18.5144810Z [1273/1282] Compiling GRPC GRPCAsyncResponseStreamWriter.swift
2026-10-07T16:05:18.5145350Z [1274/1282] Compiling GRPC GRPCAsyncSequenceProducerDelegate.swift
2026-10-07T16:05:18.5145780Z [1275/1282] Compiling GRPC GRPCAsyncServerCallContext.swift
2026-10-07T16:05:18.5146300Z [1276/1282] Compiling GRPC GRPCAsyncServerHandler.swift
2026-10-07T16:05:18.5146670Z [1277/1282] Compiling GRPC GRPCAsyncServerStreamingCall.swift
2026-10-07T16:05:22.4976820Z [1278/1354] Compiling GRPC GRPCTLSConfiguration.swift
2026-10-07T16:05:22.4983580Z [1279/1354] Compiling GRPC GRPCTimeout.swift
2026-10-07T16:05:22.5111120Z [1280/1354] Compiling GRPC GRPCWebToHTTP2ServerCodec.swift
2026-10-07T16:05:22.5240900Z [1281/1354] Compiling GRPC HTTP2ToRawGRPCServerCodec.swift
2026-10-07T16:05:22.5312650Z [1282/1354] Compiling GRPC HTTP2ToRawGRPCStateMachine.swift
2026-10-07T16:05:22.5313540Z [1283/1354] Compiling GRPC ClientInterceptorContext.swift
2026-10-07T16:05:22.5353850Z [1284/1354] Compiling GRPC ClientInterceptorPipeline.swift
2026-10-07T16:05:22.5354580Z [1285/1354] Compiling GRPC ClientInterceptorProtocol.swift
2026-10-07T16:05:22.5355180Z [1286/1354] Compiling GRPC ClientInterceptors.swift
2026-10-07T16:05:22.5355590Z [1287/1354] Compiling GRPC ClientTransport.swift
2026-10-07T16:05:22.5356240Z [1288/1354] Compiling GRPC ClientTransportFactory.swift
2026-10-07T16:05:22.5356780Z [1289/1354] Compiling GRPC MessageParts.swift
2026-10-07T16:05:22.5357320Z [1290/1354] Compiling GRPC ServerInterceptorContext.swift
2026-10-07T16:05:22.5357860Z [1291/1354] Compiling GRPC ServerInterceptorPipeline.swift
2026-10-07T16:05:22.5358460Z [1292/1354] Compiling GRPC ServerInterceptors.swift
2026-10-07T16:05:22.5359350Z [1293/1354] Compiling GRPC InterceptorContextList.swift
2026-10-07T16:05:22.5359910Z [1294/1354] Compiling GRPC LengthPrefixedMessageReader.swift
2026-10-07T16:05:22.5360420Z [1295/1354] Compiling GRPC Logger.swift
2026-10-07T16:05:22.5360900Z [1296/1354] Compiling GRPC LoggingServerErrorDelegate.swift
2026-10-07T16:05:22.5384830Z [1297/1354] Compiling GRPC MessageEncodingHeaderValidator.swift
2026-10-07T16:05:22.5392220Z [1298/1354] Compiling GRPC PlatformSupport.swift
2026-10-07T16:05:22.5393410Z [1299/1354] Compiling GRPC ReadWriteStates.swift
2026-10-07T16:05:22.5394790Z [1300/1354] Compiling GRPC Ref.swift
2026-10-07T16:05:22.5400180Z [1301/1354] Compiling GRPC Serialization.swift
2026-10-07T16:05:22.5407660Z [1302/1377] Compiling GRPC DelegatingErrorHandler.swift
2026-10-07T16:05:22.5408210Z [1303/1377] Compiling GRPC Error+NIOSSL.swift
2026-10-07T16:05:22.5408790Z [1304/1377] Compiling GRPC EventLoopFuture+RecoverFromUncleanShutdown.swift
2026-10-07T16:05:22.5409400Z [1305/1377] Compiling GRPC FakeChannel.swift
2026-10-07T16:05:22.5410060Z [1306/1377] Compiling GRPC ClientConnection+NIOSSL.swift
2026-10-07T16:05:22.5411590Z [1307/1377] Compiling GRPC ClientConnection+NWTLS.swift
2026-10-07T16:05:22.5443130Z [1308/1377] Compiling GRPC GRPCChannel.swift
2026-10-07T16:05:22.5444990Z [1309/1377] Compiling GRPC GRPCChannelBuilder.swift
2026-10-07T16:05:22.5465280Z [1310/1377] Compiling GRPC GRPCClient.swift
2026-10-07T16:05:22.5467530Z [1311/1377] Compiling GRPC GRPCClientChannelHandler.swift
2026-10-07T16:05:22.5577650Z [1312/1377] Compiling GRPC GRPCClientStateMachine.swift
2026-10-07T16:05:22.5689730Z [1313/1377] Compiling GRPC GRPCContentType.swift
2026-10-07T16:05:22.5804050Z [1314/1377] Compiling GRPC GRPCError.swift
2026-10-07T16:05:22.5928960Z [1315/1377] Compiling GRPC GRPCHeaderName.swift
2026-10-07T16:05:22.5963640Z [1316/1377] Compiling GRPC GRPCIdleHandler.swift
2026-10-07T16:05:22.5966280Z [1317/1377] Compiling GRPC GRPCIdleHandlerStateMachine.swift
2026-10-07T16:05:22.5971550Z [1318/1377] Compiling GRPC GRPCKeepaliveHandlers.swift
2026-10-07T16:05:22.5980940Z [1319/1377] Compiling GRPC GRPCPayload.swift
2026-10-07T16:05:22.5986380Z [1320/1377] Compiling GRPC GRPCServerPipelineConfigurator.swift
2026-10-07T16:05:22.5986970Z [1321/1377] Compiling GRPC GRPCServerRequestRoutingHandler.swift
2026-10-07T16:05:22.5987380Z [1322/1377] Compiling GRPC GRPCServiceDescription.swift
2026-10-07T16:05:22.5987780Z [1323/1377] Compiling GRPC GRPCStatus.swift
2026-10-07T16:05:22.5988100Z [1324/1377] Compiling GRPC GRPCStatusAndMetadata.swift
2026-10-07T16:05:22.5988570Z [1325/1377] Compiling GRPC GRPCStatusMessageMarshaller.swift
2026-10-07T16:05:22.7380710Z [1326/1377] Compiling GRPC ClientErrorDelegate.swift
2026-10-07T16:05:22.7392540Z [1327/1377] Compiling GRPC CoalescingLengthPrefixedMessageWriter.swift
2026-10-07T16:05:22.7394160Z [1328/1377] Compiling GRPC CompressionAlgorithm.swift
2026-10-07T16:05:22.7395500Z [1329/1377] Compiling GRPC DecompressionLimit.swift
2026-10-07T16:05:22.7396680Z [1330/1377] Compiling GRPC MessageEncoding.swift
2026-10-07T16:05:22.7397740Z [1331/1377] Compiling GRPC Zlib.swift
2026-10-07T16:05:22.7400130Z [1332/1377] Compiling GRPC ConnectionBackoff.swift
2026-10-07T16:05:22.7401430Z [1333/1377] Compiling GRPC ConnectionKeepalive.swift
2026-10-07T16:05:22.7402860Z [1334/1377] Compiling GRPC ConnectionManager+Delegates.swift
2026-10-07T16:05:22.7403980Z [1335/1377] Compiling GRPC ConnectionManager.swift
2026-10-07T16:05:22.7405760Z [1336/1377] Compiling GRPC ConnectionManagerChannelProvider.swift
2026-10-07T16:05:22.7407410Z [1337/1377] Compiling GRPC ConnectionManagerID.swift
2026-10-07T16:05:22.7408100Z [1338/1377] Compiling GRPC ConnectionPool+PerConnectionState.swift
2026-10-07T16:05:22.7408740Z [1339/1377] Compiling GRPC ConnectionPool+Waiter.swift
2026-10-07T16:05:22.7409320Z [1340/1377] Compiling GRPC ConnectionPool.swift
2026-10-07T16:05:22.7409800Z [1341/1377] Compiling GRPC ConnectionPoolIDs.swift
2026-10-07T16:05:22.7410270Z [1342/1377] Compiling GRPC GRPCChannelPool.swift
2026-10-07T16:05:22.7410760Z [1343/1377] Compiling GRPC PoolManager.swift
2026-10-07T16:05:22.7411280Z [1344/1377] Compiling GRPC PoolManagerStateMachine+PerPoolState.swift
2026-10-07T16:05:22.7412060Z [1345/1377] Compiling GRPC PoolManagerStateMachine.swift
2026-10-07T16:05:22.7413000Z [1346/1377] Compiling GRPC PooledChannel.swift
2026-10-07T16:05:22.7414340Z [1347/1377] Compiling GRPC StreamLender.swift
2026-10-07T16:05:22.7415490Z [1348/1377] Compiling GRPC ConnectivityState.swift
2026-10-07T16:05:22.7416720Z [1349/1377] Compiling GRPC DebugOnly.swift
2026-10-07T16:05:25.1616870Z [1350/1377] Compiling GRPC Server+NIOSSL.swift
2026-10-07T16:05:25.1618640Z [1351/1377] Compiling GRPC Server.swift
2026-10-07T16:05:25.1619360Z [1352/1377] Compiling GRPC ServerBuilder+NIOSSL.swift
2026-10-07T16:05:25.1619810Z [1353/1377] Compiling GRPC ServerBuilder.swift
2026-10-07T16:05:25.1620280Z [1354/1377] Compiling GRPC ServerCallContext.swift
2026-10-07T16:05:25.1620740Z [1355/1377] Compiling GRPC StreamingResponseCallContext.swift
2026-10-07T16:05:25.1621240Z [1356/1377] Compiling GRPC UnaryResponseCallContext.swift
2026-10-07T16:05:25.1621640Z [1357/1377] Compiling GRPC ServerChannelErrorHandler.swift
2026-10-07T16:05:25.1622040Z [1358/1377] Compiling GRPC ServerErrorDelegate.swift
2026-10-07T16:05:25.1622380Z [1359/1377] Compiling GRPC ServerErrorProcessor.swift
2026-10-07T16:05:25.1622770Z [1360/1377] Compiling GRPC Stopwatch.swift
2026-10-07T16:05:25.1623150Z [1361/1377] Compiling GRPC StreamEvent.swift
2026-10-07T16:05:25.1623490Z [1362/1377] Compiling GRPC TLSVerificationHandler.swift
2026-10-07T16:05:25.1623940Z [1363/1377] Compiling GRPC TLSVersion.swift
2026-10-07T16:05:25.1624250Z [1364/1377] Compiling GRPC TimeLimit.swift
2026-10-07T16:05:25.1624610Z [1365/1377] Compiling GRPC UserInfo.swift
2026-10-07T16:05:25.1624930Z [1366/1377] Compiling GRPC Version.swift
2026-10-07T16:05:25.1625310Z [1367/1377] Compiling GRPC WebCORSHandler.swift
2026-10-07T16:05:25.1631040Z [1368/1377] Compiling GRPC WriteCapturingHandler.swift
2026-10-07T16:05:25.1631440Z [1369/1377] Compiling GRPC _EmbeddedThroughput.swift
2026-10-07T16:05:25.1631820Z [1370/1377] Compiling GRPC _FakeResponseStream.swift
2026-10-07T16:05:25.1632300Z [1371/1377] Compiling GRPC _GRPCClientCodecHandler.swift
2026-10-07T16:05:25.1632650Z [1372/1377] Compiling GRPC _MessageContext.swift
2026-10-07T16:05:36.3894820Z [1373/1414] Compiling RightClickCore CapabilityReflector.swift
2026-10-07T16:05:36.3902680Z [1374/1414] Compiling RightClickCore CapabilityReflectorSource.swift
2026-10-07T16:05:36.3903860Z [1375/1414] Compiling RightClickCore CapabilityRuntimeDefaults.swift
2026-10-07T16:05:36.3905340Z [1376/1414] Compiling RightClickCore CapabilitySnapshotFreshness.swift
2026-10-07T16:05:36.3908030Z [1377/1414] Compiling RightClickCore ConfiguredOpenAPISource.swift
2026-10-07T16:05:36.3909040Z [1378/1414] Compiling RightClickCore ContentItem.swift
2026-10-07T16:05:36.3910510Z [1379/1414] Compiling RightClickCore GRPCReflectionTransport.swift
2026-10-07T16:05:36.3911150Z [1380/1414] Compiling RightClickCore GRPCReflector.swift
2026-10-07T16:05:36.4039940Z [1381/1414] Compiling RightClickCore GRPCWireCodec.swift
2026-10-07T16:05:36.4041410Z [1382/1414] Compiling RightClickCore GraphQLHTTP.swift
2026-10-07T16:05:36.4042540Z [1383/1414] Compiling RightClickCore GraphQLReflector.swift
2026-10-07T16:05:36.4043720Z [1384/1414] Compiling RightClickCore KafkaCapabilityArtifactResolver.swift
2026-10-07T16:05:36.4044930Z [1385/1414] Compiling RightClickCore KubernetesCapabilityArtifactResolver.swift
2026-10-07T16:05:36.4046220Z [1386/1414] Compiling RightClickCore MCPCapabilityArtifactResolver.swift
2026-10-07T16:05:36.4047280Z [1387/1414] Compiling RightClickCore OAuthOIDCAuthority.swift
2026-10-07T16:05:36.4048270Z [1388/1414] Compiling RightClickCore OpenAPIAuthority.swift
2026-10-07T16:05:36.4049160Z [1389/1414] Compiling RightClickCore OpenAPIReflector.swift
2026-10-07T16:05:36.4050230Z [1390/1414] Compiling RightClickCore OriginPinnedHTTP.swift
2026-10-07T16:05:36.4051090Z [1391/1414] Compiling RightClickCore A2AReflector.swift
2026-10-07T16:05:36.4052080Z [1392/1414] Compiling RightClickCore ARDRegistrySource.swift
2026-10-07T16:05:36.4053130Z [1393/1414] Compiling RightClickCore ActionExtensionCatalog.swift
2026-10-07T16:05:36.4054090Z [1394/1414] Compiling RightClickCore BonjourGRPCSource.swift
2026-10-07T16:05:36.4055120Z [1395/1414] Compiling RightClickCore BonjourGraphQLSource.swift
2026-10-07T16:05:36.4056090Z [1396/1414] Compiling RightClickCore BonjourOpenAPISource.swift
2026-10-07T16:05:36.4057290Z [1397/1414] Compiling RightClickCore BoundedCapabilityProcess.swift
2026-10-07T16:05:36.4058240Z [1398/1414] Compiling RightClickCore BundleScan.swift
2026-10-07T16:05:36.4059130Z [1399/1414] Compiling RightClickCore Capability.swift
2026-10-07T16:05:36.4059960Z [1400/1414] Compiling RightClickCore CapabilityABI.swift
2026-10-07T16:05:36.4060940Z [1401/1414] Compiling RightClickCore CapabilityABIAdapter.swift
2026-10-07T16:05:36.4062080Z [1402/1414] Compiling RightClickCore CapabilityArtifactResolver.swift
2026-10-07T16:05:36.4063190Z [1403/1414] Compiling RightClickCore CapabilityArtifactSnapshot.swift
2026-10-07T16:05:36.4064270Z [1404/1414] Compiling RightClickCore CapabilityEngine.swift
2026-10-07T16:05:36.4065210Z [1405/1414] Compiling RightClickCore CapabilityExperience.swift
2026-10-07T16:05:36.4066310Z [1406/1414] Compiling RightClickCore CapabilityExperienceLedger.swift
2026-10-07T16:05:36.4067330Z [1407/1414] Compiling RightClickCore CapabilityInterface.swift
2026-10-07T16:05:36.4068590Z [1408/1414] Compiling RightClickCore CapabilityProtectedReference.swift
2026-10-07T16:05:36.4069560Z [1409/1414] Emitting module RightClickCore
2026-10-07T16:05:44.5704850Z [1410/1431] Compiling RightClickCore OutcomeVerifier.swift
2026-10-07T16:05:44.5810080Z /Users/runner/work/rightclick/rightclick/Sources/RightClickCore/SharingCatalog.swift:26:41: warning: 'sharingServices(forItems:)' was deprecated in macOS 13.0: Use -[NSSharingServicePicker standardShareMenuItem] instead. [#DeprecatedDeclaration]
2026-10-07T16:05:44.5925380Z  24 |         let items = pasteboardItems(for: item)
2026-10-07T16:05:44.5968740Z  25 |         guard !items.isEmpty else { return [] }
2026-10-07T16:05:44.6041080Z  26 |         let services = NSSharingService.sharingServices(forItems: items)
2026-10-07T16:05:44.6140130Z     |                                         `- warning: 'sharingServices(forItems:)' was deprecated in macOS 13.0: Use -[NSSharingServicePicker standardShareMenuItem] instead. [#DeprecatedDeclaration]
2026-10-07T16:05:44.6243680Z  27 |         return services.compactMap { service in
2026-10-07T16:05:44.6333510Z  28 |             guard service.canPerform(withItems: items) else { return nil }
2026-10-07T16:05:44.6434490Z 
2026-10-07T16:05:44.6495520Z /Users/runner/work/rightclick/rightclick/Sources/RightClickCore/SharingCatalog.swift:37:41: warning: 'sharingServices(forItems:)' was deprecated in macOS 13.0: Use -[NSSharingServicePicker standardShareMenuItem] instead. [#DeprecatedDeclaration]
2026-10-07T16:05:44.6593060Z  35 |     static func launch(executionId: String, capabilityID: String, item: ContentItem) {
2026-10-07T16:05:44.6608930Z  36 |         let items = pasteboardItems(for: item)
2026-10-07T16:05:44.6611340Z  37 |         let services = NSSharingService.sharingServices(forItems: items)
2026-10-07T16:05:44.6613600Z     |                                         `- warning: 'sharingServices(forItems:)' was deprecated in macOS 13.0: Use -[NSSharingServicePicker standardShareMenuItem] instead. [#DeprecatedDeclaration]
2026-10-07T16:05:44.6614630Z  38 |         ExecutionLog.write("\(executionId) discovered services: \(services.map(\.title).joined(separator: ", "))")
2026-10-07T16:05:44.6615220Z  39 |         guard pthread_main_np() != 0 else {
2026-10-07T16:05:44.6615540Z 
2026-10-07T16:05:44.6616190Z [#DeprecatedDeclaration]: <https://docs.swift.org/compiler/documentation/diagnostics/deprecated-declaration>
2026-10-07T16:05:44.6617130Z [1411/1431] Compiling RightClickCore ProductSurface.swift
2026-10-07T16:05:44.6618600Z /Users/runner/work/rightclick/rightclick/Sources/RightClickCore/SharingCatalog.swift:26:41: warning: 'sharingServices(forItems:)' was deprecated in macOS 13.0: Use -[NSSharingServicePicker standardShareMenuItem] instead. [#DeprecatedDeclaration]
2026-10-07T16:05:44.6683220Z  24 |         let items = pasteboardItems(for: item)
2026-10-07T16:05:44.6732720Z  25 |         guard !items.isEmpty else { return [] }
2026-10-07T16:05:44.6753910Z  26 |         let services = NSSharingService.sharingServices(forItems: items)
2026-10-07T16:05:44.6763990Z     |                                         `- warning: 'sharingServices(forItems:)' was deprecated in macOS 13.0: Use -[NSSharingServicePicker standardShareMenuItem] instead. [#DeprecatedDeclaration]
2026-10-07T16:05:44.6822920Z  27 |         return services.compactMap { service in
2026-10-07T16:05:44.6824320Z  28 |             guard service.canPerform(withItems: items) else { return nil }
2026-10-07T16:05:44.6825220Z 
2026-10-07T16:05:44.6827540Z /Users/runner/work/rightclick/rightclick/Sources/RightClickCore/SharingCatalog.swift:37:41: warning: 'sharingServices(forItems:)' was deprecated in macOS 13.0: Use -[NSSharingServicePicker standardShareMenuItem] instead. [#DeprecatedDeclaration]
2026-10-07T16:05:44.6830880Z  35 |     static func launch(executionId: String, capabilityID: String, item: ContentItem) {
2026-10-07T16:05:44.6832490Z  36 |         let items = pasteboardItems(for: item)
2026-10-07T16:05:44.6833810Z  37 |         let services = NSSharingService.sharingServices(forItems: items)
2026-10-07T16:05:44.6836040Z     |                                         `- warning: 'sharingServices(forItems:)' was deprecated in macOS 13.0: Use -[NSSharingServicePicker standardShareMenuItem] instead. [#DeprecatedDeclaration]
2026-10-07T16:05:44.6838790Z  38 |         ExecutionLog.write("\(executionId) discovered services: \(services.map(\.title).joined(separator: ", "))")
2026-10-07T16:05:44.6841270Z  39 |         guard pthread_main_np() != 0 else {
2026-10-07T16:05:44.6842010Z 
2026-10-07T16:05:44.6843070Z [#DeprecatedDeclaration]: <https://docs.swift.org/compiler/documentation/diagnostics/deprecated-declaration>
2026-10-07T16:05:44.6844760Z [1412/1431] Compiling RightClickCore RCIR.swift
2026-10-07T16:05:44.6847390Z /Users/runner/work/rightclick/rightclick/Sources/RightClickCore/SharingCatalog.swift:26:41: warning: 'sharingServices(forItems:)' was deprecated in macOS 13.0: Use -[NSSharingServicePicker standardShareMenuItem] instead. [#DeprecatedDeclaration]
2026-10-07T16:05:44.6850310Z  24 |         let items = pasteboardItems(for: item)
2026-10-07T16:05:44.6851160Z  25 |         guard !items.isEmpty else { return [] }
2026-10-07T16:05:44.6852160Z  26 |         let services = NSSharingService.sharingServices(forItems: items)
2026-10-07T16:05:44.6854360Z     |                                         `- warning: 'sharingServices(forItems:)' was deprecated in macOS 13.0: Use -[NSSharingServicePicker standardShareMenuItem] instead. [#DeprecatedDeclaration]
2026-10-07T16:05:44.6856160Z  27 |         return services.compactMap { service in
2026-10-07T16:05:44.6858750Z  28 |             guard service.canPerform(withItems: items) else { return nil }
2026-10-07T16:05:44.6859570Z 
2026-10-07T16:05:44.6861480Z /Users/runner/work/rightclick/rightclick/Sources/RightClickCore/SharingCatalog.swift:37:41: warning: 'sharingServices(forItems:)' was deprecated in macOS 13.0: Use -[NSSharingServicePicker standardShareMenuItem] instead. [#DeprecatedDeclaration]
2026-10-07T16:05:44.6864300Z  35 |     static func launch(executionId: String, capabilityID: String, item: ContentItem) {
2026-10-07T16:05:44.6865500Z  36 |         let items = pasteboardItems(for: item)
2026-10-07T16:05:44.6866430Z  37 |         let services = NSSharingService.sharingServices(forItems: items)
2026-10-07T16:05:44.6868540Z     |                                         `- warning: 'sharingServices(forItems:)' was deprecated in macOS 13.0: Use -[NSSharingServicePicker standardShareMenuItem] instead. [#DeprecatedDeclaration]
2026-10-07T16:05:44.6871170Z  38 |         ExecutionLog.write("\(executionId) discovered services: \(services.map(\.title).joined(separator: ", "))")
2026-10-07T16:05:44.6876020Z  39 |         guard pthread_main_np() != 0 else {
2026-10-07T16:05:44.6878240Z 
2026-10-07T16:05:44.6878640Z [#DeprecatedDeclaration]: <https://docs.swift.org/compiler/documentation/diagnostics/deprecated-declaration>
2026-10-07T16:05:44.6943400Z [1413/1431] Compiling RightClickCore RCIRDeferredExecution.swift
2026-10-07T16:05:44.6946890Z /Users/runner/work/rightclick/rightclick/Sources/RightClickCore/SharingCatalog.swift:26:41: warning: 'sharingServices(forItems:)' was deprecated in macOS 13.0: Use -[NSSharingServicePicker standardShareMenuItem] instead. [#DeprecatedDeclaration]
2026-10-07T16:05:44.6949780Z  24 |         let items = pasteboardItems(for: item)
2026-10-07T16:05:44.6950890Z  25 |         guard !items.isEmpty else { return [] }
2026-10-07T16:05:44.6952300Z  26 |         let services = NSSharingService.sharingServices(forItems: items)
2026-10-07T16:05:44.6954570Z     |                                         `- warning: 'sharingServices(forItems:)' was deprecated in macOS 13.0: Use -[NSSharingServicePicker standardShareMenuItem] instead. [#DeprecatedDeclaration]
2026-10-07T16:05:44.6956680Z  27 |         return services.compactMap { service in
2026-10-07T16:05:44.6958090Z  28 |             guard service.canPerform(withItems: items) else { return nil }
2026-10-07T16:05:44.6959230Z 
2026-10-07T16:05:44.6961400Z /Users/runner/work/rightclick/rightclick/Sources/RightClickCore/SharingCatalog.swift:37:41: warning: 'sharingServices(forItems:)' was deprecated in macOS 13.0: Use -[NSSharingServicePicker standardShareMenuItem] instead. [#DeprecatedDeclaration]
2026-10-07T16:05:44.6965510Z  35 |     static func launch(executionId: String, capabilityID: String, item: ContentItem) {
2026-10-07T16:05:44.6974590Z  36 |         let items = pasteboardItems(for: item)
2026-10-07T16:05:44.6975680Z  37 |         let services = NSSharingService.sharingServices(forItems: items)
2026-10-07T16:05:44.6976670Z     |                                         `- warning: 'sharingServices(forItems:)' was deprecated in macOS 13.0: Use -[NSSharingServicePicker standardShareMenuItem] instead. [#DeprecatedDeclaration]
2026-10-07T16:05:44.6977630Z  38 |         ExecutionLog.write("\(executionId) discovered services: \(services.map(\.title).joined(separator: ", "))")
2026-10-07T16:05:44.6978220Z  39 |         guard pthread_main_np() != 0 else {
2026-10-07T16:05:44.6978440Z 
2026-10-07T16:05:44.6978740Z [#DeprecatedDeclaration]: <https://docs.swift.org/compiler/documentation/diagnostics/deprecated-declaration>
2026-10-07T16:05:44.7431070Z [1414/1431] Compiling RightClickCore RCIRExecutionHost.swift
2026-10-07T16:05:44.7535210Z /Users/runner/work/rightclick/rightclick/Sources/RightClickCore/SharingCatalog.swift:26:41: warning: 'sharingServices(forItems:)' was deprecated in macOS 13.0: Use -[NSSharingServicePicker standardShareMenuItem] instead. [#DeprecatedDeclaration]
2026-10-07T16:05:44.7652660Z  24 |         let items = pasteboardItems(for: item)
2026-10-07T16:05:44.7755550Z  25 |         guard !items.isEmpty else { return [] }
2026-10-07T16:05:44.7857450Z  26 |         let services = NSSharingService.sharingServices(forItems: items)
2026-10-07T16:05:44.7894440Z     |                                         `- warning: 'sharingServices(forItems:)' was deprecated in macOS 13.0: Use -[NSSharingServicePicker standardShareMenuItem] instead. [#DeprecatedDeclaration]
2026-10-07T16:05:44.7899750Z  27 |         return services.compactMap { service in
2026-10-07T16:05:44.7909590Z  28 |             guard service.canPerform(withItems: items) else { return nil }
2026-10-07T16:05:44.7919970Z 
2026-10-07T16:05:44.7923630Z /Users/runner/work/rightclick/rightclick/Sources/RightClickCore/SharingCatalog.swift:37:41: warning: 'sharingServices(forItems:)' was deprecated in macOS 13.0: Use -[NSSharingServicePicker standardShareMenuItem] instead. [#DeprecatedDeclaration]
2026-10-07T16:05:44.7943690Z  35 |     static func launch(executionId: String, capabilityID: String, item: ContentItem) {
2026-10-07T16:05:44.7959490Z  36 |         let items = pasteboardItems(for: item)
2026-10-07T16:05:44.7960160Z  37 |         let services = NSSharingService.sharingServices(forItems: items)
2026-10-07T16:05:44.7961120Z     |                                         `- warning: 'sharingServices(forItems:)' was deprecated in macOS 13.0: Use -[NSSharingServicePicker standardShareMenuItem] instead. [#DeprecatedDeclaration]
2026-10-07T16:05:44.7962180Z  38 |         ExecutionLog.write("\(executionId) discovered services: \(services.map(\.title).joined(separator: ", "))")
2026-10-07T16:05:44.7973570Z  39 |         guard pthread_main_np() != 0 else {
2026-10-07T16:05:44.7974730Z 
2026-10-07T16:05:44.7976030Z [#DeprecatedDeclaration]: <https://docs.swift.org/compiler/documentation/diagnostics/deprecated-declaration>
2026-10-07T16:05:44.7980670Z [1415/1431] Compiling RightClickCore RCIRHTTPObservation.swift
2026-10-07T16:05:44.7985140Z /Users/runner/work/rightclick/rightclick/Sources/RightClickCore/SharingCatalog.swift:26:41: warning: 'sharingServices(forItems:)' was deprecated in macOS 13.0: Use -[NSSharingServicePicker standardShareMenuItem] instead. [#DeprecatedDeclaration]
2026-10-07T16:05:44.7987970Z  24 |         let items = pasteboardItems(for: item)
2026-10-07T16:05:44.8008830Z  25 |         guard !items.isEmpty else { return [] }
2026-10-07T16:05:44.8009380Z  26 |         let services = NSSharingService.sharingServices(forItems: items)
2026-10-07T16:05:44.8010330Z     |                                         `- warning: 'sharingServices(forItems:)' was deprecated in macOS 13.0: Use -[NSSharingServicePicker standardShareMenuItem] instead. [#DeprecatedDeclaration]
2026-10-07T16:05:44.8011330Z  27 |         return services.compactMap { service in
2026-10-07T16:05:44.8011830Z  28 |             guard service.canPerform(withItems: items) else { return nil }
2026-10-07T16:05:44.8013970Z 
2026-10-07T16:05:44.8014810Z /Users/runner/work/rightclick/rightclick/Sources/RightClickCore/SharingCatalog.swift:37:41: warning: 'sharingServices(forItems:)' was deprecated in macOS 13.0: Use -[NSSharingServicePicker standardShareMenuItem] instead. [#DeprecatedDeclaration]
2026-10-07T16:05:44.8015950Z  35 |     static func launch(executionId: String, capabilityID: String, item: ContentItem) {
2026-10-07T16:05:44.8017600Z  36 |         let items = pasteboardItems(for: item)
2026-10-07T16:05:44.8018710Z  37 |         let services = NSSharingService.sharingServices(forItems: items)
2026-10-07T16:05:44.8020810Z     |                                         `- warning: 'sharingServices(forItems:)' was deprecated in macOS 13.0: Use -[NSSharingServicePicker standardShareMenuItem] instead. [#DeprecatedDeclaration]
2026-10-07T16:05:44.8023230Z  38 |         ExecutionLog.write("\(executionId) discovered services: \(services.map(\.title).joined(separator: ", "))")
2026-10-07T16:05:44.8024780Z  39 |         guard pthread_main_np() != 0 else {
2026-10-07T16:05:44.8024970Z 
2026-10-07T16:05:44.8025810Z [#DeprecatedDeclaration]: <https://docs.swift.org/compiler/documentation/diagnostics/deprecated-declaration>
2026-10-07T16:05:44.8238900Z [1416/1431] Compiling RightClickCore RCIRHostObservation.swift
2026-10-07T16:05:44.8240170Z /Users/runner/work/rightclick/rightclick/Sources/RightClickCore/SharingCatalog.swift:26:41: warning: 'sharingServices(forItems:)' was deprecated in macOS 13.0: Use -[NSSharingServicePicker standardShareMenuItem] instead. [#DeprecatedDeclaration]
2026-10-07T16:05:44.8241340Z  24 |         let items = pasteboardItems(for: item)
2026-10-07T16:05:44.8241720Z  25 |         guard !items.isEmpty else { return [] }
2026-10-07T16:05:44.8242180Z  26 |         let services = NSSharingService.sharingServices(forItems: items)
2026-10-07T16:05:44.8242910Z     |                                         `- warning: 'sharingServices(forItems:)' was deprecated in macOS 13.0: Use -[NSSharingServicePicker standardShareMenuItem] instead. [#DeprecatedDeclaration]
2026-10-07T16:05:44.8243650Z  27 |         return services.compactMap { service in
2026-10-07T16:05:44.8244030Z  28 |             guard service.canPerform(withItems: items) else { return nil }
2026-10-07T16:05:44.8244310Z 
2026-10-07T16:05:44.8245340Z /Users/runner/work/rightclick/rightclick/Sources/RightClickCore/SharingCatalog.swift:37:41: warning: 'sharingServices(forItems:)' was deprecated in macOS 13.0: Use -[NSSharingServicePicker standardShareMenuItem] instead. [#DeprecatedDeclaration]
2026-10-07T16:05:44.8246810Z  35 |     static func launch(executionId: String, capabilityID: String, item: ContentItem) {
2026-10-07T16:05:44.8247260Z  36 |         let items = pasteboardItems(for: item)
2026-10-07T16:05:44.8247700Z  37 |         let services = NSSharingService.sharingServices(forItems: items)
2026-10-07T16:05:44.8248510Z     |                                         `- warning: 'sharingServices(forItems:)' was deprecated in macOS 13.0: Use -[NSSharingServicePicker standardShareMenuItem] instead. [#DeprecatedDeclaration]
2026-10-07T16:05:44.8249450Z  38 |         ExecutionLog.write("\(executionId) discovered services: \(services.map(\.title).joined(separator: ", "))")
2026-10-07T16:05:44.8249930Z  39 |         guard pthread_main_np() != 0 else {
2026-10-07T16:05:44.8250160Z 
2026-10-07T16:05:44.8250520Z [#DeprecatedDeclaration]: <https://docs.swift.org/compiler/documentation/diagnostics/deprecated-declaration>
2026-10-07T16:05:44.8557410Z [1417/1431] Compiling RightClickCore RCIRSignedReceipt.swift
2026-10-07T16:05:44.8677460Z /Users/runner/work/rightclick/rightclick/Sources/RightClickCore/SharingCatalog.swift:26:41: warning: 'sharingServices(forItems:)' was deprecated in macOS 13.0: Use -[NSSharingServicePicker standardShareMenuItem] instead. [#DeprecatedDeclaration]
2026-10-07T16:05:44.8756470Z  24 |         let items = pasteboardItems(for: item)
2026-10-07T16:05:44.8858920Z  25 |         guard !items.isEmpty else { return [] }
2026-10-07T16:05:44.8882870Z  26 |         let services = NSSharingService.sharingServices(forItems: items)
2026-10-07T16:05:44.8883790Z     |                                         `- warning: 'sharingServices(forItems:)' was deprecated in macOS 13.0: Use -[NSSharingServicePicker standardShareMenuItem] instead. [#DeprecatedDeclaration]
2026-10-07T16:05:44.8884460Z  27 |         return services.compactMap { service in
2026-10-07T16:05:44.8884920Z  28 |             guard service.canPerform(withItems: items) else { return nil }
2026-10-07T16:05:44.8885220Z 
2026-10-07T16:05:44.8885940Z /Users/runner/work/rightclick/rightclick/Sources/RightClickCore/SharingCatalog.swift:37:41: warning: 'sharingServices(forItems:)' was deprecated in macOS 13.0: Use -[NSSharingServicePicker standardShareMenuItem] instead. [#DeprecatedDeclaration]
2026-10-07T16:05:44.8887270Z  35 |     static func launch(executionId: String, capabilityID: String, item: ContentItem) {
2026-10-07T16:05:44.8887760Z  36 |         let items = pasteboardItems(for: item)
2026-10-07T16:05:44.8888140Z  37 |         let services = NSSharingService.sharingServices(forItems: items)
2026-10-07T16:05:44.8890210Z     |                                         `- warning: 'sharingServices(forItems:)' was deprecated in macOS 13.0: Use -[NSSharingServicePicker standardShareMenuItem] instead. [#DeprecatedDeclaration]
2026-10-07T16:05:44.8891130Z  38 |         ExecutionLog.write("\(executionId) discovered services: \(services.map(\.title).joined(separator: ", "))")
2026-10-07T16:05:44.8891750Z  39 |         guard pthread_main_np() != 0 else {
2026-10-07T16:05:44.8891980Z 
2026-10-07T16:05:44.8892280Z [#DeprecatedDeclaration]: <https://docs.swift.org/compiler/documentation/diagnostics/deprecated-declaration>
2026-10-07T16:05:44.8931660Z [1418/1431] Compiling RightClickCore RCIRUnaryInvocation.swift
2026-10-07T16:05:44.8933230Z /Users/runner/work/rightclick/rightclick/Sources/RightClickCore/SharingCatalog.swift:26:41: warning: 'sharingServices(forItems:)' was deprecated in macOS 13.0: Use -[NSSharingServicePicker standardShareMenuItem] instead. [#DeprecatedDeclaration]
2026-10-07T16:05:44.8934440Z  24 |         let items = pasteboardItems(for: item)
2026-10-07T16:05:44.8934760Z  25 |         guard !items.isEmpty else { return [] }
2026-10-07T16:05:44.8935180Z  26 |         let services = NSSharingService.sharingServices(forItems: items)
2026-10-07T16:05:44.8935900Z     |                                         `- warning: 'sharingServices(forItems:)' was deprecated in macOS 13.0: Use -[NSSharingServicePicker standardShareMenuItem] instead. [#DeprecatedDeclaration]
2026-10-07T16:05:44.8936660Z  27 |         return services.compactMap { service in
2026-10-07T16:05:44.8937030Z  28 |             guard service.canPerform(withItems: items) else { return nil }
2026-10-07T16:05:44.8937310Z 
2026-10-07T16:05:44.8938000Z /Users/runner/work/rightclick/rightclick/Sources/RightClickCore/SharingCatalog.swift:37:41: warning: 'sharingServices(forItems:)' was deprecated in macOS 13.0: Use -[NSSharingServicePicker standardShareMenuItem] instead. [#DeprecatedDeclaration]
2026-10-07T16:05:44.8943790Z  35 |     static func launch(executionId: String, capabilityID: String, item: ContentItem) {
2026-10-07T16:05:44.8945200Z  36 |         let items = pasteboardItems(for: item)
2026-10-07T16:05:44.8977180Z  37 |         let services = NSSharingService.sharingServices(forItems: items)
2026-10-07T16:05:44.8978170Z     |                                         `- warning: 'sharingServices(forItems:)' was deprecated in macOS 13.0: Use -[NSSharingServicePicker standardShareMenuItem] instead. [#DeprecatedDeclaration]
2026-10-07T16:05:44.8979440Z  38 |         ExecutionLog.write("\(executionId) discovered services: \(services.map(\.title).joined(separator: ", "))")
2026-10-07T16:05:44.8980020Z  39 |         guard pthread_main_np() != 0 else {
2026-10-07T16:05:44.8980260Z 
2026-10-07T16:05:44.8980610Z [#DeprecatedDeclaration]: <https://docs.swift.org/compiler/documentation/diagnostics/deprecated-declaration>
2026-10-07T16:05:44.9602140Z [1419/1431] Compiling RightClickCore RuntimePlatform.swift
2026-10-07T16:05:44.9707440Z /Users/runner/work/rightclick/rightclick/Sources/RightClickCore/SharingCatalog.swift:26:41: warning: 'sharingServices(forItems:)' was deprecated in macOS 13.0: Use -[NSSharingServicePicker standardShareMenuItem] instead. [#DeprecatedDeclaration]
2026-10-07T16:05:44.9815630Z  24 |         let items = pasteboardItems(for: item)
2026-10-07T16:05:44.9917200Z  25 |         guard !items.isEmpty else { return [] }
2026-10-07T16:05:45.0018520Z  26 |         let services = NSSharingService.sharingServices(forItems: items)
2026-10-07T16:05:45.0119100Z     |                                         `- warning: 'sharingServices(forItems:)' was deprecated in macOS 13.0: Use -[NSSharingServicePicker standardShareMenuItem] instead. [#DeprecatedDeclaration]
2026-10-07T16:05:45.0142880Z  27 |         return services.compactMap { service in
2026-10-07T16:05:45.0143510Z  28 |             guard service.canPerform(withItems: items) else { return nil }
2026-10-07T16:05:45.0143940Z 
2026-10-07T16:05:45.0145730Z /Users/runner/work/rightclick/rightclick/Sources/RightClickCore/SharingCatalog.swift:37:41: warning: 'sharingServices(forItems:)' was deprecated in macOS 13.0: Use -[NSSharingServicePicker standardShareMenuItem] instead. [#DeprecatedDeclaration]
2026-10-07T16:05:45.0147770Z  35 |     static func launch(executionId: String, capabilityID: String, item: ContentItem) {
2026-10-07T16:05:45.0148970Z  36 |         let items = pasteboardItems(for: item)
2026-10-07T16:05:45.0150000Z  37 |         let services = NSSharingService.sharingServices(forItems: items)
2026-10-07T16:05:45.0151410Z     |                                         `- warning: 'sharingServices(forItems:)' was deprecated in macOS 13.0: Use -[NSSharingServicePicker standardShareMenuItem] instead. [#DeprecatedDeclaration]
2026-10-07T16:05:45.0152440Z  38 |         ExecutionLog.write("\(executionId) discovered services: \(services.map(\.title).joined(separator: ", "))")
2026-10-07T16:05:45.0152980Z  39 |         guard pthread_main_np() != 0 else {
2026-10-07T16:05:45.0153200Z 
2026-10-07T16:05:45.0153640Z [#DeprecatedDeclaration]: <https://docs.swift.org/compiler/documentation/diagnostics/deprecated-declaration>
2026-10-07T16:05:45.0763000Z [1420/1431] Compiling RightClickCore SafetyPolicy.swift
2026-10-07T16:05:45.0863980Z /Users/runner/work/rightclick/rightclick/Sources/RightClickCore/SharingCatalog.swift:26:41: warning: 'sharingServices(forItems:)' was deprecated in macOS 13.0: Use -[NSSharingServicePicker standardShareMenuItem] instead. [#DeprecatedDeclaration]
2026-10-07T16:05:45.0905550Z  24 |         let items = pasteboardItems(for: item)
2026-10-07T16:05:45.0909100Z  25 |         guard !items.isEmpty else { return [] }
2026-10-07T16:05:45.0910830Z  26 |         let services = NSSharingService.sharingServices(forItems: items)
2026-10-07T16:05:45.0941960Z     |                                         `- warning: 'sharingServices(forItems:)' was deprecated in macOS 13.0: Use -[NSSharingServicePicker standardShareMenuItem] instead. [#DeprecatedDeclaration]
2026-10-07T16:05:45.0955180Z  27 |         return services.compactMap { service in
2026-10-07T16:05:45.1072960Z  28 |             guard service.canPerform(withItems: items) else { return nil }
2026-10-07T16:05:45.1214990Z 
2026-10-07T16:05:45.1345020Z /Users/runner/work/rightclick/rightclick/Sources/RightClickCore/SharingCatalog.swift:37:41: warning: 'sharingServices(forItems:)' was deprecated in macOS 13.0: Use -[NSSharingServicePicker standardShareMenuItem] instead. [#DeprecatedDeclaration]
2026-10-07T16:05:45.1450120Z  35 |     static func launch(executionId: String, capabilityID: String, item: ContentItem) {
2026-10-07T16:05:45.1552290Z  36 |         let items = pasteboardItems(for: item)
2026-10-07T16:05:45.1654510Z  37 |         let services = NSSharingService.sharingServices(forItems: items)
2026-10-07T16:05:45.1756520Z     |                                         `- warning: 'sharingServices(forItems:)' was deprecated in macOS 13.0: Use -[NSSharingServicePicker standardShareMenuItem] instead. [#DeprecatedDeclaration]
2026-10-07T16:05:45.1859520Z  38 |         ExecutionLog.write("\(executionId) discovered services: \(services.map(\.title).joined(separator: ", "))")
2026-10-07T16:05:45.1963150Z  39 |         guard pthread_main_np() != 0 else {
2026-10-07T16:05:45.2065370Z 
2026-10-07T16:05:45.2171770Z [#DeprecatedDeclaration]: <https://docs.swift.org/compiler/documentation/diagnostics/deprecated-declaration>
2026-10-07T16:05:45.2651820Z [1421/1431] Compiling RightClickCore ServiceCatalog.swift
2026-10-07T16:05:45.2754930Z /Users/runner/work/rightclick/rightclick/Sources/RightClickCore/SharingCatalog.swift:26:41: warning: 'sharingServices(forItems:)' was deprecated in macOS 13.0: Use -[NSSharingServicePicker standardShareMenuItem] instead. [#DeprecatedDeclaration]
2026-10-07T16:05:45.2862000Z  24 |         let items = pasteboardItems(for: item)
2026-10-07T16:05:45.2963900Z  25 |         guard !items.isEmpty else { return [] }
2026-10-07T16:05:45.3081090Z  26 |         let services = NSSharingService.sharingServices(forItems: items)
2026-10-07T16:05:45.3184710Z     |                                         `- warning: 'sharingServices(forItems:)' was deprecated in macOS 13.0: Use -[NSSharingServicePicker standardShareMenuItem] instead. [#DeprecatedDeclaration]
2026-10-07T16:05:45.3284320Z  27 |         return services.compactMap { service in
2026-10-07T16:05:45.3318440Z  28 |             guard service.canPerform(withItems: items) else { return nil }
2026-10-07T16:05:45.3356370Z 
2026-10-07T16:05:45.3458200Z /Users/runner/work/rightclick/rightclick/Sources/RightClickCore/SharingCatalog.swift:37:41: warning: 'sharingServices(forItems:)' was deprecated in macOS 13.0: Use -[NSSharingServicePicker standardShareMenuItem] instead. [#DeprecatedDeclaration]
2026-10-07T16:05:45.3562900Z  35 |     static func launch(executionId: String, capabilityID: String, item: ContentItem) {
2026-10-07T16:05:45.3664280Z  36 |         let items = pasteboardItems(for: item)
2026-10-07T16:05:45.3777740Z  37 |         let services = NSSharingService.sharingServices(forItems: items)
2026-10-07T16:05:45.3884830Z     |                                         `- warning: 'sharingServices(forItems:)' was deprecated in macOS 13.0: Use -[NSSharingServicePicker standardShareMenuItem] instead. [#DeprecatedDeclaration]
2026-10-07T16:05:45.3987800Z  38 |         ExecutionLog.write("\(executionId) discovered services: \(services.map(\.title).joined(separator: ", "))")
2026-10-07T16:05:45.4129200Z  39 |         guard pthread_main_np() != 0 else {
2026-10-07T16:05:45.4240120Z 
2026-10-07T16:05:45.4309590Z [#DeprecatedDeclaration]: <https://docs.swift.org/compiler/documentation/diagnostics/deprecated-declaration>
2026-10-07T16:05:45.4411810Z [1422/1431] Compiling RightClickCore ServiceContext.swift
2026-10-07T16:05:45.4509920Z /Users/runner/work/rightclick/rightclick/Sources/RightClickCore/SharingCatalog.swift:26:41: warning: 'sharingServices(forItems:)' was deprecated in macOS 13.0: Use -[NSSharingServicePicker standardShareMenuItem] instead. [#DeprecatedDeclaration]
2026-10-07T16:05:45.4615010Z  24 |         let items = pasteboardItems(for: item)
2026-10-07T16:05:45.4713460Z  25 |         guard !items.isEmpty else { return [] }
2026-10-07T16:05:45.4816880Z  26 |         let services = NSSharingService.sharingServices(forItems: items)
2026-10-07T16:05:45.5006200Z     |                                         `- warning: 'sharingServices(forItems:)' was deprecated in macOS 13.0: Use -[NSSharingServicePicker standardShareMenuItem] instead. [#DeprecatedDeclaration]
2026-10-07T16:05:45.5107420Z  27 |         return services.compactMap { service in
2026-10-07T16:05:45.5111500Z  28 |             guard service.canPerform(withItems: items) else { return nil }
2026-10-07T16:05:45.5151870Z 
2026-10-07T16:05:45.5253810Z /Users/runner/work/rightclick/rightclick/Sources/RightClickCore/SharingCatalog.swift:37:41: warning: 'sharingServices(forItems:)' was deprecated in macOS 13.0: Use -[NSSharingServicePicker standardShareMenuItem] instead. [#DeprecatedDeclaration]
2026-10-07T16:05:45.5358300Z  35 |     static func launch(executionId: String, capabilityID: String, item: ContentItem) {
2026-10-07T16:05:45.5459480Z  36 |         let items = pasteboardItems(for: item)
2026-10-07T16:05:45.5556260Z  37 |         let services = NSSharingService.sharingServices(forItems: items)
2026-10-07T16:05:45.5581250Z     |                                         `- warning: 'sharingServices(forItems:)' was deprecated in macOS 13.0: Use -[NSSharingServicePicker standardShareMenuItem] instead. [#DeprecatedDeclaration]
2026-10-07T16:05:45.5607250Z  38 |         ExecutionLog.write("\(executionId) discovered services: \(services.map(\.title).joined(separator: ", "))")
2026-10-07T16:05:45.5629230Z  39 |         guard pthread_main_np() != 0 else {
2026-10-07T16:05:45.5666430Z 
2026-10-07T16:05:45.5691790Z [#DeprecatedDeclaration]: <https://docs.swift.org/compiler/documentation/diagnostics/deprecated-declaration>
2026-10-07T16:05:45.5695490Z [1423/1431] Compiling RightClickCore ServiceOutcome.swift
2026-10-07T16:05:45.5698610Z /Users/runner/work/rightclick/rightclick/Sources/RightClickCore/SharingCatalog.swift:26:41: warning: 'sharingServices(forItems:)' was deprecated in macOS 13.0: Use -[NSSharingServicePicker standardShareMenuItem] instead. [#DeprecatedDeclaration]
2026-10-07T16:05:45.5703810Z  24 |         let items = pasteboardItems(for: item)
2026-10-07T16:05:45.5706140Z  25 |         guard !items.isEmpty else { return [] }
2026-10-07T16:05:45.5707070Z  26 |         let services = NSSharingService.sharingServices(forItems: items)
2026-10-07T16:05:45.5709220Z     |                                         `- warning: 'sharingServices(forItems:)' was deprecated in macOS 13.0: Use -[NSSharingServicePicker standardShareMenuItem] instead. [#DeprecatedDeclaration]
2026-10-07T16:05:45.5712270Z  27 |         return services.compactMap { service in
2026-10-07T16:05:45.5713710Z  28 |             guard service.canPerform(withItems: items) else { return nil }
2026-10-07T16:05:45.5715430Z 
2026-10-07T16:05:45.5716300Z /Users/runner/work/rightclick/rightclick/Sources/RightClickCore/SharingCatalog.swift:37:41: warning: 'sharingServices(forItems:)' was deprecated in macOS 13.0: Use -[NSSharingServicePicker standardShareMenuItem] instead. [#DeprecatedDeclaration]
2026-10-07T16:05:45.5722950Z  35 |     static func launch(executionId: String, capabilityID: String, item: ContentItem) {
2026-10-07T16:05:45.5726530Z  36 |         let items = pasteboardItems(for: item)
2026-10-07T16:05:45.5729810Z  37 |         let services = NSSharingService.sharingServices(forItems: items)
2026-10-07T16:05:45.5757120Z     |                                         `- warning: 'sharingServices(forItems:)' was deprecated in macOS 13.0: Use -[NSSharingServicePicker standardShareMenuItem] instead. [#DeprecatedDeclaration]
2026-10-07T16:05:45.5758530Z  38 |         ExecutionLog.write("\(executionId) discovered services: \(services.map(\.title).joined(separator: ", "))")
2026-10-07T16:05:45.5765440Z  39 |         guard pthread_main_np() != 0 else {
2026-10-07T16:05:45.5766210Z 
2026-10-07T16:05:45.5769440Z [#DeprecatedDeclaration]: <https://docs.swift.org/compiler/documentation/diagnostics/deprecated-declaration>
2026-10-07T16:05:45.5779110Z [1424/1431] Compiling RightClickCore SharingCatalog.swift
2026-10-07T16:05:45.5781060Z /Users/runner/work/rightclick/rightclick/Sources/RightClickCore/SharingCatalog.swift:26:41: warning: 'sharingServices(forItems:)' was deprecated in macOS 13.0: Use -[NSSharingServicePicker standardShareMenuItem] instead. [#DeprecatedDeclaration]
2026-10-07T16:05:45.5784200Z  24 |         let items = pasteboardItems(for: item)
2026-10-07T16:05:45.5784640Z  25 |         guard !items.isEmpty else { return [] }
2026-10-07T16:05:45.5785160Z  26 |         let services = NSSharingService.sharingServices(forItems: items)
2026-10-07T16:05:45.5791120Z     |                                         `- warning: 'sharingServices(forItems:)' was deprecated in macOS 13.0: Use -[NSSharingServicePicker standardShareMenuItem] instead. [#DeprecatedDeclaration]
2026-10-07T16:05:45.5796160Z  27 |         return services.compactMap { service in
2026-10-07T16:05:45.5799960Z  28 |             guard service.canPerform(withItems: items) else { return nil }
2026-10-07T16:05:45.5808970Z 
2026-10-07T16:05:45.5812160Z /Users/runner/work/rightclick/rightclick/Sources/RightClickCore/SharingCatalog.swift:37:41: warning: 'sharingServices(forItems:)' was deprecated in macOS 13.0: Use -[NSSharingServicePicker standardShareMenuItem] instead. [#DeprecatedDeclaration]
2026-10-07T16:05:45.5815330Z  35 |     static func launch(executionId: String, capabilityID: String, item: ContentItem) {
2026-10-07T16:05:45.5815730Z  36 |         let items = pasteboardItems(for: item)
2026-10-07T16:05:45.5816050Z  37 |         let services = NSSharingService.sharingServices(forItems: items)
2026-10-07T16:05:45.5816740Z     |                                         `- warning: 'sharingServices(forItems:)' was deprecated in macOS 13.0: Use -[NSSharingServicePicker standardShareMenuItem] instead. [#DeprecatedDeclaration]
2026-10-07T16:05:45.5818500Z  38 |         ExecutionLog.write("\(executionId) discovered services: \(services.map(\.title).joined(separator: ", "))")
2026-10-07T16:05:45.5818960Z  39 |         guard pthread_main_np() != 0 else {
2026-10-07T16:05:45.5819120Z 
2026-10-07T16:05:45.5819410Z [#DeprecatedDeclaration]: <https://docs.swift.org/compiler/documentation/diagnostics/deprecated-declaration>
2026-10-07T16:05:45.6300990Z [1425/1431] Compiling RightClickCore SharingExecutionModel.swift
2026-10-07T16:05:45.6320470Z /Users/runner/work/rightclick/rightclick/Sources/RightClickCore/SharingCatalog.swift:26:41: warning: 'sharingServices(forItems:)' was deprecated in macOS 13.0: Use -[NSSharingServicePicker standardShareMenuItem] instead. [#DeprecatedDeclaration]
2026-10-07T16:05:45.6337430Z  24 |         let items = pasteboardItems(for: item)
2026-10-07T16:05:45.6362470Z  25 |         guard !items.isEmpty else { return [] }
2026-10-07T16:05:45.6464780Z  26 |         let services = NSSharingService.sharingServices(forItems: items)
2026-10-07T16:05:45.6490160Z     |                                         `- warning: 'sharingServices(forItems:)' was deprecated in macOS 13.0: Use -[NSSharingServicePicker standardShareMenuItem] instead. [#DeprecatedDeclaration]
2026-10-07T16:05:45.6497250Z  27 |         return services.compactMap { service in
2026-10-07T16:05:45.6504250Z  28 |             guard service.canPerform(withItems: items) else { return nil }
2026-10-07T16:05:45.6504840Z 
2026-10-07T16:05:45.6505910Z /Users/runner/work/rightclick/rightclick/Sources/RightClickCore/SharingCatalog.swift:37:41: warning: 'sharingServices(forItems:)' was deprecated in macOS 13.0: Use -[NSSharingServicePicker standardShareMenuItem] instead. [#DeprecatedDeclaration]
2026-10-07T16:05:45.6508030Z  35 |     static func launch(executionId: String, capabilityID: String, item: ContentItem) {
2026-10-07T16:05:45.6508540Z  36 |         let items = pasteboardItems(for: item)
2026-10-07T16:05:45.6509010Z  37 |         let services = NSSharingService.sharingServices(forItems: items)
2026-10-07T16:05:45.6511210Z     |                                         `- warning: 'sharingServices(forItems:)' was deprecated in macOS 13.0: Use -[NSSharingServicePicker standardShareMenuItem] instead. [#DeprecatedDeclaration]
2026-10-07T16:05:45.6512490Z  38 |         ExecutionLog.write("\(executionId) discovered services: \(services.map(\.title).joined(separator: ", "))")
2026-10-07T16:05:45.6513310Z  39 |         guard pthread_main_np() != 0 else {
2026-10-07T16:05:45.6513590Z 
2026-10-07T16:05:45.6513970Z [#DeprecatedDeclaration]: <https://docs.swift.org/compiler/documentation/diagnostics/deprecated-declaration>
2026-10-07T16:05:45.6863690Z [1426/1431] Compiling RightClickCore WASMCapabilityArtifactResolver.swift
2026-10-07T16:05:45.6865410Z /Users/runner/work/rightclick/rightclick/Sources/RightClickCore/SharingCatalog.swift:26:41: warning: 'sharingServices(forItems:)' was deprecated in macOS 13.0: Use -[NSSharingServicePicker standardShareMenuItem] instead. [#DeprecatedDeclaration]
2026-10-07T16:05:45.6867200Z  24 |         let items = pasteboardItems(for: item)
2026-10-07T16:05:45.6868370Z  25 |         guard !items.isEmpty else { return [] }
2026-10-07T16:05:45.6872010Z  26 |         let services = NSSharingService.sharingServices(forItems: items)
2026-10-07T16:05:45.6873290Z     |                                         `- warning: 'sharingServices(forItems:)' was deprecated in macOS 13.0: Use -[NSSharingServicePicker standardShareMenuItem] instead. [#DeprecatedDeclaration]
2026-10-07T16:05:45.6880280Z  27 |         return services.compactMap { service in
2026-10-07T16:05:45.6880760Z  28 |             guard service.canPerform(withItems: items) else { return nil }
2026-10-07T16:05:45.6893970Z 
2026-10-07T16:05:45.6895030Z /Users/runner/work/rightclick/rightclick/Sources/RightClickCore/SharingCatalog.swift:37:41: warning: 'sharingServices(forItems:)' was deprecated in macOS 13.0: Use -[NSSharingServicePicker standardShareMenuItem] instead. [#DeprecatedDeclaration]
2026-10-07T16:05:45.7062960Z  35 |     static func launch(executionId: String, capabilityID: String, item: ContentItem) {
2026-10-07T16:05:45.7210180Z  36 |         let items = pasteboardItems(for: item)
2026-10-07T16:05:45.7323880Z  37 |         let services = NSSharingService.sharingServices(forItems: items)
2026-10-07T16:05:45.7406160Z     |                                         `- warning: 'sharingServices(forItems:)' was deprecated in macOS 13.0: Use -[NSSharingServicePicker standardShareMenuItem] instead. [#DeprecatedDeclaration]
2026-10-07T16:05:45.7424650Z  38 |         ExecutionLog.write("\(executionId) discovered services: \(services.map(\.title).joined(separator: ", "))")
2026-10-07T16:05:45.7425870Z  39 |         guard pthread_main_np() != 0 else {
2026-10-07T16:05:45.7426130Z 
2026-10-07T16:05:45.7426570Z [#DeprecatedDeclaration]: <https://docs.swift.org/compiler/documentation/diagnostics/deprecated-declaration>
2026-10-07T16:05:48.2275820Z [1427/1487] Emitting module RightClickMCP
2026-10-07T16:05:48.2377490Z [1428/1487] Compiling RightClickCoreTests AcquisitionTests.swift
2026-10-07T16:05:48.2479590Z /Users/runner/work/rightclick/rightclick/Sources/RightClickMCP/Federation.swift:965:29: warning: reference to captured var 'request' in concurrently-executing code; this is an error in the Swift 6 language mode [#SendableClosureCaptures]
2026-10-07T16:05:48.2581450Z  963 |                     .data(
2026-10-07T16:05:48.2683020Z  964 |                         for:
2026-10-07T16:05:48.2783540Z  965 |                             request
2026-10-07T16:05:48.2886060Z      |                             `- warning: reference to captured var 'request' in concurrently-executing code; this is an error in the Swift 6 language mode [#SendableClosureCaptures]
2026-10-07T16:05:48.2985370Z  966 |                     )
2026-10-07T16:05:48.3086680Z  967 | 
2026-10-07T16:05:48.3188380Z 
2026-10-07T16:05:48.3298930Z [#SendableClosureCaptures]: <https://docs.swift.org/compiler/documentation/diagnostics/sendable-closure-captures>
2026-10-07T16:05:48.3428900Z [1429/1487] Compiling RightClickCoreTests BonjourGRPCSourceTests.swift
2026-10-07T16:05:48.3538120Z /Users/runner/work/rightclick/rightclick/Sources/RightClickMCP/Federation.swift:965:29: warning: reference to captured var 'request' in concurrently-executing code; this is an error in the Swift 6 language mode [#SendableClosureCaptures]
2026-10-07T16:05:48.3640850Z  963 |                     .data(
2026-10-07T16:05:48.3743400Z  964 |                         for:
2026-10-07T16:05:48.3854910Z  965 |                             request
2026-10-07T16:05:48.3956390Z      |                             `- warning: reference to captured var 'request' in concurrently-executing code; this is an error in the Swift 6 language mode [#SendableClosureCaptures]
2026-10-07T16:05:48.4058650Z  966 |                     )
2026-10-07T16:05:48.4159270Z  967 | 
2026-10-07T16:05:48.4260110Z 
2026-10-07T16:05:48.4363970Z [#SendableClosureCaptures]: <https://docs.swift.org/compiler/documentation/diagnostics/sendable-closure-captures>
2026-10-07T16:05:48.4471500Z [1430/1487] Compiling RightClickCoreTests A2ARealLifecycleTests.swift
2026-10-07T16:05:48.4574260Z [1431/1487] Compiling RightClickCoreTests ARDAcquisitionGateTests.swift
2026-10-07T16:05:49.3168580Z [1432/1488] Compiling RightClickMCP Server.swift
2026-10-07T16:05:49.3303310Z /Users/runner/work/rightclick/rightclick/Sources/RightClickMCP/Server.swift:316:37: warning: 'text(_:metadata:)' is deprecated: Use .text(text:annotations:_meta:) instead. [#DeprecatedDeclaration]
2026-10-07T16:05:49.3405950Z 314 |                 transport: transport
2026-10-07T16:05:49.3507120Z 315 |             )
2026-10-07T16:05:49.3608230Z 316 |             return .init(content: [.text(text)], isError: false)
2026-10-07T16:05:49.3710550Z     |                                     `- warning: 'text(_:metadata:)' is deprecated: Use .text(text:annotations:_meta:) instead. [#DeprecatedDeclaration]
2026-10-07T16:05:49.3812680Z 317 |         } catch {
2026-10-07T16:05:49.3914990Z 318 |             return .init(content: [.text(String(describing: error))], isError: true)
2026-10-07T16:05:49.4016140Z 
2026-10-07T16:05:49.4119010Z /Users/runner/work/rightclick/rightclick/Sources/RightClickMCP/Server.swift:318:37: warning: 'text(_:metadata:)' is deprecated: Use .text(text:annotations:_meta:) instead. [#DeprecatedDeclaration]
2026-10-07T16:05:49.4221970Z 316 |             return .init(content: [.text(text)], isError: false)
2026-10-07T16:05:49.4323210Z 317 |         } catch {
2026-10-07T16:05:49.4424700Z 318 |             return .init(content: [.text(String(describing: error))], isError: true)
2026-10-07T16:05:49.4530570Z     |                                     `- warning: 'text(_:metadata:)' is deprecated: Use .text(text:annotations:_meta:) instead. [#DeprecatedDeclaration]
2026-10-07T16:05:49.4632290Z 319 |         }
2026-10-07T16:05:49.4734390Z 320 |     }
2026-10-07T16:05:49.4835510Z 
2026-10-07T16:05:49.4936920Z [#DeprecatedDeclaration]: <https://docs.swift.org/compiler/documentation/diagnostics/deprecated-declaration>
2026-10-07T16:05:51.8170880Z [1433/1506] Emitting module RightClickMCPTests
2026-10-07T16:05:51.8270690Z [1434/1506] Compiling RightClickMCPTests FederationTests.swift
2026-10-07T16:05:51.8370880Z [1435/1506] Compiling RightClickMCPTests MCPInitializationCompatibilityTests.swift
2026-10-07T16:05:54.2217450Z [1436/1506] Compiling RightClickCLI ClaudeClientAdapter.swift
2026-10-07T16:05:54.2320930Z [1437/1506] Compiling RightClickCLI ClientRegistry.swift
2026-10-07T16:05:54.2424280Z [1438/1506] Compiling RightClickCLI CodexClientAdapter.swift
2026-10-07T16:05:54.2525420Z [1439/1506] Compiling RightClickCLI LocalOnboarding.swift
2026-10-07T16:05:54.2626800Z [1440/1506] Compiling RightClickCLI NativeRegistrationBackend.swift
2026-10-07T16:05:54.2728830Z [1441/1506] Compiling RightClickCLI OnboardingEngine.swift
2026-10-07T16:05:54.2830020Z [1442/1506] Compiling RightClickCLI OpenAIPluginSetup.swift
2026-10-07T16:05:54.3799690Z [1443/1512] Emitting module RightClickCLI
2026-10-07T16:05:54.3905430Z [1444/1512] Compiling RightClickCLI AuthorityConfigurationCLI.swift
2026-10-07T16:05:54.4007150Z [1445/1512] Compiling RightClickCLI BridgeRuntime.swift
2026-10-07T16:05:54.4007830Z [1446/1512] Compiling RightClickCLI ChatGPTBridge.swift
2026-10-07T16:05:54.4112310Z [1447/1512] Compiling RightClickCLI ChatGPTBridgeInstaller.swift
2026-10-07T16:05:54.4215590Z [1448/1512] Compiling RightClickCLI ChatGPTLiveAttestation.swift
2026-10-07T16:05:54.4316860Z [1449/1512] Compiling RightClickCLI ChatGPTOnboarding.swift
2026-10-07T16:05:54.4424030Z [1450/1512] Compiling RightClickCLI ChatGPTOnboardingTransaction.swift
2026-10-07T16:05:55.6312830Z [1451/1512] Compiling RightClickCoreTests GRPCReflectorTests.swift
2026-10-07T16:05:55.6313810Z [1452/1512] Compiling RightClickCoreTests GraphQLReflectorTests.swift
2026-10-07T16:05:55.6365000Z [1453/1512] Compiling RightClickCoreTests HostProtectedReferenceTests.swift
2026-10-07T16:05:55.6365490Z [1454/1512] Compiling RightClickCoreTests InvocationBindingTests.swift
2026-10-07T16:05:55.6366100Z [1455/1512] Compiling RightClickCoreTests KafkaCapabilityTests.swift
2026-10-07T16:05:55.6366640Z [1456/1512] Compiling RightClickCoreTests KubernetesCapabilityArtifactTests.swift
2026-10-07T16:05:55.6367380Z [1457/1512] Compiling RightClickCoreTests MOAT004G1AcquisitionTests.swift
2026-10-07T16:05:55.6367870Z [1458/1512] Compiling RightClickCoreTests MOAT004G2SplitOriginTests.swift
2026-10-07T16:05:55.6368330Z [1459/1512] Compiling RightClickCoreTests MOAT004G3ZeroArgumentGETTests.swift
2026-10-07T16:05:55.6368900Z [1460/1512] Compiling RightClickCoreTests MOAT004G4JSONSyntaxFallbackTests.swift
2026-10-07T16:05:55.6369460Z [1461/1512] Compiling RightClickCoreTests MOAT004G5ExternalBearerAuthorityTests.swift
2026-10-07T16:05:55.6370090Z [1462/1512] Compiling RightClickCoreTests MOAT004G6RealGitHubAuthenticatedCompatibilityTests.swift
2026-10-07T16:05:55.6370710Z [1463/1512] Compiling RightClickCoreTests MOAT005G1PathAndJSONBodyTests.swift
2026-10-07T16:05:55.6528260Z [1464/1512] Compiling RightClickCoreTests MOAT005G2MultiplePathArgumentsTests.swift
2026-10-07T16:05:55.6531030Z [1465/1512] Compiling RightClickCoreTests MOAT005G3GitHubRequestSchemaTests.swift
2026-10-07T16:05:55.6532570Z [1466/1512] Compiling RightClickCoreTests MOAT005G4MutationJSONResponseFallbackTests.swift
2026-10-07T16:05:55.6534190Z [1467/1512] Compiling RightClickCoreTests MOAT005G5FullFrozenGitHubContractTests.swift
2026-10-07T16:05:55.6536570Z [1468/1512] Compiling RightClickCoreTests MOAT005G6MultiSegmentPathTests.swift
2026-10-07T16:05:55.6539250Z [1469/1512] Compiling RightClickCoreTests NativeBoundedHTTPTests.swift
2026-10-07T16:05:55.6541350Z [1470/1512] Compiling RightClickCoreTests NativeHTTPFixture.swift
2026-10-07T16:05:55.6542410Z [1471/1512] Compiling RightClickCoreTests NetworkOriginAuthorityTests.swift
2026-10-07T16:05:55.6544940Z [1472/1512] Compiling RightClickCoreTests OAuthOIDCAuthorityTests.swift
2026-10-07T16:05:55.6546350Z [1473/1512] Compiling RightClickCoreTests OpenAPIAcknowledgementTests.swift
2026-10-07T16:05:55.6547730Z [1474/1512] Compiling RightClickCoreTests OpenAPIAcquisitionBoundsTests.swift
2026-10-07T16:05:55.6549160Z [1475/1512] Compiling RightClickCoreTests OpenAPIAuthorityManagementTests.swift
2026-10-07T16:05:57.3073900Z [1476/1537] Emitting module RightClickCoreTests
2026-10-07T16:05:57.3176930Z [1491/1537] Compiling RightClickCLI ProviderConfigurationCLI.swift
2026-10-07T16:05:57.3280260Z [1492/1537] Compiling RightClickCLI Setup.swift
2026-10-07T16:05:57.3384430Z [1493/1537] Compiling RightClickCLI SetupAllTransaction.swift
2026-10-07T16:05:57.3487690Z [1494/1537] Compiling RightClickCLI SetupState.swift
2026-10-07T16:05:57.3589020Z [1495/1537] Compiling RightClickCLI StableEntrypoint.swift
2026-10-07T16:05:57.3693010Z [1496/1537] Compiling RightClickCLI main.swift
2026-10-07T16:05:57.3827990Z [1497/1537] Compiling RightClickCoreTests EngineTests.swift
2026-10-07T16:05:57.3939420Z [1498/1537] Compiling RightClickCoreTests ExecutionCapacityAdmissionTests.swift
2026-10-07T16:05:57.4042500Z [1499/1537] Compiling RightClickCoreTests ExecutionRetentionTests.swift
2026-10-07T16:05:57.4158070Z [1500/1537] Compiling RightClickCoreTests GRPCRealProviderAcceptanceTests.swift
2026-10-07T16:05:57.4291840Z [1501/1537] Compiling RightClickCoreTests GRPCReflectionTransportTests.swift
2026-10-07T16:05:58.1579640Z [1507/1537] Write Objects.LinkFileList
2026-10-07T16:06:06.4521700Z [1508/1537] Linking rightclick
2026-10-07T16:06:06.8241830Z [1509/1552] Applying rightclick
2026-10-07T16:06:07.4234060Z [1511/1552] Compiling RightClickCoreTests OpenAPIAuthorityTests.swift
2026-10-07T16:06:07.4337560Z [1512/1552] Compiling RightClickCoreTests OpenAPIRealProviderAcceptanceTests.swift
2026-10-07T16:06:07.4442740Z [1513/1552] Compiling RightClickCoreTests OpenAPIReflectorTests.swift
2026-10-07T16:06:07.4545670Z [1514/1552] Compiling RightClickCoreTests OutcomeVerifierTests.swift
2026-10-07T16:06:07.4662650Z [1515/1552] Compiling RightClickCoreTests PolicyTests.swift
2026-10-07T16:06:07.4765740Z [1516/1552] Compiling RightClickCoreTests PortableRuntimeTests.swift
2026-10-07T16:06:07.4869970Z [1517/1552] Compiling RightClickCoreTests ProductSurfaceRuntimeTests.swift
2026-10-07T16:06:07.4973200Z [1518/1552] Compiling RightClickCoreTests RCIRBoundaryTests.swift
2026-10-07T16:06:07.5101800Z [1519/1552] Compiling RightClickCoreTests RCIRDeferredCapacityTests.swift
2026-10-07T16:06:07.5204680Z [1520/1552] Compiling RightClickCoreTests RCIRDeferredProductionTests.swift
2026-10-07T16:06:07.5308540Z [1521/1552] Compiling RightClickCoreTests RCIRHTTPJSONObservationTests.swift
2026-10-07T16:06:07.5418570Z [1522/1552] Compiling RightClickCoreTests RCIRIntegrationTests.swift
2026-10-07T16:06:07.5523520Z [1523/1552] Compiling RightClickCoreTests RCIRInvocationBindingTests.swift
2026-10-07T16:06:07.5632960Z [1524/1552] Compiling RightClickCoreTests RCIRInvocationIsolationTests.swift
2026-10-07T16:06:07.5734810Z [1525/1552] Compiling RightClickCoreTests RCIRNoOutputTests.swift
2026-10-07T16:06:07.5913310Z [1526/1552] Compiling RightClickCoreTests RCIRProductionDispatchTests.swift
2026-10-07T16:06:07.6037100Z [1527/1552] Compiling RightClickCoreTests RCIRStructuredObservationTests.swift
2026-10-07T16:06:07.6153100Z [1528/1552] Compiling RightClickCoreTests RCIRTests.swift
2026-10-07T16:06:07.6257240Z [1529/1552] Compiling RightClickCoreTests RCIRUnaryAdmissionTests.swift
2026-10-07T16:06:07.6391270Z [1530/1552] Compiling RightClickCoreTests RCIRUnitCompletionTests.swift
2026-10-07T16:06:07.6508630Z [1531/1552] Compiling RightClickCoreTests ServiceContextTests.swift
2026-10-07T16:06:07.6623290Z [1532/1552] Compiling RightClickCoreTests ServiceOutcomeTests.swift
2026-10-07T16:06:07.6623890Z [1533/1552] Compiling RightClickCoreTests SharingExecutionTests.swift
2026-10-07T16:06:07.6624480Z [1534/1552] Compiling RightClickCoreTests UniversalReflectorContractTests.swift
2026-10-07T16:06:07.6625090Z [1535/1552] Compiling RightClickCoreTests VerificationIntegrationTests.swift
2026-10-07T16:06:09.8013710Z [1536/1552] Emitting module RightClickCLITests
2026-10-07T16:06:09.8115670Z [1537/1552] Compiling RightClickCLITests AuthorityConfigurationCLITests.swift
2026-10-07T16:06:09.8116200Z [1538/1552] Compiling RightClickCLITests BridgeRuntimeTests.swift
2026-10-07T16:06:09.8116870Z [1539/1552] Compiling RightClickCLITests ChatGPTBridgeInstallerTests.swift
2026-10-07T16:06:09.8218540Z [1540/1552] Compiling RightClickCLITests ChatGPTBridgeTests.swift
2026-10-07T16:06:09.8320420Z [1541/1552] Compiling RightClickCLITests ChatGPTLiveAttestationTests.swift
2026-10-07T16:06:09.8422180Z [1542/1552] Compiling RightClickCLITests ChatGPTOnboardingTests.swift
2026-10-07T16:06:09.8524080Z [1543/1552] Compiling RightClickCLITests ChatGPTOnboardingTransactionTests.swift
2026-10-07T16:06:10.4136880Z [1544/1559] Compiling RightClickCLITests ClaudeConfigDirTruthTests.swift
2026-10-07T16:06:10.4273460Z [1545/1559] Compiling RightClickCLITests ClaudeOnboardingRedTests.swift
2026-10-07T16:06:10.4414680Z [1546/1559] Compiling RightClickCLITests ClientRegistryRedTests.swift
2026-10-07T16:06:10.4516920Z [1547/1559] Compiling RightClickCLITests CodexOnboardingRedTests.swift
2026-10-07T16:06:10.4654120Z [1548/1559] Compiling RightClickCLITests LocalOnboardingTests.swift
2026-10-07T16:06:10.4761760Z [1549/1559] Compiling RightClickCLITests NativeMutationLeaseRedTests.swift
2026-10-07T16:06:10.4866820Z [1550/1559] Compiling RightClickCLITests OnboardingEngineTests.swift
2026-10-07T16:06:11.9518440Z [1551/1559] Compiling RightClickCLITests ProviderConfigurationCLITests.swift
2026-10-07T16:06:11.9520690Z [1552/1559] Compiling RightClickCLITests SetupAllTransactionRedTests.swift
2026-10-07T16:06:11.9521600Z [1553/1559] Compiling RightClickCLITests SetupStateTests.swift
2026-10-07T16:06:11.9522820Z [1554/1559] Compiling RightClickCLITests SetupTests.swift
2026-10-07T16:06:11.9523520Z [1555/1559] Compiling RightClickCLITests StableEntrypointTests.swift
2026-10-07T16:06:11.9528710Z [1556/1559] Compiling RightClickCLITests StableProfileIntegrityTests.swift
2026-10-07T16:06:11.9529910Z [1557/1559] Compiling RightClickCLITests StableUpgradeReconciliationTests.swift
2026-10-07T16:06:16.5779050Z [1558/1561] Compiling rightclick_mcpPackageTests runner.swift
2026-10-07T16:06:16.5798420Z [1559/1561] Emitting module rightclick_mcpPackageTests
2026-10-07T16:06:16.6006960Z [1559/1561] Write Objects.LinkFileList
2026-10-07T16:06:21.0489150Z [1560/1561] Linking rightclick-mcpPackageTests
2026-10-07T16:06:21.0731120Z Build complete! (309.67s)
2026-10-07T16:06:41.1768410Z Test Suite 'All tests' started at 2026-10-07 16:06:22.361.
2026-10-07T16:06:41.1770420Z Test Suite 'rightclick-mcpPackageTests.xctest' started at 2026-10-07 16:06:22.369.
2026-10-07T16:06:41.1772060Z Test Suite 'A2ARealLifecycleTests' started at 2026-10-07 16:06:22.369.
2026-10-07T16:06:41.1772990Z Test Case '-[RightClickCoreTests.A2ARealLifecycleTests testAcceptedAndCompletedTaskWithMismatchedEffectFailsWithSignedReceipt]' started.
2026-10-07T16:06:41.1781320Z Test Case '-[RightClickCoreTests.A2ARealLifecycleTests testAcceptedAndCompletedTaskWithMismatchedEffectFailsWithSignedReceipt]' passed (5.981 seconds).
2026-10-07T16:06:41.1782470Z Test Case '-[RightClickCoreTests.A2ARealLifecycleTests testCompletedUnverifiedTaskCannotObserveAfterPolicyRevocation]' started.
2026-10-07T16:06:41.1783430Z Test Case '-[RightClickCoreTests.A2ARealLifecycleTests testCompletedUnverifiedTaskCannotObserveAfterPolicyRevocation]' passed (1.997 seconds).
2026-10-07T16:06:41.1784660Z Test Case '-[RightClickCoreTests.A2ARealLifecycleTests testCompletedWithoutIndependentEffectRemainsUnverified]' started.
2026-10-07T16:06:41.1785620Z Test Case '-[RightClickCoreTests.A2ARealLifecycleTests testCompletedWithoutIndependentEffectRemainsUnverified]' passed (1.486 seconds).
2026-10-07T16:06:41.1786470Z Test Case '-[RightClickCoreTests.A2ARealLifecycleTests testDeadlineIsUnknownWithoutRetryingOrFabricatingCompletion]' started.
2026-10-07T16:06:41.1787450Z Test Case '-[RightClickCoreTests.A2ARealLifecycleTests testDeadlineIsUnknownWithoutRetryingOrFabricatingCompletion]' passed (0.603 seconds).
2026-10-07T16:06:41.1788330Z Test Case '-[RightClickCoreTests.A2ARealLifecycleTests testGenuineDelegationObservesEffectAndSignsTerminalReceipt]' started.
2026-10-07T16:06:41.1789220Z Test Case '-[RightClickCoreTests.A2ARealLifecycleTests testGenuineDelegationObservesEffectAndSignsTerminalReceipt]' passed (1.547 seconds).
2026-10-07T16:06:41.1790110Z Test Case '-[RightClickCoreTests.A2ARealLifecycleTests testPolicyAndConfirmationDenialsHaveZeroDelegatedEffects]' started.
2026-10-07T16:06:41.1790960Z Test Case '-[RightClickCoreTests.A2ARealLifecycleTests testPolicyAndConfirmationDenialsHaveZeroDelegatedEffects]' passed (0.575 seconds).
2026-10-07T16:06:41.1791860Z Test Case '-[RightClickCoreTests.A2ARealLifecycleTests testPolicyRevocationDuringTaskCannotBeSilentlyIgnored]' started.
2026-10-07T16:06:41.1792700Z Test Case '-[RightClickCoreTests.A2ARealLifecycleTests testPolicyRevocationDuringTaskCannotBeSilentlyIgnored]' passed (0.806 seconds).
2026-10-07T16:06:41.1793710Z Test Case '-[RightClickCoreTests.A2ARealLifecycleTests testProviderDisappearingMidTaskIsSignedUnknownWithoutReplay]' started.
2026-10-07T16:06:41.1794650Z Test Case '-[RightClickCoreTests.A2ARealLifecycleTests testProviderDisappearingMidTaskIsSignedUnknownWithoutReplay]' passed (0.510 seconds).
2026-10-07T16:06:41.1795490Z Test Case '-[RightClickCoreTests.A2ARealLifecycleTests testRemoteTaskFailureCannotBecomeSemanticSuccess]' started.
2026-10-07T16:06:41.1796370Z Test Case '-[RightClickCoreTests.A2ARealLifecycleTests testRemoteTaskFailureCannotBecomeSemanticSuccess]' passed (1.329 seconds).
2026-10-07T16:06:41.1797180Z Test Case '-[RightClickCoreTests.A2ARealLifecycleTests testUnpinnedIndependentObserverFailsBeforeDispatch]' started.
2026-10-07T16:06:41.1798110Z Test Case '-[RightClickCoreTests.A2ARealLifecycleTests testUnpinnedIndependentObserverFailsBeforeDispatch]' passed (0.476 seconds).
2026-10-07T16:06:41.1807620Z Test Suite 'A2ARealLifecycleTests' passed at 2026-10-07 16:06:37.682.
2026-10-07T16:06:41.1808100Z 	 Executed 10 tests, with 0 failures (0 unexpected) in 15.310 (15.313) seconds
2026-10-07T16:06:41.1808590Z Test Suite 'ARDAcquisitionGateTests' started at 2026-10-07 16:06:37.682.
2026-10-07T16:06:41.1809220Z Test Case '-[RightClickCoreTests.ARDAcquisitionGateTests testG13ARDSearchResponseBecomesOpenAPIAcquisitionCandidate]' started.
2026-10-07T16:06:41.1810160Z Test Case '-[RightClickCoreTests.ARDAcquisitionGateTests testG13ARDSearchResponseBecomesOpenAPIAcquisitionCandidate]' passed (0.094 seconds).
2026-10-07T16:06:41.1811030Z Test Case '-[RightClickCoreTests.ARDAcquisitionGateTests testG14CapabilityIsAbsentBeforeARDAndAppearsAfterDiscovery]' started.
2026-10-07T16:06:41.1812020Z Test Case '-[RightClickCoreTests.ARDAcquisitionGateTests testG14CapabilityIsAbsentBeforeARDAndAppearsAfterDiscovery]' passed (0.008 seconds).
2026-10-07T16:06:41.1812910Z Test Case '-[RightClickCoreTests.ARDAcquisitionGateTests testG15ExecutesARDAcquiredCapabilityThroughCapabilityEngine]' started.
2026-10-07T16:06:41.1814070Z Test Case '-[RightClickCoreTests.ARDAcquisitionGateTests testG15ExecutesARDAcquiredCapabilityThroughCapabilityEngine]' passed (0.024 seconds).
2026-10-07T16:06:41.1815070Z Test Case '-[RightClickCoreTests.ARDAcquisitionGateTests testG16IndependentReadBackVerifiesDurableState]' started.
2026-10-07T16:06:41.1816180Z Test Case '-[RightClickCoreTests.ARDAcquisitionGateTests testG16IndependentReadBackVerifiesDurableState]' passed (0.042 seconds).
2026-10-07T16:06:41.1816870Z Test Suite 'ARDAcquisitionGateTests' passed at 2026-10-07 16:06:37.851.
2026-10-07T16:06:41.1817290Z 	 Executed 4 tests, with 0 failures (0 unexpected) in 0.168 (0.170) seconds
2026-10-07T16:06:41.1817750Z Test Suite 'ARDPortableTests' started at 2026-10-07 16:06:37.851.
2026-10-07T16:06:41.1818410Z Test Case '-[RightClickARDTests.ARDPortableTests testAmbiguousOpenAPIServerBindingAbstains]' started.
2026-10-07T16:06:41.1819130Z Test Case '-[RightClickARDTests.ARDPortableTests testAmbiguousOpenAPIServerBindingAbstains]' passed (0.000 seconds).
2026-10-07T16:06:41.1819870Z Test Case '-[RightClickARDTests.ARDPortableTests testG13DecodesHfDiscoverSearchResponseShape]' started.
2026-10-07T16:06:41.1820560Z Test Case '-[RightClickARDTests.ARDPortableTests testG13DecodesHfDiscoverSearchResponseShape]' passed (0.001 seconds).
2026-10-07T16:06:41.1821290Z Test Case '-[RightClickARDTests.ARDPortableTests testG13ExtractsSupportedOpenAPICandidate]' started.
2026-10-07T16:06:41.1822090Z Test Case '-[RightClickARDTests.ARDPortableTests testG13ExtractsSupportedOpenAPICandidate]' passed (0.000 seconds).
2026-10-07T16:06:41.1822800Z Test Case '-[RightClickARDTests.ARDPortableTests testSearchRequestMatchesARDEnvelope]' started.
2026-10-07T16:06:41.1823480Z Test Case '-[RightClickARDTests.ARDPortableTests testSearchRequestMatchesARDEnvelope]' passed (0.000 seconds).
2026-10-07T16:06:41.1824190Z Test Case '-[RightClickARDTests.ARDPortableTests testSearchResponseRequiresExactlyOneValueOrReference]' started.
2026-10-07T16:06:41.1825070Z Test Case '-[RightClickARDTests.ARDPortableTests testSearchResponseRequiresExactlyOneValueOrReference]' passed (0.002 seconds).
2026-10-07T16:06:41.1825670Z Test Suite 'ARDPortableTests' passed at 2026-10-07 16:06:37.856.
2026-10-07T16:06:41.1826110Z 	 Executed 5 tests, with 0 failures (0 unexpected) in 0.004 (0.005) seconds
2026-10-07T16:06:41.1826530Z Test Suite 'AcquisitionTests' started at 2026-10-07 16:06:37.856.
2026-10-07T16:06:41.1827170Z Test Case '-[RightClickCoreTests.AcquisitionTests testDeclaredTextRepresentationsRoundTripOnThePasteboard]' started.
2026-10-07T16:06:41.1828030Z Test Case '-[RightClickCoreTests.AcquisitionTests testDeclaredTextRepresentationsRoundTripOnThePasteboard]' passed (0.028 seconds).
2026-10-07T16:06:41.1828770Z Test Case '-[RightClickCoreTests.AcquisitionTests testDirectoryAndURLClassification]' started.
2026-10-07T16:06:41.1831810Z Test Case '-[RightClickCoreTests.AcquisitionTests testDirectoryAndURLClassification]' passed (0.004 seconds).
2026-10-07T16:06:41.1832440Z Test Case '-[RightClickCoreTests.AcquisitionTests testDuplicateIDsCollapse]' started.
2026-10-07T16:06:41.1833090Z Test Case '-[RightClickCoreTests.AcquisitionTests testDuplicateIDsCollapse]' passed (0.000 seconds).
2026-10-07T16:06:41.1833700Z Test Case '-[RightClickCoreTests.AcquisitionTests testFinancialRequiresConfirmation]' started.
2026-10-07T16:06:41.1834400Z Test Case '-[RightClickCoreTests.AcquisitionTests testFinancialRequiresConfirmation]' passed (0.000 seconds).
2026-10-07T16:06:41.1835140Z Test Case '-[RightClickCoreTests.AcquisitionTests testImageServiceDoesNotApplyToPlainText]' started.
2026-10-07T16:06:41.1835810Z Test Case '-[RightClickCoreTests.AcquisitionTests testImageServiceDoesNotApplyToPlainText]' passed (0.001 seconds).
2026-10-07T16:06:41.1836590Z Test Case '-[RightClickCoreTests.AcquisitionTests testMalformedPathIsAnError]' started.
2026-10-07T16:06:41.1837180Z Test Case '-[RightClickCoreTests.AcquisitionTests testMalformedPathIsAnError]' passed (0.001 seconds).
2026-10-07T16:06:41.1838010Z Test Case '-[RightClickCoreTests.AcquisitionTests testProofURLPayloadRoundTrip]' started.
2026-10-07T16:06:41.1838640Z Test Case '-[RightClickCoreTests.AcquisitionTests testProofURLPayloadRoundTrip]' passed (0.004 seconds).
2026-10-07T16:06:41.1839530Z Test Case '-[RightClickCoreTests.AcquisitionTests testServiceAppearsAndDisappearsWithTheBundle]' started.
2026-10-07T16:06:41.1840360Z Test Case '-[RightClickCoreTests.AcquisitionTests testServiceAppearsAndDisappearsWithTheBundle]' passed (0.004 seconds).
2026-10-07T16:06:41.1841000Z Test Case '-[RightClickCoreTests.AcquisitionTests testStaleServiceIDFails]' started.
2026-10-07T16:06:41.1841620Z Test Case '-[RightClickCoreTests.AcquisitionTests testStaleServiceIDFails]' passed (3.122 seconds).
2026-10-07T16:06:41.1842260Z Test Case '-[RightClickCoreTests.AcquisitionTests testTextPasteboardTypesFollowDeclaredSendTypes]' started.
2026-10-07T16:06:41.1843150Z Test Case '-[RightClickCoreTests.AcquisitionTests testTextPasteboardTypesFollowDeclaredSendTypes]' passed (0.000 seconds).
2026-10-07T16:06:41.1843840Z Test Case '-[RightClickCoreTests.AcquisitionTests testUnknownRequiresConfirmation]' started.
2026-10-07T16:06:41.1844530Z Test Case '-[RightClickCoreTests.AcquisitionTests testUnknownRequiresConfirmation]' passed (0.000 seconds).
2026-10-07T16:06:41.1845220Z Test Case '-[RightClickCoreTests.AcquisitionTests testWebURLPayloadAbstainsForFileURLOnly]' started.
2026-10-07T16:06:41.1845890Z Test Case '-[RightClickCoreTests.AcquisitionTests testWebURLPayloadAbstainsForFileURLOnly]' passed (0.001 seconds).
2026-10-07T16:06:41.1846620Z Test Case '-[RightClickCoreTests.AcquisitionTests testWebURLPayloadUsesDeclaredPlainTextType]' started.
2026-10-07T16:06:41.1847380Z Test Case '-[RightClickCoreTests.AcquisitionTests testWebURLPayloadUsesDeclaredPlainTextType]' passed (0.002 seconds).
2026-10-07T16:06:41.1848160Z Test Case '-[RightClickCoreTests.AcquisitionTests testWebURLPayloadUsesDeclaredURLType]' started.
2026-10-07T16:06:41.1848850Z Test Case '-[RightClickCoreTests.AcquisitionTests testWebURLPayloadUsesDeclaredURLType]' passed (0.001 seconds).
2026-10-07T16:06:41.1850700Z Test Suite 'AcquisitionTests' passed at 2026-10-07 16:06:41.026.
2026-10-07T16:06:41.1851720Z 	 Executed 14 tests, with 0 failures (0 unexpected) in 3.168 (3.170) seconds
2026-10-07T16:06:41.1852950Z Test Suite 'AuthorityConfigurationCLITests' started at 2026-10-07 16:06:41.026.
2026-10-07T16:06:41.1854670Z Test Case '-[RightClickCLITests.AuthorityConfigurationCLITests testCredentialCommandLineFlagsAreRejectedBeforeInput]' started.
2026-10-07T16:06:41.1857070Z Test Case '-[RightClickCLITests.AuthorityConfigurationCLITests testCredentialCommandLineFlagsAreRejectedBeforeInput]' passed (0.029 seconds).
2026-10-07T16:06:41.1859430Z Test Case '-[RightClickCLITests.AuthorityConfigurationCLITests testInvalidOriginAndSchemeFailBeforeCredentialRead]' started.
2026-10-07T16:06:41.1862820Z Test Case '-[RightClickCLITests.AuthorityConfigurationCLITests testInvalidOriginAndSchemeFailBeforeCredentialRead]' passed (0.001 seconds).
2026-10-07T16:06:41.1864840Z Test Case '-[RightClickCLITests.AuthorityConfigurationCLITests testSetStatusDeleteRoundTripNeverDisclosesCredential]' started.
2026-10-07T16:06:41.1865830Z Test Case '-[RightClickCLITests.AuthorityConfigurationCLITests testSetStatusDeleteRoundTripNeverDisclosesCredential]' passed (0.031 seconds).
2026-10-07T16:06:41.1866750Z Test Case '-[RightClickCLITests.AuthorityConfigurationCLITests testStatusIsBoundToExactOriginAndScheme]' started.
2026-10-07T16:06:41.1867550Z Test Case '-[RightClickCLITests.AuthorityConfigurationCLITests testStatusIsBoundToExactOriginAndScheme]' passed (0.022 seconds).
2026-10-07T16:06:41.1868270Z Test Suite 'AuthorityConfigurationCLITests' passed at 2026-10-07 16:06:41.110.
2026-10-07T16:06:41.1868730Z 	 Executed 4 tests, with 0 failures (0 unexpected) in 0.083 (0.084) seconds
2026-10-07T16:06:41.1869220Z Test Suite 'BonjourGRPCSourceTests' started at 2026-10-07 16:06:41.110.
2026-10-07T16:06:41.1870490Z Test Case '-[RightClickCoreTests.BonjourGRPCSourceTests testMalformedSchemeAbstainsWithoutReflection]' started.
2026-10-07T16:06:41.1871470Z Test Case '-[RightClickCoreTests.BonjourGRPCSourceTests testMalformedSchemeAbstainsWithoutReflection]' passed (0.003 seconds).
2026-10-07T16:06:41.1872330Z Test Case '-[RightClickCoreTests.BonjourGRPCSourceTests testResolvedAdvertisementCreatesAndRemovesGRPCReflector]' started.
2026-10-07T16:06:41.1873190Z Test Case '-[RightClickCoreTests.BonjourGRPCSourceTests testResolvedAdvertisementCreatesAndRemovesGRPCReflector]' passed (0.028 seconds).
2026-10-07T16:06:41.1874130Z Test Case '-[RightClickCoreTests.BonjourGRPCSourceTests testUnsupportedAuthorityAdvertisementFailsClosedBeforeReflection]' started.
2026-10-07T16:06:41.1875050Z Test Case '-[RightClickCoreTests.BonjourGRPCSourceTests testUnsupportedAuthorityAdvertisementFailsClosedBeforeReflection]' passed (0.000 seconds).
2026-10-07T16:06:41.1876060Z Test Suite 'BonjourGRPCSourceTests' passed at 2026-10-07 16:06:41.142.
2026-10-07T16:06:41.1876540Z 	 Executed 3 tests, with 0 failures (0 unexpected) in 0.031 (0.032) seconds
2026-10-07T16:06:41.1876990Z Test Suite 'BonjourOpenAPISourceTests' started at 2026-10-07 16:06:41.142.
2026-10-07T16:06:41.1877730Z Test Case '-[RightClickCoreTests.BonjourOpenAPISourceTests testAbsoluteBonjourDNSNameCanonicalizesTerminalRootDot]' started.
2026-10-07T16:06:41.1878610Z Test Case '-[RightClickCoreTests.BonjourOpenAPISourceTests testAbsoluteBonjourDNSNameCanonicalizesTerminalRootDot]' passed (0.003 seconds).
2026-10-07T16:06:41.1879600Z Test Case '-[RightClickCoreTests.BonjourOpenAPISourceTests testEndpointReplacementChangesCapabilityIdentity]' started.
2026-10-07T16:06:41.1880470Z Test Case '-[RightClickCoreTests.BonjourOpenAPISourceTests testEndpointReplacementChangesCapabilityIdentity]' passed (0.002 seconds).
2026-10-07T16:06:41.1881340Z Test Case '-[RightClickCoreTests.BonjourOpenAPISourceTests testMalformedMetadataAbstainsWithoutFetching]' started.
2026-10-07T16:06:41.1882190Z Test Case '-[RightClickCoreTests.BonjourOpenAPISourceTests testMalformedMetadataAbstainsWithoutFetching]' passed (0.000 seconds).
2026-10-07T16:06:41.1883050Z Test Case '-[RightClickCoreTests.BonjourOpenAPISourceTests testMultipleTerminalRootDotsAreRejected]' started.
2026-10-07T16:06:41.1883880Z Test Case '-[RightClickCoreTests.BonjourOpenAPISourceTests testMultipleTerminalRootDotsAreRejected]' passed (0.000 seconds).
2026-10-07T16:06:41.1884740Z Test Case '-[RightClickCoreTests.BonjourOpenAPISourceTests testRemovalMakesStaleCapabilityUnavailable]' started.
2026-10-07T16:06:41.1885580Z Test Case '-[RightClickCoreTests.BonjourOpenAPISourceTests testRemovalMakesStaleCapabilityUnavailable]' passed (0.001 seconds).
2026-10-07T16:06:41.1890550Z Test Case '-[RightClickCoreTests.BonjourOpenAPISourceTests testResolvedAdvertisementCreatesDynamicOpenAPIReflector]' started.
2026-10-07T16:06:41.1891430Z Test Case '-[RightClickCoreTests.BonjourOpenAPISourceTests testResolvedAdvertisementCreatesDynamicOpenAPIReflector]' passed (0.001 seconds).
2026-10-07T16:06:41.1892760Z Test Case '-[RightClickCoreTests.BonjourOpenAPISourceTests testTXTMetadataCannotRedirectToExternalHost]' started.
2026-10-07T16:06:41.1893520Z Test Case '-[RightClickCoreTests.BonjourOpenAPISourceTests testTXTMetadataCannotRedirectToExternalHost]' passed (0.000 seconds).
2026-10-07T16:06:41.1894250Z Test Suite 'BonjourOpenAPISourceTests' passed at 2026-10-07 16:06:41.151.
2026-10-07T16:06:41.1894700Z 	 Executed 7 tests, with 0 failures (0 unexpected) in 0.008 (0.009) seconds
2026-10-07T16:06:41.1895220Z Test Suite 'BonjourRealLifecycleAcceptanceTests' started at 2026-10-07 16:06:41.151.
2026-10-07T16:06:41.1895940Z Test Case '-[RightClickCoreTests.BonjourRealLifecycleAcceptanceTests testRealDNSServiceDiscoveryLifecycle]' started.
2026-10-07T16:06:41.1898110Z /Users/runner/work/rightclick/rightclick/Tests/RightClickCoreTests/BonjourRealLifecycleAcceptanceTests.swift:30: -[RightClickCoreTests.BonjourRealLifecycleAcceptanceTests testRealDNSServiceDiscoveryLifecycle] : Test skipped - NS005_REAL_DNSSD=1 is required.
2026-10-07T16:06:41.1900170Z Test Case '-[RightClickCoreTests.BonjourRealLifecycleAcceptanceTests testRealDNSServiceDiscoveryLifecycle]' skipped (0.006 seconds).
2026-10-07T16:06:41.1900970Z Test Suite 'BonjourRealLifecycleAcceptanceTests' passed at 2026-10-07 16:06:41.157.
2026-10-07T16:06:41.1901530Z 	 Executed 1 test, with 1 test skipped and 0 failures (0 unexpected) in 0.006 (0.006) seconds
2026-10-07T16:06:41.1902130Z Test Suite 'BridgeRuntimeTests' started at 2026-10-07 16:06:41.157.
2026-10-07T16:06:41.1902680Z Test Case '-[RightClickCLITests.BridgeRuntimeTests testBundledCandidateTracksStableHomebrewPrefix]' started.
2026-10-07T16:06:41.1903480Z Test Case '-[RightClickCLITests.BridgeRuntimeTests testBundledCandidateTracksStableHomebrewPrefix]' passed (0.003 seconds).
2026-10-07T16:06:41.1904240Z Test Case '-[RightClickCLITests.BridgeRuntimeTests testBundledTunnelClientIsPreferredOverStoredRuntime]' started.
2026-10-07T16:06:41.1905110Z Test Case '-[RightClickCLITests.BridgeRuntimeTests testBundledTunnelClientIsPreferredOverStoredRuntime]' passed (0.005 seconds).
2026-10-07T16:06:41.1905930Z Test Case '-[RightClickCLITests.BridgeRuntimeTests testChildConfigurationKeepsSecretOutOfArguments]' started.
2026-10-07T16:06:41.1906730Z Test Case '-[RightClickCLITests.BridgeRuntimeTests testChildConfigurationKeepsSecretOutOfArguments]' passed (0.001 seconds).
2026-10-07T16:06:41.1907550Z Test Case '-[RightClickCLITests.BridgeRuntimeTests testForwardTerminationStopsRunningChild]' started.
2026-10-07T16:06:41.1908350Z Test Case '-[RightClickCLITests.BridgeRuntimeTests testForwardTerminationStopsRunningChild]' passed (0.002 seconds).
2026-10-07T16:06:41.1909880Z Test Case '-[RightClickCLITests.BridgeRuntimeTests testRuntimeAPIKeyValidation]' started.
2026-10-07T16:06:41.1911680Z Test Case '-[RightClickCLITests.BridgeRuntimeTests testRuntimeAPIKeyValidation]' passed (0.000 seconds).
2026-10-07T16:06:41.1913590Z Test Case '-[RightClickCLITests.BridgeRuntimeTests testTunnelClientResolutionDoesNotAcceptNonExecutableFile]' started.
2026-10-07T16:06:41.1916080Z Test Case '-[RightClickCLITests.BridgeRuntimeTests testTunnelClientResolutionDoesNotAcceptNonExecutableFile]' passed (0.002 seconds).
2026-10-07T16:06:41.1918670Z Test Case '-[RightClickCLITests.BridgeRuntimeTests testTunnelClientResolutionPrefersExplicitOverride]' started.
2026-10-07T16:06:41.1919610Z Test Case '-[RightClickCLITests.BridgeRuntimeTests testTunnelClientResolutionPrefersExplicitOverride]' passed (0.001 seconds).
2026-10-07T16:06:41.1920280Z Test Suite 'BridgeRuntimeTests' passed at 2026-10-07 16:06:41.173.
2026-10-07T16:06:41.1920790Z 	 Executed 7 tests, with 0 failures (0 unexpected) in 0.014 (0.016) seconds
2026-10-07T16:06:41.1921270Z Test Suite 'CapabilityABIAdapterTests' started at 2026-10-07 16:06:41.173.
2026-10-07T16:06:41.1921900Z Test Case '-[RightClickCoreTests.CapabilityABIAdapterTests testChangesInAuthorityOrPolicyMetadataChangeFingerprint]' started.
2026-10-07T16:06:41.1923150Z Test Case '-[RightClickCoreTests.CapabilityABIAdapterTests testChangesInAuthorityOrPolicyMetadataChangeFingerprint]' passed (0.001 seconds).
2026-10-07T16:06:41.1924160Z Test Case '-[RightClickCoreTests.CapabilityABIAdapterTests testGenericAdapterPreservesDeclarationsAndDoesNotMutateCapability]' started.
2026-10-07T16:06:41.1925270Z Test Case '-[RightClickCoreTests.CapabilityABIAdapterTests testGenericAdapterPreservesDeclarationsAndDoesNotMutateCapability]' passed (0.001 seconds).
2026-10-07T16:06:41.1926260Z Test Case '-[RightClickCoreTests.CapabilityABIAdapterTests testSHA256MatchesCanonicalBytesAndHasNoSignatureSemantics]' started.
2026-10-07T16:06:57.6225120Z Test Case '-[RightClickCoreTests.CapabilityABIAdapterTests testSHA256MatchesCanonicalBytesAndHasNoSignatureSemantics]' passed (0.001 seconds).
2026-10-07T16:06:57.6330710Z Test Case '-[RightClickCoreTests.CapabilityABIAdapterTests testUnownedCapabilitiesCannotAcquireAnABIIdentity]' started.
2026-10-07T16:06:57.6431480Z Test Case '-[RightClickCoreTests.CapabilityABIAdapterTests testUnownedCapabilitiesCannotAcquireAnABIIdentity]' passed (0.000 seconds).
2026-10-07T16:06:57.6677850Z Test Suite 'CapabilityABIAdapterTests' passed at 2026-10-07 16:06:41.176.
2026-10-07T16:06:57.6679000Z 	 Executed 4 tests, with 0 failures (0 unexpected) in 0.003 (0.003) seconds
2026-10-07T16:06:57.6679450Z Test Suite 'CapabilityABIBoundaryTests' started at 2026-10-07 16:06:41.176.
2026-10-07T16:06:57.6680100Z Test Case '-[RightClickCoreTests.CapabilityABIBoundaryTests testDeterministicGeneratedRoundTrips]' started.
2026-10-07T16:06:57.6680840Z Test Case '-[RightClickCoreTests.CapabilityABIBoundaryTests testDeterministicGeneratedRoundTrips]' passed (0.013 seconds).
2026-10-07T16:06:57.6681650Z Test Case '-[RightClickCoreTests.CapabilityABIBoundaryTests testLimitsCannotBeRaisedAboveReviewedCeilings]' started.
2026-10-07T16:06:57.6682470Z Test Case '-[RightClickCoreTests.CapabilityABIBoundaryTests testLimitsCannotBeRaisedAboveReviewedCeilings]' passed (0.000 seconds).
2026-10-07T16:06:57.6710920Z Test Case '-[RightClickCoreTests.CapabilityABIBoundaryTests testNestedCodableWrapperCannotBypassValueValidation]' started.
2026-10-07T16:06:57.6718430Z Test Case '-[RightClickCoreTests.CapabilityABIBoundaryTests testNestedCodableWrapperCannotBypassValueValidation]' passed (0.002 seconds).
2026-10-07T16:06:57.6719360Z Test Case '-[RightClickCoreTests.CapabilityABIBoundaryTests testResultSchemaIsBoundIntoContract]' started.
2026-10-07T16:06:57.6720300Z Test Case '-[RightClickCoreTests.CapabilityABIBoundaryTests testResultSchemaIsBoundIntoContract]' passed (0.000 seconds).
2026-10-07T16:06:57.6721140Z Test Case '-[RightClickCoreTests.CapabilityABIBoundaryTests testSchemaDoesNotAcceptUnicodeEquivalentButDifferentKeyBytes]' started.
2026-10-07T16:06:57.6722780Z Test Case '-[RightClickCoreTests.CapabilityABIBoundaryTests testSchemaDoesNotAcceptUnicodeEquivalentButDifferentKeyBytes]' passed (0.000 seconds).
2026-10-07T16:06:57.6723710Z Test Case '-[RightClickCoreTests.CapabilityABIBoundaryTests testSchemaRequiredKeysMustMatchExactUTF8]' started.
2026-10-07T16:06:57.6724520Z Test Case '-[RightClickCoreTests.CapabilityABIBoundaryTests testSchemaRequiredKeysMustMatchExactUTF8]' passed (0.000 seconds).
2026-10-07T16:06:57.6725470Z Test Case '-[RightClickCoreTests.CapabilityABIBoundaryTests testVeryDeepSchemaAndVeryWideValuesReject]' started.
2026-10-07T16:06:57.6726730Z Test Case '-[RightClickCoreTests.CapabilityABIBoundaryTests testVeryDeepSchemaAndVeryWideValuesReject]' passed (0.001 seconds).
2026-10-07T16:06:57.6727420Z Test Suite 'CapabilityABIBoundaryTests' passed at 2026-10-07 16:06:41.195.
2026-10-07T16:06:57.6727920Z 	 Executed 7 tests, with 0 failures (0 unexpected) in 0.017 (0.018) seconds
2026-10-07T16:06:57.6728340Z Test Suite 'CapabilityABITests' started at 2026-10-07 16:06:41.195.
2026-10-07T16:06:57.6728950Z Test Case '-[RightClickCoreTests.CapabilityABITests testAllValueKindsRoundTripWithoutCoercion]' started.
2026-10-07T16:06:57.6731470Z Test Case '-[RightClickCoreTests.CapabilityABITests testAllValueKindsRoundTripWithoutCoercion]' passed (0.002 seconds).
2026-10-07T16:06:57.6732250Z Test Case '-[RightClickCoreTests.CapabilityABITests testArrayOrderAndOriginalUTF8Matter]' started.
2026-10-07T16:06:57.6733030Z Test Case '-[RightClickCoreTests.CapabilityABITests testArrayOrderAndOriginalUTF8Matter]' passed (0.001 seconds).
2026-10-07T16:06:57.6733840Z Test Case '-[RightClickCoreTests.CapabilityABITests testCanonicalByteLimitIncludesHeaderAndFraming]' started.
2026-10-07T16:06:57.6734740Z Test Case '-[RightClickCoreTests.CapabilityABITests testCanonicalByteLimitIncludesHeaderAndFraming]' passed (0.001 seconds).
2026-10-07T16:06:57.6735520Z Test Case '-[RightClickCoreTests.CapabilityABITests testCanonicalGoldenVectors]' started.
2026-10-07T16:06:57.6737030Z Test Case '-[RightClickCoreTests.CapabilityABITests testCanonicalGoldenVectors]' passed (0.000 seconds).
2026-10-07T16:06:57.6737780Z Test Case '-[RightClickCoreTests.CapabilityABITests testClosedObjectSchemaValidatesNestedValues]' started.
2026-10-07T16:06:57.6739010Z Test Case '-[RightClickCoreTests.CapabilityABITests testClosedObjectSchemaValidatesNestedValues]' passed (0.000 seconds).
2026-10-07T16:06:57.6740560Z Test Case '-[RightClickCoreTests.CapabilityABITests testClosedSchemaRejectsUnknownMissingAndWrongTypes]' started.
2026-10-07T16:06:57.6741550Z Test Case '-[RightClickCoreTests.CapabilityABITests testClosedSchemaRejectsUnknownMissingAndWrongTypes]' passed (0.000 seconds).
2026-10-07T16:06:57.6742440Z Test Case '-[RightClickCoreTests.CapabilityABITests testContractAndValueCanonicalDomainsAreDifferent]' started.
2026-10-07T16:06:57.6743240Z Test Case '-[RightClickCoreTests.CapabilityABITests testContractAndValueCanonicalDomainsAreDifferent]' passed (0.000 seconds).
2026-10-07T16:06:57.6744210Z Test Case '-[RightClickCoreTests.CapabilityABITests testContractBindsIdentitySchemaAndDeclaration]' started.
2026-10-07T16:06:57.6745090Z Test Case '-[RightClickCoreTests.CapabilityABITests testContractBindsIdentitySchemaAndDeclaration]' passed (0.000 seconds).
2026-10-07T16:06:57.6747390Z Test Case '-[RightClickCoreTests.CapabilityABITests testDepthLimitIsExact]' started.
2026-10-07T16:06:57.6748070Z Test Case '-[RightClickCoreTests.CapabilityABITests testDepthLimitIsExact]' passed (0.001 seconds).
2026-10-07T16:06:57.6748870Z Test Case '-[RightClickCoreTests.CapabilityABITests testDuplicateObjectKeysRejectedRatherThanOverwritten]' started.
2026-10-07T16:06:57.6749750Z Test Case '-[RightClickCoreTests.CapabilityABITests testDuplicateObjectKeysRejectedRatherThanOverwritten]' passed (0.000 seconds).
2026-10-07T16:06:57.6750570Z Test Case '-[RightClickCoreTests.CapabilityABITests testEnumsAndInvalidSchemaDeclarationsFailClosed]' started.
2026-10-07T16:06:57.6751380Z Test Case '-[RightClickCoreTests.CapabilityABITests testEnumsAndInvalidSchemaDeclarationsFailClosed]' passed (0.000 seconds).
2026-10-07T16:06:57.6752080Z Test Case '-[RightClickCoreTests.CapabilityABITests testInvalidContractIdentityRejected]' started.
2026-10-07T16:06:57.6752810Z Test Case '-[RightClickCoreTests.CapabilityABITests testInvalidContractIdentityRejected]' passed (0.000 seconds).
2026-10-07T16:06:57.6753640Z Test Case '-[RightClickCoreTests.CapabilityABITests testInvalidLimitsFailClosed]' started.
2026-10-07T16:06:57.6754260Z Test Case '-[RightClickCoreTests.CapabilityABITests testInvalidLimitsFailClosed]' passed (0.000 seconds).
2026-10-07T16:06:57.6754970Z Test Case '-[RightClickCoreTests.CapabilityABITests testLargeIntegerWireDoesNotUseFloatingPoint]' started.
2026-10-07T16:06:57.6755760Z Test Case '-[RightClickCoreTests.CapabilityABITests testLargeIntegerWireDoesNotUseFloatingPoint]' passed (0.000 seconds).
2026-10-07T16:06:57.6756500Z Test Case '-[RightClickCoreTests.CapabilityABITests testLegacyAdapterNeverStringifiesRicherValues]' started.
2026-10-07T16:06:57.6757290Z Test Case '-[RightClickCoreTests.CapabilityABITests testLegacyAdapterNeverStringifiesRicherValues]' passed (0.000 seconds).
2026-10-07T16:06:57.6758880Z Test Case '-[RightClickCoreTests.CapabilityABITests testLegacyStringsRoundTripAndNilIsPreserved]' started.
2026-10-07T16:06:57.6759660Z Test Case '-[RightClickCoreTests.CapabilityABITests testLegacyStringsRoundTripAndNilIsPreserved]' passed (0.000 seconds).
2026-10-07T16:06:57.6760400Z Test Case '-[RightClickCoreTests.CapabilityABITests testLengthFramingPreventsConcatenationAmbiguity]' started.
2026-10-07T16:06:57.6761200Z Test Case '-[RightClickCoreTests.CapabilityABITests testLengthFramingPreventsConcatenationAmbiguity]' passed (0.000 seconds).
2026-10-07T16:06:57.6762010Z Test Case '-[RightClickCoreTests.CapabilityABITests testNodeLimitCountsKeysAndValues]' started.
2026-10-07T16:06:57.6762660Z Test Case '-[RightClickCoreTests.CapabilityABITests testNodeLimitCountsKeysAndValues]' passed (0.000 seconds).
2026-10-07T16:06:57.6763390Z Test Case '-[RightClickCoreTests.CapabilityABITests testNonfiniteNumbersRejectedEverywhere]' started.
2026-10-07T16:06:57.6764210Z Test Case '-[RightClickCoreTests.CapabilityABITests testNonfiniteNumbersRejectedEverywhere]' passed (0.000 seconds).
2026-10-07T16:06:57.6765480Z Test Case '-[RightClickCoreTests.CapabilityABITests testNullableAndOptionalAreDifferent]' started.
2026-10-07T16:06:57.6766310Z Test Case '-[RightClickCoreTests.CapabilityABITests testNullableAndOptionalAreDifferent]' passed (0.000 seconds).
2026-10-07T16:06:57.6767220Z Test Case '-[RightClickCoreTests.CapabilityABITests testObjectInsertionOrderDoesNotMatter]' started.
2026-10-07T16:06:57.6768000Z Test Case '-[RightClickCoreTests.CapabilityABITests testObjectInsertionOrderDoesNotMatter]' passed (0.000 seconds).
2026-10-07T16:06:57.6768700Z Test Case '-[RightClickCoreTests.CapabilityABITests testSchemaSetOrderIsCanonical]' started.
2026-10-07T16:06:57.6769440Z Test Case '-[RightClickCoreTests.CapabilityABITests testSchemaSetOrderIsCanonical]' passed (0.000 seconds).
2026-10-07T16:06:57.6793720Z Test Case '-[RightClickCoreTests.CapabilityABITests testStrictWireRejectsUnknownTrailingOrMalformedValues]' started.
2026-10-07T16:06:57.6794990Z Test Case '-[RightClickCoreTests.CapabilityABITests testStrictWireRejectsUnknownTrailingOrMalformedValues]' passed (0.000 seconds).
2026-10-07T16:06:57.6795940Z Test Case '-[RightClickCoreTests.CapabilityABITests testTypesAndSignedZeroHaveDifferentCanonicalBytes]' started.
2026-10-07T16:06:57.6796910Z Test Case '-[RightClickCoreTests.CapabilityABITests testTypesAndSignedZeroHaveDifferentCanonicalBytes]' passed (0.000 seconds).
2026-10-07T16:06:57.6797690Z Test Case '-[RightClickCoreTests.CapabilityABITests testUnknownArgumentSchemaIsNotUnrestricted]' started.
2026-10-07T16:06:57.6798420Z Test Case '-[RightClickCoreTests.CapabilityABITests testUnknownArgumentSchemaIsNotUnrestricted]' passed (0.000 seconds).
2026-10-07T16:06:57.6799260Z Test Case '-[RightClickCoreTests.CapabilityABITests testWireByteLimitIsCheckedBeforeParsing]' started.
2026-10-07T16:06:57.6800710Z Test Case '-[RightClickCoreTests.CapabilityABITests testWireByteLimitIsCheckedBeforeParsing]' passed (0.000 seconds).
2026-10-07T16:06:57.6801490Z Test Suite 'CapabilityABITests' passed at 2026-10-07 16:06:41.208.
2026-10-07T16:06:57.6801910Z 	 Executed 26 tests, with 0 failures (0 unexpected) in 0.010 (0.013) seconds
2026-10-07T16:06:57.6802550Z Test Suite 'CapabilityAcquisitionLifecycleTests' started at 2026-10-07 16:06:41.208.
2026-10-07T16:06:57.6803510Z Test Case '-[RightClickCoreTests.CapabilityAcquisitionLifecycleTests testRealProviderWithdrawalAndChangedReappearanceWithUnchangedConfiguration]' started.
2026-10-07T16:06:57.6804660Z Test Case '-[RightClickCoreTests.CapabilityAcquisitionLifecycleTests testRealProviderWithdrawalAndChangedReappearanceWithUnchangedConfiguration]' passed (11.181 seconds).
2026-10-07T16:06:57.6805910Z Test Case '-[RightClickCoreTests.CapabilityAcquisitionLifecycleTests testUnchangedConfigurationDoesNotRetainWithdrawnProviderForever]' started.
2026-10-07T16:06:57.6807070Z Test Case '-[RightClickCoreTests.CapabilityAcquisitionLifecycleTests testUnchangedConfigurationDoesNotRetainWithdrawnProviderForever]' passed (5.180 seconds).
2026-10-07T16:06:57.6808410Z Test Suite 'CapabilityAcquisitionLifecycleTests' passed at 2026-10-07 16:06:57.569.
2026-10-07T16:06:57.6809030Z 	 Executed 2 tests, with 0 failures (0 unexpected) in 16.361 (16.361) seconds
2026-10-07T16:06:57.6809490Z Test Suite 'CapabilityArtifactResolverTests' started at 2026-10-07 16:06:57.569.
2026-10-07T16:06:57.6810230Z Test Case '-[RightClickCoreTests.CapabilityArtifactResolverTests testConfiguredSourceCachesResolvedSnapshotWithinRefreshWindow]' started.
2026-10-07T16:06:57.6811340Z Test Case '-[RightClickCoreTests.CapabilityArtifactResolverTests testConfiguredSourceCachesResolvedSnapshotWithinRefreshWindow]' passed (0.001 seconds).
2026-10-07T16:06:57.6812300Z Test Case '-[RightClickCoreTests.CapabilityArtifactResolverTests testConfiguredSourceComposesDifferentSubstratesIntoOneEngine]' started.
2026-10-07T16:06:57.6813380Z Test Case '-[RightClickCoreTests.CapabilityArtifactResolverTests testConfiguredSourceComposesDifferentSubstratesIntoOneEngine]' passed (0.001 seconds).
2026-10-07T16:06:57.6814650Z Test Case '-[RightClickCoreTests.CapabilityArtifactResolverTests testConfiguredSourceDropsAmbiguousDuplicateReflectorIdentity]' started.
2026-10-07T16:06:57.6815690Z Test Case '-[RightClickCoreTests.CapabilityArtifactResolverTests testConfiguredSourceDropsAmbiguousDuplicateReflectorIdentity]' passed (0.000 seconds).
2026-10-07T16:06:57.6816940Z Test Case '-[RightClickCoreTests.CapabilityArtifactResolverTests testDefaultRegistryAdvertisesGenericSubstrates]' started.
2026-10-07T16:06:57.6818050Z Test Case '-[RightClickCoreTests.CapabilityArtifactResolverTests testDefaultRegistryAdvertisesGenericSubstrates]' passed (0.003 seconds).
2026-10-07T16:06:57.6818940Z Test Case '-[RightClickCoreTests.CapabilityArtifactResolverTests testDuplicateConfiguredDescriptorIDsFailClosed]' started.
2026-10-07T16:06:57.6821020Z Test Case '-[RightClickCoreTests.CapabilityArtifactResolverTests testDuplicateConfiguredDescriptorIDsFailClosed]' passed (0.001 seconds).
2026-10-07T16:06:57.6822400Z Test Case '-[RightClickCoreTests.CapabilityArtifactResolverTests testDuplicateResolverKindFailsClosed]' started.
2026-10-07T16:06:57.6823850Z Test Case '-[RightClickCoreTests.CapabilityArtifactResolverTests testDuplicateResolverKindFailsClosed]' passed (0.001 seconds).
2026-10-07T16:06:57.6824770Z Test Case '-[RightClickCoreTests.CapabilityArtifactResolverTests testPlainGRPCIsLoopbackOnly]' started.
2026-10-07T16:06:57.6825550Z Test Case '-[RightClickCoreTests.CapabilityArtifactResolverTests testPlainGRPCIsLoopbackOnly]' passed (0.002 seconds).
2026-10-07T16:06:57.6826550Z Test Case '-[RightClickCoreTests.CapabilityArtifactResolverTests testPlainHTTPIsLoopbackOnly]' started.
2026-10-07T16:06:57.6827610Z Test Case '-[RightClickCoreTests.CapabilityArtifactResolverTests testPlainHTTPIsLoopbackOnly]' passed (0.001 seconds).
2026-10-07T16:06:57.6828640Z Test Case '-[RightClickCoreTests.CapabilityArtifactResolverTests testRegistryAcceptsOpaqueARDURNIdentity]' started.
2026-10-07T16:06:57.6830470Z Test Case '-[RightClickCoreTests.CapabilityArtifactResolverTests testRegistryAcceptsOpaqueARDURNIdentity]' passed (0.001 seconds).
2026-10-07T16:06:57.6831270Z Test Case '-[RightClickCoreTests.CapabilityArtifactResolverTests testRegistryRoutesByNormalizedKind]' started.
2026-10-07T16:06:57.6832100Z Test Case '-[RightClickCoreTests.CapabilityArtifactResolverTests testRegistryRoutesByNormalizedKind]' passed (0.001 seconds).
2026-10-07T16:06:57.6833230Z Test Suite 'CapabilityArtifactResolverTests' passed at 2026-10-07 16:06:57.584.
2026-10-07T16:06:57.6833930Z 	 Executed 10 tests, with 0 failures (0 unexpected) in 0.012 (0.014) seconds
2026-10-07T16:06:57.6834560Z Test Suite 'CapabilityExperienceLedgerTests' started at 2026-10-07 16:06:57.584.
2026-10-07T16:06:57.6836570Z Test Case '-[RightClickCoreTests.CapabilityExperienceLedgerTests testAcceptanceRemainsUnverified]' started.
2026-10-07T16:06:57.6838830Z Test Case '-[RightClickCoreTests.CapabilityExperienceLedgerTests testAcceptanceRemainsUnverified]' passed (0.002 seconds).
2026-10-07T16:06:57.6841780Z Test Case '-[RightClickCoreTests.CapabilityExperienceLedgerTests testCapacityEvictsOldestAndPreservesNewest]' started.
2026-10-07T16:06:57.6844020Z Test Case '-[RightClickCoreTests.CapabilityExperienceLedgerTests testCapacityEvictsOldestAndPreservesNewest]' passed (0.003 seconds).
2026-10-07T16:06:57.6846310Z Test Case '-[RightClickCoreTests.CapabilityExperienceLedgerTests testCorruptDataIsRejectedNotSilentlyOverwritten]' started.
2026-10-07T16:06:57.6849430Z Test Case '-[RightClickCoreTests.CapabilityExperienceLedgerTests testCorruptDataIsRejectedNotSilentlyOverwritten]' passed (0.004 seconds).
2026-10-07T16:06:57.6852030Z Test Case '-[RightClickCoreTests.CapabilityExperienceLedgerTests testDuplicateExecutionIsNotDoubleCounted]' started.
2026-10-07T16:06:57.6854250Z Test Case '-[RightClickCoreTests.CapabilityExperienceLedgerTests testDuplicateExecutionIsNotDoubleCounted]' passed (0.000 seconds).
2026-10-07T16:06:57.6856360Z Test Case '-[RightClickCoreTests.CapabilityExperienceLedgerTests testEmptyLedgerHasNoLearnedEvidence]' started.
2026-10-07T16:06:57.6859340Z Test Case '-[RightClickCoreTests.CapabilityExperienceLedgerTests testEmptyLedgerHasNoLearnedEvidence]' passed (0.000 seconds).
2026-10-07T16:06:57.6861640Z Test Case '-[RightClickCoreTests.CapabilityExperienceLedgerTests testExecutionCannotBeReboundToChangedContract]' started.
2026-10-07T16:06:57.6864130Z Test Case '-[RightClickCoreTests.CapabilityExperienceLedgerTests testExecutionCannotBeReboundToChangedContract]' passed (0.000 seconds).
2026-10-07T16:06:57.6865280Z Test Case '-[RightClickCoreTests.CapabilityExperienceLedgerTests testExpiryDoesNotRefreshOnReadOrRepeatedCallback]' started.
2026-10-07T16:06:57.6867450Z Test Case '-[RightClickCoreTests.CapabilityExperienceLedgerTests testExpiryDoesNotRefreshOnReadOrRepeatedCallback]' passed (0.000 seconds).
2026-10-07T16:06:57.6868970Z Test Case '-[RightClickCoreTests.CapabilityExperienceLedgerTests testForgetAllPersists]' started.
2026-10-07T16:06:57.6869960Z Test Case '-[RightClickCoreTests.CapabilityExperienceLedgerTests testForgetAllPersists]' passed (0.004 seconds).
2026-10-07T16:06:57.6871050Z Test Case '-[RightClickCoreTests.CapabilityExperienceLedgerTests testFutureDatedEvidenceIsNotReusedAfterClockRollback]' started.
2026-10-07T16:06:57.6872520Z Test Case '-[RightClickCoreTests.CapabilityExperienceLedgerTests testFutureDatedEvidenceIsNotReusedAfterClockRollback]' passed (0.000 seconds).
2026-10-07T16:06:57.6873500Z Test Case '-[RightClickCoreTests.CapabilityExperienceLedgerTests testHardLinkedFileIsRejected]' started.
2026-10-07T16:06:57.6874440Z Test Case '-[RightClickCoreTests.CapabilityExperienceLedgerTests testHardLinkedFileIsRejected]' passed (0.005 seconds).
2026-10-07T16:06:57.6875250Z Test Case '-[RightClickCoreTests.CapabilityExperienceLedgerTests testHeldProcessLockFailsPromptlyInsteadOfHanging]' started.
2026-10-07T16:06:57.6877080Z Test Case '-[RightClickCoreTests.CapabilityExperienceLedgerTests testHeldProcessLockFailsPromptlyInsteadOfHanging]' passed (0.002 seconds).
2026-10-07T16:06:57.6877950Z Test Case '-[RightClickCoreTests.CapabilityExperienceLedgerTests testInvalidKeysAndBoundsAreRejected]' started.
2026-10-07T16:06:57.6878880Z Test Case '-[RightClickCoreTests.CapabilityExperienceLedgerTests testInvalidKeysAndBoundsAreRejected]' passed (0.000 seconds).
2026-10-07T16:06:57.6879860Z Test Case '-[RightClickCoreTests.CapabilityExperienceLedgerTests testLateAcceptanceDoesNotEraseFailure]' started.
2026-10-07T16:06:57.6949580Z Test Case '-[RightClickCoreTests.CapabilityExperienceLedgerTests testLateAcceptanceDoesNotEraseFailure]' passed (0.000 seconds).
2026-10-07T16:06:57.7052780Z Test Case '-[RightClickCoreTests.CapabilityExperienceLedgerTests testLateAcceptanceDoesNotEraseVerification]' started.
2026-10-07T16:06:57.7153220Z Test Case '-[RightClickCoreTests.CapabilityExperienceLedgerTests testLateAcceptanceDoesNotEraseVerification]' passed (0.000 seconds).
2026-10-07T16:06:57.7254910Z Test Case '-[RightClickCoreTests.CapabilityExperienceLedgerTests testOversizedDataIsRejected]' started.
2026-10-07T16:06:57.7356580Z Test Case '-[RightClickCoreTests.CapabilityExperienceLedgerTests testOversizedDataIsRejected]' passed (0.002 seconds).
2026-10-07T16:06:57.7458690Z Test Case '-[RightClickCoreTests.CapabilityExperienceLedgerTests testPersistedSchemaHasOnlyAllowlistedFields]' started.
2026-10-07T16:06:57.7559640Z Test Case '-[RightClickCoreTests.CapabilityExperienceLedgerTests testPersistedSchemaHasOnlyAllowlistedFields]' passed (0.002 seconds).
2026-10-07T16:06:57.7659900Z Test Case '-[RightClickCoreTests.CapabilityExperienceLedgerTests testPersistenceSurvivesNewInstance]' started.
2026-10-07T16:07:28.1240310Z Test Case '-[RightClickCoreTests.CapabilityExperienceLedgerTests testPersistenceSurvivesNewInstance]' passed (0.003 seconds).
2026-10-07T16:07:28.1342900Z Test Case '-[RightClickCoreTests.CapabilityExperienceLedgerTests testPrivateFilePermissions]' started.
2026-10-07T16:07:28.1375800Z Test Case '-[RightClickCoreTests.CapabilityExperienceLedgerTests testPrivateFilePermissions]' passed (0.006 seconds).
2026-10-07T16:07:28.1395150Z Test Case '-[RightClickCoreTests.CapabilityExperienceLedgerTests testSymlinkDataAndLockFilesAreRejectedWithoutChangingTarget]' started.
2026-10-07T16:07:28.1399430Z Test Case '-[RightClickCoreTests.CapabilityExperienceLedgerTests testSymlinkDataAndLockFilesAreRejectedWithoutChangingTarget]' passed (0.008 seconds).
2026-10-07T16:07:28.1400370Z Test Case '-[RightClickCoreTests.CapabilityExperienceLedgerTests testSymlinkDirectoryIsRejected]' started.
2026-10-07T16:07:28.1401120Z Test Case '-[RightClickCoreTests.CapabilityExperienceLedgerTests testSymlinkDirectoryIsRejected]' passed (0.001 seconds).
2026-10-07T16:07:28.1402090Z Test Case '-[RightClickCoreTests.CapabilityExperienceLedgerTests testTwoInstancesDoNotOverwriteEachOthersEvidence]' started.
2026-10-07T16:07:28.1403050Z Test Case '-[RightClickCoreTests.CapabilityExperienceLedgerTests testTwoInstancesDoNotOverwriteEachOthersEvidence]' passed (0.018 seconds).
2026-10-07T16:07:28.1404210Z Test Case '-[RightClickCoreTests.CapabilityExperienceLedgerTests testUnknownVersionAndDuplicateExecutionIDsAreRejected]' started.
2026-10-07T16:07:28.1405250Z Test Case '-[RightClickCoreTests.CapabilityExperienceLedgerTests testUnknownVersionAndDuplicateExecutionIDsAreRejected]' passed (0.018 seconds).
2026-10-07T16:07:28.1406290Z Test Case '-[RightClickCoreTests.CapabilityExperienceLedgerTests testUnsafeDirectoryPermissionsAreRejected]' started.
2026-10-07T16:07:28.1407280Z Test Case '-[RightClickCoreTests.CapabilityExperienceLedgerTests testUnsafeDirectoryPermissionsAreRejected]' passed (0.001 seconds).
2026-10-07T16:07:28.1408350Z Test Case '-[RightClickCoreTests.CapabilityExperienceLedgerTests testVerificationReplacesAcceptanceRatherThanAddingSuccess]' started.
2026-10-07T16:07:28.1409670Z Test Case '-[RightClickCoreTests.CapabilityExperienceLedgerTests testVerificationReplacesAcceptanceRatherThanAddingSuccess]' passed (0.000 seconds).
2026-10-07T16:07:28.1410510Z Test Suite 'CapabilityExperienceLedgerTests' passed at 2026-10-07 16:06:57.670.
2026-10-07T16:07:28.1411880Z 	 Executed 24 tests, with 0 failures (0 unexpected) in 0.082 (0.086) seconds
2026-10-07T16:07:28.1412530Z Test Suite 'CapabilityExperienceTests' started at 2026-10-07 16:06:57.670.
2026-10-07T16:07:28.1413320Z Test Case '-[RightClickCoreTests.CapabilityExperienceTests testContractKeyChangesWithAuthoritySchemaRouteAndPolicy]' started.
2026-10-07T16:07:28.1414530Z Test Case '-[RightClickCoreTests.CapabilityExperienceTests testContractKeyChangesWithAuthoritySchemaRouteAndPolicy]' passed (0.003 seconds).
2026-10-07T16:07:28.1415510Z Test Case '-[RightClickCoreTests.CapabilityExperienceTests testDisabledExperienceDoesNotAddHints]' started.
2026-10-07T16:07:28.1416460Z Test Case '-[RightClickCoreTests.CapabilityExperienceTests testDisabledExperienceDoesNotAddHints]' passed (0.002 seconds).
2026-10-07T16:07:28.1417380Z Test Case '-[RightClickCoreTests.CapabilityExperienceTests testEmptyFailedOrUnevaluatedPredicatesNeverTeachVerifiedSuccess]' started.
2026-10-07T16:07:28.1419620Z Test Case '-[RightClickCoreTests.CapabilityExperienceTests testEmptyFailedOrUnevaluatedPredicatesNeverTeachVerifiedSuccess]' passed (0.001 seconds).
2026-10-07T16:07:28.1420640Z Test Case '-[RightClickCoreTests.CapabilityExperienceTests testGatedAndMismatchedResultsAreNotRecorded]' started.
2026-10-07T16:07:28.1421600Z Test Case '-[RightClickCoreTests.CapabilityExperienceTests testGatedAndMismatchedResultsAreNotRecorded]' passed (0.000 seconds).
2026-10-07T16:07:28.1422500Z Test Case '-[RightClickCoreTests.CapabilityExperienceTests testNamespaceSeparatesExperience]' started.
2026-10-07T16:07:28.1423500Z Test Case '-[RightClickCoreTests.CapabilityExperienceTests testNamespaceSeparatesExperience]' passed (0.002 seconds).
2026-10-07T16:07:28.1424520Z Test Case '-[RightClickCoreTests.CapabilityExperienceTests testNoCapabilitiesAreResurrectedByRecall]' started.
2026-10-07T16:07:28.1425470Z Test Case '-[RightClickCoreTests.CapabilityExperienceTests testNoCapabilitiesAreResurrectedByRecall]' passed (0.001 seconds).
2026-10-07T16:07:28.1426700Z Test Case '-[RightClickCoreTests.CapabilityExperienceTests testOnlyFingerprintsAndOutcomesPersistNotUserData]' started.
2026-10-07T16:07:28.1427790Z Test Case '-[RightClickCoreTests.CapabilityExperienceTests testOnlyFingerprintsAndOutcomesPersistNotUserData]' passed (0.003 seconds).
2026-10-07T16:07:28.1430580Z Test Case '-[RightClickCoreTests.CapabilityExperienceTests testProviderCannotForgeExperienceMetadata]' started.
2026-10-07T16:07:28.1431700Z Test Case '-[RightClickCoreTests.CapabilityExperienceTests testProviderCannotForgeExperienceMetadata]' passed (0.002 seconds).
2026-10-07T16:07:28.1432830Z Test Case '-[RightClickCoreTests.CapabilityExperienceTests testProviderExperienceKeysCannotBlockFreshDispatchOrForgeHints]' started.
2026-10-07T16:07:28.1433870Z Test Case '-[RightClickCoreTests.CapabilityExperienceTests testProviderExperienceKeysCannotBlockFreshDispatchOrForgeHints]' passed (0.002 seconds).
2026-10-07T16:07:28.1435010Z Test Case '-[RightClickCoreTests.CapabilityExperienceTests testRemovalSchemaDriftAndRevokedAuthorityRemainEnforced]' started.
2026-10-07T16:07:28.1436150Z Test Case '-[RightClickCoreTests.CapabilityExperienceTests testRemovalSchemaDriftAndRevokedAuthorityRemainEnforced]' passed (0.002 seconds).
2026-10-07T16:07:28.1439250Z Test Case '-[RightClickCoreTests.CapabilityExperienceTests testRepeatedRunAndBeginRemainUsableWithAdvisoryHistory]' started.
2026-10-07T16:07:28.1442400Z Test Case '-[RightClickCoreTests.CapabilityExperienceTests testRepeatedRunAndBeginRemainUsableWithAdvisoryHistory]' passed (0.003 seconds).
2026-10-07T16:07:28.1443560Z Test Case '-[RightClickCoreTests.CapabilityExperienceTests testRuntimeBeginLearnsVerifiedPredicatesButNextRunIsNotVerifiedByHistory]' started.
2026-10-07T16:07:28.1444800Z Test Case '-[RightClickCoreTests.CapabilityExperienceTests testRuntimeBeginLearnsVerifiedPredicatesButNextRunIsNotVerifiedByHistory]' passed (0.002 seconds).
2026-10-07T16:07:28.1447920Z Test Case '-[RightClickCoreTests.CapabilityExperienceTests testRuntimeRunLearnsAcceptanceWithoutSkippingConfirmation]' started.
2026-10-07T16:07:28.1449060Z Test Case '-[RightClickCoreTests.CapabilityExperienceTests testRuntimeRunLearnsAcceptanceWithoutSkippingConfirmation]' passed (0.001 seconds).
2026-10-07T16:07:28.1450070Z Test Case '-[RightClickCoreTests.CapabilityExperienceTests testRuntimeRunLearnsGenericVerification]' started.
2026-10-07T16:07:28.1450930Z Test Case '-[RightClickCoreTests.CapabilityExperienceTests testRuntimeRunLearnsGenericVerification]' passed (0.001 seconds).
2026-10-07T16:07:28.1451920Z Test Case '-[RightClickCoreTests.CapabilityExperienceTests testVerifiedBooleanAloneNeverTeachesVerifiedSuccess]' started.
2026-10-07T16:07:28.1452840Z Test Case '-[RightClickCoreTests.CapabilityExperienceTests testVerifiedBooleanAloneNeverTeachesVerifiedSuccess]' passed (0.000 seconds).
2026-10-07T16:07:28.1453590Z Test Suite 'CapabilityExperienceTests' passed at 2026-10-07 16:06:57.699.
2026-10-07T16:07:28.1455880Z 	 Executed 15 tests, with 0 failures (0 unexpected) in 0.025 (0.029) seconds
2026-10-07T16:07:28.1456340Z Test Suite 'CapabilityInterfaceTests' started at 2026-10-07 16:06:57.699.
2026-10-07T16:07:28.1457010Z Test Case '-[RightClickCoreTests.CapabilityInterfaceTests testBoundedExecutorAbstainsForOfflineTool]' started.
2026-10-07T16:07:28.1457860Z Test Case '-[RightClickCoreTests.CapabilityInterfaceTests testBoundedExecutorAbstainsForOfflineTool]' passed (0.001 seconds).
2026-10-07T16:07:28.1458790Z Test Case '-[RightClickCoreTests.CapabilityInterfaceTests testBoundedExecutorRejectsInvalidLimitsAndEnforcesMonotonicDeadline]' started.
2026-10-07T16:07:28.1459850Z Test Case '-[RightClickCoreTests.CapabilityInterfaceTests testBoundedExecutorRejectsInvalidLimitsAndEnforcesMonotonicDeadline]' passed (0.138 seconds).
2026-10-07T16:07:28.1489000Z Test Case '-[RightClickCoreTests.CapabilityInterfaceTests testBoundedExecutorUsesBoundedStdinWithoutShellInterpolation]' started.
2026-10-07T16:07:28.1490180Z Test Case '-[RightClickCoreTests.CapabilityInterfaceTests testBoundedExecutorUsesBoundedStdinWithoutShellInterpolation]' passed (0.032 seconds).
2026-10-07T16:07:28.1496160Z Test Case '-[RightClickCoreTests.CapabilityInterfaceTests testCompilerSelectedObserverReachesDefaultSharedHostAndCannotIgnoreCallerConstraint]' started.
2026-10-07T16:07:28.1497460Z Test Case '-[RightClickCoreTests.CapabilityInterfaceTests testCompilerSelectedObserverReachesDefaultSharedHostAndCannotIgnoreCallerConstraint]' passed (0.003 seconds).
2026-10-07T16:07:28.1503430Z Test Case '-[RightClickCoreTests.CapabilityInterfaceTests testDuplicateInterfaceNamesFailClosed]' started.
2026-10-07T16:07:28.1504340Z Test Case '-[RightClickCoreTests.CapabilityInterfaceTests testDuplicateInterfaceNamesFailClosed]' passed (0.000 seconds).
2026-10-07T16:07:28.1505340Z Test Case '-[RightClickCoreTests.CapabilityInterfaceTests testImporterPreservesTypedResultAndDoesNotCoerceLegacyStrings]' started.
2026-10-07T16:07:28.1523650Z Test Case '-[RightClickCoreTests.CapabilityInterfaceTests testImporterPreservesTypedResultAndDoesNotCoerceLegacyStrings]' passed (0.002 seconds).
2026-10-07T16:07:28.1526380Z Test Case '-[RightClickCoreTests.CapabilityInterfaceTests testImporterRejectsUnsupportedConstraintsAndOpenObjects]' started.
2026-10-07T16:07:28.1528970Z Test Case '-[RightClickCoreTests.CapabilityInterfaceTests testImporterRejectsUnsupportedConstraintsAndOpenObjects]' passed (0.001 seconds).
2026-10-07T16:07:28.1531580Z Test Case '-[RightClickCoreTests.CapabilityInterfaceTests testPreflightReturnCannotClaimConsumedLeaseOrSemanticSuccess]' started.
2026-10-07T16:07:28.1534010Z Test Case '-[RightClickCoreTests.CapabilityInterfaceTests testPreflightReturnCannotClaimConsumedLeaseOrSemanticSuccess]' passed (0.007 seconds).
2026-10-07T16:07:28.1536860Z Test Case '-[RightClickCoreTests.CapabilityInterfaceTests testPrivateSnapshotDoesNotFollowSourceReplacementAndWithdrawsStaleIdentity]' started.
2026-10-07T16:07:28.1539840Z Test Case '-[RightClickCoreTests.CapabilityInterfaceTests testPrivateSnapshotDoesNotFollowSourceReplacementAndWithdrawsStaleIdentity]' passed (0.003 seconds).
2026-10-07T16:07:28.1542680Z Test Case '-[RightClickCoreTests.CapabilityInterfaceTests testProtectedReferenceRejectsReadableAndSymlinkedCredentialFiles]' started.
2026-10-07T16:07:28.1545300Z Test Case '-[RightClickCoreTests.CapabilityInterfaceTests testProtectedReferenceRejectsReadableAndSymlinkedCredentialFiles]' passed (0.003 seconds).
2026-10-07T16:07:28.1547570Z Test Case '-[RightClickCoreTests.CapabilityInterfaceTests testRealWASMComponentWhenProvisioned]' started.
2026-10-07T16:07:28.1551220Z /Users/runner/work/rightclick/rightclick/Tests/RightClickCoreTests/CapabilityInterfaceTests.swift:192: -[RightClickCoreTests.CapabilityInterfaceTests testRealWASMComponentWhenProvisioned] : Test skipped - Real component toolchain not provisioned; no WASM GREEN claimed by this skip.
2026-10-07T16:07:28.1556990Z Test Case '-[RightClickCoreTests.CapabilityInterfaceTests testRealWASMComponentWhenProvisioned]' skipped (0.001 seconds).
2026-10-07T16:07:28.1560540Z Test Case '-[RightClickCoreTests.CapabilityInterfaceTests testSharedHostPreservesAcceptedVersusVerifiedAndExactPolicyDenial]' started.
2026-10-07T16:07:28.1563490Z Test Case '-[RightClickCoreTests.CapabilityInterfaceTests testSharedHostPreservesAcceptedVersusVerifiedAndExactPolicyDenial]' passed (0.009 seconds).
2026-10-07T16:07:28.1565930Z Test Case '-[RightClickCoreTests.CapabilityInterfaceTests testTypedBridgeRejectsOutOfRangeIntegersAndDeepValues]' started.
2026-10-07T16:07:28.1568440Z Test Case '-[RightClickCoreTests.CapabilityInterfaceTests testTypedBridgeRejectsOutOfRangeIntegersAndDeepValues]' passed (0.001 seconds).
2026-10-07T16:07:28.1571010Z Test Case '-[RightClickCoreTests.CapabilityInterfaceTests testWASMSourceReplacementCannotExecuteNewBytesUnderOldCapability]' started.
2026-10-07T16:07:28.1573030Z /Users/runner/work/rightclick/rightclick/Tests/RightClickCoreTests/CapabilityInterfaceTests.swift:162: -[RightClickCoreTests.CapabilityInterfaceTests testWASMSourceReplacementCannotExecuteNewBytesUnderOldCapability] : Test skipped - Real component not provisioned; no source-race GREEN claimed by this skip.
2026-10-07T16:07:28.1575390Z Test Case '-[RightClickCoreTests.CapabilityInterfaceTests testWASMSourceReplacementCannotExecuteNewBytesUnderOldCapability]' skipped (0.000 seconds).
2026-10-07T16:07:28.1576240Z Test Suite 'CapabilityInterfaceTests' passed at 2026-10-07 16:06:57.903.
2026-10-07T16:07:28.1576910Z 	 Executed 14 tests, with 2 tests skipped and 0 failures (0 unexpected) in 0.201 (0.205) seconds
2026-10-07T16:07:28.1577680Z Test Suite 'CapabilityReflectorSourceTests' started at 2026-10-07 16:06:57.903.
2026-10-07T16:07:28.1578420Z Test Case '-[RightClickCoreTests.CapabilityReflectorSourceTests testDynamicSourceStillUsesReflectorOwnershipForExecution]' started.
2026-10-07T16:07:28.1579670Z Test Case '-[RightClickCoreTests.CapabilityReflectorSourceTests testDynamicSourceStillUsesReflectorOwnershipForExecution]' passed (0.002 seconds).
2026-10-07T16:07:28.1580660Z Test Case '-[RightClickCoreTests.CapabilityReflectorSourceTests testDynamicSourceUsesExistingGenericVerifier]' started.
2026-10-07T16:07:28.1581690Z Test Case '-[RightClickCoreTests.CapabilityReflectorSourceTests testDynamicSourceUsesExistingGenericVerifier]' passed (0.001 seconds).
2026-10-07T16:07:28.1582530Z Test Case '-[RightClickCoreTests.CapabilityReflectorSourceTests testSameEngineGainsAndLosesDynamicReflector]' started.
2026-10-07T16:07:28.1583530Z Test Case '-[RightClickCoreTests.CapabilityReflectorSourceTests testSameEngineGainsAndLosesDynamicReflector]' passed (0.001 seconds).
2026-10-07T16:07:28.1584460Z Test Suite 'CapabilityReflectorSourceTests' passed at 2026-10-07 16:06:57.909.
2026-10-07T16:07:28.1585020Z 	 Executed 3 tests, with 0 failures (0 unexpected) in 0.005 (0.006) seconds
2026-10-07T16:07:28.1586770Z Test Suite 'CapabilityRuntimeDefaultsTests' started at 2026-10-07 16:06:57.909.
2026-10-07T16:07:28.1588680Z Test Case '-[RightClickCoreTests.CapabilityRuntimeDefaultsTests testDefaultSourceRegistryContainsDynamicProtocolSources]' started.
2026-10-07T16:07:28.1593190Z Test Case '-[RightClickCoreTests.CapabilityRuntimeDefaultsTests testDefaultSourceRegistryContainsDynamicProtocolSources]' passed (0.002 seconds).
2026-10-07T16:07:28.1596310Z Test Case '-[RightClickCoreTests.CapabilityRuntimeDefaultsTests testRuntimeDefaultsConsumeLiveSuppliedSource]' started.
2026-10-07T16:07:28.1598620Z Test Case '-[RightClickCoreTests.CapabilityRuntimeDefaultsTests testRuntimeDefaultsConsumeLiveSuppliedSource]' passed (30.186 seconds).
2026-10-07T16:07:28.1600500Z Test Suite 'CapabilityRuntimeDefaultsTests' passed at 2026-10-07 16:07:28.098.
2026-10-07T16:07:28.1601650Z 	 Executed 2 tests, with 0 failures (0 unexpected) in 30.188 (30.189) seconds
2026-10-07T16:07:28.1602910Z Test Suite 'CapabilitySnapshotBoundaryTests' started at 2026-10-07 16:07:28.099.
2026-10-07T16:07:28.1604610Z Test Case '-[RightClickCoreTests.CapabilitySnapshotBoundaryTests testConcurrentObserversShareOneAcquisition]' started.
2026-10-07T16:07:28.1607600Z Test Case '-[RightClickCoreTests.CapabilitySnapshotBoundaryTests testConcurrentObserversShareOneAcquisition]' passed (0.004 seconds).
2026-10-07T16:07:28.1610100Z Test Case '-[RightClickCoreTests.CapabilitySnapshotBoundaryTests testEngineRefreshInvalidatesGenericSourcesWithoutNewOperations]' started.
2026-10-07T16:07:28.1612740Z Test Case '-[RightClickCoreTests.CapabilitySnapshotBoundaryTests testEngineRefreshInvalidatesGenericSourcesWithoutNewOperations]' passed (0.005 seconds).
2026-10-07T16:07:28.1615270Z Test Case '-[RightClickCoreTests.CapabilitySnapshotBoundaryTests testExpiryWithdrawsProviderAndAllowsChangedReappearance]' started.
2026-10-07T16:07:28.1617790Z Test Case '-[RightClickCoreTests.CapabilitySnapshotBoundaryTests testExpiryWithdrawsProviderAndAllowsChangedReappearance]' passed (0.001 seconds).
2026-10-07T16:07:28.1620230Z Test Case '-[RightClickCoreTests.CapabilitySnapshotBoundaryTests testHostCannotRaiseSnapshotLifetimeAboveFiveMinutes]' started.
2026-10-07T16:07:28.1622750Z Test Case '-[RightClickCoreTests.CapabilitySnapshotBoundaryTests testHostCannotRaiseSnapshotLifetimeAboveFiveMinutes]' passed (0.000 seconds).
2026-10-07T16:07:28.1625600Z Test Case '-[RightClickCoreTests.CapabilitySnapshotBoundaryTests testInvalidationCannotBeOverwrittenByAnInFlightAcquisition]' started.
2026-10-07T16:07:28.1628450Z Test Case '-[RightClickCoreTests.CapabilitySnapshotBoundaryTests testInvalidationCannotBeOverwrittenByAnInFlightAcquisition]' passed (0.002 seconds).
2026-10-07T16:07:28.1631010Z Test Case '-[RightClickCoreTests.CapabilitySnapshotBoundaryTests testInvalidTimesAndLifetimesNeverCreateImmortalSnapshots]' started.
2026-10-07T16:07:28.1633530Z Test Case '-[RightClickCoreTests.CapabilitySnapshotBoundaryTests testInvalidTimesAndLifetimesNeverCreateImmortalSnapshots]' passed (0.000 seconds).
2026-10-07T16:07:28.1635940Z Test Case '-[RightClickCoreTests.CapabilitySnapshotBoundaryTests testRegressedClockCannotExtendOldSnapshot]' started.
2026-10-07T16:07:28.1638070Z Test Case '-[RightClickCoreTests.CapabilitySnapshotBoundaryTests testRegressedClockCannotExtendOldSnapshot]' passed (0.000 seconds).
2026-10-07T16:07:28.1639920Z Test Suite 'CapabilitySnapshotBoundaryTests' passed at 2026-10-07 16:07:28.113.
2026-10-07T16:07:28.1641160Z 	 Executed 7 tests, with 0 failures (0 unexpected) in 0.013 (0.015) seconds
2026-10-07T16:07:28.1642380Z Test Suite 'CapabilityStringConstraintTests' started at 2026-10-07 16:07:28.113.
2026-10-07T16:07:28.1644320Z Test Case '-[RightClickCoreTests.CapabilityStringConstraintTests testActualChallengeDeclarationAcceptsExactBoundsAndCharacterSet]' started.
2026-10-07T16:07:28.1646940Z Test Case '-[RightClickCoreTests.CapabilityStringConstraintTests testActualChallengeDeclarationAcceptsExactBoundsAndCharacterSet]' passed (0.003 seconds).
2026-10-07T16:07:28.1649580Z Test Case '-[RightClickCoreTests.CapabilityStringConstraintTests testChangingBoundOrCharacterSetChangesContractIdentity]' started.
2026-10-07T16:07:28.1651990Z Test Case '-[RightClickCoreTests.CapabilityStringConstraintTests testChangingBoundOrCharacterSetChangesContractIdentity]' passed (0.002 seconds).
2026-10-07T16:07:28.1654640Z Test Case '-[RightClickCoreTests.CapabilityStringConstraintTests testEquivalentCharacterClassesAndEnumOrderHaveCanonicalIdentity]' started.
2026-10-07T16:07:28.1657040Z Test Case '-[RightClickCoreTests.CapabilityStringConstraintTests testEquivalentCharacterClassesAndEnumOrderHaveCanonicalIdentity]' passed (0.001 seconds).
2026-10-07T16:07:28.1658070Z Test Case '-[RightClickCoreTests.CapabilityStringConstraintTests testLengthUsesUnicodeScalarsRatherThanGraphemesOrBytes]' started.
2026-10-07T16:07:28.1659110Z Test Case '-[RightClickCoreTests.CapabilityStringConstraintTests testLengthUsesUnicodeScalarsRatherThanGraphemesOrBytes]' passed (0.000 seconds).
2026-10-07T16:07:28.1661120Z Test Case '-[RightClickCoreTests.CapabilityStringConstraintTests testMalformedLengthsAndEmptyIntersectionAbstain]' started.
2026-10-07T16:07:28.1664550Z Test Case '-[RightClickCoreTests.CapabilityStringConstraintTests testMalformedLengthsAndEmptyIntersectionAbstain]' passed (0.001 seconds).
2026-10-07T16:07:28.1667280Z Test Case '-[RightClickCoreTests.CapabilityStringConstraintTests testNestedImportKeepsRequiredClosedObjectAndStringConstraint]' started.
2026-10-07T16:07:40.5759240Z Test Case '-[RightClickCoreTests.CapabilityStringConstraintTests testNestedImportKeepsRequiredClosedObjectAndStringConstraint]' passed (0.001 seconds).
2026-10-07T16:07:40.5762590Z Test Case '-[RightClickCoreTests.CapabilityStringConstraintTests testOpenAPIOmitsUnsupportedPatternRatherThanErasingIt]' started.
2026-10-07T16:07:40.5764010Z Test Case '-[RightClickCoreTests.CapabilityStringConstraintTests testOpenAPIOmitsUnsupportedPatternRatherThanErasingIt]' passed (0.002 seconds).
2026-10-07T16:07:40.5765260Z Test Case '-[RightClickCoreTests.CapabilityStringConstraintTests testOpenAPIPreservesActualProviderPatternInDiscoveredContract]' started.
2026-10-07T16:07:40.5766320Z Test Case '-[RightClickCoreTests.CapabilityStringConstraintTests testOpenAPIPreservesActualProviderPatternInDiscoveredContract]' passed (0.002 seconds).
2026-10-07T16:07:40.5768940Z Test Case '-[RightClickCoreTests.CapabilityStringConstraintTests testOpenAPIRejectsInvalidValueBeforeTransport]' started.
2026-10-07T16:07:40.5770050Z Test Case '-[RightClickCoreTests.CapabilityStringConstraintTests testOpenAPIRejectsInvalidValueBeforeTransport]' passed (0.004 seconds).
2026-10-07T16:07:40.5776720Z Test Case '-[RightClickCoreTests.CapabilityStringConstraintTests testPatternLengthAndEnumAreIntersectedWithoutWidening]' started.
2026-10-07T16:07:40.5777900Z Test Case '-[RightClickCoreTests.CapabilityStringConstraintTests testPatternLengthAndEnumAreIntersectedWithoutWidening]' passed (0.001 seconds).
2026-10-07T16:07:40.5779470Z Test Case '-[RightClickCoreTests.CapabilityStringConstraintTests testUnsupportedRegexGrammarAndUnboundedRepetitionAbstain]' started.
2026-10-07T16:07:40.5780890Z Test Case '-[RightClickCoreTests.CapabilityStringConstraintTests testUnsupportedRegexGrammarAndUnboundedRepetitionAbstain]' passed (0.001 seconds).
2026-10-07T16:07:40.5782020Z Test Case '-[RightClickCoreTests.CapabilityStringConstraintTests testZeroAndExactQuantifierRemainExact]' started.
2026-10-07T16:07:40.5782970Z Test Case '-[RightClickCoreTests.CapabilityStringConstraintTests testZeroAndExactQuantifierRemainExact]' passed (0.001 seconds).
2026-10-07T16:07:40.5783900Z Test Suite 'CapabilityStringConstraintTests' passed at 2026-10-07 16:07:28.134.
2026-10-07T16:07:40.5784640Z 	 Executed 12 tests, with 0 failures (0 unexpected) in 0.018 (0.020) seconds
2026-10-07T16:07:40.5785620Z Test Suite 'ChatGPTBridgeInstallerTests' started at 2026-10-07 16:07:28.134.
2026-10-07T16:07:40.5834650Z Test Case '-[RightClickCLITests.ChatGPTBridgeInstallerTests testActivationFailsClosedWhenBootstrapFails]' started.
2026-10-07T16:07:40.5842440Z Test Case '-[RightClickCLITests.ChatGPTBridgeInstallerTests testActivationFailsClosedWhenBootstrapFails]' passed (0.006 seconds).
2026-10-07T16:07:40.5843430Z Test Case '-[RightClickCLITests.ChatGPTBridgeInstallerTests testActivationUsesExpectedLaunchctlSequence]' started.
2026-10-07T16:07:40.5844480Z Test Case '-[RightClickCLITests.ChatGPTBridgeInstallerTests testActivationUsesExpectedLaunchctlSequence]' passed (0.005 seconds).
2026-10-07T16:07:40.5845520Z Test Case '-[RightClickCLITests.ChatGPTBridgeInstallerTests testBridgeStatusReportsLoadedService]' started.
2026-10-07T16:07:40.5846400Z Test Case '-[RightClickCLITests.ChatGPTBridgeInstallerTests testBridgeStatusReportsLoadedService]' passed (0.000 seconds).
2026-10-07T16:07:40.5847270Z Test Case '-[RightClickCLITests.ChatGPTBridgeInstallerTests testBridgeStatusReportsStoppedService]' started.
2026-10-07T16:07:40.5848050Z Test Case '-[RightClickCLITests.ChatGPTBridgeInstallerTests testBridgeStatusReportsStoppedService]' passed (0.000 seconds).
2026-10-07T16:07:40.5848840Z Test Case '-[RightClickCLITests.ChatGPTBridgeInstallerTests testDeactivateBootsOutLoadedBridge]' started.
2026-10-07T16:07:40.5865130Z Test Case '-[RightClickCLITests.ChatGPTBridgeInstallerTests testDeactivateBootsOutLoadedBridge]' passed (0.005 seconds).
2026-10-07T16:07:40.5865970Z Test Case '-[RightClickCLITests.ChatGPTBridgeInstallerTests testPrepareRejectsOldTunnelClient]' started.
2026-10-07T16:07:40.5866730Z Test Case '-[RightClickCLITests.ChatGPTBridgeInstallerTests testPrepareRejectsOldTunnelClient]' passed (0.217 seconds).
2026-10-07T16:07:40.5867550Z Test Case '-[RightClickCLITests.ChatGPTBridgeInstallerTests testPrepareRequiresStoredRuntimeKey]' started.
2026-10-07T16:07:40.5868470Z Test Case '-[RightClickCLITests.ChatGPTBridgeInstallerTests testPrepareRequiresStoredRuntimeKey]' passed (0.141 seconds).
2026-10-07T16:07:40.5869440Z Test Case '-[RightClickCLITests.ChatGPTBridgeInstallerTests testPrepareWritesProfileLaunchAgentAndBridgeState]' started.
2026-10-07T16:07:40.5870470Z Test Case '-[RightClickCLITests.ChatGPTBridgeInstallerTests testPrepareWritesProfileLaunchAgentAndBridgeState]' passed (0.216 seconds).
2026-10-07T16:07:40.5871130Z Test Suite 'ChatGPTBridgeInstallerTests' passed at 2026-10-07 16:07:28.725.
2026-10-07T16:07:40.5871980Z 	 Executed 8 tests, with 0 failures (0 unexpected) in 0.590 (0.592) seconds
2026-10-07T16:07:40.5872550Z Test Suite 'ChatGPTBridgeTests' started at 2026-10-07 16:07:28.725.
2026-10-07T16:07:40.5874080Z Test Case '-[RightClickCLITests.ChatGPTBridgeTests testBridgeFilesAreDeterministicAndPrivate]' started.
2026-10-07T16:07:40.5874930Z Test Case '-[RightClickCLITests.ChatGPTBridgeTests testBridgeFilesAreDeterministicAndPrivate]' passed (0.004 seconds).
2026-10-07T16:07:40.5875660Z Test Case '-[RightClickCLITests.ChatGPTBridgeTests testBridgeWritingCreatesRuntimeDirectories]' started.
2026-10-07T16:07:40.5876440Z Test Case '-[RightClickCLITests.ChatGPTBridgeTests testBridgeWritingCreatesRuntimeDirectories]' passed (0.004 seconds).
2026-10-07T16:07:40.5877220Z Test Case '-[RightClickCLITests.ChatGPTBridgeTests testInvalidTunnelIDsAreRejected]' started.
2026-10-07T16:07:40.5877950Z Test Case '-[RightClickCLITests.ChatGPTBridgeTests testInvalidTunnelIDsAreRejected]' passed (0.000 seconds).
2026-10-07T16:07:40.5878890Z Test Case '-[RightClickCLITests.ChatGPTBridgeTests testLaunchAgentUsesStableRightClickEntryPoint]' started.
2026-10-07T16:07:40.5879720Z Test Case '-[RightClickCLITests.ChatGPTBridgeTests testLaunchAgentUsesStableRightClickEntryPoint]' passed (0.000 seconds).
2026-10-07T16:07:40.5880710Z Test Case '-[RightClickCLITests.ChatGPTBridgeTests testProfileMatchesOpenAIStdioTunnelShape]' started.
2026-10-07T16:07:40.5881610Z Test Case '-[RightClickCLITests.ChatGPTBridgeTests testProfileMatchesOpenAIStdioTunnelShape]' passed (0.000 seconds).
2026-10-07T16:07:40.5882530Z Test Case '-[RightClickCLITests.ChatGPTBridgeTests testTunnelClientMinimumVersionGate]' started.
2026-10-07T16:07:40.5883330Z Test Case '-[RightClickCLITests.ChatGPTBridgeTests testTunnelClientMinimumVersionGate]' passed (0.000 seconds).
2026-10-07T16:07:40.5883990Z Test Suite 'ChatGPTBridgeTests' passed at 2026-10-07 16:07:28.736.
2026-10-07T16:07:40.5884500Z 	 Executed 6 tests, with 0 failures (0 unexpected) in 0.009 (0.011) seconds
2026-10-07T16:07:40.5884990Z Test Suite 'ChatGPTLiveAttestationTests' started at 2026-10-07 16:07:28.736.
2026-10-07T16:07:40.5885690Z Test Case '-[RightClickCLITests.ChatGPTLiveAttestationTests testConflictingRightClickMCPChildFailsClosed]' started.
2026-10-07T16:07:40.5886590Z Test Case '-[RightClickCLITests.ChatGPTLiveAttestationTests testConflictingRightClickMCPChildFailsClosed]' passed (0.001 seconds).
2026-10-07T16:07:40.5887470Z Test Case '-[RightClickCLITests.ChatGPTLiveAttestationTests testExpectedMCPWithAuxiliaryCodexChildPasses]' started.
2026-10-07T16:07:40.5888350Z Test Case '-[RightClickCLITests.ChatGPTLiveAttestationTests testExpectedMCPWithAuxiliaryCodexChildPasses]' passed (0.000 seconds).
2026-10-07T16:07:40.5889190Z Test Case '-[RightClickCLITests.ChatGPTLiveAttestationTests testMissingExpectedRightClickMCPFailsClosed]' started.
2026-10-07T16:07:40.5890420Z Test Case '-[RightClickCLITests.ChatGPTLiveAttestationTests testMissingExpectedRightClickMCPFailsClosed]' passed (0.000 seconds).
2026-10-07T16:07:40.5891260Z Test Case '-[RightClickCLITests.ChatGPTLiveAttestationTests testNonRunningMCPHealthFails]' started.
2026-10-07T16:07:40.5892110Z Test Case '-[RightClickCLITests.ChatGPTLiveAttestationTests testNonRunningMCPHealthFails]' passed (0.002 seconds).
2026-10-07T16:07:40.5893000Z Test Case '-[RightClickCLITests.ChatGPTLiveAttestationTests testNotObservedMCPHealthWithRunningChildPasses]' started.
2026-10-07T16:07:40.5893850Z Test Case '-[RightClickCLITests.ChatGPTLiveAttestationTests testNotObservedMCPHealthWithRunningChildPasses]' passed (0.002 seconds).
2026-10-07T16:07:40.5894670Z Test Case '-[RightClickCLITests.ChatGPTLiveAttestationTests testNotReadyTunnelFailsHealthAttestation]' started.
2026-10-07T16:07:40.5895630Z Test Case '-[RightClickCLITests.ChatGPTLiveAttestationTests testNotReadyTunnelFailsHealthAttestation]' passed (0.002 seconds).
2026-10-07T16:07:40.5896500Z Test Suite 'ChatGPTLiveAttestationTests' passed at 2026-10-07 16:07:28.744.
2026-10-07T16:07:40.5897010Z 	 Executed 6 tests, with 0 failures (0 unexpected) in 0.007 (0.008) seconds
2026-10-07T16:07:40.5897850Z Test Suite 'ChatGPTOnboardingTests' started at 2026-10-07 16:07:28.744.
2026-10-07T16:07:40.5898550Z Test Case '-[RightClickCLITests.ChatGPTOnboardingTests testDriftWithoutYesRequiresConsent]' started.
2026-10-07T16:07:40.5899390Z Test Case '-[RightClickCLITests.ChatGPTOnboardingTests testDriftWithoutYesRequiresConsent]' passed (0.212 seconds).
2026-10-07T16:07:40.5900900Z Test Case '-[RightClickCLITests.ChatGPTOnboardingTests testFullyAlignedPlanReportsAligned]' started.
2026-10-07T16:07:40.5901780Z Test Case '-[RightClickCLITests.ChatGPTOnboardingTests testFullyAlignedPlanReportsAligned]' passed (0.163 seconds).
2026-10-07T16:07:40.5902960Z Test Case '-[RightClickCLITests.ChatGPTOnboardingTests testLaunchAgentArgumentsParse]' started.
2026-10-07T16:07:40.5903770Z Test Case '-[RightClickCLITests.ChatGPTOnboardingTests testLaunchAgentArgumentsParse]' passed (0.014 seconds).
2026-10-07T16:07:40.5904670Z Test Case '-[RightClickCLITests.ChatGPTOnboardingTests testLaunchAgentDriftIsDetected]' started.
2026-10-07T16:07:40.5907030Z Test Case '-[RightClickCLITests.ChatGPTOnboardingTests testLaunchAgentDriftIsDetected]' passed (0.190 seconds).
2026-10-07T16:07:40.5907880Z Test Case '-[RightClickCLITests.ChatGPTOnboardingTests testMissingKeyIsReported]' started.
2026-10-07T16:07:40.5909990Z Test Case '-[RightClickCLITests.ChatGPTOnboardingTests testMissingKeyIsReported]' passed (0.006 seconds).
2026-10-07T16:07:40.5910780Z Test Case '-[RightClickCLITests.ChatGPTOnboardingTests testMissingStateRequiresPairing]' started.
2026-10-07T16:07:40.5940820Z Test Case '-[RightClickCLITests.ChatGPTOnboardingTests testMissingStateRequiresPairing]' passed (0.002 seconds).
2026-10-07T16:07:40.5941680Z Test Case '-[RightClickCLITests.ChatGPTOnboardingTests testNonDryRunDoesNotModifyAnything]' started.
2026-10-07T16:07:40.5942590Z Test Case '-[RightClickCLITests.ChatGPTOnboardingTests testNonDryRunDoesNotModifyAnything]' passed (0.075 seconds).
2026-10-07T16:07:40.5943510Z Test Case '-[RightClickCLITests.ChatGPTOnboardingTests testOptionsAcceptPreview]' started.
2026-10-07T16:07:40.5945050Z Test Case '-[RightClickCLITests.ChatGPTOnboardingTests testOptionsAcceptPreview]' passed (0.000 seconds).
2026-10-07T16:07:40.5947160Z Test Case '-[RightClickCLITests.ChatGPTOnboardingTests testProfileCommandParsesGeneratedProfile]' started.
2026-10-07T16:07:40.5948030Z Test Case '-[RightClickCLITests.ChatGPTOnboardingTests testProfileCommandParsesGeneratedProfile]' passed (0.004 seconds).
2026-10-07T16:07:40.5950510Z Test Case '-[RightClickCLITests.ChatGPTOnboardingTests testProfileDriftIsDetected]' started.
2026-10-07T16:07:40.5951130Z Test Case '-[RightClickCLITests.ChatGPTOnboardingTests testProfileDriftIsDetected]' passed (0.151 seconds).
2026-10-07T16:07:40.5952810Z Test Case '-[RightClickCLITests.ChatGPTOnboardingTests testStoppedBridgeIsNotAligned]' started.
2026-10-07T16:07:40.5956640Z Test Case '-[RightClickCLITests.ChatGPTOnboardingTests testStoppedBridgeIsNotAligned]' passed (0.125 seconds).
2026-10-07T16:07:40.5957310Z Test Case '-[RightClickCLITests.ChatGPTOnboardingTests testUnknownOptionFails]' started.
2026-10-07T16:07:40.5959020Z Test Case '-[RightClickCLITests.ChatGPTOnboardingTests testUnknownOptionFails]' passed (0.001 seconds).
2026-10-07T16:07:40.5959610Z Test Suite 'ChatGPTOnboardingTests' passed at 2026-10-07 16:07:29.690.
2026-10-07T16:07:40.5960850Z 	 Executed 12 tests, with 0 failures (0 unexpected) in 0.944 (0.946) seconds
2026-10-07T16:07:40.5962690Z Test Suite 'ChatGPTOnboardingTransactionTests' started at 2026-10-07 16:07:29.690.
2026-10-07T16:07:40.5964440Z Test Case '-[RightClickCLITests.ChatGPTOnboardingTransactionTests testActivationFailureRestoresExactOwnedFiles]' started.
2026-10-07T16:07:40.5966180Z Test Case '-[RightClickCLITests.ChatGPTOnboardingTransactionTests testActivationFailureRestoresExactOwnedFiles]' passed (0.280 seconds).
2026-10-07T16:07:40.5967250Z Test Case '-[RightClickCLITests.ChatGPTOnboardingTransactionTests testAttestationFailureRestoresExactOwnedFiles]' started.
2026-10-07T16:07:40.5968750Z Test Case '-[RightClickCLITests.ChatGPTOnboardingTransactionTests testAttestationFailureRestoresExactOwnedFiles]' passed (6.673 seconds).
2026-10-07T16:07:40.5970110Z Test Case '-[RightClickCLITests.ChatGPTOnboardingTransactionTests testSuccessfulMigrationUpdatesAllOwnedFiles]' started.
2026-10-07T16:07:40.5971170Z Test Case '-[RightClickCLITests.ChatGPTOnboardingTransactionTests testSuccessfulMigrationUpdatesAllOwnedFiles]' passed (0.462 seconds).
2026-10-07T16:07:40.5973330Z Test Suite 'ChatGPTOnboardingTransactionTests' passed at 2026-10-07 16:07:37.106.
2026-10-07T16:07:40.5976530Z 	 Executed 3 tests, with 0 failures (0 unexpected) in 7.414 (7.415) seconds
2026-10-07T16:07:40.5978260Z Test Suite 'ClaudeConfigDirTruthTests' started at 2026-10-07 16:07:37.106.
2026-10-07T16:07:40.6003950Z Test Case '-[RightClickCLITests.ClaudeConfigDirTruthTests testClaudeConfigurationSurfaceHonorsClaudeConfigDirOverride]' started.
2026-10-07T16:07:40.6007300Z Test Case '-[RightClickCLITests.ClaudeConfigDirTruthTests testClaudeConfigurationSurfaceHonorsClaudeConfigDirOverride]' passed (0.003 seconds).
2026-10-07T16:07:40.6008160Z Test Suite 'ClaudeConfigDirTruthTests' passed at 2026-10-07 16:07:37.110.
2026-10-07T16:07:40.6010930Z 	 Executed 1 test, with 0 failures (0 unexpected) in 0.003 (0.004) seconds
2026-10-07T16:07:40.6011380Z Test Suite 'ClaudeOnboardingRedTests' started at 2026-10-07 16:07:37.110.
2026-10-07T16:07:40.6011940Z Test Case '-[RightClickCLITests.ClaudeOnboardingRedTests testClaudeConflictingRegistrationFailsClosed]' started.
2026-10-07T16:07:40.6012930Z Test Case '-[RightClickCLITests.ClaudeOnboardingRedTests testClaudeConflictingRegistrationFailsClosed]' passed (0.147 seconds).
2026-10-07T16:07:40.6013840Z Test Case '-[RightClickCLITests.ClaudeOnboardingRedTests testClaudeDisconnectRefusesConflictingRegistration]' started.
2026-10-07T16:07:40.6014890Z Test Case '-[RightClickCLITests.ClaudeOnboardingRedTests testClaudeDisconnectRefusesConflictingRegistration]' passed (0.114 seconds).
2026-10-07T16:07:40.6015880Z Test Case '-[RightClickCLITests.ClaudeOnboardingRedTests testClaudeDisconnectUsesNativeUserScopeRemove]' started.
2026-10-07T16:07:40.6017940Z Test Case '-[RightClickCLITests.ClaudeOnboardingRedTests testClaudeDisconnectUsesNativeUserScopeRemove]' passed (0.739 seconds).
2026-10-07T16:07:40.6018880Z Test Case '-[RightClickCLITests.ClaudeOnboardingRedTests testClaudeDryRunUsesNativeInspectionAndNeverMutates]' started.
2026-10-07T16:07:40.6019750Z Test Case '-[RightClickCLITests.ClaudeOnboardingRedTests testClaudeDryRunUsesNativeInspectionAndNeverMutates]' passed (0.221 seconds).
2026-10-07T16:07:40.6020820Z Test Case '-[RightClickCLITests.ClaudeOnboardingRedTests testClaudeExactExistingRegistrationIsIdempotent]' started.
2026-10-07T16:07:40.6021750Z Test Case '-[RightClickCLITests.ClaudeOnboardingRedTests testClaudeExactExistingRegistrationIsIdempotent]' passed (0.311 seconds).
2026-10-07T16:07:40.6023810Z Test Case '-[RightClickCLITests.ClaudeOnboardingRedTests testClaudeNonInteractiveRequiresConsentWithoutNativeMutation]' started.
2026-10-07T16:07:40.6024760Z Test Case '-[RightClickCLITests.ClaudeOnboardingRedTests testClaudeNonInteractiveRequiresConsentWithoutNativeMutation]' passed (0.143 seconds).
2026-10-07T16:07:40.6043810Z Test Case '-[RightClickCLITests.ClaudeOnboardingRedTests testClaudeYesUsesFrozenNativeUserScopeBackendAndVerifiesConnection]' started.
2026-10-07T16:07:40.6062110Z Test Case '-[RightClickCLITests.ClaudeOnboardingRedTests testClaudeYesUsesFrozenNativeUserScopeBackendAndVerifiesConnection]' passed (0.781 seconds).
2026-10-07T16:07:40.6063060Z Test Case '-[RightClickCLITests.ClaudeOnboardingRedTests testOptionsAcceptClaudeAsSecondClient]' started.
2026-10-07T16:07:40.6064040Z Test Case '-[RightClickCLITests.ClaudeOnboardingRedTests testOptionsAcceptClaudeAsSecondClient]' passed (0.000 seconds).
2026-10-07T16:07:40.6064820Z Test Suite 'ClaudeOnboardingRedTests' passed at 2026-10-07 16:07:39.569.
2026-10-07T16:07:40.6065840Z 	 Executed 8 tests, with 0 failures (0 unexpected) in 2.456 (2.459) seconds
2026-10-07T16:07:40.6066400Z Test Suite 'ClientRegistryRedTests' started at 2026-10-07 16:07:39.569.
2026-10-07T16:07:40.6067220Z Test Case '-[RightClickCLITests.ClientRegistryRedTests testAdaptersOwnClientSpecificPresentationInsteadOfLocalRouter]' started.
2026-10-07T16:07:40.6068400Z Test Case '-[RightClickCLITests.ClientRegistryRedTests testAdaptersOwnClientSpecificPresentationInsteadOfLocalRouter]' passed (0.007 seconds).
2026-10-07T16:07:40.6069530Z Test Case '-[RightClickCLITests.ClientRegistryRedTests testAllCurrentlySupportedExplicitClientIDsRemainAccepted]' started.
2026-10-07T16:07:40.6070580Z Test Case '-[RightClickCLITests.ClientRegistryRedTests testAllCurrentlySupportedExplicitClientIDsRemainAccepted]' passed (0.000 seconds).
2026-10-07T16:07:40.6071670Z Test Case '-[RightClickCLITests.ClientRegistryRedTests testLocalOnboardingDelegatesClientCatalogAndRoutingToRegistry]' started.
2026-10-07T16:07:40.6072770Z Test Case '-[RightClickCLITests.ClientRegistryRedTests testLocalOnboardingDelegatesClientCatalogAndRoutingToRegistry]' passed (0.007 seconds).
2026-10-07T16:07:40.6073910Z Test Case '-[RightClickCLITests.ClientRegistryRedTests testRegistrySourceOwnsExistingAdaptersInStableOrder]' started.
2026-10-07T16:07:40.6075070Z Test Case '-[RightClickCLITests.ClientRegistryRedTests testRegistrySourceOwnsExistingAdaptersInStableOrder]' passed (0.002 seconds).
2026-10-07T16:07:40.6076000Z Test Case '-[RightClickCLITests.ClientRegistryRedTests testUnknownClientStillFailsClosed]' started.
2026-10-07T16:07:40.6076910Z Test Case '-[RightClickCLITests.ClientRegistryRedTests testUnknownClientStillFailsClosed]' passed (0.000 seconds).
2026-10-07T16:07:40.6077650Z Test Suite 'ClientRegistryRedTests' passed at 2026-10-07 16:07:39.586.
2026-10-07T16:07:40.6078220Z 	 Executed 5 tests, with 0 failures (0 unexpected) in 0.017 (0.018) seconds
2026-10-07T16:07:40.6078820Z Test Suite 'CodexOnboardingRedTests' started at 2026-10-07 16:07:39.587.
2026-10-07T16:07:40.6079640Z Test Case '-[RightClickCLITests.CodexOnboardingRedTests testCodexConflictingCommandFailsClosedBeforeNativeAdd]' started.
2026-10-07T16:07:40.6080740Z Test Case '-[RightClickCLITests.CodexOnboardingRedTests testCodexConflictingCommandFailsClosedBeforeNativeAdd]' passed (0.118 seconds).
2026-10-07T16:07:40.6081580Z Test Case '-[RightClickCLITests.CodexOnboardingRedTests testCodexDisconnectRefusesConflictingRegistration]' started.
2026-10-07T16:07:40.6082570Z Test Case '-[RightClickCLITests.CodexOnboardingRedTests testCodexDisconnectRefusesConflictingRegistration]' passed (0.092 seconds).
2026-10-07T16:07:40.6083390Z Test Case '-[RightClickCLITests.CodexOnboardingRedTests testCodexDisconnectUsesNativeGlobalRemove]' started.
2026-10-07T16:07:40.6084320Z Test Case '-[RightClickCLITests.CodexOnboardingRedTests testCodexDisconnectUsesNativeGlobalRemove]' passed (0.620 seconds).
2026-10-07T16:07:40.6085690Z Test Case '-[RightClickCLITests.CodexOnboardingRedTests testCodexDryRunUsesNativeInspectionAndNeverMutates]' started.
2026-10-07T16:07:40.6086770Z Test Case '-[RightClickCLITests.CodexOnboardingRedTests testCodexDryRunUsesNativeInspectionAndNeverMutates]' passed (0.069 seconds).
2026-10-07T16:07:40.6087860Z Test Case '-[RightClickCLITests.CodexOnboardingRedTests testCodexExactExistingRegistrationIsIdempotent]' started.
2026-10-07T16:09:04.0455780Z Test Case '-[RightClickCLITests.CodexOnboardingRedTests testCodexExactExistingRegistrationIsIdempotent]' passed (0.088 seconds).
2026-10-07T16:09:04.0458470Z Test Case '-[RightClickCLITests.CodexOnboardingRedTests testCodexNonInteractiveRequiresConsentWithoutMutation]' started.
2026-10-07T16:09:04.0460890Z Test Case '-[RightClickCLITests.CodexOnboardingRedTests testCodexNonInteractiveRequiresConsentWithoutMutation]' passed (0.175 seconds).
2026-10-07T16:09:04.0463040Z Test Case '-[RightClickCLITests.CodexOnboardingRedTests testCodexSameCommandDifferentArgsAlsoFailsClosed]' started.
2026-10-07T16:09:04.0479530Z Test Case '-[RightClickCLITests.CodexOnboardingRedTests testCodexSameCommandDifferentArgsAlsoFailsClosed]' passed (0.103 seconds).
2026-10-07T16:09:04.0481010Z Test Case '-[RightClickCLITests.CodexOnboardingRedTests testCodexYesUsesNativeGlobalBackendWithoutFalseConnectionClaim]' started.
2026-10-07T16:09:04.0482010Z Test Case '-[RightClickCLITests.CodexOnboardingRedTests testCodexYesUsesNativeGlobalBackendWithoutFalseConnectionClaim]' passed (0.600 seconds).
2026-10-07T16:09:04.0482940Z Test Case '-[RightClickCLITests.CodexOnboardingRedTests testOptionsAcceptCodexAsThirdClient]' started.
2026-10-07T16:09:04.0483840Z Test Case '-[RightClickCLITests.CodexOnboardingRedTests testOptionsAcceptCodexAsThirdClient]' passed (0.000 seconds).
2026-10-07T16:09:04.0484750Z Test Suite 'CodexOnboardingRedTests' passed at 2026-10-07 16:07:41.454.
2026-10-07T16:09:04.0485270Z 	 Executed 9 tests, with 0 failures (0 unexpected) in 1.865 (1.868) seconds
2026-10-07T16:09:04.0485890Z Test Suite 'ConfiguredOpenAPISourceTests' started at 2026-10-07 16:07:41.454.
2026-10-07T16:09:04.0486660Z Test Case '-[RightClickCoreTests.ConfiguredOpenAPISourceTests testCredentialLikeUnknownFieldFailsClosed]' started.
2026-10-07T16:09:04.0487670Z Test Case '-[RightClickCoreTests.ConfiguredOpenAPISourceTests testCredentialLikeUnknownFieldFailsClosed]' passed (0.002 seconds).
2026-10-07T16:09:04.0488470Z Test Case '-[RightClickCoreTests.ConfiguredOpenAPISourceTests testDuplicateProviderIDsFailClosed]' started.
2026-10-07T16:09:04.0489300Z Test Case '-[RightClickCoreTests.ConfiguredOpenAPISourceTests testDuplicateProviderIDsFailClosed]' passed (0.002 seconds).
2026-10-07T16:09:04.0490190Z Test Case '-[RightClickCoreTests.ConfiguredOpenAPISourceTests testLongLivedEngineObservesConfiguredAddReplaceAndRemove]' started.
2026-10-07T16:09:04.0491150Z Test Case '-[RightClickCoreTests.ConfiguredOpenAPISourceTests testLongLivedEngineObservesConfiguredAddReplaceAndRemove]' passed (0.007 seconds).
2026-10-07T16:09:04.0492180Z Test Case '-[RightClickCoreTests.ConfiguredOpenAPISourceTests testMalformedConfigurationRemovesPreviouslyVisibleReflector]' started.
2026-10-07T16:09:04.0493120Z Test Case '-[RightClickCoreTests.ConfiguredOpenAPISourceTests testMalformedConfigurationRemovesPreviouslyVisibleReflector]' passed (0.003 seconds).
2026-10-07T16:09:04.0494140Z Test Case '-[RightClickCoreTests.ConfiguredOpenAPISourceTests testRegistryRejectsNonHTTPSAndCredentialBearingURLs]' started.
2026-10-07T16:09:04.0495140Z Test Case '-[RightClickCoreTests.ConfiguredOpenAPISourceTests testRegistryRejectsNonHTTPSAndCredentialBearingURLs]' passed (0.002 seconds).
2026-10-07T16:09:04.0496040Z Test Case '-[RightClickCoreTests.ConfiguredOpenAPISourceTests testRegistryWriteIsDeterministicAndPrivate]' started.
2026-10-07T16:09:04.0496980Z Test Case '-[RightClickCoreTests.ConfiguredOpenAPISourceTests testRegistryWriteIsDeterministicAndPrivate]' passed (0.002 seconds).
2026-10-07T16:09:04.0512190Z Test Case '-[RightClickCoreTests.ConfiguredOpenAPISourceTests testUnchangedConfigurationDoesNotRefetchSpecification]' started.
2026-10-07T16:09:04.0514820Z Test Case '-[RightClickCoreTests.ConfiguredOpenAPISourceTests testUnchangedConfigurationDoesNotRefetchSpecification]' passed (0.003 seconds).
2026-10-07T16:09:04.0517160Z Test Suite 'ConfiguredOpenAPISourceTests' passed at 2026-10-07 16:07:41.476.
2026-10-07T16:09:04.0518420Z 	 Executed 7 tests, with 0 failures (0 unexpected) in 0.020 (0.022) seconds
2026-10-07T16:09:04.0519680Z Test Suite 'DispatchContractBindingTests' started at 2026-10-07 16:07:41.476.
2026-10-07T16:09:04.0521410Z Test Case '-[RightClickCoreTests.DispatchContractBindingTests testChangedAuthorityOriginIsNotDispatched]' started.
2026-10-07T16:09:04.0523610Z Test Case '-[RightClickCoreTests.DispatchContractBindingTests testChangedAuthorityOriginIsNotDispatched]' passed (0.002 seconds).
2026-10-07T16:09:04.0525680Z Test Case '-[RightClickCoreTests.DispatchContractBindingTests testChangedEndpointIsNotDispatched]' started.
2026-10-07T16:09:04.0528360Z Test Case '-[RightClickCoreTests.DispatchContractBindingTests testChangedEndpointIsNotDispatched]' passed (0.002 seconds).
2026-10-07T16:09:04.0532140Z Test Case '-[RightClickCoreTests.DispatchContractBindingTests testChangedInvocationOrProviderIsNotDispatched]' started.
2026-10-07T16:09:04.0534590Z Test Case '-[RightClickCoreTests.DispatchContractBindingTests testChangedInvocationOrProviderIsNotDispatched]' passed (0.003 seconds).
2026-10-07T16:09:04.0536450Z Test Case '-[RightClickCoreTests.DispatchContractBindingTests testChangedSchemaOrMethodIsNotDispatched]' started.
2026-10-07T16:09:04.0538600Z Test Case '-[RightClickCoreTests.DispatchContractBindingTests testChangedSchemaOrMethodIsNotDispatched]' passed (0.007 seconds).
2026-10-07T16:09:04.0540890Z Test Case '-[RightClickCoreTests.DispatchContractBindingTests testConfirmationStillStopsBeforeRevalidationOrDispatch]' started.
2026-10-07T16:09:04.0547440Z Test Case '-[RightClickCoreTests.DispatchContractBindingTests testConfirmationStillStopsBeforeRevalidationOrDispatch]' passed (0.002 seconds).
2026-10-07T16:09:04.0553610Z Test Case '-[RightClickCoreTests.DispatchContractBindingTests testConflictingDuplicateCannotHideBehindFirstMatch]' started.
2026-10-07T16:09:04.0557590Z Test Case '-[RightClickCoreTests.DispatchContractBindingTests testConflictingDuplicateCannotHideBehindFirstMatch]' passed (0.002 seconds).
2026-10-07T16:09:04.0559140Z Test Case '-[RightClickCoreTests.DispatchContractBindingTests testDelegatedVerificationCannotBypassBinding]' started.
2026-10-07T16:09:04.0562610Z Test Case '-[RightClickCoreTests.DispatchContractBindingTests testDelegatedVerificationCannotBypassBinding]' passed (0.002 seconds).
2026-10-07T16:09:04.0564820Z Test Case '-[RightClickCoreTests.DispatchContractBindingTests testDistinctUnicodeAuthorityBytesAreNotConflated]' started.
2026-10-07T16:09:04.0569760Z Test Case '-[RightClickCoreTests.DispatchContractBindingTests testDistinctUnicodeAuthorityBytesAreNotConflated]' passed (0.002 seconds).
2026-10-07T16:09:04.0573220Z Test Case '-[RightClickCoreTests.DispatchContractBindingTests testEngineAssignedOwnershipStillWinsOverProviderMetadata]' started.
2026-10-07T16:09:04.0579310Z Test Case '-[RightClickCoreTests.DispatchContractBindingTests testEngineAssignedOwnershipStillWinsOverProviderMetadata]' passed (0.003 seconds).
2026-10-07T16:09:04.0583910Z Test Case '-[RightClickCoreTests.DispatchContractBindingTests testEquivalentRecreatedReflectorRemainsUsable]' started.
2026-10-07T16:09:04.0586810Z Test Case '-[RightClickCoreTests.DispatchContractBindingTests testEquivalentRecreatedReflectorRemainsUsable]' passed (0.003 seconds).
2026-10-07T16:09:04.0589590Z Test Case '-[RightClickCoreTests.DispatchContractBindingTests testFailedRevalidationIsNotDispatched]' started.
2026-10-07T16:09:04.0591960Z Test Case '-[RightClickCoreTests.DispatchContractBindingTests testFailedRevalidationIsNotDispatched]' passed (0.003 seconds).
2026-10-07T16:09:04.0594000Z Test Case '-[RightClickCoreTests.DispatchContractBindingTests testIdenticalDuplicateDoesNotBreakExistingProviders]' started.
2026-10-07T16:09:04.0603910Z Test Case '-[RightClickCoreTests.DispatchContractBindingTests testIdenticalDuplicateDoesNotBreakExistingProviders]' passed (0.003 seconds).
2026-10-07T16:09:04.0606440Z Test Case '-[RightClickCoreTests.DispatchContractBindingTests testMetadataKeyOrderDoesNotInvalidateContract]' started.
2026-10-07T16:09:04.0610030Z Test Case '-[RightClickCoreTests.DispatchContractBindingTests testMetadataKeyOrderDoesNotInvalidateContract]' passed (0.002 seconds).
2026-10-07T16:09:04.0613500Z Test Case '-[RightClickCoreTests.DispatchContractBindingTests testSafetyEscalationCannotInheritUnconfirmedRead]' started.
2026-10-07T16:09:04.0617400Z Test Case '-[RightClickCoreTests.DispatchContractBindingTests testSafetyEscalationCannotInheritUnconfirmedRead]' passed (0.001 seconds).
2026-10-07T16:09:04.0619670Z Test Case '-[RightClickCoreTests.DispatchContractBindingTests testWithdrawnCapabilityIsNotDispatched]' started.
2026-10-07T16:09:04.0620720Z Test Case '-[RightClickCoreTests.DispatchContractBindingTests testWithdrawnCapabilityIsNotDispatched]' passed (0.002 seconds).
2026-10-07T16:09:04.0624480Z Test Suite 'DispatchContractBindingTests' passed at 2026-10-07 16:07:41.517.
2026-10-07T16:09:04.0625730Z 	 Executed 15 tests, with 0 failures (0 unexpected) in 0.039 (0.042) seconds
2026-10-07T16:09:04.0627070Z Test Suite 'EngineTests' started at 2026-10-07 16:07:41.517.
2026-10-07T16:09:04.0628630Z Test Case '-[RightClickCoreTests.EngineTests testAcceptedServiceInvocationDoesNotEstablishSemanticSuccess]' started.
2026-10-07T16:09:04.0630890Z Test Case '-[RightClickCoreTests.EngineTests testAcceptedServiceInvocationDoesNotEstablishSemanticSuccess]' passed (14.721 seconds).
2026-10-07T16:09:04.0633140Z Test Case '-[RightClickCoreTests.EngineTests testExplicitReturnedTextPostconditionVerifiesOnlyReturnedText]' started.
2026-10-07T16:09:04.0635570Z Test Case '-[RightClickCoreTests.EngineTests testExplicitReturnedTextPostconditionVerifiesOnlyReturnedText]' passed (13.296 seconds).
2026-10-07T16:09:04.0637530Z Test Case '-[RightClickCoreTests.EngineTests testExternalShareIsGated]' started.
2026-10-07T16:09:04.0638940Z Test Case '-[RightClickCoreTests.EngineTests testExternalShareIsGated]' passed (8.008 seconds).
2026-10-07T16:09:04.0640650Z Test Case '-[RightClickCoreTests.EngineTests testFixturesDifferentiateSharingAndQuickActions]' started.
2026-10-07T16:09:04.0642600Z Test Case '-[RightClickCoreTests.EngineTests testFixturesDifferentiateSharingAndQuickActions]' passed (26.837 seconds).
2026-10-07T16:09:04.0643930Z Test Case '-[RightClickCoreTests.EngineTests testFullWidthServiceRoundTrip]' started.
2026-10-07T16:09:04.0644720Z Test Case '-[RightClickCoreTests.EngineTests testFullWidthServiceRoundTrip]' passed (10.491 seconds).
2026-10-07T16:09:04.0645470Z Test Case '-[RightClickCoreTests.EngineTests testMarkupIsDiscoveredButNotInvokable]' started.
2026-10-07T16:09:04.0646180Z Test Case '-[RightClickCoreTests.EngineTests testMarkupIsDiscoveredButNotInvokable]' passed (6.917 seconds).
2026-10-07T16:09:04.0646760Z Test Suite 'EngineTests' passed at 2026-10-07 16:09:01.790.
2026-10-07T16:09:04.0647260Z 	 Executed 6 tests, with 0 failures (0 unexpected) in 80.269 (80.272) seconds
2026-10-07T16:09:04.0647770Z Test Suite 'ExecutionCapacityAdmissionTests' started at 2026-10-07 16:09:01.790.
2026-10-07T16:09:04.0648620Z Test Case '-[RightClickCoreTests.ExecutionCapacityAdmissionTests testFullActiveHistoryRefusesBothEngineEntryPointsBeforeProviderStart]' started.
2026-10-07T16:09:04.0694430Z Test Case '-[RightClickCoreTests.ExecutionCapacityAdmissionTests testFullActiveHistoryRefusesBothEngineEntryPointsBeforeProviderStart]' passed (1.949 seconds).
2026-10-07T16:09:04.0695490Z Test Case '-[RightClickCoreTests.ExecutionCapacityAdmissionTests testThrowingBeginReleasesReservationForBothEngineEntryPoints]' started.
2026-10-07T16:09:04.0696530Z Test Case '-[RightClickCoreTests.ExecutionCapacityAdmissionTests testThrowingBeginReleasesReservationForBothEngineEntryPoints]' passed (0.020 seconds).
2026-10-07T16:09:04.0698000Z Test Suite 'ExecutionCapacityAdmissionTests' passed at 2026-10-07 16:09:03.760.
2026-10-07T16:09:04.0698660Z 	 Executed 2 tests, with 0 failures (0 unexpected) in 1.968 (1.970) seconds
2026-10-07T16:09:04.0699120Z Test Suite 'ExecutionRetentionTests' started at 2026-10-07 16:09:03.760.
2026-10-07T16:09:04.0699780Z Test Case '-[RightClickCoreTests.ExecutionRetentionTests testActualLargeEvidenceAndRecordFloodRespectIndependentBounds]' started.
2026-10-07T16:09:04.0700720Z Test Case '-[RightClickCoreTests.ExecutionRetentionTests testActualLargeEvidenceAndRecordFloodRespectIndependentBounds]' passed (0.082 seconds).
2026-10-07T16:09:04.0702490Z Test Case '-[RightClickCoreTests.ExecutionRetentionTests testByteCapacityRefusalPreservesEveryExistingActiveReservation]' started.
2026-10-07T16:09:04.0705140Z Test Case '-[RightClickCoreTests.ExecutionRetentionTests testByteCapacityRefusalPreservesEveryExistingActiveReservation]' passed (0.006 seconds).
2026-10-07T16:09:04.0708050Z Test Case '-[RightClickCoreTests.ExecutionRetentionTests testBytePressureEvictsOldestTerminalAndReadsNeverRefreshOrder]' started.
2026-10-07T16:09:04.0711770Z Test Case '-[RightClickCoreTests.ExecutionRetentionTests testBytePressureEvictsOldestTerminalAndReadsNeverRefreshOrder]' passed (0.001 seconds).
2026-10-07T16:09:04.0714570Z Test Case '-[RightClickCoreTests.ExecutionRetentionTests testCompactedRCIRAcceptedTaskRetainsPendingOwnershipUntilTerminalSnapshot]' started.
2026-10-07T16:09:04.0721110Z Test Case '-[RightClickCoreTests.ExecutionRetentionTests testCompactedRCIRAcceptedTaskRetainsPendingOwnershipUntilTerminalSnapshot]' passed (0.002 seconds).
2026-10-07T16:09:04.0724760Z Test Case '-[RightClickCoreTests.ExecutionRetentionTests testConcurrentUpdatesKeepSynchronizedAccountingAndActiveCallbacks]' started.
2026-10-07T16:09:04.0728130Z Test Case '-[RightClickCoreTests.ExecutionRetentionTests testConcurrentUpdatesKeepSynchronizedAccountingAndActiveCallbacks]' passed (0.131 seconds).
2026-10-07T16:09:04.0729990Z Test Case '-[RightClickCoreTests.ExecutionRetentionTests testLargeActualSignedReceiptCompactionRetainsDigestWithoutInventingReceipt]' started.
2026-10-07T16:09:04.0731790Z Test Case '-[RightClickCoreTests.ExecutionRetentionTests testLargeActualSignedReceiptCompactionRetainsDigestWithoutInventingReceipt]' passed (0.024 seconds).
2026-10-07T16:09:04.0733190Z Test Case '-[RightClickCoreTests.ExecutionRetentionTests testMonotonicExpiryIgnoresRegressionAndUpdatesReadsDoNotExtendTTL]' started.
2026-10-07T16:09:04.0736930Z Test Case '-[RightClickCoreTests.ExecutionRetentionTests testMonotonicExpiryIgnoresRegressionAndUpdatesReadsDoNotExtendTTL]' passed (0.001 seconds).
2026-10-07T16:09:04.0738870Z Test Case '-[RightClickCoreTests.ExecutionRetentionTests testStartedReservationsSurviveExpiryAndFloodThenReleaseAtTerminalCallback]' started.
2026-10-07T16:09:04.0740220Z Test Case '-[RightClickCoreTests.ExecutionRetentionTests testStartedReservationsSurviveExpiryAndFloodThenReleaseAtTerminalCallback]' passed (0.004 seconds).
2026-10-07T16:09:04.0741310Z Test Case '-[RightClickCoreTests.ExecutionRetentionTests testUnconfirmedAwaitingUserDoesNotReserveActiveCapacity]' started.
2026-10-07T16:09:04.0749320Z Test Case '-[RightClickCoreTests.ExecutionRetentionTests testUnconfirmedAwaitingUserDoesNotReserveActiveCapacity]' passed (0.000 seconds).
2026-10-07T16:09:04.0752280Z Test Case '-[RightClickCoreTests.ExecutionRetentionTests testUpdateReaccountsLargeAndShrinkingOutputsAndCannotMoveIdentity]' started.
2026-10-07T16:09:04.0754340Z Test Case '-[RightClickCoreTests.ExecutionRetentionTests testUpdateReaccountsLargeAndShrinkingOutputsAndCannotMoveIdentity]' passed (0.003 seconds).
2026-10-07T16:09:04.0756750Z Test Suite 'ExecutionRetentionTests' passed at 2026-10-07 16:09:04.016.
2026-10-07T16:09:04.0757780Z 	 Executed 10 tests, with 0 failures (0 unexpected) in 0.253 (0.256) seconds
2026-10-07T16:09:04.0766190Z Test Suite 'FederationTests' started at 2026-10-07 16:09:04.016.
2026-10-07T16:09:04.0772270Z Test Case '-[RightClickMCPTests.FederationTests testExplicitVerificationRunsAtRemoteBoundary]' started.
2026-10-07T16:09:04.0774900Z Test Case '-[RightClickMCPTests.FederationTests testExplicitVerificationRunsAtRemoteBoundary]' passed (0.008 seconds).
2026-10-07T16:09:04.0777050Z Test Case '-[RightClickMCPTests.FederationTests testFederatedCapabilityAppearsAndDisappearsLive]' started.
2026-10-07T16:09:04.0779490Z Test Case '-[RightClickMCPTests.FederationTests testFederatedCapabilityAppearsAndDisappearsLive]' passed (0.002 seconds).
2026-10-07T16:09:04.0782190Z Test Case '-[RightClickMCPTests.FederationTests testFederationDoesNotReexportFederatedCapability]' started.
2026-10-07T16:09:04.0783790Z Test Case '-[RightClickMCPTests.FederationTests testFederationDoesNotReexportFederatedCapability]' passed (0.002 seconds).
2026-10-07T16:09:04.0787150Z Test Case '-[RightClickMCPTests.FederationTests testIncompleteRemoteVerificationIsDowngraded]' started.
2026-10-07T16:09:04.0790050Z Test Case '-[RightClickMCPTests.FederationTests testIncompleteRemoteVerificationIsDowngraded]' passed (0.005 seconds).
2026-10-07T16:09:04.0795580Z Test Case '-[RightClickMCPTests.FederationTests testLoopbackIPPeersCanonicalizeToLocalhostForTransport]' started.
2026-10-07T16:09:04.0796930Z Test Case '-[RightClickMCPTests.FederationTests testLoopbackIPPeersCanonicalizeToLocalhostForTransport]' passed (0.002 seconds).
2026-10-07T16:09:04.0798370Z Test Case '-[RightClickMCPTests.FederationTests testModelFacingToolSurfaceRemainsSevenGenericOperations]' started.
2026-10-07T16:09:04.0801280Z Test Case '-[RightClickMCPTests.FederationTests testModelFacingToolSurfaceRemainsSevenGenericOperations]' passed (0.001 seconds).
2026-10-07T16:09:04.0802850Z Test Case '-[RightClickMCPTests.FederationTests testNonRightClickPeerContributesNoCapabilities]' started.
2026-10-07T16:09:04.0804520Z Test Case '-[RightClickMCPTests.FederationTests testNonRightClickPeerContributesNoCapabilities]' passed (0.002 seconds).
2026-10-07T16:09:04.0812300Z Test Case '-[RightClickMCPTests.FederationTests testPeerConfigurationFailsClosedOutsideLoopback]' started.
2026-10-07T16:09:04.0815600Z Test Case '-[RightClickMCPTests.FederationTests testPeerConfigurationFailsClosedOutsideLoopback]' passed (0.002 seconds).
2026-10-07T16:09:04.0818980Z Test Suite 'FederationTests' passed at 2026-10-07 16:09:04.041.
2026-10-07T16:09:04.0827970Z 	 Executed 8 tests, with 0 failures (0 unexpected) in 0.023 (0.026) seconds
2026-10-07T16:09:04.0832690Z Test Suite 'GRPCRealProviderAcceptanceTests' started at 2026-10-07 16:09:04.041.
2026-10-07T16:09:04.0842210Z Test Case '-[RightClickCoreTests.GRPCRealProviderAcceptanceTests testRealServerReflectionDiscoversProviderCapabilities]' started.
2026-10-07T16:09:04.0844910Z /Users/runner/work/rightclick/rightclick/Tests/RightClickCoreTests/GRPCRealProviderAcceptanceTests.swift:21: -[RightClickCoreTests.GRPCRealProviderAcceptanceTests testRealServerReflectionDiscoversProviderCapabilities] : Test skipped - RIGHTCLICK_GRPC_REAL_HOST required for real gRPC reflection acceptance.
2026-10-07T16:09:04.0848570Z Test Case '-[RightClickCoreTests.GRPCRealProviderAcceptanceTests testRealServerReflectionDiscoversProviderCapabilities]' skipped (0.001 seconds).
2026-10-07T16:09:04.0850580Z Test Suite 'GRPCRealProviderAcceptanceTests' passed at 2026-10-07 16:09:04.042.
2026-10-07T16:09:04.0851830Z 	 Executed 1 test, with 1 test skipped and 0 failures (0 unexpected) in 0.001 (0.001) seconds
2026-10-07T16:09:04.0853060Z Test Suite 'GRPCReflectionTransportTests' started at 2026-10-07 16:09:04.042.
2026-10-07T16:09:04.0857240Z Test Case '-[RightClickCoreTests.GRPCReflectionTransportTests testFileDescriptorResponseReturnsRawDescriptorBytes]' started.
2026-10-07T16:09:04.0860000Z Test Case '-[RightClickCoreTests.GRPCReflectionTransportTests testFileDescriptorResponseReturnsRawDescriptorBytes]' passed (0.001 seconds).
2026-10-07T16:09:04.0861830Z Test Case '-[RightClickCoreTests.GRPCReflectionTransportTests testListServicesResponseParsesStandardReflectionEnvelope]' started.
2026-10-07T16:09:04.0865750Z Test Case '-[RightClickCoreTests.GRPCReflectionTransportTests testListServicesResponseParsesStandardReflectionEnvelope]' passed (0.000 seconds).
2026-10-07T16:09:04.0866980Z Test Case '-[RightClickCoreTests.GRPCReflectionTransportTests testReflectionRequestsUseStandardWireFieldNumbers]' started.
2026-10-07T16:09:31.3901020Z Test Case '-[RightClickCoreTests.GRPCReflectionTransportTests testReflectionRequestsUseStandardWireFieldNumbers]' passed (0.000 seconds).
2026-10-07T16:09:31.3903820Z Test Suite 'GRPCReflectionTransportTests' passed at 2026-10-07 16:09:04.045.
2026-10-07T16:09:31.3904840Z 	 Executed 3 tests, with 0 failures (0 unexpected) in 0.002 (0.002) seconds
2026-10-07T16:09:31.3905840Z Test Suite 'GRPCReflectorTests' started at 2026-10-07 16:09:04.045.
2026-10-07T16:09:31.3908740Z Test Case '-[RightClickCoreTests.GRPCReflectorTests testDescriptorReflectsUnaryAndStreamingMethodsWithoutGeneratedStubs]' started.
2026-10-07T16:09:31.3909960Z Test Case '-[RightClickCoreTests.GRPCReflectorTests testDescriptorReflectsUnaryAndStreamingMethodsWithoutGeneratedStubs]' passed (0.002 seconds).
2026-10-07T16:09:31.3929520Z Test Case '-[RightClickCoreTests.GRPCReflectorTests testStreamingMethodFailsClosedBeforeTransport]' started.
2026-10-07T16:09:31.3930780Z Test Case '-[RightClickCoreTests.GRPCReflectorTests testStreamingMethodFailsClosedBeforeTransport]' passed (0.004 seconds).
2026-10-07T16:09:31.3931830Z Test Case '-[RightClickCoreTests.GRPCReflectorTests testUnaryExecutionEncodesAndDecodesDynamicProtobuf]' started.
2026-10-07T16:09:31.3932870Z Test Case '-[RightClickCoreTests.GRPCReflectorTests testUnaryExecutionEncodesAndDecodesDynamicProtobuf]' passed (0.015 seconds).
2026-10-07T16:09:31.3933970Z Test Case '-[RightClickCoreTests.GRPCReflectorTests testUnknownArgumentFailsBeforeTransport]' started.
2026-10-07T16:09:31.3935760Z Test Case '-[RightClickCoreTests.GRPCReflectorTests testUnknownArgumentFailsBeforeTransport]' passed (0.010 seconds).
2026-10-07T16:09:31.3936680Z Test Suite 'GRPCReflectorTests' passed at 2026-10-07 16:09:04.076.
2026-10-07T16:09:31.3937400Z 	 Executed 4 tests, with 0 failures (0 unexpected) in 0.031 (0.032) seconds
2026-10-07T16:09:31.3938020Z Test Suite 'GraphQLReflectorTests' started at 2026-10-07 16:09:04.076.
2026-10-07T16:09:31.3938840Z Test Case '-[RightClickCoreTests.GraphQLReflectorTests testExecutesMutationWithJSONEncodedInputObject]' started.
2026-10-07T16:09:31.3939700Z Test Case '-[RightClickCoreTests.GraphQLReflectorTests testExecutesMutationWithJSONEncodedInputObject]' passed (0.027 seconds).
2026-10-07T16:09:31.3940720Z Test Case '-[RightClickCoreTests.GraphQLReflectorTests testExecutesQueryWithVariablesAndSynthesizedSelection]' started.
2026-10-07T16:09:31.3941740Z Test Case '-[RightClickCoreTests.GraphQLReflectorTests testExecutesQueryWithVariablesAndSynthesizedSelection]' passed (0.011 seconds).
2026-10-07T16:09:31.3942850Z Test Case '-[RightClickCoreTests.GraphQLReflectorTests testGraphQLErrorsFailEvenWhenPartialDataExists]' started.
2026-10-07T16:09:31.3944020Z Test Case '-[RightClickCoreTests.GraphQLReflectorTests testGraphQLErrorsFailEvenWhenPartialDataExists]' passed (0.008 seconds).
2026-10-07T16:09:31.3944930Z Test Case '-[RightClickCoreTests.GraphQLReflectorTests testInvalidNestedEnumFailsBeforeTransport]' started.
2026-10-07T16:09:31.3946030Z Test Case '-[RightClickCoreTests.GraphQLReflectorTests testInvalidNestedEnumFailsBeforeTransport]' passed (0.005 seconds).
2026-10-07T16:09:31.3946910Z Test Case '-[RightClickCoreTests.GraphQLReflectorTests testMutationRequiresConfirmationBeforeTransport]' started.
2026-10-07T16:09:31.3947950Z Test Case '-[RightClickCoreTests.GraphQLReflectorTests testMutationRequiresConfirmationBeforeTransport]' passed (0.004 seconds).
2026-10-07T16:09:31.3948870Z Test Case '-[RightClickCoreTests.GraphQLReflectorTests testReflectsQueriesAndMutationsBehindGenericCapabilities]' started.
2026-10-07T16:09:31.3949930Z Test Case '-[RightClickCoreTests.GraphQLReflectorTests testReflectsQueriesAndMutationsBehindGenericCapabilities]' passed (0.002 seconds).
2026-10-07T16:09:31.3962210Z Test Suite 'GraphQLReflectorTests' passed at 2026-10-07 16:09:04.135.
2026-10-07T16:09:31.3964110Z 	 Executed 6 tests, with 0 failures (0 unexpected) in 0.057 (0.058) seconds
2026-10-07T16:09:31.3966080Z Test Suite 'HostProtectedReferenceTests' started at 2026-10-07 16:09:04.135.
2026-10-07T16:09:31.3968080Z Test Case '-[RightClickCoreTests.HostProtectedReferenceTests testBroaderNativeReadAuthorityIsDenied]' started.
2026-10-07T16:09:31.3970690Z Test Case '-[RightClickCoreTests.HostProtectedReferenceTests testBroaderNativeReadAuthorityIsDenied]' passed (0.001 seconds).
2026-10-07T16:09:31.3973940Z Test Case '-[RightClickCoreTests.HostProtectedReferenceTests testConfiguredPolicySigningAndObserverReferencesUseOneProtectedBackend]' started.
2026-10-07T16:09:31.3977500Z Test Case '-[RightClickCoreTests.HostProtectedReferenceTests testConfiguredPolicySigningAndObserverReferencesUseOneProtectedBackend]' passed (0.003 seconds).
2026-10-07T16:09:31.3979460Z Test Case '-[RightClickCoreTests.HostProtectedReferenceTests testDirectoriesAndOversizedFilesNeverBecomeReferences]' started.
2026-10-07T16:09:31.3981600Z Test Case '-[RightClickCoreTests.HostProtectedReferenceTests testDirectoriesAndOversizedFilesNeverBecomeReferences]' passed (0.001 seconds).
2026-10-07T16:09:31.3983550Z Test Case '-[RightClickCoreTests.HostProtectedReferenceTests testPrivateSnapshotRetainsExactBytesWhenSelectedSourceChanges]' started.
2026-10-07T16:09:31.3984670Z Test Case '-[RightClickCoreTests.HostProtectedReferenceTests testPrivateSnapshotRetainsExactBytesWhenSelectedSourceChanges]' passed (0.003 seconds).
2026-10-07T16:09:31.3986190Z Test Suite 'HostProtectedReferenceTests' passed at 2026-10-07 16:09:04.143.
2026-10-07T16:09:31.3988260Z 	 Executed 4 tests, with 0 failures (0 unexpected) in 0.008 (0.008) seconds
2026-10-07T16:09:31.3990130Z Test Suite 'InvocationBindingTests' started at 2026-10-07 16:09:04.143.
2026-10-07T16:09:31.3992450Z Test Case '-[RightClickCoreTests.InvocationBindingTests testFreshMarkersVerifyForBothTransports]' started.
2026-10-07T16:09:31.3994770Z Test Case '-[RightClickCoreTests.InvocationBindingTests testFreshMarkersVerifyForBothTransports]' passed (14.640 seconds).
2026-10-07T16:09:31.3996950Z Test Case '-[RightClickCoreTests.InvocationBindingTests testMatchingStaleKafkaRecordCannotVerifyCurrentAppend]' started.
2026-10-07T16:09:31.3998100Z Test Case '-[RightClickCoreTests.InvocationBindingTests testMatchingStaleKafkaRecordCannotVerifyCurrentAppend]' passed (5.892 seconds).
2026-10-07T16:09:31.3999830Z Test Case '-[RightClickCoreTests.InvocationBindingTests testMatchingStaleKubernetesResourceCannotVerifyCurrentCreate]' started.
2026-10-07T16:09:31.4001190Z Test Case '-[RightClickCoreTests.InvocationBindingTests testMatchingStaleKubernetesResourceCannotVerifyCurrentCreate]' passed (6.350 seconds).
2026-10-07T16:09:31.4002040Z Test Suite 'InvocationBindingTests' passed at 2026-10-07 16:09:31.026.
2026-10-07T16:09:31.4002670Z 	 Executed 3 tests, with 0 failures (0 unexpected) in 26.882 (26.883) seconds
2026-10-07T16:09:31.4003310Z Test Suite 'KafkaCapabilityTests' started at 2026-10-07 16:09:31.026.
2026-10-07T16:09:31.4004120Z Test Case '-[RightClickCoreTests.KafkaCapabilityTests testObserverCannotReuseWriterPrincipalAndCredentials]' started.
2026-10-07T16:09:31.4005680Z /Users/runner/work/rightclick/rightclick/Tests/RightClickCoreTests/KafkaCapabilityTests.swift:19: -[RightClickCoreTests.KafkaCapabilityTests testObserverCannotReuseWriterPrincipalAndCredentials] : Test skipped - Genuine scoped Kafka broker not provisioned; no Kafka GREEN claimed.
2026-10-07T16:09:31.4008060Z Test Case '-[RightClickCoreTests.KafkaCapabilityTests testObserverCannotReuseWriterPrincipalAndCredentials]' skipped (0.001 seconds).
2026-10-07T16:09:31.4010490Z Test Case '-[RightClickCoreTests.KafkaCapabilityTests testRealScopedKafkaHasUnverifiedACKThenIndependentArgumentBoundConsumerReceipt]' started.
2026-10-07T16:09:31.4012890Z /Users/runner/work/rightclick/rightclick/Tests/RightClickCoreTests/KafkaCapabilityTests.swift:19: -[RightClickCoreTests.KafkaCapabilityTests testRealScopedKafkaHasUnverifiedACKThenIndependentArgumentBoundConsumerReceipt] : Test skipped - Genuine scoped Kafka broker not provisioned; no Kafka GREEN claimed.
2026-10-07T16:09:31.4016890Z Test Case '-[RightClickCoreTests.KafkaCapabilityTests testRealScopedKafkaHasUnverifiedACKThenIndependentArgumentBoundConsumerReceipt]' skipped (0.002 seconds).
2026-10-07T16:09:31.4019360Z Test Suite 'KafkaCapabilityTests' passed at 2026-10-07 16:09:31.030.
2026-10-07T16:09:31.4020810Z 	 Executed 2 tests, with 2 tests skipped and 0 failures (0 unexpected) in 0.003 (0.004) seconds
2026-10-07T16:09:31.4022510Z Test Suite 'KubernetesCapabilityArtifactTests' started at 2026-10-07 16:09:31.030.
2026-10-07T16:09:31.4024470Z Test Case '-[RightClickCoreTests.KubernetesCapabilityArtifactTests testCredentialPluginsAndTLSBypassAreRejectedBeforeAcquisition]' started.
2026-10-07T16:09:31.4027500Z Test Case '-[RightClickCoreTests.KubernetesCapabilityArtifactTests testCredentialPluginsAndTLSBypassAreRejectedBeforeAcquisition]' passed (0.015 seconds).
2026-10-07T16:09:31.4031570Z Test Case '-[RightClickCoreTests.KubernetesCapabilityArtifactTests testProviderDescriptorCannotSelectExecutableCredentialOrNamespace]' started.
2026-10-07T16:09:31.4034990Z Test Case '-[RightClickCoreTests.KubernetesCapabilityArtifactTests testProviderDescriptorCannotSelectExecutableCredentialOrNamespace]' passed (0.001 seconds).
2026-10-07T16:09:31.4040790Z Test Case '-[RightClickCoreTests.KubernetesCapabilityArtifactTests testRealNamespaceResourceIsVerifiedThroughIndependentGETIdentity]' started.
2026-10-07T16:09:31.4042790Z /Users/runner/work/rightclick/rightclick/Tests/RightClickCoreTests/KubernetesCapabilityArtifactTests.swift:45: -[RightClickCoreTests.KubernetesCapabilityArtifactTests testRealNamespaceResourceIsVerifiedThroughIndependentGETIdentity] : Test skipped - Genuine scoped Kubernetes provider not provisioned; this skip is not substrate GREEN.
2026-10-07T16:09:31.4044960Z Test Case '-[RightClickCoreTests.KubernetesCapabilityArtifactTests testRealNamespaceResourceIsVerifiedThroughIndependentGETIdentity]' skipped (0.001 seconds).
2026-10-07T16:09:31.4045880Z Test Suite 'KubernetesCapabilityArtifactTests' passed at 2026-10-07 16:09:31.049.
2026-10-07T16:09:31.4046830Z 	 Executed 3 tests, with 1 test skipped and 0 failures (0 unexpected) in 0.017 (0.019) seconds
2026-10-07T16:09:31.4047750Z Test Suite 'LocalOnboardingTests' started at 2026-10-07 16:09:31.049.
2026-10-07T16:09:31.4048590Z Test Case '-[RightClickCLITests.LocalOnboardingTests testAdditionalRightclickSettingsAreNotSilentlyDropped]' started.
2026-10-07T16:09:31.4049640Z Test Case '-[RightClickCLITests.LocalOnboardingTests testAdditionalRightclickSettingsAreNotSilentlyDropped]' passed (0.009 seconds).
2026-10-07T16:09:31.4051040Z Test Case '-[RightClickCLITests.LocalOnboardingTests testBridgeIsOnlyExplicitAndCannotMixModes]' started.
2026-10-07T16:09:31.4052190Z Test Case '-[RightClickCLITests.LocalOnboardingTests testBridgeIsOnlyExplicitAndCannotMixModes]' passed (0.001 seconds).
2026-10-07T16:09:31.4053080Z Test Case '-[RightClickCLITests.LocalOnboardingTests testChangesAfterPreviewAreNotOverwritten]' started.
2026-10-07T16:09:31.4054270Z Test Case '-[RightClickCLITests.LocalOnboardingTests testChangesAfterPreviewAreNotOverwritten]' passed (0.005 seconds).
2026-10-07T16:09:31.4055270Z Test Case '-[RightClickCLITests.LocalOnboardingTests testConcurrentInstallerLockPreventsWrite]' started.
2026-10-07T16:09:31.4056930Z Test Case '-[RightClickCLITests.LocalOnboardingTests testConcurrentInstallerLockPreventsWrite]' passed (0.005 seconds).
2026-10-07T16:09:31.4058030Z Test Case '-[RightClickCLITests.LocalOnboardingTests testCreateHasExpectedStdioEntryAndPrivatePermissions]' started.
2026-10-07T16:09:31.4059180Z Test Case '-[RightClickCLITests.LocalOnboardingTests testCreateHasExpectedStdioEntryAndPrivatePermissions]' passed (0.006 seconds).
2026-10-07T16:09:31.4059930Z Test Case '-[RightClickCLITests.LocalOnboardingTests testDanglingSymlinkIsRejected]' started.
2026-10-07T16:09:31.4061420Z Test Case '-[RightClickCLITests.LocalOnboardingTests testDanglingSymlinkIsRejected]' passed (0.003 seconds).
2026-10-07T16:09:31.4062310Z Test Case '-[RightClickCLITests.LocalOnboardingTests testDeclineAndEOFDoNotChangeConfig]' started.
2026-10-07T16:09:31.4063140Z Test Case '-[RightClickCLITests.LocalOnboardingTests testDeclineAndEOFDoNotChangeConfig]' passed (0.006 seconds).
2026-10-07T16:09:31.4064080Z Test Case '-[RightClickCLITests.LocalOnboardingTests testDetectsOnlySupportedClientLocations]' started.
2026-10-07T16:09:31.4064980Z Test Case '-[RightClickCLITests.LocalOnboardingTests testDetectsOnlySupportedClientLocations]' passed (0.002 seconds).
2026-10-07T16:09:31.4066020Z Test Case '-[RightClickCLITests.LocalOnboardingTests testDifferentRightclickEntryNeverOverwrittenOrRemoved]' started.
2026-10-07T16:09:31.4067030Z Test Case '-[RightClickCLITests.LocalOnboardingTests testDifferentRightclickEntryNeverOverwrittenOrRemoved]' passed (0.014 seconds).
2026-10-07T16:09:31.4068360Z Test Case '-[RightClickCLITests.LocalOnboardingTests testDirectoryAtConfigPathIsRejected]' started.
2026-10-07T16:09:31.4069800Z Test Case '-[RightClickCLITests.LocalOnboardingTests testDirectoryAtConfigPathIsRejected]' passed (0.005 seconds).
2026-10-07T16:09:31.4070700Z Test Case '-[RightClickCLITests.LocalOnboardingTests testDisconnectAbsentConfigIsNoOp]' started.
2026-10-07T16:09:31.4071690Z Test Case '-[RightClickCLITests.LocalOnboardingTests testDisconnectAbsentConfigIsNoOp]' passed (0.005 seconds).
2026-10-07T16:09:31.4072480Z Test Case '-[RightClickCLITests.LocalOnboardingTests testDisconnectRemovesOnlyMatchingEntryAndKeepsLaterEdits]' started.
2026-10-07T16:09:31.4073740Z Test Case '-[RightClickCLITests.LocalOnboardingTests testDisconnectRemovesOnlyMatchingEntryAndKeepsLaterEdits]' passed (0.018 seconds).
2026-10-07T16:09:31.4074760Z Test Case '-[RightClickCLITests.LocalOnboardingTests testDryRunDoesNotWritePromptOrProbe]' started.
2026-10-07T16:09:31.4075690Z Test Case '-[RightClickCLITests.LocalOnboardingTests testDryRunDoesNotWritePromptOrProbe]' passed (0.004 seconds).
2026-10-07T16:09:31.4076640Z Test Case '-[RightClickCLITests.LocalOnboardingTests testDuplicateJSONKeysAreRejectedWithoutLosingData]' started.
2026-10-07T16:09:31.4077710Z Test Case '-[RightClickCLITests.LocalOnboardingTests testDuplicateJSONKeysAreRejectedWithoutLosingData]' passed (0.010 seconds).
2026-10-07T16:09:31.4079670Z Test Case '-[RightClickCLITests.LocalOnboardingTests testEquivalentLegacyEntryIsPreservedByteForByte]' started.
2026-10-07T16:09:31.4082440Z Test Case '-[RightClickCLITests.LocalOnboardingTests testEquivalentLegacyEntryIsPreservedByteForByte]' passed (0.005 seconds).
2026-10-07T16:09:31.4083280Z Test Case '-[RightClickCLITests.LocalOnboardingTests testFileAppearingAfterPreviewIsNotOverwritten]' started.
2026-10-07T16:09:31.4084110Z Test Case '-[RightClickCLITests.LocalOnboardingTests testFileAppearingAfterPreviewIsNotOverwritten]' passed (0.005 seconds).
2026-10-07T16:09:31.4085100Z Test Case '-[RightClickCLITests.LocalOnboardingTests testHardLinkedConfigIsRejected]' started.
2026-10-07T16:09:31.4085920Z Test Case '-[RightClickCLITests.LocalOnboardingTests testHardLinkedConfigIsRejected]' passed (0.004 seconds).
2026-10-07T16:09:31.4086680Z Test Case '-[RightClickCLITests.LocalOnboardingTests testHelpNeverProbesOrWrites]' started.
2026-10-07T16:09:31.4087370Z Test Case '-[RightClickCLITests.LocalOnboardingTests testHelpNeverProbesOrWrites]' passed (0.002 seconds).
2026-10-07T16:09:31.4088140Z Test Case '-[RightClickCLITests.LocalOnboardingTests testInteractiveYesAppliesOnlyAfterPrompt]' started.
2026-10-07T16:09:31.4088920Z Test Case '-[RightClickCLITests.LocalOnboardingTests testInteractiveYesAppliesOnlyAfterPrompt]' passed (0.010 seconds).
2026-10-07T16:09:31.4089690Z Test Case '-[RightClickCLITests.LocalOnboardingTests testInvalidRootAndMalformedJSONArePreserved]' started.
2026-10-07T16:09:31.4090570Z Test Case '-[RightClickCLITests.LocalOnboardingTests testInvalidRootAndMalformedJSONArePreserved]' passed (0.019 seconds).
2026-10-07T16:09:31.4092030Z Test Case '-[RightClickCLITests.LocalOnboardingTests testInvalidServerContainersArePreserved]' started.
2026-10-07T16:09:31.4092780Z Test Case '-[RightClickCLITests.LocalOnboardingTests testInvalidServerContainersArePreserved]' passed (0.017 seconds).
2026-10-07T16:09:31.4093700Z Test Case '-[RightClickCLITests.LocalOnboardingTests testJSONNeverPromptsEvenWithTerminal]' started.
2026-10-07T16:09:31.4094510Z Test Case '-[RightClickCLITests.LocalOnboardingTests testJSONNeverPromptsEvenWithTerminal]' passed (0.003 seconds).
2026-10-07T16:09:31.4095480Z Test Case '-[RightClickCLITests.LocalOnboardingTests testLocalSetupIgnoresSavedBridgeAndOtherClientFiles]' started.
2026-10-07T16:09:31.4096570Z Test Case '-[RightClickCLITests.LocalOnboardingTests testLocalSetupIgnoresSavedBridgeAndOtherClientFiles]' passed (0.023 seconds).
2026-10-07T16:09:31.4097620Z Test Case '-[RightClickCLITests.LocalOnboardingTests testMergePreservesOtherServersAndRootFieldsWithPrivateExactBackup]' started.
2026-10-07T16:09:31.4099180Z Test Case '-[RightClickCLITests.LocalOnboardingTests testMergePreservesOtherServersAndRootFieldsWithPrivateExactBackup]' passed (0.017 seconds).
2026-10-07T16:09:31.4100190Z Test Case '-[RightClickCLITests.LocalOnboardingTests testNestedJSONEscapesAndArraysAreAccepted]' started.
2026-10-07T16:09:31.4101150Z Test Case '-[RightClickCLITests.LocalOnboardingTests testNestedJSONEscapesAndArraysAreAccepted]' passed (0.010 seconds).
2026-10-07T16:09:31.4102090Z Test Case '-[RightClickCLITests.LocalOnboardingTests testNewPlanDoesNotCreateDirectories]' started.
2026-10-07T16:09:31.4103110Z Test Case '-[RightClickCLITests.LocalOnboardingTests testNewPlanDoesNotCreateDirectories]' passed (0.004 seconds).
2026-10-07T16:09:31.4104080Z Test Case '-[RightClickCLITests.LocalOnboardingTests testNoClientAndMissingExecutableDoNotWrite]' started.
2026-10-07T16:09:31.4105020Z Test Case '-[RightClickCLITests.LocalOnboardingTests testNoClientAndMissingExecutableDoNotWrite]' passed (0.013 seconds).
2026-10-07T16:09:31.4106080Z Test Case '-[RightClickCLITests.LocalOnboardingTests testNonInteractiveNeedsExplicitConsent]' started.
2026-10-07T16:09:31.4106960Z Test Case '-[RightClickCLITests.LocalOnboardingTests testNonInteractiveNeedsExplicitConsent]' passed (0.003 seconds).
2026-10-07T16:09:31.4109160Z Test Case '-[RightClickCLITests.LocalOnboardingTests testOptionsAcceptExplicitLocalPlan]' started.
2026-10-07T16:09:31.4110020Z Test Case '-[RightClickCLITests.LocalOnboardingTests testOptionsAcceptExplicitLocalPlan]' passed (0.001 seconds).
2026-10-07T16:09:31.4110930Z Test Case '-[RightClickCLITests.LocalOnboardingTests testOptionsRejectUnknownOrIncompleteArguments]' started.
2026-10-07T16:09:31.4111980Z Test Case '-[RightClickCLITests.LocalOnboardingTests testOptionsRejectUnknownOrIncompleteArguments]' passed (0.001 seconds).
2026-10-07T16:09:31.4112730Z Test Case '-[RightClickCLITests.LocalOnboardingTests testOversizedConfigIsRejected]' started.
2026-10-07T16:09:31.4114600Z Test Case '-[RightClickCLITests.LocalOnboardingTests testOversizedConfigIsRejected]' passed (0.085 seconds).
2026-10-07T16:09:31.4116730Z Test Case '-[RightClickCLITests.LocalOnboardingTests testProbeFailurePreventsConfigWrite]' started.
2026-10-07T16:09:31.4118800Z Test Case '-[RightClickCLITests.LocalOnboardingTests testProbeFailurePreventsConfigWrite]' passed (0.002 seconds).
2026-10-07T16:09:31.4121160Z Test Case '-[RightClickCLITests.LocalOnboardingTests testRejectsUnsafeExecutablePaths]' started.
2026-10-07T16:09:31.4123970Z Test Case '-[RightClickCLITests.LocalOnboardingTests testRejectsUnsafeExecutablePaths]' passed (0.000 seconds).
2026-10-07T16:09:31.4126420Z Test Case '-[RightClickCLITests.LocalOnboardingTests testSecondRunIsByteIdenticalWithoutAnotherBackup]' started.
2026-10-07T16:09:31.4128390Z Test Case '-[RightClickCLITests.LocalOnboardingTests testSecondRunIsByteIdenticalWithoutAnotherBackup]' passed (0.007 seconds).
2026-10-07T16:09:31.4129410Z Test Case '-[RightClickCLITests.LocalOnboardingTests testSuccessDoesNotClaimClientConnectionOrOutcomeAndDoesNotLeakConfigSecrets]' started.
2026-10-07T16:09:31.4133560Z Test Case '-[RightClickCLITests.LocalOnboardingTests testSuccessDoesNotClaimClientConnectionOrOutcomeAndDoesNotLeakConfigSecrets]' passed (0.005 seconds).
2026-10-07T16:09:31.5299870Z Test Case '-[RightClickCLITests.LocalOnboardingTests testSymlinkDirectoryIsRejected]' started.
2026-10-07T16:09:31.5305600Z Test Case '-[RightClickCLITests.LocalOnboardingTests testSymlinkDirectoryIsRejected]' passed (0.003 seconds).
2026-10-07T16:09:31.5313880Z Test Case '-[RightClickCLITests.LocalOnboardingTests testSymlinkFileIsRejected]' started.
2026-10-07T16:09:31.5317730Z Test Case '-[RightClickCLITests.LocalOnboardingTests testSymlinkFileIsRejected]' passed (0.002 seconds).
2026-10-07T16:09:31.5321990Z Test Suite 'LocalOnboardingTests' passed at 2026-10-07 16:09:31.395.
2026-10-07T16:09:31.5324040Z 	 Executed 37 tests, with 0 failures (0 unexpected) in 0.335 (0.346) seconds
2026-10-07T16:09:31.5344370Z Test Suite 'MCPInitializationCompatibilityTests' started at 2026-10-07 16:09:31.395.
2026-10-07T16:09:31.5348960Z Test Case '-[RightClickMCPTests.MCPInitializationCompatibilityTests testOtherMessagesAndMalformedCapabilityShapesAreNotRewritten]' started.
2026-10-07T16:09:31.5356240Z Test Case '-[RightClickMCPTests.MCPInitializationCompatibilityTests testOtherMessagesAndMalformedCapabilityShapesAreNotRewritten]' passed (0.000 seconds).
2026-10-07T16:09:31.5357660Z Test Case '-[RightClickMCPTests.MCPInitializationCompatibilityTests testRealClientObjectExtensionDoesNotPreventSupportedHandshake]' started.
2026-10-07T16:09:31.5360730Z Test Case '-[RightClickMCPTests.MCPInitializationCompatibilityTests testRealClientObjectExtensionDoesNotPreventSupportedHandshake]' passed (0.005 seconds).
2026-10-07T16:09:31.5361990Z Test Suite 'MCPInitializationCompatibilityTests' passed at 2026-10-07 16:09:31.400.
2026-10-07T16:09:31.5362910Z 	 Executed 2 tests, with 0 failures (0 unexpected) in 0.005 (0.006) seconds
2026-10-07T16:09:31.5363520Z Test Suite 'MOAT004G1AcquisitionTests' started at 2026-10-07 16:09:31.400.
2026-10-07T16:09:31.5364550Z Test Case '-[RightClickCoreTests.MOAT004G1AcquisitionTests testExactFrozenGitHubSpecificationLoadsThroughOpenAPISpecificBound]' started.
2026-10-07T16:09:31.5366550Z /Users/runner/work/rightclick/rightclick/Tests/RightClickCoreTests/MOAT004G1AcquisitionTests.swift:320: -[RightClickCoreTests.MOAT004G1AcquisitionTests testExactFrozenGitHubSpecificationLoadsThroughOpenAPISpecificBound] : Test skipped - MOAT004_G1_SPEC_URL and MOAT004_G1_SPEC_SHA256 required.
2026-10-07T16:09:31.5368520Z Test Case '-[RightClickCoreTests.MOAT004G1AcquisitionTests testExactFrozenGitHubSpecificationLoadsThroughOpenAPISpecificBound]' skipped (0.001 seconds).
2026-10-07T16:09:31.5370910Z Test Case '-[RightClickCoreTests.MOAT004G1AcquisitionTests testFrozenBoundsRemainExplicit]' started.
2026-10-07T16:09:31.5371670Z Test Case '-[RightClickCoreTests.MOAT004G1AcquisitionTests testFrozenBoundsRemainExplicit]' passed (0.001 seconds).
2026-10-07T16:09:31.5372800Z Test Case '-[RightClickCoreTests.MOAT004G1AcquisitionTests testGenericDefaultLoaderStillRejectsOneByteOverOneMiB]' started.
2026-10-07T16:09:31.5373850Z Test Case '-[RightClickCoreTests.MOAT004G1AcquisitionTests testGenericDefaultLoaderStillRejectsOneByteOverOneMiB]' passed (0.005 seconds).
2026-10-07T16:09:31.5374940Z Test Case '-[RightClickCoreTests.MOAT004G1AcquisitionTests testOpenAPISpecificationLoaderAcceptsFrozenGitHubSize]' started.
2026-10-07T16:09:31.5375900Z Test Case '-[RightClickCoreTests.MOAT004G1AcquisitionTests testOpenAPISpecificationLoaderAcceptsFrozenGitHubSize]' passed (0.009 seconds).
2026-10-07T16:09:31.5377030Z Test Case '-[RightClickCoreTests.MOAT004G1AcquisitionTests testOpenAPISpecificationLoaderRejectsOneByteOverSixteenMiB]' started.
2026-10-07T16:09:31.5378320Z Test Case '-[RightClickCoreTests.MOAT004G1AcquisitionTests testOpenAPISpecificationLoaderRejectsOneByteOverSixteenMiB]' passed (0.008 seconds).
2026-10-07T16:09:31.5380010Z Test Case '-[RightClickCoreTests.MOAT004G1AcquisitionTests testOpenAPISpecificationLoaderRejectsRedirectResponse]' started.
2026-10-07T16:09:31.5381120Z Test Case '-[RightClickCoreTests.MOAT004G1AcquisitionTests testOpenAPISpecificationLoaderRejectsRedirectResponse]' passed (0.001 seconds).
2026-10-07T16:09:31.5381900Z Test Suite 'MOAT004G1AcquisitionTests' passed at 2026-10-07 16:09:31.427.
2026-10-07T16:09:31.5383440Z 	 Executed 6 tests, with 1 test skipped and 0 failures (0 unexpected) in 0.025 (0.027) seconds
2026-10-07T16:09:31.5383990Z Test Suite 'MOAT004G2SplitOriginTests' started at 2026-10-07 16:09:31.427.
2026-10-07T16:09:31.5431930Z Test Case '-[RightClickCoreTests.MOAT004G2SplitOriginTests testAbsoluteHTTPSModeLoadsSpecificationFromIndependentOriginAndReflectsBaseOrigin]' started.
2026-10-07T16:09:31.5433280Z Test Case '-[RightClickCoreTests.MOAT004G2SplitOriginTests testAbsoluteHTTPSModeLoadsSpecificationFromIndependentOriginAndReflectsBaseOrigin]' passed (0.004 seconds).
2026-10-07T16:09:31.5434400Z Test Case '-[RightClickCoreTests.MOAT004G2SplitOriginTests testAbsoluteModeRequiresBothSpecificationAndBaseURLs]' started.
2026-10-07T16:09:31.5435910Z Test Case '-[RightClickCoreTests.MOAT004G2SplitOriginTests testAbsoluteModeRequiresBothSpecificationAndBaseURLs]' passed (0.001 seconds).
2026-10-07T16:09:31.5436930Z Test Case '-[RightClickCoreTests.MOAT004G2SplitOriginTests testAbsoluteModeRequiresHTTPS]' started.
2026-10-07T16:09:31.5518090Z Test Case '-[RightClickCoreTests.MOAT004G2SplitOriginTests testAbsoluteModeRequiresHTTPS]' passed (0.000 seconds).
2026-10-07T16:09:31.5546740Z Test Case '-[RightClickCoreTests.MOAT004G2SplitOriginTests testDeclaredLiteralServerMustMatchAdvertisedExecutionBase]' started.
2026-10-07T16:09:31.5548090Z Test Case '-[RightClickCoreTests.MOAT004G2SplitOriginTests testDeclaredLiteralServerMustMatchAdvertisedExecutionBase]' passed (0.000 seconds).
2026-10-07T16:09:31.5549170Z Test Case '-[RightClickCoreTests.MOAT004G2SplitOriginTests testExactFrozenGitHubContractAcceptsSplitOriginButTargetRemainsOutsideG2]' started.
2026-10-07T16:09:31.5550930Z /Users/runner/work/rightclick/rightclick/Tests/RightClickCoreTests/MOAT004G2SplitOriginTests.swift:646: -[RightClickCoreTests.MOAT004G2SplitOriginTests testExactFrozenGitHubContractAcceptsSplitOriginButTargetRemainsOutsideG2] : Test skipped - MOAT004_G2_SPEC_PATH and MOAT004_G2_SPEC_URL required.
2026-10-07T16:09:31.5553610Z Test Case '-[RightClickCoreTests.MOAT004G2SplitOriginTests testExactFrozenGitHubContractAcceptsSplitOriginButTargetRemainsOutsideG2]' skipped (0.001 seconds).
2026-10-07T16:09:31.5555320Z Test Case '-[RightClickCoreTests.MOAT004G2SplitOriginTests testLegacyRelativeAdvertisementModeRemainsSupported]' started.
2026-10-07T16:09:31.5556590Z Test Case '-[RightClickCoreTests.MOAT004G2SplitOriginTests testLegacyRelativeAdvertisementModeRemainsSupported]' passed (0.001 seconds).
2026-10-07T16:09:31.5557890Z Test Case '-[RightClickCoreTests.MOAT004G2SplitOriginTests testLiteralServerAndExecutionBaseCanonicalizeBeforeComparison]' started.
2026-10-07T16:09:31.5559250Z Test Case '-[RightClickCoreTests.MOAT004G2SplitOriginTests testLiteralServerAndExecutionBaseCanonicalizeBeforeComparison]' passed (0.001 seconds).
2026-10-07T16:09:31.5560630Z Test Case '-[RightClickCoreTests.MOAT004G2SplitOriginTests testMixedLegacyAndAbsoluteAdvertisementModesAreRejected]' started.
2026-10-07T16:09:31.5561630Z Test Case '-[RightClickCoreTests.MOAT004G2SplitOriginTests testMixedLegacyAndAbsoluteAdvertisementModesAreRejected]' passed (0.000 seconds).
2026-10-07T16:09:31.5562710Z Test Case '-[RightClickCoreTests.MOAT004G2SplitOriginTests testServerVariablesRemainUnsupported]' started.
2026-10-07T16:09:31.5563560Z Test Case '-[RightClickCoreTests.MOAT004G2SplitOriginTests testServerVariablesRemainUnsupported]' passed (0.000 seconds).
2026-10-07T16:09:31.5564410Z Test Suite 'MOAT004G2SplitOriginTests' passed at 2026-10-07 16:09:31.439.
2026-10-07T16:09:31.5565080Z 	 Executed 9 tests, with 1 test skipped and 0 failures (0 unexpected) in 0.010 (0.012) seconds
2026-10-07T16:09:31.5566310Z Test Suite 'MOAT004G3ZeroArgumentGETTests' started at 2026-10-07 16:09:31.439.
2026-10-07T16:09:31.5567940Z Test Case '-[RightClickCoreTests.MOAT004G3ZeroArgumentGETTests testAbsentOperationParametersReflectsZeroArgumentGETWithoutArgumentsSchema]' started.
2026-10-07T16:09:31.5569150Z Test Case '-[RightClickCoreTests.MOAT004G3ZeroArgumentGETTests testAbsentOperationParametersReflectsZeroArgumentGETWithoutArgumentsSchema]' passed (0.002 seconds).
2026-10-07T16:09:31.5570530Z Test Case '-[RightClickCoreTests.MOAT004G3ZeroArgumentGETTests testExistingRequiredStringPathGETRemainsSupported]' started.
2026-10-07T16:09:31.5571640Z Test Case '-[RightClickCoreTests.MOAT004G3ZeroArgumentGETTests testExistingRequiredStringPathGETRemainsSupported]' passed (0.001 seconds).
2026-10-07T16:09:31.5573930Z Test Case '-[RightClickCoreTests.MOAT004G3ZeroArgumentGETTests testExplicitEmptyOperationParametersAlsoReflectZeroArgumentGET]' started.
2026-10-07T16:09:31.5575630Z Test Case '-[RightClickCoreTests.MOAT004G3ZeroArgumentGETTests testExplicitEmptyOperationParametersAlsoReflectZeroArgumentGET]' passed (0.001 seconds).
2026-10-07T16:09:31.5579450Z Test Case '-[RightClickCoreTests.MOAT004G3ZeroArgumentGETTests testFrozenGitHubAuthenticatedUserStillDoesNotReflectUntilG4]' started.
2026-10-07T16:09:31.5581590Z /Users/runner/work/rightclick/rightclick/Tests/RightClickCoreTests/MOAT004G3ZeroArgumentGETTests.swift:704: -[RightClickCoreTests.MOAT004G3ZeroArgumentGETTests testFrozenGitHubAuthenticatedUserStillDoesNotReflectUntilG4] : Test skipped - MOAT004_G3_SPEC_PATH required.
2026-10-07T16:09:31.5583320Z Test Case '-[RightClickCoreTests.MOAT004G3ZeroArgumentGETTests testFrozenGitHubAuthenticatedUserStillDoesNotReflectUntilG4]' skipped (0.001 seconds).
2026-10-07T16:09:31.5584780Z Test Case '-[RightClickCoreTests.MOAT004G3ZeroArgumentGETTests testGETWithRequestBodyDoesNotBecomeZeroArgumentGET]' started.
2026-10-07T16:09:31.5590370Z Test Case '-[RightClickCoreTests.MOAT004G3ZeroArgumentGETTests testGETWithRequestBodyDoesNotBecomeZeroArgumentGET]' passed (0.002 seconds).
2026-10-07T16:09:31.5594330Z Test Case '-[RightClickCoreTests.MOAT004G3ZeroArgumentGETTests testPathLevelParametersDoNotBecomeZeroArgumentGET]' started.
2026-10-07T16:09:31.5596820Z Test Case '-[RightClickCoreTests.MOAT004G3ZeroArgumentGETTests testPathLevelParametersDoNotBecomeZeroArgumentGET]' passed (0.002 seconds).
2026-10-07T16:09:31.5599180Z Test Case '-[RightClickCoreTests.MOAT004G3ZeroArgumentGETTests testQueryParameterGETDoesNotBecomeZeroArgumentGET]' started.
2026-10-07T16:09:31.5601530Z Test Case '-[RightClickCoreTests.MOAT004G3ZeroArgumentGETTests testQueryParameterGETDoesNotBecomeZeroArgumentGET]' passed (0.001 seconds).
2026-10-07T16:09:31.5603970Z Test Case '-[RightClickCoreTests.MOAT004G3ZeroArgumentGETTests testZeroArgumentGETExecutesWithoutBodyOrContentType]' started.
2026-10-07T16:09:31.5607440Z Test Case '-[RightClickCoreTests.MOAT004G3ZeroArgumentGETTests testZeroArgumentGETExecutesWithoutBodyOrContentType]' passed (0.010 seconds).
2026-10-07T16:09:31.5612660Z Test Case '-[RightClickCoreTests.MOAT004G3ZeroArgumentGETTests testZeroArgumentGETRejectsUnexpectedArgumentsBeforeTransport]' started.
2026-10-07T16:09:31.5616770Z Test Case '-[RightClickCoreTests.MOAT004G3ZeroArgumentGETTests testZeroArgumentGETRejectsUnexpectedArgumentsBeforeTransport]' passed (0.010 seconds).
2026-10-07T16:09:31.5619970Z Test Suite 'MOAT004G3ZeroArgumentGETTests' passed at 2026-10-07 16:09:31.470.
2026-10-07T16:09:31.5621390Z 	 Executed 9 tests, with 1 test skipped and 0 failures (0 unexpected) in 0.030 (0.032) seconds
2026-10-07T16:09:31.5622690Z Test Suite 'MOAT004G4JSONSyntaxFallbackTests' started at 2026-10-07 16:09:31.471.
2026-10-07T16:09:31.5625540Z Test Case '-[RightClickCoreTests.MOAT004G4JSONSyntaxFallbackTests testFrozenGitHubUserReflectsForFirstTimeButHasNoExternalAuthorityYet]' started.
2026-10-07T16:09:31.5632810Z /Users/runner/work/rightclick/rightclick/Tests/RightClickCoreTests/MOAT004G4JSONSyntaxFallbackTests.swift:749: -[RightClickCoreTests.MOAT004G4JSONSyntaxFallbackTests testFrozenGitHubUserReflectsForFirstTimeButHasNoExternalAuthorityYet] : Test skipped - MOAT004_G4_SPEC_PATH required.
2026-10-07T16:09:31.5635220Z Test Case '-[RightClickCoreTests.MOAT004G4JSONSyntaxFallbackTests testFrozenGitHubUserReflectsForFirstTimeButHasNoExternalAuthorityYet]' skipped (0.007 seconds).
2026-10-07T16:09:31.5638460Z Test Case '-[RightClickCoreTests.MOAT004G4JSONSyntaxFallbackTests testGETWithoutDeclaredJSONSchemaStillAbstains]' started.
2026-10-07T16:09:31.5643080Z Test Case '-[RightClickCoreTests.MOAT004G4JSONSyntaxFallbackTests testGETWithoutDeclaredJSONSchemaStillAbstains]' passed (0.004 seconds).
2026-10-07T16:09:31.5647350Z Test Case '-[RightClickCoreTests.MOAT004G4JSONSyntaxFallbackTests testMutatingOperationWithUnsupportedJSONResponseUsesSyntaxOnlyMetadata]' started.
2026-10-07T16:09:31.5653520Z Test Case '-[RightClickCoreTests.MOAT004G4JSONSyntaxFallbackTests testMutatingOperationWithUnsupportedJSONResponseUsesSyntaxOnlyMetadata]' passed (0.003 seconds).
2026-10-07T16:09:31.5657120Z Test Case '-[RightClickCoreTests.MOAT004G4JSONSyntaxFallbackTests testStrongClosedResponseSchemaRemainsPreferred]' started.
2026-10-07T16:09:31.5659170Z Test Case '-[RightClickCoreTests.MOAT004G4JSONSyntaxFallbackTests testStrongClosedResponseSchemaRemainsPreferred]' passed (0.003 seconds).
2026-10-07T16:09:31.5663060Z Test Case '-[RightClickCoreTests.MOAT004G4JSONSyntaxFallbackTests testSyntaxOnlyGETAcceptsAndCanonicalizesValidJSON]' started.
2026-10-07T16:09:31.5666350Z Test Case '-[RightClickCoreTests.MOAT004G4JSONSyntaxFallbackTests testSyntaxOnlyGETAcceptsAndCanonicalizesValidJSON]' passed (0.010 seconds).
2026-10-07T16:09:31.5667250Z Test Case '-[RightClickCoreTests.MOAT004G4JSONSyntaxFallbackTests testSyntaxOnlyGETRejectsInvalidJSON]' started.
2026-10-07T16:09:31.5668130Z Test Case '-[RightClickCoreTests.MOAT004G4JSONSyntaxFallbackTests testSyntaxOnlyGETRejectsInvalidJSON]' passed (0.010 seconds).
2026-10-07T16:09:31.5669020Z Test Case '-[RightClickCoreTests.MOAT004G4JSONSyntaxFallbackTests testSyntaxOnlyGETStillRequiresApplicationJSONContentType]' started.
2026-10-07T16:09:31.5670170Z Test Case '-[RightClickCoreTests.MOAT004G4JSONSyntaxFallbackTests testSyntaxOnlyGETStillRequiresApplicationJSONContentType]' passed (0.010 seconds).
2026-10-07T16:09:31.5671210Z Test Case '-[RightClickCoreTests.MOAT004G4JSONSyntaxFallbackTests testUnsupportedDeclaredJSONSchemaReflectsGETWithSyntaxOnlyMetadata]' started.
2026-10-07T16:09:31.5672220Z Test Case '-[RightClickCoreTests.MOAT004G4JSONSyntaxFallbackTests testUnsupportedDeclaredJSONSchemaReflectsGETWithSyntaxOnlyMetadata]' passed (0.002 seconds).
2026-10-07T16:09:31.5673400Z Test Suite 'MOAT004G4JSONSyntaxFallbackTests' passed at 2026-10-07 16:09:31.523.
2026-10-07T16:09:31.5675410Z 	 Executed 8 tests, with 1 test skipped and 0 failures (0 unexpected) in 0.050 (0.052) seconds
2026-10-07T16:09:31.5676060Z Test Suite 'MOAT004G5ExternalBearerAuthorityTests' started at 2026-10-07 16:09:31.523.
2026-10-07T16:09:31.5678560Z Test Case '-[RightClickCoreTests.MOAT004G5ExternalBearerAuthorityTests testChangingExternalAuthoritySchemeChangesCapabilityIdentity]' started.
2026-10-07T16:09:31.5682560Z /Users/runner/work/rightclick/rightclick/Tests/RightClickCoreTests/MOAT004G5ExternalBearerAuthorityTests.swift:73: -[RightClickCoreTests.MOAT004G5ExternalBearerAuthorityTests testChangingExternalAuthoritySchemeChangesCapabilityIdentity] : Test skipped - MOAT004_G5_FIXTURE_PORT required.
2026-10-07T16:09:31.5689890Z Test Case '-[RightClickCoreTests.MOAT004G5ExternalBearerAuthorityTests testChangingExternalAuthoritySchemeChangesCapabilityIdentity]' skipped (0.002 seconds).
2026-10-07T16:09:31.5692490Z Test Case '-[RightClickCoreTests.MOAT004G5ExternalBearerAuthorityTests testContractDeclaredBearerTakesPrecedenceOverExternalFallback]' started.
2026-10-07T16:09:31.5695960Z /Users/runner/work/rightclick/rightclick/Tests/RightClickCoreTests/MOAT004G5ExternalBearerAuthorityTests.swift:73: -[RightClickCoreTests.MOAT004G5ExternalBearerAuthorityTests testContractDeclaredBearerTakesPrecedenceOverExternalFallback] : Test skipped - MOAT004_G5_FIXTURE_PORT required.
2026-10-07T16:09:31.5698830Z Test Case '-[RightClickCoreTests.MOAT004G5ExternalBearerAuthorityTests testContractDeclaredBearerTakesPrecedenceOverExternalFallback]' skipped (0.000 seconds).
2026-10-07T16:09:31.5699770Z Test Case '-[RightClickCoreTests.MOAT004G5ExternalBearerAuthorityTests testCredentialForDifferentOriginIsNotUsed]' started.
2026-10-07T16:09:31.5700970Z /Users/runner/work/rightclick/rightclick/Tests/RightClickCoreTests/MOAT004G5ExternalBearerAuthorityTests.swift:73: -[RightClickCoreTests.MOAT004G5ExternalBearerAuthorityTests testCredentialForDifferentOriginIsNotUsed] : Test skipped - MOAT004_G5_FIXTURE_PORT required.
2026-10-07T16:09:31.5702310Z Test Case '-[RightClickCoreTests.MOAT004G5ExternalBearerAuthorityTests testCredentialForDifferentOriginIsNotUsed]' skipped (0.000 seconds).
2026-10-07T16:09:31.5703280Z Test Case '-[RightClickCoreTests.MOAT004G5ExternalBearerAuthorityTests testExplicitEmptyOperationSecurityRemainsPublic]' started.
2026-10-07T16:09:31.5704970Z /Users/runner/work/rightclick/rightclick/Tests/RightClickCoreTests/MOAT004G5ExternalBearerAuthorityTests.swift:73: -[RightClickCoreTests.MOAT004G5ExternalBearerAuthorityTests testExplicitEmptyOperationSecurityRemainsPublic] : Test skipped - MOAT004_G5_FIXTURE_PORT required.
2026-10-07T16:09:31.5707920Z Test Case '-[RightClickCoreTests.MOAT004G5ExternalBearerAuthorityTests testExplicitEmptyOperationSecurityRemainsPublic]' skipped (0.000 seconds).
2026-10-07T16:09:31.5710310Z Test Case '-[RightClickCoreTests.MOAT004G5ExternalBearerAuthorityTests testExplicitEmptyRootSecurityRemainsPublic]' started.
2026-10-07T16:09:31.5713880Z /Users/runner/work/rightclick/rightclick/Tests/RightClickCoreTests/MOAT004G5ExternalBearerAuthorityTests.swift:73: -[RightClickCoreTests.MOAT004G5ExternalBearerAuthorityTests testExplicitEmptyRootSecurityRemainsPublic] : Test skipped - MOAT004_G5_FIXTURE_PORT required.
2026-10-07T16:09:31.5720720Z Test Case '-[RightClickCoreTests.MOAT004G5ExternalBearerAuthorityTests testExplicitEmptyRootSecurityRemainsPublic]' skipped (0.000 seconds).
2026-10-07T16:09:31.5721890Z Test Case '-[RightClickCoreTests.MOAT004G5ExternalBearerAuthorityTests testExternalBearerMetadataBindsToExecutionOriginWithoutSecret]' started.
2026-10-07T16:09:31.5723250Z /Users/runner/work/rightclick/rightclick/Tests/RightClickCoreTests/MOAT004G5ExternalBearerAuthorityTests.swift:73: -[RightClickCoreTests.MOAT004G5ExternalBearerAuthorityTests testExternalBearerMetadataBindsToExecutionOriginWithoutSecret] : Test skipped - MOAT004_G5_FIXTURE_PORT required.
2026-10-07T16:09:31.5729060Z Test Case '-[RightClickCoreTests.MOAT004G5ExternalBearerAuthorityTests testExternalBearerMetadataBindsToExecutionOriginWithoutSecret]' skipped (0.000 seconds).
2026-10-07T16:09:31.5731750Z Test Case '-[RightClickCoreTests.MOAT004G5ExternalBearerAuthorityTests testExternalBearerUsesExistingOriginBoundKeychainStore]' started.
2026-10-07T16:09:31.5735380Z /Users/runner/work/rightclick/rightclick/Tests/RightClickCoreTests/MOAT004G5ExternalBearerAuthorityTests.swift:73: -[RightClickCoreTests.MOAT004G5ExternalBearerAuthorityTests testExternalBearerUsesExistingOriginBoundKeychainStore] : Test skipped - MOAT004_G5_FIXTURE_PORT required.
2026-10-07T16:09:31.5739690Z Test Case '-[RightClickCoreTests.MOAT004G5ExternalBearerAuthorityTests testExternalBearerUsesExistingOriginBoundKeychainStore]' skipped (0.000 seconds).
2026-10-07T16:09:31.5742190Z Test Case '-[RightClickCoreTests.MOAT004G5ExternalBearerAuthorityTests testFrozenGitHubUserCarriesGenericExternalBearerAuthority]' started.
2026-10-07T16:09:39.4515870Z /Users/runner/work/rightclick/rightclick/Tests/RightClickCoreTests/MOAT004G5ExternalBearerAuthorityTests.swift:956: -[RightClickCoreTests.MOAT004G5ExternalBearerAuthorityTests testFrozenGitHubUserCarriesGenericExternalBearerAuthority] : Test skipped - MOAT004_G5_SPEC_PATH required.
2026-10-07T16:09:39.4518550Z Test Case '-[RightClickCoreTests.MOAT004G5ExternalBearerAuthorityTests testFrozenGitHubUserCarriesGenericExternalBearerAuthority]' skipped (0.002 seconds).
2026-10-07T16:09:39.4522090Z Test Case '-[RightClickCoreTests.MOAT004G5ExternalBearerAuthorityTests testInvalidExternalAuthoritySchemeMetadataIsRejectedBeforeFetch]' started.
2026-10-07T16:09:39.4523830Z /Users/runner/work/rightclick/rightclick/Tests/RightClickCoreTests/MOAT004G5ExternalBearerAuthorityTests.swift:73: -[RightClickCoreTests.MOAT004G5ExternalBearerAuthorityTests testInvalidExternalAuthoritySchemeMetadataIsRejectedBeforeFetch] : Test skipped - MOAT004_G5_FIXTURE_PORT required.
2026-10-07T16:09:39.4527220Z Test Case '-[RightClickCoreTests.MOAT004G5ExternalBearerAuthorityTests testInvalidExternalAuthoritySchemeMetadataIsRejectedBeforeFetch]' skipped (0.000 seconds).
2026-10-07T16:09:39.4530700Z Test Case '-[RightClickCoreTests.MOAT004G5ExternalBearerAuthorityTests testMissingExternalBearerFailsBeforeProviderTransport]' started.
2026-10-07T16:09:39.4535710Z /Users/runner/work/rightclick/rightclick/Tests/RightClickCoreTests/MOAT004G5ExternalBearerAuthorityTests.swift:73: -[RightClickCoreTests.MOAT004G5ExternalBearerAuthorityTests testMissingExternalBearerFailsBeforeProviderTransport] : Test skipped - MOAT004_G5_FIXTURE_PORT required.
2026-10-07T16:09:39.4537800Z Test Case '-[RightClickCoreTests.MOAT004G5ExternalBearerAuthorityTests testMissingExternalBearerFailsBeforeProviderTransport]' skipped (0.001 seconds).
2026-10-07T16:09:39.4541130Z Test Case '-[RightClickCoreTests.MOAT004G5ExternalBearerAuthorityTests testUnsupportedDeclaredSecurityStillAbstains]' started.
2026-10-07T16:09:39.4544250Z /Users/runner/work/rightclick/rightclick/Tests/RightClickCoreTests/MOAT004G5ExternalBearerAuthorityTests.swift:73: -[RightClickCoreTests.MOAT004G5ExternalBearerAuthorityTests testUnsupportedDeclaredSecurityStillAbstains] : Test skipped - MOAT004_G5_FIXTURE_PORT required.
2026-10-07T16:09:39.4546400Z Test Case '-[RightClickCoreTests.MOAT004G5ExternalBearerAuthorityTests testUnsupportedDeclaredSecurityStillAbstains]' skipped (0.000 seconds).
2026-10-07T16:09:39.4547260Z Test Suite 'MOAT004G5ExternalBearerAuthorityTests' passed at 2026-10-07 16:09:31.532.
2026-10-07T16:09:39.4547940Z 	 Executed 11 tests, with 11 tests skipped and 0 failures (0 unexpected) in 0.007 (0.009) seconds
2026-10-07T16:09:39.4548680Z Test Suite 'MOAT004G6RealGitHubAuthenticatedCompatibilityTests' started at 2026-10-07 16:09:31.532.
2026-10-07T16:09:39.4550780Z Test Case '-[RightClickCoreTests.MOAT004G6RealGitHubAuthenticatedCompatibilityTests testFrozenOfficialContractDiscoversExactAuthenticatedUserCapability]' started.
2026-10-07T16:09:39.4552740Z /Users/runner/work/rightclick/rightclick/Tests/RightClickCoreTests/MOAT004G6RealGitHubAuthenticatedCompatibilityTests.swift:21: -[RightClickCoreTests.MOAT004G6RealGitHubAuthenticatedCompatibilityTests testFrozenOfficialContractDiscoversExactAuthenticatedUserCapability] : Test skipped - MOAT004_G6_SPEC_URL required.
2026-10-07T16:09:39.4556520Z Test Case '-[RightClickCoreTests.MOAT004G6RealGitHubAuthenticatedCompatibilityTests testFrozenOfficialContractDiscoversExactAuthenticatedUserCapability]' skipped (0.000 seconds).
2026-10-07T16:09:39.4558230Z Test Case '-[RightClickCoreTests.MOAT004G6RealGitHubAuthenticatedCompatibilityTests testRealAuthenticatedGitHubUserMatchesIndependentControl]' started.
2026-10-07T16:09:39.4561470Z /Users/runner/work/rightclick/rightclick/Tests/RightClickCoreTests/MOAT004G6RealGitHubAuthenticatedCompatibilityTests.swift:21: -[RightClickCoreTests.MOAT004G6RealGitHubAuthenticatedCompatibilityTests testRealAuthenticatedGitHubUserMatchesIndependentControl] : Test skipped - MOAT004_G6_EXPECTED_LOGIN required.
2026-10-07T16:09:39.4563550Z Test Case '-[RightClickCoreTests.MOAT004G6RealGitHubAuthenticatedCompatibilityTests testRealAuthenticatedGitHubUserMatchesIndependentControl]' skipped (0.000 seconds).
2026-10-07T16:09:39.4564810Z Test Suite 'MOAT004G6RealGitHubAuthenticatedCompatibilityTests' passed at 2026-10-07 16:09:31.533.
2026-10-07T16:09:39.4566980Z 	 Executed 2 tests, with 2 tests skipped and 0 failures (0 unexpected) in 0.001 (0.001) seconds
2026-10-07T16:09:39.4569630Z Test Suite 'MOAT005G1PathAndJSONBodyTests' started at 2026-10-07 16:09:31.533.
2026-10-07T16:09:39.4571460Z Test Case '-[RightClickCoreTests.MOAT005G1PathAndJSONBodyTests testCombinedContractRejectsUnknownArgumentBeforeTransport]' started.
2026-10-07T16:09:39.4573910Z Test Case '-[RightClickCoreTests.MOAT005G1PathAndJSONBodyTests testCombinedContractRejectsUnknownArgumentBeforeTransport]' passed (0.006 seconds).
2026-10-07T16:09:39.4576310Z Test Case '-[RightClickCoreTests.MOAT005G1PathAndJSONBodyTests testPathAndBodyNameCollisionAbstains]' started.
2026-10-07T16:09:39.4579440Z Test Case '-[RightClickCoreTests.MOAT005G1PathAndJSONBodyTests testPathAndBodyNameCollisionAbstains]' passed (0.002 seconds).
2026-10-07T16:09:39.4582100Z Test Case '-[RightClickCoreTests.MOAT005G1PathAndJSONBodyTests testPathAndJSONBodyPartitionsArgumentsBeforeTransport]' started.
2026-10-07T16:09:39.4584720Z Test Case '-[RightClickCoreTests.MOAT005G1PathAndJSONBodyTests testPathAndJSONBodyPartitionsArgumentsBeforeTransport]' passed (0.014 seconds).
2026-10-07T16:09:39.4589420Z Test Case '-[RightClickCoreTests.MOAT005G1PathAndJSONBodyTests testPathAndJSONBodyReflectOneCombinedClosedArgumentSchema]' started.
2026-10-07T16:09:39.4590910Z Test Case '-[RightClickCoreTests.MOAT005G1PathAndJSONBodyTests testPathAndJSONBodyReflectOneCombinedClosedArgumentSchema]' passed (0.002 seconds).
2026-10-07T16:09:39.4591970Z Test Suite 'MOAT005G1PathAndJSONBodyTests' passed at 2026-10-07 16:09:31.558.
2026-10-07T16:09:39.4592650Z 	 Executed 4 tests, with 0 failures (0 unexpected) in 0.024 (0.025) seconds
2026-10-07T16:09:39.4593250Z Test Suite 'MOAT005G2MultiplePathArgumentsTests' started at 2026-10-07 16:09:31.559.
2026-10-07T16:09:39.4594010Z Test Case '-[RightClickCoreTests.MOAT005G2MultiplePathArgumentsTests testDuplicatePathParameterNamesAbstain]' started.
2026-10-07T16:09:39.4595330Z Test Case '-[RightClickCoreTests.MOAT005G2MultiplePathArgumentsTests testDuplicatePathParameterNamesAbstain]' passed (0.003 seconds).
2026-10-07T16:09:39.4596440Z Test Case '-[RightClickCoreTests.MOAT005G2MultiplePathArgumentsTests testMissingOneRequiredPathArgumentFailsBeforeTransport]' started.
2026-10-07T16:09:39.4598000Z Test Case '-[RightClickCoreTests.MOAT005G2MultiplePathArgumentsTests testMissingOneRequiredPathArgumentFailsBeforeTransport]' passed (0.009 seconds).
2026-10-07T16:09:39.4599490Z Test Case '-[RightClickCoreTests.MOAT005G2MultiplePathArgumentsTests testMultiplePathArgumentsReflectInCombinedSchema]' started.
2026-10-07T16:09:39.4600680Z Test Case '-[RightClickCoreTests.MOAT005G2MultiplePathArgumentsTests testMultiplePathArgumentsReflectInCombinedSchema]' passed (0.003 seconds).
2026-10-07T16:09:39.4603080Z Test Case '-[RightClickCoreTests.MOAT005G2MultiplePathArgumentsTests testMultiplePathArgumentsSubstituteAndPartition]' started.
2026-10-07T16:09:39.4604350Z Test Case '-[RightClickCoreTests.MOAT005G2MultiplePathArgumentsTests testMultiplePathArgumentsSubstituteAndPartition]' passed (0.010 seconds).
2026-10-07T16:09:39.4605590Z Test Suite 'MOAT005G2MultiplePathArgumentsTests' passed at 2026-10-07 16:09:31.585.
2026-10-07T16:09:39.4606210Z 	 Executed 4 tests, with 0 failures (0 unexpected) in 0.025 (0.026) seconds
2026-10-07T16:09:39.4606720Z Test Suite 'MOAT005G3GitHubRequestSchemaTests' started at 2026-10-07 16:09:31.585.
2026-10-07T16:09:39.4609130Z Test Case '-[RightClickCoreTests.MOAT005G3GitHubRequestSchemaTests testFrozenGitHubRequestSchemaReflectsThroughSafeNarrowing]' started.
2026-10-07T16:09:39.4611140Z Test Case '-[RightClickCoreTests.MOAT005G3GitHubRequestSchemaTests testFrozenGitHubRequestSchemaReflectsThroughSafeNarrowing]' passed (0.003 seconds).
2026-10-07T16:09:39.4612210Z Test Case '-[RightClickCoreTests.MOAT005G3GitHubRequestSchemaTests testNarrowedSchemaRetainsRequiredTitleAndOptionalBody]' started.
2026-10-07T16:09:39.4613200Z Test Case '-[RightClickCoreTests.MOAT005G3GitHubRequestSchemaTests testNarrowedSchemaRetainsRequiredTitleAndOptionalBody]' passed (0.002 seconds).
2026-10-07T16:09:39.4615590Z Test Case '-[RightClickCoreTests.MOAT005G3GitHubRequestSchemaTests testTitleOneOfIsSafelyNarrowedToString]' started.
2026-10-07T16:09:39.4617310Z Test Case '-[RightClickCoreTests.MOAT005G3GitHubRequestSchemaTests testTitleOneOfIsSafelyNarrowedToString]' passed (0.004 seconds).
2026-10-07T16:09:39.4618750Z Test Case '-[RightClickCoreTests.MOAT005G3GitHubRequestSchemaTests testUnsupportedOptionalProviderFieldIsRejectedBeforeTransport]' started.
2026-10-07T16:09:39.4619850Z Test Case '-[RightClickCoreTests.MOAT005G3GitHubRequestSchemaTests testUnsupportedOptionalProviderFieldIsRejectedBeforeTransport]' passed (0.018 seconds).
2026-10-07T16:09:39.4621680Z Test Suite 'MOAT005G3GitHubRequestSchemaTests' passed at 2026-10-07 16:09:31.613.
2026-10-07T16:09:39.4622200Z 	 Executed 4 tests, with 0 failures (0 unexpected) in 0.027 (0.028) seconds
2026-10-07T16:09:39.4624030Z Test Suite 'MOAT005G4MutationJSONResponseFallbackTests' started at 2026-10-07 16:09:31.613.
2026-10-07T16:09:39.4626580Z Test Case '-[RightClickCoreTests.MOAT005G4MutationJSONResponseFallbackTests testMalformed201JSONFailsProviderContract]' started.
2026-10-07T16:09:39.4630450Z Test Case '-[RightClickCoreTests.MOAT005G4MutationJSONResponseFallbackTests testMalformed201JSONFailsProviderContract]' passed (0.021 seconds).
2026-10-07T16:09:39.4632870Z Test Case '-[RightClickCoreTests.MOAT005G4MutationJSONResponseFallbackTests testRealMutationResponseReflectsWithJSONSyntaxFallback]' started.
2026-10-07T16:09:39.4634050Z Test Case '-[RightClickCoreTests.MOAT005G4MutationJSONResponseFallbackTests testRealMutationResponseReflectsWithJSONSyntaxFallback]' passed (0.002 seconds).
2026-10-07T16:09:39.4635170Z Test Case '-[RightClickCoreTests.MOAT005G4MutationJSONResponseFallbackTests testValidRealStyle201JSONIsAcceptedButUnverified]' started.
2026-10-07T16:09:39.4638480Z Test Case '-[RightClickCoreTests.MOAT005G4MutationJSONResponseFallbackTests testValidRealStyle201JSONIsAcceptedButUnverified]' passed (0.007 seconds).
2026-10-07T16:09:39.4639630Z Test Suite 'MOAT005G4MutationJSONResponseFallbackTests' passed at 2026-10-07 16:09:31.644.
2026-10-07T16:09:39.4640310Z 	 Executed 3 tests, with 0 failures (0 unexpected) in 0.030 (0.031) seconds
2026-10-07T16:09:39.4640800Z Test Suite 'MOAT005G5FullFrozenGitHubContractTests' started at 2026-10-07 16:09:31.644.
2026-10-07T16:09:39.4642270Z Test Case '-[RightClickCoreTests.MOAT005G5FullFrozenGitHubContractTests testFullContractExposesExactClosedArguments]' started.
2026-10-07T16:09:39.4643410Z Test Case '-[RightClickCoreTests.MOAT005G5FullFrozenGitHubContractTests testFullContractExposesExactClosedArguments]' passed (1.863 seconds).
2026-10-07T16:09:39.4644570Z Test Case '-[RightClickCoreTests.MOAT005G5FullFrozenGitHubContractTests testFullContractUsesOriginBoundExternalAuthority]' started.
2026-10-07T16:09:39.4646100Z Test Case '-[RightClickCoreTests.MOAT005G5FullFrozenGitHubContractTests testFullContractUsesOriginBoundExternalAuthority]' passed (0.508 seconds).
2026-10-07T16:09:39.4647440Z Test Case '-[RightClickCoreTests.MOAT005G5FullFrozenGitHubContractTests testFullContractUsesUnverifiedJSONSyntaxResponseFallback]' started.
2026-10-07T16:09:39.4649300Z Test Case '-[RightClickCoreTests.MOAT005G5FullFrozenGitHubContractTests testFullContractUsesUnverifiedJSONSyntaxResponseFallback]' passed (1.146 seconds).
2026-10-07T16:09:39.4650440Z Test Case '-[RightClickCoreTests.MOAT005G5FullFrozenGitHubContractTests testFullFrozenOfficialContractDiscoversIssuesCreate]' started.
2026-10-07T16:09:39.4651560Z Test Case '-[RightClickCoreTests.MOAT005G5FullFrozenGitHubContractTests testFullFrozenOfficialContractDiscoversIssuesCreate]' passed (0.533 seconds).
2026-10-07T16:09:39.4652360Z Test Suite 'MOAT005G5FullFrozenGitHubContractTests' passed at 2026-10-07 16:09:35.695.
2026-10-07T16:09:39.4653040Z 	 Executed 4 tests, with 0 failures (0 unexpected) in 4.050 (4.051) seconds
2026-10-07T16:09:39.4653870Z Test Suite 'MOAT005G6MultiSegmentPathTests' started at 2026-10-07 16:09:35.695.
2026-10-07T16:09:39.4655660Z Test Case '-[RightClickCoreTests.MOAT005G6MultiSegmentPathTests testDeclaredMultiSegmentPathPreservesHierarchyButOrdinaryArgumentsDoNot]' started.
2026-10-07T16:09:39.4656780Z Test Case '-[RightClickCoreTests.MOAT005G6MultiSegmentPathTests testDeclaredMultiSegmentPathPreservesHierarchyButOrdinaryArgumentsDoNot]' passed (0.013 seconds).
2026-10-07T16:09:39.4659760Z Test Case '-[RightClickCoreTests.MOAT005G6MultiSegmentPathTests testDeclaredMultiSegmentPathReflectsAsOrdinaryClosedStringArgument]' started.
2026-10-07T16:09:39.4661830Z Test Case '-[RightClickCoreTests.MOAT005G6MultiSegmentPathTests testDeclaredMultiSegmentPathReflectsAsOrdinaryClosedStringArgument]' passed (0.001 seconds).
2026-10-07T16:09:39.4663080Z Test Case '-[RightClickCoreTests.MOAT005G6MultiSegmentPathTests testFullFrozenGitHubContractDiscoversCreateOrUpdateContents]' started.
2026-10-07T16:09:39.4664150Z Test Case '-[RightClickCoreTests.MOAT005G6MultiSegmentPathTests testFullFrozenGitHubContractDiscoversCreateOrUpdateContents]' passed (0.417 seconds).
2026-10-07T16:09:39.4666480Z Test Case '-[RightClickCoreTests.MOAT005G6MultiSegmentPathTests testMalformedMultiSegmentExtensionAbstains]' started.
2026-10-07T16:09:39.4668160Z Test Case '-[RightClickCoreTests.MOAT005G6MultiSegmentPathTests testMalformedMultiSegmentExtensionAbstains]' passed (0.002 seconds).
2026-10-07T16:09:39.4669640Z Test Case '-[RightClickCoreTests.MOAT005G6MultiSegmentPathTests testMultiSegmentPathTraversalAndEmptySegmentsFailBeforeTransport]' started.
2026-10-07T16:09:39.4670900Z Test Case '-[RightClickCoreTests.MOAT005G6MultiSegmentPathTests testMultiSegmentPathTraversalAndEmptySegmentsFailBeforeTransport]' passed (0.015 seconds).
2026-10-07T16:09:39.4671920Z Test Case '-[RightClickCoreTests.MOAT005G6MultiSegmentPathTests testUndeclaredMultiSegmentPathKeepsSlashEncodedAsData]' started.
2026-10-07T16:09:39.4673290Z Test Case '-[RightClickCoreTests.MOAT005G6MultiSegmentPathTests testUndeclaredMultiSegmentPathKeepsSlashEncodedAsData]' passed (0.012 seconds).
2026-10-07T16:09:39.4674080Z Test Suite 'MOAT005G6MultiSegmentPathTests' passed at 2026-10-07 16:09:36.158.
2026-10-07T16:09:39.4674930Z 	 Executed 6 tests, with 0 failures (0 unexpected) in 0.461 (0.462) seconds
2026-10-07T16:09:39.4675510Z Test Suite 'NativeBoundedHTTPTests' started at 2026-10-07 16:09:36.158.
2026-10-07T16:09:39.4676490Z Test Case '-[RightClickCoreTests.NativeBoundedHTTPTests testDeadlineCancelsNativeExchangeWithinBound]' started.
2026-10-07T16:09:39.4677330Z Test Case '-[RightClickCoreTests.NativeBoundedHTTPTests testDeadlineCancelsNativeExchangeWithinBound]' passed (0.487 seconds).
2026-10-07T16:09:39.4678510Z Test Case '-[RightClickCoreTests.NativeBoundedHTTPTests testDeclaredAndChunkedOversizeNeverReturnAnAdmittedPrefix]' started.
2026-10-07T16:09:39.4679780Z Test Case '-[RightClickCoreTests.NativeBoundedHTTPTests testDeclaredAndChunkedOversizeNeverReturnAnAdmittedPrefix]' passed (0.319 seconds).
2026-10-07T16:09:39.4680820Z Test Case '-[RightClickCoreTests.NativeBoundedHTTPTests testNativeCompletionReleasesWaiterAndReturnsExactCap]' started.
2026-10-07T16:09:39.4681950Z Test Case '-[RightClickCoreTests.NativeBoundedHTTPTests testNativeCompletionReleasesWaiterAndReturnsExactCap]' passed (0.311 seconds).
2026-10-07T16:09:39.4683030Z Test Case '-[RightClickCoreTests.NativeBoundedHTTPTests testNativeErrorAndPrematureConnectionCloseRemainFailures]' started.
2026-10-07T16:09:39.4684290Z Test Case '-[RightClickCoreTests.NativeBoundedHTTPTests testNativeErrorAndPrematureConnectionCloseRemainFailures]' passed (0.318 seconds).
2026-10-07T16:09:39.4685290Z Test Case '-[RightClickCoreTests.NativeBoundedHTTPTests testRedirectNeverReachesNewTarget]' started.
2026-10-07T16:09:39.4686220Z Test Case '-[RightClickCoreTests.NativeBoundedHTTPTests testRedirectNeverReachesNewTarget]' passed (0.184 seconds).
2026-10-07T16:09:39.4687070Z Test Suite 'NativeBoundedHTTPTests' passed at 2026-10-07 16:09:37.778.
2026-10-07T16:09:39.4687610Z 	 Executed 5 tests, with 0 failures (0 unexpected) in 1.619 (1.620) seconds
2026-10-07T16:09:39.4688780Z Test Suite 'NativeMutationLeaseRedTests' started at 2026-10-07 16:09:37.778.
2026-10-07T16:09:39.4689890Z Test Case '-[RightClickCLITests.NativeMutationLeaseRedTests testConfigureFailsClosedIfAbsentPlanDriftsToConflictBeforeApply]' started.
2026-10-07T16:09:39.4691220Z Test Case '-[RightClickCLITests.NativeMutationLeaseRedTests testConfigureFailsClosedIfAbsentPlanDriftsToConflictBeforeApply]' passed (0.357 seconds).
2026-10-07T16:09:39.4692350Z Test Case '-[RightClickCLITests.NativeMutationLeaseRedTests testConfigureFreshlyInspectsImmediatelyBeforeNativeAdd]' started.
2026-10-07T16:09:39.4693360Z Test Case '-[RightClickCLITests.NativeMutationLeaseRedTests testConfigureFreshlyInspectsImmediatelyBeforeNativeAdd]' passed (0.549 seconds).
2026-10-07T16:09:39.4695600Z Test Case '-[RightClickCLITests.NativeMutationLeaseRedTests testDisconnectFailsClosedIfExactPlanDriftsToConflictBeforeApply]' started.
2026-10-07T16:09:39.4698630Z Test Case '-[RightClickCLITests.NativeMutationLeaseRedTests testDisconnectFailsClosedIfExactPlanDriftsToConflictBeforeApply]' passed (0.350 seconds).
2026-10-07T16:09:39.4700480Z Test Case '-[RightClickCLITests.NativeMutationLeaseRedTests testDisconnectFreshlyInspectsImmediatelyBeforeNativeRemove]' started.
2026-10-07T16:09:39.4701880Z Test Case '-[RightClickCLITests.NativeMutationLeaseRedTests testDisconnectFreshlyInspectsImmediatelyBeforeNativeRemove]' passed (0.411 seconds).
2026-10-07T16:09:39.4703020Z Test Suite 'NativeMutationLeaseRedTests' passed at 2026-10-07 16:09:39.446.
2026-10-07T16:09:39.4703600Z 	 Executed 4 tests, with 0 failures (0 unexpected) in 1.667 (1.668) seconds
2026-10-07T16:09:39.4704070Z Test Suite 'NetworkOriginAuthorityTests' started at 2026-10-07 16:09:39.446.
2026-10-07T16:09:39.4704870Z Test Case '-[RightClickCoreTests.NetworkOriginAuthorityTests testInvocationRedirectCannotEscapeDiscoveredOrigin]' started.
2026-10-07T16:09:39.4706620Z /Users/runner/work/rightclick/rightclick/Tests/RightClickCoreTests/NetworkOriginAuthorityTests.swift:33: -[RightClickCoreTests.NetworkOriginAuthorityTests testInvocationRedirectCannotEscapeDiscoveredOrigin] : Test skipped - NS007_SOURCE_PORT and NS007_SINK_PORT required.
2026-10-07T16:09:39.4708660Z Test Case '-[RightClickCoreTests.NetworkOriginAuthorityTests testInvocationRedirectCannotEscapeDiscoveredOrigin]' skipped (0.002 seconds).
2026-10-07T16:09:39.4709750Z Test Case '-[RightClickCoreTests.NetworkOriginAuthorityTests testSpecificationRedirectCannotEscapeDiscoveredOrigin]' started.
2026-10-07T16:09:39.4711830Z /Users/runner/work/rightclick/rightclick/Tests/RightClickCoreTests/NetworkOriginAuthorityTests.swift:33: -[RightClickCoreTests.NetworkOriginAuthorityTests testSpecificationRedirectCannotEscapeDiscoveredOrigin] : Test skipped - NS007_SOURCE_PORT and NS007_SINK_PORT required.
2026-10-07T16:09:39.4713240Z Test Case '-[RightClickCoreTests.NetworkOriginAuthorityTests testSpecificationRedirectCannotEscapeDiscoveredOrigin]' skipped (0.001 seconds).
2026-10-07T16:09:39.4714070Z Test Suite 'NetworkOriginAuthorityTests' passed at 2026-10-07 16:09:39.451.
2026-10-07T16:09:44.0800940Z 	 Executed 2 tests, with 2 tests skipped and 0 failures (0 unexpected) in 0.004 (0.005) seconds
2026-10-07T16:09:44.0805750Z Test Suite 'OAuthOIDCAuthorityTests' started at 2026-10-07 16:09:39.451.
2026-10-07T16:09:44.0807240Z Test Case '-[RightClickCoreTests.OAuthOIDCAuthorityTests testAuthorizationURLUsesPKCES256AndNeverVerifier]' started.
2026-10-07T16:09:44.0808190Z Test Case '-[RightClickCoreTests.OAuthOIDCAuthorityTests testAuthorizationURLUsesPKCES256AndNeverVerifier]' passed (0.004 seconds).
2026-10-07T16:09:44.0809290Z Test Case '-[RightClickCoreTests.OAuthOIDCAuthorityTests testBindingIsExactAcrossIssuerResourceClientAndScopes]' started.
2026-10-07T16:09:44.0810290Z Test Case '-[RightClickCoreTests.OAuthOIDCAuthorityTests testBindingIsExactAcrossIssuerResourceClientAndScopes]' passed (0.001 seconds).
2026-10-07T16:09:44.0811230Z Test Case '-[RightClickCoreTests.OAuthOIDCAuthorityTests testKeychainRoundTripIsBoundToExactAuthorityLease]' started.
2026-10-07T16:09:44.0813130Z Test Case '-[RightClickCoreTests.OAuthOIDCAuthorityTests testKeychainRoundTripIsBoundToExactAuthorityLease]' passed (0.056 seconds).
2026-10-07T16:09:44.0841410Z Test Case '-[RightClickCoreTests.OAuthOIDCAuthorityTests testLoopbackRedirectAndSecretValidationFailClosed]' started.
2026-10-07T16:09:44.0842470Z Test Case '-[RightClickCoreTests.OAuthOIDCAuthorityTests testLoopbackRedirectAndSecretValidationFailClosed]' passed (0.004 seconds).
2026-10-07T16:09:44.0843470Z Test Case '-[RightClickCoreTests.OAuthOIDCAuthorityTests testMetadataDiscoveryURLsPreserveIssuerPathSemantics]' started.
2026-10-07T16:09:44.0844530Z Test Case '-[RightClickCoreTests.OAuthOIDCAuthorityTests testMetadataDiscoveryURLsPreserveIssuerPathSemantics]' passed (0.001 seconds).
2026-10-07T16:09:44.0845540Z Test Case '-[RightClickCoreTests.OAuthOIDCAuthorityTests testMetadataRequiresExactIssuerHTTPSAndS256]' started.
2026-10-07T16:09:44.0846500Z Test Case '-[RightClickCoreTests.OAuthOIDCAuthorityTests testMetadataRequiresExactIssuerHTTPSAndS256]' passed (0.001 seconds).
2026-10-07T16:09:44.0848320Z Test Case '-[RightClickCoreTests.OAuthOIDCAuthorityTests testRFC7636S256Vector]' started.
2026-10-07T16:09:44.0854020Z Test Case '-[RightClickCoreTests.OAuthOIDCAuthorityTests testRFC7636S256Vector]' passed (0.001 seconds).
2026-10-07T16:09:44.0854850Z Test Case '-[RightClickCoreTests.OAuthOIDCAuthorityTests testTokenBundleScopeAndExpiryLease]' started.
2026-10-07T16:09:44.0855610Z Test Case '-[RightClickCoreTests.OAuthOIDCAuthorityTests testTokenBundleScopeAndExpiryLease]' passed (0.001 seconds).
2026-10-07T16:09:44.0856340Z Test Suite 'OAuthOIDCAuthorityTests' passed at 2026-10-07 16:09:39.522.
2026-10-07T16:09:44.0856780Z 	 Executed 8 tests, with 0 failures (0 unexpected) in 0.069 (0.071) seconds
2026-10-07T16:09:44.0857350Z Test Suite 'OnboardingEngineTests' started at 2026-10-07 16:09:39.522.
2026-10-07T16:09:44.0858940Z Test Case '-[RightClickCLITests.OnboardingEngineTests testClientStateVocabularySeparatesConfigurationConnectionAndAttestation]' started.
2026-10-07T16:09:44.0862080Z Test Case '-[RightClickCLITests.OnboardingEngineTests testClientStateVocabularySeparatesConfigurationConnectionAndAttestation]' passed (0.001 seconds).
2026-10-07T16:09:44.0863870Z Test Case '-[RightClickCLITests.OnboardingEngineTests testDisconnectRemovesOnlyOwnedEntryAfterIndependentEdits]' started.
2026-10-07T16:09:44.0865150Z Test Case '-[RightClickCLITests.OnboardingEngineTests testDisconnectRemovesOnlyOwnedEntryAfterIndependentEdits]' passed (0.016 seconds).
2026-10-07T16:09:44.0866220Z Test Case '-[RightClickCLITests.OnboardingEngineTests testGenericEngineFailsClosedOnConflictingOwnedEntry]' started.
2026-10-07T16:09:44.0867740Z Test Case '-[RightClickCLITests.OnboardingEngineTests testGenericEngineFailsClosedOnConflictingOwnedEntry]' passed (0.005 seconds).
2026-10-07T16:09:44.0869070Z Test Case '-[RightClickCLITests.OnboardingEngineTests testGenericEngineUsesAdapterAndPreservesUnrelatedConfiguration]' started.
2026-10-07T16:09:44.0870460Z Test Case '-[RightClickCLITests.OnboardingEngineTests testGenericEngineUsesAdapterAndPreservesUnrelatedConfiguration]' passed (0.009 seconds).
2026-10-07T16:09:44.0871680Z Test Case '-[RightClickCLITests.OnboardingEngineTests testPostWriteFailureRemovesConfigurationCreatedFromNothing]' started.
2026-10-07T16:09:44.0873000Z Test Case '-[RightClickCLITests.OnboardingEngineTests testPostWriteFailureRemovesConfigurationCreatedFromNothing]' passed (0.009 seconds).
2026-10-07T16:09:44.0874320Z Test Case '-[RightClickCLITests.OnboardingEngineTests testPostWriteVerificationFailureRestoresExactOriginal]' started.
2026-10-07T16:09:44.0877370Z Test Case '-[RightClickCLITests.OnboardingEngineTests testPostWriteVerificationFailureRestoresExactOriginal]' passed (0.012 seconds).
2026-10-07T16:09:44.0879410Z Test Suite 'OnboardingEngineTests' passed at 2026-10-07 16:09:39.577.
2026-10-07T16:09:44.0881230Z 	 Executed 6 tests, with 0 failures (0 unexpected) in 0.052 (0.055) seconds
2026-10-07T16:09:44.0882230Z Test Suite 'OpenAPIAcknowledgementTests' started at 2026-10-07 16:09:39.577.
2026-10-07T16:09:44.0883090Z Test Case '-[RightClickCoreTests.OpenAPIAcknowledgementTests testAcknowledgementCannotSatisfyCallerReturnedValuePostcondition]' started.
2026-10-07T16:09:44.0884160Z Test Case '-[RightClickCoreTests.OpenAPIAcknowledgementTests testAcknowledgementCannotSatisfyCallerReturnedValuePostcondition]' passed (0.799 seconds).
2026-10-07T16:09:44.0885560Z Test Case '-[RightClickCoreTests.OpenAPIAcknowledgementTests testAcknowledgementHasNoTypedOutputAndRemainsUnverified]' started.
2026-10-07T16:09:44.0888200Z Test Case '-[RightClickCoreTests.OpenAPIAcknowledgementTests testAcknowledgementHasNoTypedOutputAndRemainsUnverified]' passed (0.632 seconds).
2026-10-07T16:09:44.0890910Z Test Case '-[RightClickCoreTests.OpenAPIAcknowledgementTests testConfirmationAndCurrentHostPolicyStopAcknowledgementMutation]' started.
2026-10-07T16:09:44.0893640Z Test Case '-[RightClickCoreTests.OpenAPIAcknowledgementTests testConfirmationAndCurrentHostPolicyStopAcknowledgementMutation]' passed (0.713 seconds).
2026-10-07T16:09:44.0897100Z Test Case '-[RightClickCoreTests.OpenAPIAcknowledgementTests testIndependentStructuredObservationVerifiesActualEffectAndSignsReceipt]' started.
2026-10-07T16:09:44.0899900Z Test Case '-[RightClickCoreTests.OpenAPIAcknowledgementTests testIndependentStructuredObservationVerifiesActualEffectAndSignsReceipt]' passed (0.629 seconds).
2026-10-07T16:09:44.0903670Z Test Case '-[RightClickCoreTests.OpenAPIAcknowledgementTests testUndeclared2xxStatusRemainsUnknownDespiteActualEffect]' started.
2026-10-07T16:09:44.0906660Z Test Case '-[RightClickCoreTests.OpenAPIAcknowledgementTests testUndeclared2xxStatusRemainsUnknownDespiteActualEffect]' passed (0.714 seconds).
2026-10-07T16:09:44.0912120Z Test Case '-[RightClickCoreTests.OpenAPIAcknowledgementTests testWrongOrMissingExternalEffectNeverBecomesSuccess]' started.
2026-10-07T16:09:44.0915310Z Test Case '-[RightClickCoreTests.OpenAPIAcknowledgementTests testWrongOrMissingExternalEffectNeverBecomesSuccess]' passed (0.741 seconds).
2026-10-07T16:09:44.0917530Z Test Suite 'OpenAPIAcknowledgementTests' passed at 2026-10-07 16:09:43.807.
2026-10-07T16:09:44.0918230Z 	 Executed 6 tests, with 0 failures (0 unexpected) in 4.228 (4.230) seconds
2026-10-07T16:09:44.0918750Z Test Suite 'OpenAPIAcquisitionBoundsTests' started at 2026-10-07 16:09:43.807.
2026-10-07T16:09:44.0919470Z Test Case '-[RightClickCoreTests.OpenAPIAcquisitionBoundsTests testSmallSpecificationIsAccepted]' started.
2026-10-07T16:09:44.0920770Z /Users/runner/work/rightclick/rightclick/Tests/RightClickCoreTests/OpenAPIAcquisitionBoundsTests.swift:27: -[RightClickCoreTests.OpenAPIAcquisitionBoundsTests testSmallSpecificationIsAccepted] : Test skipped - NS008_FIXTURE_PORT required.
2026-10-07T16:09:44.0924600Z Test Case '-[RightClickCoreTests.OpenAPIAcquisitionBoundsTests testSmallSpecificationIsAccepted]' skipped (0.002 seconds).
2026-10-07T16:09:44.0926480Z Test Case '-[RightClickCoreTests.OpenAPIAcquisitionBoundsTests testSpecificationAcquisitionHasFiveSecondDeadline]' started.
2026-10-07T16:09:44.0927760Z /Users/runner/work/rightclick/rightclick/Tests/RightClickCoreTests/OpenAPIAcquisitionBoundsTests.swift:27: -[RightClickCoreTests.OpenAPIAcquisitionBoundsTests testSpecificationAcquisitionHasFiveSecondDeadline] : Test skipped - NS008_FIXTURE_PORT required.
2026-10-07T16:09:44.0929200Z Test Case '-[RightClickCoreTests.OpenAPIAcquisitionBoundsTests testSpecificationAcquisitionHasFiveSecondDeadline]' skipped (0.001 seconds).
2026-10-07T16:09:44.0930370Z Test Case '-[RightClickCoreTests.OpenAPIAcquisitionBoundsTests testSpecificationExactlyAtByteLimitIsAccepted]' started.
2026-10-07T16:09:44.0931810Z /Users/runner/work/rightclick/rightclick/Tests/RightClickCoreTests/OpenAPIAcquisitionBoundsTests.swift:27: -[RightClickCoreTests.OpenAPIAcquisitionBoundsTests testSpecificationExactlyAtByteLimitIsAccepted] : Test skipped - NS008_FIXTURE_PORT required.
2026-10-07T16:09:44.0933230Z Test Case '-[RightClickCoreTests.OpenAPIAcquisitionBoundsTests testSpecificationExactlyAtByteLimitIsAccepted]' skipped (0.001 seconds).
2026-10-07T16:09:44.0934850Z Test Case '-[RightClickCoreTests.OpenAPIAcquisitionBoundsTests testSpecificationOneByteOverLegacyGenericLimitIsAcceptedByOpenAPISource]' started.
2026-10-07T16:09:44.0937140Z /Users/runner/work/rightclick/rightclick/Tests/RightClickCoreTests/OpenAPIAcquisitionBoundsTests.swift:27: -[RightClickCoreTests.OpenAPIAcquisitionBoundsTests testSpecificationOneByteOverLegacyGenericLimitIsAcceptedByOpenAPISource] : Test skipped - NS008_FIXTURE_PORT required.
2026-10-07T16:09:44.0938810Z Test Case '-[RightClickCoreTests.OpenAPIAcquisitionBoundsTests testSpecificationOneByteOverLegacyGenericLimitIsAcceptedByOpenAPISource]' skipped (0.001 seconds).
2026-10-07T16:09:44.0940030Z Test Suite 'OpenAPIAcquisitionBoundsTests' passed at 2026-10-07 16:09:43.812.
2026-10-07T16:09:44.0940680Z 	 Executed 4 tests, with 4 tests skipped and 0 failures (0 unexpected) in 0.004 (0.005) seconds
2026-10-07T16:09:44.0942510Z Test Suite 'OpenAPIAuthorityManagementTests' started at 2026-10-07 16:09:43.812.
2026-10-07T16:09:44.0943830Z Test Case '-[RightClickCoreTests.OpenAPIAuthorityManagementTests testAuthorityDeleteIsScopedToExactOriginAndScheme]' started.
2026-10-07T16:09:44.0944880Z Test Case '-[RightClickCoreTests.OpenAPIAuthorityManagementTests testAuthorityDeleteIsScopedToExactOriginAndScheme]' passed (0.036 seconds).
2026-10-07T16:09:44.0946440Z Test Case '-[RightClickCoreTests.OpenAPIAuthorityManagementTests testAuthorityManagementRequiresCredentialFreeHTTPSOrigin]' started.
2026-10-07T16:09:44.0947500Z Test Case '-[RightClickCoreTests.OpenAPIAuthorityManagementTests testAuthorityManagementRequiresCredentialFreeHTTPSOrigin]' passed (0.000 seconds).
2026-10-07T16:09:44.0948740Z Test Case '-[RightClickCoreTests.OpenAPIAuthorityManagementTests testManagementStoreWritesTheExactAccountExecutionReads]' started.
2026-10-07T16:09:44.0949900Z Test Case '-[RightClickCoreTests.OpenAPIAuthorityManagementTests testManagementStoreWritesTheExactAccountExecutionReads]' passed (0.018 seconds).
2026-10-07T16:09:44.0950880Z Test Suite 'OpenAPIAuthorityManagementTests' passed at 2026-10-07 16:09:43.868.
2026-10-07T16:09:44.0951560Z 	 Executed 3 tests, with 0 failures (0 unexpected) in 0.055 (0.056) seconds
2026-10-07T16:09:44.0952100Z Test Suite 'OpenAPIAuthorityTests' started at 2026-10-07 16:09:43.868.
2026-10-07T16:09:44.0955820Z Test Case '-[RightClickCoreTests.OpenAPIAuthorityTests testBearerAuthorityDoesNotCrossOrigin]' started.
2026-10-07T16:09:44.0958930Z Test Case '-[RightClickCoreTests.OpenAPIAuthorityTests testBearerAuthorityDoesNotCrossOrigin]' passed (0.025 seconds).
2026-10-07T16:09:44.0961540Z Test Case '-[RightClickCoreTests.OpenAPIAuthorityTests testBearerAuthorityIsInjectedFromOriginBoundKeychainWithoutSecretDisclosure]' started.
2026-10-07T16:09:44.0964680Z Test Case '-[RightClickCoreTests.OpenAPIAuthorityTests testBearerAuthorityIsInjectedFromOriginBoundKeychainWithoutSecretDisclosure]' passed (0.034 seconds).
2026-10-07T16:09:44.0967830Z Test Case '-[RightClickCoreTests.OpenAPIAuthorityTests testBearerSecurityRequirementReflectsGenericAuthorityMetadataWithoutSecret]' started.
2026-10-07T16:09:44.0969040Z Test Case '-[RightClickCoreTests.OpenAPIAuthorityTests testBearerSecurityRequirementReflectsGenericAuthorityMetadataWithoutSecret]' passed (0.002 seconds).
2026-10-07T16:09:44.0970170Z Test Case '-[RightClickCoreTests.OpenAPIAuthorityTests testExplicitEmptyOperationSecurityOverridesRootSecurityAsPublic]' started.
2026-10-07T16:09:44.0971300Z Test Case '-[RightClickCoreTests.OpenAPIAuthorityTests testExplicitEmptyOperationSecurityOverridesRootSecurityAsPublic]' passed (0.011 seconds).
2026-10-07T16:09:44.0973300Z Test Case '-[RightClickCoreTests.OpenAPIAuthorityTests testMissingBearerAuthorityFailsBeforeTransport]' started.
2026-10-07T16:09:44.0975930Z Test Case '-[RightClickCoreTests.OpenAPIAuthorityTests testMissingBearerAuthorityFailsBeforeTransport]' passed (0.008 seconds).
2026-10-07T16:09:44.0979150Z Test Case '-[RightClickCoreTests.OpenAPIAuthorityTests testRootLevelSecurityIsNotSilentlyIgnored]' started.
2026-10-07T16:09:44.0981230Z Test Case '-[RightClickCoreTests.OpenAPIAuthorityTests testRootLevelSecurityIsNotSilentlyIgnored]' passed (0.009 seconds).
2026-10-07T16:09:44.0983330Z Test Case '-[RightClickCoreTests.OpenAPIAuthorityTests testUnsupportedSecurityRequirementsAbstainRatherThanGuessing]' started.
2026-10-07T16:09:44.0986040Z Test Case '-[RightClickCoreTests.OpenAPIAuthorityTests testUnsupportedSecurityRequirementsAbstainRatherThanGuessing]' passed (0.013 seconds).
2026-10-07T16:09:44.0990600Z Test Suite 'OpenAPIAuthorityTests' passed at 2026-10-07 16:09:43.973.
2026-10-07T16:09:44.0998080Z 	 Executed 7 tests, with 0 failures (0 unexpected) in 0.103 (0.105) seconds
2026-10-07T16:09:44.1003510Z Test Suite 'OpenAPIRealProviderAcceptanceTests' started at 2026-10-07 16:09:43.973.
2026-10-07T16:09:44.1004340Z Test Case '-[RightClickCoreTests.OpenAPIRealProviderAcceptanceTests testRealLocalhostProviderThroughUniversalRuntime]' started.
2026-10-07T16:09:44.1011830Z /Users/runner/work/rightclick/rightclick/Tests/RightClickCoreTests/OpenAPIRealProviderAcceptanceTests.swift:62: -[RightClickCoreTests.OpenAPIRealProviderAcceptanceTests testRealLocalhostProviderThroughUniversalRuntime] : Test skipped - NS004_OPENAPI_BASE_URL is required for the real-provider gate.
2026-10-07T16:09:44.1016510Z Test Case '-[RightClickCoreTests.OpenAPIRealProviderAcceptanceTests testRealLocalhostProviderThroughUniversalRuntime]' skipped (0.001 seconds).
2026-10-07T16:09:44.1017440Z Test Suite 'OpenAPIRealProviderAcceptanceTests' passed at 2026-10-07 16:09:43.974.
2026-10-07T16:09:44.1018710Z 	 Executed 1 test, with 1 test skipped and 0 failures (0 unexpected) in 0.001 (0.002) seconds
2026-10-07T16:09:44.1021180Z Test Suite 'OpenAPIReflectorTests' started at 2026-10-07 16:09:43.975.
2026-10-07T16:09:44.1021880Z Test Case '-[RightClickCoreTests.OpenAPIReflectorTests testCapabilityIdentityBindsEndpointAndSpecification]' started.
2026-10-07T16:09:44.1024530Z Test Case '-[RightClickCoreTests.OpenAPIReflectorTests testCapabilityIdentityBindsEndpointAndSpecification]' passed (0.006 seconds).
2026-10-07T16:09:44.1025370Z Test Case '-[RightClickCoreTests.OpenAPIReflectorTests testExistingVerifierCanVerifyOpenAPIResult]' started.
2026-10-07T16:09:44.1026350Z Test Case '-[RightClickCoreTests.OpenAPIReflectorTests testExistingVerifierCanVerifyOpenAPIResult]' passed (0.011 seconds).
2026-10-07T16:09:44.1027110Z Test Case '-[RightClickCoreTests.OpenAPIReflectorTests testExistingVerifierRejectsWrongOpenAPIResult]' started.
2026-10-07T16:09:44.1027960Z Test Case '-[RightClickCoreTests.OpenAPIReflectorTests testExistingVerifierRejectsWrongOpenAPIResult]' passed (0.006 seconds).
2026-10-07T16:09:44.1028790Z Test Case '-[RightClickCoreTests.OpenAPIReflectorTests testGETPathParameterArgumentsFailClosedBeforeTransport]' started.
2026-10-07T16:09:44.1029600Z Test Case '-[RightClickCoreTests.OpenAPIReflectorTests testGETPathParameterArgumentsFailClosedBeforeTransport]' passed (0.008 seconds).
2026-10-07T16:09:44.1030830Z Test Case '-[RightClickCoreTests.OpenAPIReflectorTests testGETPathParameterUsesGenericArgumentsPercentEncodesAndSendsNoBody]' started.
2026-10-07T16:09:44.1031780Z Test Case '-[RightClickCoreTests.OpenAPIReflectorTests testGETPathParameterUsesGenericArgumentsPercentEncodesAndSendsNoBody]' passed (0.009 seconds).
2026-10-07T16:09:44.1032740Z Test Case '-[RightClickCoreTests.OpenAPIReflectorTests testGETUnsupportedParameterShapesAbstainRatherThanGuessing]' started.
2026-10-07T16:09:44.1035460Z Test Case '-[RightClickCoreTests.OpenAPIReflectorTests testGETUnsupportedParameterShapesAbstainRatherThanGuessing]' passed (0.004 seconds).
2026-10-07T16:09:44.1037990Z Test Case '-[RightClickCoreTests.OpenAPIReflectorTests testGETWithRequiredStringPathParameterReflectsGenericArgumentSchema]' started.
2026-10-07T16:09:44.1040680Z Test Case '-[RightClickCoreTests.OpenAPIReflectorTests testGETWithRequiredStringPathParameterReflectsGenericArgumentSchema]' passed (0.005 seconds).
2026-10-07T16:09:44.1043470Z Test Case '-[RightClickCoreTests.OpenAPIReflectorTests testHTTPAcceptanceIsNotSemanticSuccess]' started.
2026-10-07T16:09:44.1046420Z Test Case '-[RightClickCoreTests.OpenAPIReflectorTests testHTTPAcceptanceIsNotSemanticSuccess]' passed (0.010 seconds).
2026-10-07T16:09:44.1048250Z Test Case '-[RightClickCoreTests.OpenAPIReflectorTests testMissingOperationIDAbstains]' started.
2026-10-07T16:09:44.1049970Z Test Case '-[RightClickCoreTests.OpenAPIReflectorTests testMissingOperationIDAbstains]' passed (0.001 seconds).
2026-10-07T16:09:44.1051900Z Test Case '-[RightClickCoreTests.OpenAPIReflectorTests testStructuredJSONObjectArgumentsFailClosedBeforeTransport]' started.
2026-10-07T16:09:44.1054340Z Test Case '-[RightClickCoreTests.OpenAPIReflectorTests testStructuredJSONObjectArgumentsFailClosedBeforeTransport]' passed (0.012 seconds).
2026-10-07T16:09:44.1056830Z Test Case '-[RightClickCoreTests.OpenAPIReflectorTests testStructuredJSONObjectOperationUsesGenericArgumentsAndReturnsCanonicalJSON]' started.
2026-10-07T16:09:44.1061060Z Test Case '-[RightClickCoreTests.OpenAPIReflectorTests testStructuredJSONObjectOperationUsesGenericArgumentsAndReturnsCanonicalJSON]' passed (0.016 seconds).
2026-10-07T16:09:44.1064240Z Test Case '-[RightClickCoreTests.OpenAPIReflectorTests testSupportedStructuredJSONObjectOperationReflectsGenericArgumentSchema]' started.
2026-10-07T16:09:44.1065500Z Test Case '-[RightClickCoreTests.OpenAPIReflectorTests testSupportedStructuredJSONObjectOperationReflectsGenericArgumentSchema]' passed (0.002 seconds).
2026-10-07T16:09:44.1067650Z Test Case '-[RightClickCoreTests.OpenAPIReflectorTests testUnknownOpenAPISpecReflectsTextOperation]' started.
2026-10-07T16:09:44.1068400Z Test Case '-[RightClickCoreTests.OpenAPIReflectorTests testUnknownOpenAPISpecReflectsTextOperation]' passed (0.001 seconds).
2026-10-07T16:09:44.1069230Z Test Case '-[RightClickCoreTests.OpenAPIReflectorTests testUnsupportedSchemaAbstainsRatherThanGuessing]' started.
2026-10-07T16:09:44.1070180Z Test Case '-[RightClickCoreTests.OpenAPIReflectorTests testUnsupportedSchemaAbstainsRatherThanGuessing]' passed (0.001 seconds).
2026-10-07T16:09:44.1071780Z Test Suite 'OpenAPIReflectorTests' passed at 2026-10-07 16:09:44.071.
2026-10-07T16:09:44.1072240Z 	 Executed 14 tests, with 0 failures (0 unexpected) in 0.093 (0.096) seconds
2026-10-07T16:09:44.1072710Z Test Suite 'OutcomeVerifierTests' started at 2026-10-07 16:09:44.071.
2026-10-07T16:09:44.1073290Z Test Case '-[RightClickCoreTests.OutcomeVerifierTests testAnyFalseRequiredPredicateMakesWholeOutcomeFail]' started.
2026-10-07T16:09:44.1074150Z Test Case '-[RightClickCoreTests.OutcomeVerifierTests testAnyFalseRequiredPredicateMakesWholeOutcomeFail]' passed (0.008 seconds).
2026-10-07T16:09:55.9456710Z Test Case '-[RightClickCoreTests.OutcomeVerifierTests testExactReturnedTextCanVerifySuccess]' started.
2026-10-07T16:09:55.9471400Z Test Case '-[RightClickCoreTests.OutcomeVerifierTests testExactReturnedTextCanVerifySuccess]' passed (0.000 seconds).
2026-10-07T16:09:55.9472900Z Test Case '-[RightClickCoreTests.OutcomeVerifierTests testMetadataValueStillPresentIsVerifiedFailure]' started.
2026-10-07T16:09:55.9473930Z Test Case '-[RightClickCoreTests.OutcomeVerifierTests testMetadataValueStillPresentIsVerifiedFailure]' passed (0.024 seconds).
2026-10-07T16:09:55.9474990Z Test Case '-[RightClickCoreTests.OutcomeVerifierTests testNoPostconditionsCannotBecomeSuccess]' started.
2026-10-07T16:09:55.9476040Z Test Case '-[RightClickCoreTests.OutcomeVerifierTests testNoPostconditionsCannotBecomeSuccess]' passed (0.000 seconds).
2026-10-07T16:09:55.9476910Z Test Case '-[RightClickCoreTests.OutcomeVerifierTests testVerificationSpecRoundTripsThroughJSON]' started.
2026-10-07T16:09:55.9477900Z Test Case '-[RightClickCoreTests.OutcomeVerifierTests testVerificationSpecRoundTripsThroughJSON]' passed (0.003 seconds).
2026-10-07T16:09:55.9478860Z Test Case '-[RightClickCoreTests.OutcomeVerifierTests testXattrRemovalAndUnchangedBytesVerifySuccess]' started.
2026-10-07T16:09:55.9489950Z Test Case '-[RightClickCoreTests.OutcomeVerifierTests testXattrRemovalAndUnchangedBytesVerifySuccess]' passed (0.403 seconds).
2026-10-07T16:09:55.9490830Z Test Suite 'OutcomeVerifierTests' passed at 2026-10-07 16:09:44.512.
2026-10-07T16:09:55.9491260Z 	 Executed 6 tests, with 0 failures (0 unexpected) in 0.439 (0.441) seconds
2026-10-07T16:09:55.9491720Z Test Suite 'PolicyTests' started at 2026-10-07 16:09:44.512.
2026-10-07T16:09:55.9492190Z Test Case '-[RightClickCoreTests.PolicyTests testActionExtensionIsNotInvokable]' started.
2026-10-07T16:09:55.9492860Z Test Case '-[RightClickCoreTests.PolicyTests testActionExtensionIsNotInvokable]' passed (0.000 seconds).
2026-10-07T16:09:55.9493600Z Test Case '-[RightClickCoreTests.PolicyTests testCodeExecutionRequiresConfirmationEvenWithTextOutput]' started.
2026-10-07T16:09:55.9494380Z Test Case '-[RightClickCoreTests.PolicyTests testCodeExecutionRequiresConfirmationEvenWithTextOutput]' passed (0.000 seconds).
2026-10-07T16:09:55.9495090Z Test Case '-[RightClickCoreTests.PolicyTests testContentClassification]' started.
2026-10-07T16:09:55.9501500Z Test Case '-[RightClickCoreTests.PolicyTests testContentClassification]' passed (0.001 seconds).
2026-10-07T16:09:55.9508000Z Test Case '-[RightClickCoreTests.PolicyTests testDedupeKeepsFirstIdentifier]' started.
2026-10-07T16:09:55.9508600Z Test Case '-[RightClickCoreTests.PolicyTests testDedupeKeepsFirstIdentifier]' passed (0.000 seconds).
2026-10-07T16:09:55.9509280Z Test Case '-[RightClickCoreTests.PolicyTests testDestructiveRequiresConfirmation]' started.
2026-10-07T16:09:55.9509960Z Test Case '-[RightClickCoreTests.PolicyTests testDestructiveRequiresConfirmation]' passed (0.000 seconds).
2026-10-07T16:09:55.9510580Z Test Case '-[RightClickCoreTests.PolicyTests testExternalShareRequiresConfirmation]' started.
2026-10-07T16:09:55.9511300Z Test Case '-[RightClickCoreTests.PolicyTests testExternalShareRequiresConfirmation]' passed (0.000 seconds).
2026-10-07T16:09:55.9512020Z Test Case '-[RightClickCoreTests.PolicyTests testSecurityChangeRequiresConfirmationEvenWithTextOutput]' started.
2026-10-07T16:09:55.9512870Z Test Case '-[RightClickCoreTests.PolicyTests testSecurityChangeRequiresConfirmationEvenWithTextOutput]' passed (0.000 seconds).
2026-10-07T16:09:55.9513570Z Test Case '-[RightClickCoreTests.PolicyTests testServiceIdentifierPrefersMessage]' started.
2026-10-07T16:09:55.9514250Z Test Case '-[RightClickCoreTests.PolicyTests testServiceIdentifierPrefersMessage]' passed (0.000 seconds).
2026-10-07T16:09:55.9514950Z Test Case '-[RightClickCoreTests.PolicyTests testSharingIdentifierFallsBackToTitleSlug]' started.
2026-10-07T16:09:55.9515600Z Test Case '-[RightClickCoreTests.PolicyTests testSharingIdentifierFallsBackToTitleSlug]' passed (0.000 seconds).
2026-10-07T16:09:55.9516410Z Test Case '-[RightClickCoreTests.PolicyTests testSharingIdentifierUsesPublicName]' started.
2026-10-07T16:09:55.9517110Z Test Case '-[RightClickCoreTests.PolicyTests testSharingIdentifierUsesPublicName]' passed (0.000 seconds).
2026-10-07T16:09:55.9517900Z Test Case '-[RightClickCoreTests.PolicyTests testTextTransformContractStillRequiresConfirmation]' started.
2026-10-07T16:09:55.9519060Z Test Case '-[RightClickCoreTests.PolicyTests testTextTransformContractStillRequiresConfirmation]' passed (0.000 seconds).
2026-10-07T16:09:55.9520000Z Test Case '-[RightClickCoreTests.PolicyTests testUntrustedTextReturnContractCannotGrantReadOnlyPermission]' started.
2026-10-07T16:09:55.9520900Z Test Case '-[RightClickCoreTests.PolicyTests testUntrustedTextReturnContractCannotGrantReadOnlyPermission]' passed (0.000 seconds).
2026-10-07T16:09:55.9521530Z Test Suite 'PolicyTests' passed at 2026-10-07 16:09:44.517.
2026-10-07T16:09:55.9522050Z 	 Executed 12 tests, with 0 failures (0 unexpected) in 0.004 (0.005) seconds
2026-10-07T16:09:55.9522470Z Test Suite 'PortableRuntimeTests' started at 2026-10-07 16:09:44.517.
2026-10-07T16:09:55.9523080Z Test Case '-[RightClickCoreTests.PortableRuntimeTests testFilesAndUnknownExtensionsAreConservative]' started.
2026-10-07T16:09:55.9524610Z Test Case '-[RightClickCoreTests.PortableRuntimeTests testFilesAndUnknownExtensionsAreConservative]' passed (0.002 seconds).
2026-10-07T16:09:55.9525470Z Test Case '-[RightClickCoreTests.PortableRuntimeTests testHostStorageDoesNotAcceptRelativeEnvironmentPaths]' started.
2026-10-07T16:09:55.9526340Z Test Case '-[RightClickCoreTests.PortableRuntimeTests testHostStorageDoesNotAcceptRelativeEnvironmentPaths]' passed (0.000 seconds).
2026-10-07T16:09:55.9527100Z Test Case '-[RightClickCoreTests.PortableRuntimeTests testNativeCatalogIsAbsentOnOtherHosts]' started.
2026-10-07T16:09:55.9527910Z Test Case '-[RightClickCoreTests.PortableRuntimeTests testNativeCatalogIsAbsentOnOtherHosts]' passed (0.001 seconds).
2026-10-07T16:09:55.9528720Z Test Case '-[RightClickCoreTests.PortableRuntimeTests testNativeJSONBooleanIdentityCannotBecomeNumericLength]' started.
2026-10-07T16:09:55.9529700Z Test Case '-[RightClickCoreTests.PortableRuntimeTests testNativeJSONBooleanIdentityCannotBecomeNumericLength]' passed (0.001 seconds).
2026-10-07T16:09:55.9530650Z Test Case '-[RightClickCoreTests.PortableRuntimeTests testPKCEUsesPortableCryptographicRandomness]' started.
2026-10-07T16:09:55.9531690Z Test Case '-[RightClickCoreTests.PortableRuntimeTests testPKCEUsesPortableCryptographicRandomness]' passed (0.000 seconds).
2026-10-07T16:09:55.9532490Z Test Case '-[RightClickCoreTests.PortableRuntimeTests testStableTextAndURLClassification]' started.
2026-10-07T16:09:55.9534420Z Test Case '-[RightClickCoreTests.PortableRuntimeTests testStableTextAndURLClassification]' passed (0.001 seconds).
2026-10-07T16:09:55.9536140Z Test Case '-[RightClickCoreTests.PortableRuntimeTests testUnavailableSecureStorageAbstains]' started.
2026-10-07T16:09:55.9537060Z Test Case '-[RightClickCoreTests.PortableRuntimeTests testUnavailableSecureStorageAbstains]' passed (0.000 seconds).
2026-10-07T16:09:55.9537750Z Test Suite 'PortableRuntimeTests' passed at 2026-10-07 16:09:44.523.
2026-10-07T16:09:55.9538310Z 	 Executed 7 tests, with 0 failures (0 unexpected) in 0.005 (0.006) seconds
2026-10-07T16:09:55.9538800Z Test Suite 'ProductSurfaceRuntimeTests' started at 2026-10-07 16:09:44.523.
2026-10-07T16:09:55.9539550Z Test Case '-[RightClickCoreTests.ProductSurfaceRuntimeTests testRuntimeIdentityReportsExactExecutableBytes]' started.
2026-10-07T16:09:55.9540460Z Test Case '-[RightClickCoreTests.ProductSurfaceRuntimeTests testRuntimeIdentityReportsExactExecutableBytes]' passed (0.001 seconds).
2026-10-07T16:09:55.9541280Z Test Suite 'ProductSurfaceRuntimeTests' passed at 2026-10-07 16:09:44.524.
2026-10-07T16:09:55.9541750Z 	 Executed 1 test, with 0 failures (0 unexpected) in 0.001 (0.001) seconds
2026-10-07T16:09:55.9542330Z Test Suite 'ProviderConfigurationCLITests' started at 2026-10-07 16:09:44.524.
2026-10-07T16:09:55.9542920Z Test Case '-[RightClickCLITests.ProviderConfigurationCLITests testProviderAddListAndRemoveRoundTrip]' started.
2026-10-07T16:09:55.9543730Z Test Case '-[RightClickCLITests.ProviderConfigurationCLITests testProviderAddListAndRemoveRoundTrip]' passed (0.003 seconds).
2026-10-07T16:09:55.9544600Z Test Case '-[RightClickCLITests.ProviderConfigurationCLITests testProviderCLIRejectsCredentialOptionAndHTTPURL]' started.
2026-10-07T16:09:55.9545450Z Test Case '-[RightClickCLITests.ProviderConfigurationCLITests testProviderCLIRejectsCredentialOptionAndHTTPURL]' passed (0.001 seconds).
2026-10-07T16:09:55.9546210Z Test Suite 'ProviderConfigurationCLITests' passed at 2026-10-07 16:09:44.529.
2026-10-07T16:09:55.9546660Z 	 Executed 2 tests, with 0 failures (0 unexpected) in 0.004 (0.004) seconds
2026-10-07T16:09:55.9547200Z Test Suite 'RCIRBoundaryTests' started at 2026-10-07 16:09:44.529.
2026-10-07T16:09:55.9547830Z Test Case '-[RightClickCoreTests.RCIRBoundaryTests testConcurrentConsumptionHasOneWinner]' started.
2026-10-07T16:09:55.9548930Z Test Case '-[RightClickCoreTests.RCIRBoundaryTests testConcurrentConsumptionHasOneWinner]' passed (0.002 seconds).
2026-10-07T16:09:55.9549890Z Test Case '-[RightClickCoreTests.RCIRBoundaryTests testFailedProviderResultStillDoesNotVerifyAnExternalFailure]' started.
2026-10-07T16:09:55.9551310Z Test Case '-[RightClickCoreTests.RCIRBoundaryTests testFailedProviderResultStillDoesNotVerifyAnExternalFailure]' passed (0.001 seconds).
2026-10-07T16:09:55.9552180Z Test Case '-[RightClickCoreTests.RCIRBoundaryTests testInvalidObservationCannotSetSemanticSuccess]' started.
2026-10-07T16:09:55.9553000Z Test Case '-[RightClickCoreTests.RCIRBoundaryTests testInvalidObservationCannotSetSemanticSuccess]' passed (0.001 seconds).
2026-10-07T16:09:55.9553870Z Test Case '-[RightClickCoreTests.RCIRBoundaryTests testRejectedArgumentsDoNotSpendAnOtherwiseValidLease]' started.
2026-10-07T16:09:55.9554850Z Test Case '-[RightClickCoreTests.RCIRBoundaryTests testRejectedArgumentsDoNotSpendAnOtherwiseValidLease]' passed (0.001 seconds).
2026-10-07T16:09:55.9555720Z Test Case '-[RightClickCoreTests.RCIRBoundaryTests testTaskCannotPredateLease]' started.
2026-10-07T16:09:55.9556420Z Test Case '-[RightClickCoreTests.RCIRBoundaryTests testTaskCannotPredateLease]' passed (0.001 seconds).
2026-10-07T16:09:55.9557090Z Test Suite 'RCIRBoundaryTests' passed at 2026-10-07 16:09:44.536.
2026-10-07T16:09:55.9557710Z 	 Executed 5 tests, with 0 failures (0 unexpected) in 0.006 (0.007) seconds
2026-10-07T16:09:55.9558250Z Test Suite 'RCIRDeferredCapacityTests' started at 2026-10-07 16:09:44.536.
2026-10-07T16:09:55.9559000Z Test Case '-[RightClickCoreTests.RCIRDeferredCapacityTests testExpiredPendingTasksAreReceiptedAndReapedBeforeNewAdmission]' started.
2026-10-07T16:09:55.9559990Z Test Case '-[RightClickCoreTests.RCIRDeferredCapacityTests testExpiredPendingTasksAreReceiptedAndReapedBeforeNewAdmission]' passed (0.816 seconds).
2026-10-07T16:09:55.9560950Z Test Case '-[RightClickCoreTests.RCIRDeferredCapacityTests testInFlightReservationsCannotOverrunTheBoundedSessionCapacity]' started.
2026-10-07T16:09:55.9562180Z Test Case '-[RightClickCoreTests.RCIRDeferredCapacityTests testInFlightReservationsCannotOverrunTheBoundedSessionCapacity]' passed (0.776 seconds).
2026-10-07T16:09:55.9563000Z Test Suite 'RCIRDeferredCapacityTests' passed at 2026-10-07 16:09:46.128.
2026-10-07T16:09:55.9563450Z 	 Executed 2 tests, with 0 failures (0 unexpected) in 1.591 (1.592) seconds
2026-10-07T16:09:55.9564020Z Test Suite 'RCIRDeferredProductionTests' started at 2026-10-07 16:09:46.128.
2026-10-07T16:09:55.9564680Z Test Case '-[RightClickCoreTests.RCIRDeferredProductionTests testAcceptedRemoteTaskRemainsPendingUntilLaterObservation]' started.
2026-10-07T16:09:55.9566800Z Test Case '-[RightClickCoreTests.RCIRDeferredProductionTests testAcceptedRemoteTaskRemainsPendingUntilLaterObservation]' passed (0.481 seconds).
2026-10-07T16:09:55.9567570Z Test Suite 'RCIRDeferredProductionTests' passed at 2026-10-07 16:09:46.610.
2026-10-07T16:09:55.9568090Z 	 Executed 1 test, with 0 failures (0 unexpected) in 0.481 (0.482) seconds
2026-10-07T16:09:55.9568680Z Test Suite 'RCIRHTTPJSONObservationTests' started at 2026-10-07 16:09:46.610.
2026-10-07T16:09:55.9569420Z Test Case '-[RightClickCoreTests.RCIRHTTPJSONObservationTests testAmbientCookiesCannotEnterObservationOrPersistResponseCookie]' started.
2026-10-07T16:09:55.9570700Z Test Case '-[RightClickCoreTests.RCIRHTTPJSONObservationTests testAmbientCookiesCannotEnterObservationOrPersistResponseCookie]' passed (1.083 seconds).
2026-10-07T16:09:55.9571700Z Test Case '-[RightClickCoreTests.RCIRHTTPJSONObservationTests testAmbiguousProjectionOrMissingCallerDigestFailsBeforeMutation]' started.
2026-10-07T16:09:55.9572910Z Test Case '-[RightClickCoreTests.RCIRHTTPJSONObservationTests testAmbiguousProjectionOrMissingCallerDigestFailsBeforeMutation]' passed (0.756 seconds).
2026-10-07T16:09:55.9574100Z Test Case '-[RightClickCoreTests.RCIRHTTPJSONObservationTests testDefaultCredentialStorageCannotSupplyObserverAuthority]' started.
2026-10-07T16:09:55.9575080Z Test Case '-[RightClickCoreTests.RCIRHTTPJSONObservationTests testDefaultCredentialStorageCannotSupplyObserverAuthority]' passed (1.003 seconds).
2026-10-07T16:09:55.9576720Z Test Case '-[RightClickCoreTests.RCIRHTTPJSONObservationTests testMismatchMissingAndUndeclaredObservationFieldsNeverSucceed]' started.
2026-10-07T16:09:55.9577800Z Test Case '-[RightClickCoreTests.RCIRHTTPJSONObservationTests testMismatchMissingAndUndeclaredObservationFieldsNeverSucceed]' passed (1.102 seconds).
2026-10-07T16:09:55.9578860Z Test Case '-[RightClickCoreTests.RCIRHTTPJSONObservationTests testPinnedOriginAndRevokedReferenceAbstainWithoutObserverRead]' started.
2026-10-07T16:09:55.9579940Z Test Case '-[RightClickCoreTests.RCIRHTTPJSONObservationTests testPinnedOriginAndRevokedReferenceAbstainWithoutObserverRead]' passed (1.219 seconds).
2026-10-07T16:09:55.9580980Z Test Case '-[RightClickCoreTests.RCIRHTTPJSONObservationTests testPrintableJSONSegmentEncodesOnceWithoutTraversalOrAuthorityChange]' started.
2026-10-07T16:09:55.9582230Z Test Case '-[RightClickCoreTests.RCIRHTTPJSONObservationTests testPrintableJSONSegmentEncodesOnceWithoutTraversalOrAuthorityChange]' passed (1.062 seconds).
2026-10-07T16:09:55.9583380Z Test Case '-[RightClickCoreTests.RCIRHTTPJSONObservationTests testRealJSONObservationRetainsFullMetadataAndMatchesIndependentDigest]' started.
2026-10-07T16:09:55.9585460Z Test Case '-[RightClickCoreTests.RCIRHTTPJSONObservationTests testRealJSONObservationRetainsFullMetadataAndMatchesIndependentDigest]' passed (1.110 seconds).
2026-10-07T16:09:55.9586990Z Test Case '-[RightClickCoreTests.RCIRHTTPJSONObservationTests testRedirectNeverSendsObserverCredentialToAnotherOrigin]' started.
2026-10-07T16:09:55.9623070Z Test Case '-[RightClickCoreTests.RCIRHTTPJSONObservationTests testRedirectNeverSendsObserverCredentialToAnotherOrigin]' passed (0.918 seconds).
2026-10-07T16:09:55.9625380Z Test Case '-[RightClickCoreTests.RCIRHTTPJSONObservationTests testWriterCredentialCannotActAsReadonlyObserver]' started.
2026-10-07T16:09:55.9628220Z Test Case '-[RightClickCoreTests.RCIRHTTPJSONObservationTests testWriterCredentialCannotActAsReadonlyObserver]' passed (1.041 seconds).
2026-10-07T16:09:55.9630310Z Test Suite 'RCIRHTTPJSONObservationTests' passed at 2026-10-07 16:09:55.907.
2026-10-07T16:09:55.9630860Z 	 Executed 9 tests, with 0 failures (0 unexpected) in 9.293 (9.297) seconds
2026-10-07T16:09:55.9631440Z Test Suite 'RCIRIntegrationTests' started at 2026-10-07 16:09:55.907.
2026-10-07T16:09:55.9632340Z Test Case '-[RightClickCoreTests.RCIRIntegrationTests testBackendSignatureRejectionIsNotIgnored]' started.
2026-10-07T16:09:55.9633230Z Test Case '-[RightClickCoreTests.RCIRIntegrationTests testBackendSignatureRejectionIsNotIgnored]' passed (0.005 seconds).
2026-10-07T16:09:55.9633960Z Test Case '-[RightClickCoreTests.RCIRIntegrationTests testEmbeddedKeyCannotEstablishTrust]' started.
2026-10-07T16:09:55.9634830Z Test Case '-[RightClickCoreTests.RCIRIntegrationTests testEmbeddedKeyCannotEstablishTrust]' passed (0.002 seconds).
2026-10-07T16:09:55.9636140Z Test Case '-[RightClickCoreTests.RCIRIntegrationTests testEmptyTerminalPageIsDistinguishableFromLiveIdle]' started.
2026-10-07T16:09:55.9638930Z Test Case '-[RightClickCoreTests.RCIRIntegrationTests testEmptyTerminalPageIsDistinguishableFromLiveIdle]' passed (0.001 seconds).
2026-10-07T16:09:55.9641260Z Test Case '-[RightClickCoreTests.RCIRIntegrationTests testEnvelopeRejectsNonReceiptPayload]' started.
2026-10-07T16:09:55.9641990Z Test Case '-[RightClickCoreTests.RCIRIntegrationTests testEnvelopeRejectsNonReceiptPayload]' passed (0.000 seconds).
2026-10-07T16:09:55.9642790Z Test Case '-[RightClickCoreTests.RCIRIntegrationTests testEnvelopeRejectsWrongSignatureAndKeyLengths]' started.
2026-10-07T16:09:55.9643630Z Test Case '-[RightClickCoreTests.RCIRIntegrationTests testEnvelopeRejectsWrongSignatureAndKeyLengths]' passed (0.001 seconds).
2026-10-07T16:09:55.9644410Z Test Case '-[RightClickCoreTests.RCIRIntegrationTests testEventPagesHaveBoundedStableCursors]' started.
2026-10-07T16:09:55.9645220Z Test Case '-[RightClickCoreTests.RCIRIntegrationTests testEventPagesHaveBoundedStableCursors]' passed (0.002 seconds).
2026-10-07T16:09:55.9646430Z Test Case '-[RightClickCoreTests.RCIRIntegrationTests testObserverReceivesExactArgumentsAndBinding]' started.
2026-10-07T16:09:55.9647380Z Test Case '-[RightClickCoreTests.RCIRIntegrationTests testObserverReceivesExactArgumentsAndBinding]' passed (0.003 seconds).
2026-10-07T16:09:55.9648150Z Test Case '-[RightClickCoreTests.RCIRIntegrationTests testPagesRejectInvalidCursorsAndLimits]' started.
2026-10-07T16:09:55.9648990Z Test Case '-[RightClickCoreTests.RCIRIntegrationTests testPagesRejectInvalidCursorsAndLimits]' passed (0.002 seconds).
2026-10-07T16:09:55.9649800Z Test Case '-[RightClickCoreTests.RCIRIntegrationTests testRealCryptoKitSignatureAndPinnedKey]' started.
2026-10-07T16:09:55.9651860Z Test Case '-[RightClickCoreTests.RCIRIntegrationTests testRealCryptoKitSignatureAndPinnedKey]' passed (0.001 seconds).
2026-10-07T16:09:55.9652770Z Test Case '-[RightClickCoreTests.RCIRIntegrationTests testRealCryptoKitSignatureDetectsPayloadTampering]' started.
2026-10-07T16:09:55.9653650Z Test Case '-[RightClickCoreTests.RCIRIntegrationTests testRealCryptoKitSignatureDetectsPayloadTampering]' passed (0.001 seconds).
2026-10-07T16:09:55.9654880Z Test Case '-[RightClickCoreTests.RCIRIntegrationTests testUnsignedFixtureIsExplicitlyNotCryptographicEvidence]' started.
2026-10-07T16:09:55.9655830Z Test Case '-[RightClickCoreTests.RCIRIntegrationTests testUnsignedFixtureIsExplicitlyNotCryptographicEvidence]' passed (0.001 seconds).
2026-10-07T16:09:55.9656690Z Test Case '-[RightClickCoreTests.RCIRIntegrationTests testWireTransportPreservesExactPayload]' started.
2026-10-07T16:09:55.9746870Z Test Case '-[RightClickCoreTests.RCIRIntegrationTests testWireTransportPreservesExactPayload]' passed (0.001 seconds).
2026-10-07T16:09:55.9750510Z Test Suite 'RCIRIntegrationTests' passed at 2026-10-07 16:09:55.931.
2026-10-07T16:09:55.9752380Z 	 Executed 12 tests, with 0 failures (0 unexpected) in 0.021 (0.024) seconds
2026-10-07T16:09:55.9752890Z Test Suite 'RCIRInvocationBindingTests' started at 2026-10-07 16:09:55.931.
2026-10-07T16:09:55.9753760Z Test Case '-[RightClickCoreTests.RCIRInvocationBindingTests testInvocationBindingRejectsNoncanonicalIdentityAndUnboundedOrWildcardPaths]' started.
2026-10-07T16:09:55.9755490Z Test Case '-[RightClickCoreTests.RCIRInvocationBindingTests testInvocationBindingRejectsNoncanonicalIdentityAndUnboundedOrWildcardPaths]' passed (0.001 seconds).
2026-10-07T16:09:55.9756640Z Test Case '-[RightClickCoreTests.RCIRInvocationBindingTests testMatchingOldMarkerIsRetainedInSignedFailureInsteadOfVerifyingCurrentInvocation]' started.
2026-10-07T16:09:55.9757840Z Test Case '-[RightClickCoreTests.RCIRInvocationBindingTests testMatchingOldMarkerIsRetainedInSignedFailureInsteadOfVerifyingCurrentInvocation]' passed (0.004 seconds).
2026-10-07T16:09:55.9768410Z Test Case '-[RightClickCoreTests.RCIRInvocationBindingTests testOnlyHostTaskIdentityCanVerifyMatchingObservation]' started.
2026-10-07T16:12:42.8935180Z Test Case '-[RightClickCoreTests.RCIRInvocationBindingTests testOnlyHostTaskIdentityCanVerifyMatchingObservation]' passed (0.003 seconds).
2026-10-07T16:12:42.8938150Z Test Suite 'RCIRInvocationBindingTests' passed at 2026-10-07 16:09:55.940.
2026-10-07T16:12:42.8939540Z 	 Executed 3 tests, with 0 failures (0 unexpected) in 0.007 (0.009) seconds
2026-10-07T16:12:42.8940870Z Test Suite 'RCIRInvocationIsolationTests' started at 2026-10-07 16:09:55.940.
2026-10-07T16:12:42.8942750Z Test Case '-[RightClickCoreTests.RCIRInvocationIsolationTests testCompilerCannotMixProviderIdentityOrArgumentTypes]' started.
2026-10-07T16:12:42.8945790Z Test Case '-[RightClickCoreTests.RCIRInvocationIsolationTests testCompilerCannotMixProviderIdentityOrArgumentTypes]' passed (0.006 seconds).
2026-10-07T16:12:42.8949010Z Test Case '-[RightClickCoreTests.RCIRInvocationIsolationTests testDiscoveryDriftInvalidatesOutstandingInvocation]' started.
2026-10-07T16:12:42.8951660Z Test Case '-[RightClickCoreTests.RCIRInvocationIsolationTests testDiscoveryDriftInvalidatesOutstandingInvocation]' passed (0.002 seconds).
2026-10-07T16:12:42.8977880Z Test Case '-[RightClickCoreTests.RCIRInvocationIsolationTests testEffectKindDriftInvalidatesOutstandingInvocation]' started.
2026-10-07T16:12:42.8982710Z Test Case '-[RightClickCoreTests.RCIRInvocationIsolationTests testEffectKindDriftInvalidatesOutstandingInvocation]' passed (0.001 seconds).
2026-10-07T16:12:42.8987610Z Test Case '-[RightClickCoreTests.RCIRInvocationIsolationTests testInvocationDoesNotTurnUnknownEffectsIntoAuthority]' started.
2026-10-07T16:12:42.8992490Z Test Case '-[RightClickCoreTests.RCIRInvocationIsolationTests testInvocationDoesNotTurnUnknownEffectsIntoAuthority]' passed (0.001 seconds).
2026-10-07T16:12:42.8996940Z Test Case '-[RightClickCoreTests.RCIRInvocationIsolationTests testPrincipalReplacementInvalidatesOutstandingInvocation]' started.
2026-10-07T16:12:42.8999400Z Test Case '-[RightClickCoreTests.RCIRInvocationIsolationTests testPrincipalReplacementInvalidatesOutstandingInvocation]' passed (0.002 seconds).
2026-10-07T16:12:42.9001750Z Test Case '-[RightClickCoreTests.RCIRInvocationIsolationTests testResourcesAndPostconditionsAreBoundToIndependentLeases]' started.
2026-10-07T16:12:42.9024830Z Test Case '-[RightClickCoreTests.RCIRInvocationIsolationTests testResourcesAndPostconditionsAreBoundToIndependentLeases]' passed (0.003 seconds).
2026-10-07T16:12:42.9028950Z Test Case '-[RightClickCoreTests.RCIRInvocationIsolationTests testTaskBudgetDriftInvalidatesOutstandingInvocation]' started.
2026-10-07T16:12:42.9032510Z Test Case '-[RightClickCoreTests.RCIRInvocationIsolationTests testTaskBudgetDriftInvalidatesOutstandingInvocation]' passed (0.001 seconds).
2026-10-07T16:12:42.9036020Z Test Case '-[RightClickCoreTests.RCIRInvocationIsolationTests testWithdrawalAndReappearanceCannotReviveOldLease]' started.
2026-10-07T16:12:42.9039410Z Test Case '-[RightClickCoreTests.RCIRInvocationIsolationTests testWithdrawalAndReappearanceCannotReviveOldLease]' passed (0.001 seconds).
2026-10-07T16:12:42.9042180Z Test Suite 'RCIRInvocationIsolationTests' passed at 2026-10-07 16:09:55.959.
2026-10-07T16:12:42.9044440Z 	 Executed 8 tests, with 0 failures (0 unexpected) in 0.017 (0.019) seconds
2026-10-07T16:12:42.9046180Z Test Suite 'RCIRNoOutputTests' started at 2026-10-07 16:09:55.959.
2026-10-07T16:12:42.9048690Z Test Case '-[RightClickCoreTests.RCIRNoOutputTests testExactUnchangedWindowsDeclarationAcquiresAcknowledgementCapability]' started.
2026-10-07T16:12:42.9052460Z Test Case '-[RightClickCoreTests.RCIRNoOutputTests testExactUnchangedWindowsDeclarationAcquiresAcknowledgementCapability]' passed (0.005 seconds).
2026-10-07T16:12:42.9056110Z Test Case '-[RightClickCoreTests.RCIRNoOutputTests testInheritedSecurityUsesStrictSchemeResolutionAndOperationOverrides]' started.
2026-10-07T16:12:42.9058960Z Test Case '-[RightClickCoreTests.RCIRNoOutputTests testInheritedSecurityUsesStrictSchemeResolutionAndOperationOverrides]' passed (0.026 seconds).
2026-10-07T16:12:42.9061940Z Test Case '-[RightClickCoreTests.RCIRNoOutputTests testUnknownOrUndeclaredOutputCannotBeRecategorizedAsAcknowledgement]' started.
2026-10-07T16:12:42.9064780Z Test Case '-[RightClickCoreTests.RCIRNoOutputTests testUnknownOrUndeclaredOutputCannotBeRecategorizedAsAcknowledgement]' passed (0.003 seconds).
2026-10-07T16:12:42.9066930Z Test Suite 'RCIRNoOutputTests' passed at 2026-10-07 16:09:55.998.
2026-10-07T16:12:42.9068130Z 	 Executed 3 tests, with 0 failures (0 unexpected) in 0.034 (0.040) seconds
2026-10-07T16:12:42.9070090Z Test Suite 'RCIRProductionDispatchTests' started at 2026-10-07 16:09:55.998.
2026-10-07T16:12:42.9072180Z Test Case '-[RightClickCoreTests.RCIRProductionDispatchTests testActualArtifactSchemaDriftRejectsOldInvocationAndReacquires]' started.
2026-10-07T16:12:42.9120770Z /Users/runner/work/rightclick/rightclick/Tests/RightClickCoreTests/RCIRProductionDispatchTests.swift:71: error: -[RightClickCoreTests.RCIRProductionDispatchTests testActualArtifactSchemaDriftRejectsOldInvocationAndReacquires] : failed: caught error: "Error Domain=NSCocoaErrorDomain Code=260 "The file “port” couldn’t be opened because there is no such file." UserInfo={NSFilePath=/var/folders/36/tjdph2t965j8snz9_vkdnw0r0000gn/T/rcir-live-6A101C76-B1D4-4067-B890-8010EC334E23/port, NSURL=file:///var/folders/36/tjdph2t965j8snz9_vkdnw0r0000gn/T/rcir-live-6A101C76-B1D4-4067-B890-8010EC334E23/port, NSUnderlyingError=0x86f57c480 {Error Domain=NSPOSIXErrorDomain Code=2 "No such file or directory"}}"
2026-10-07T16:12:42.9129760Z <unknown>:0: -[RightClickCoreTests.RCIRProductionDispatchTests testActualArtifactSchemaDriftRejectsOldInvocationAndReacquires] : Test skipped: threw error "The file “port” couldn’t be opened because there is no such file."
2026-10-07T16:12:42.9132870Z Test Case '-[RightClickCoreTests.RCIRProductionDispatchTests testActualArtifactSchemaDriftRejectsOldInvocationAndReacquires]' failed (16.622 seconds).
2026-10-07T16:12:42.9135450Z Test Case '-[RightClickCoreTests.RCIRProductionDispatchTests testActualContractDisappearanceDeniesEffectsAndRecoversNewLease]' started.
2026-10-07T16:12:42.9143360Z /Users/runner/work/rightclick/rightclick/Tests/RightClickCoreTests/RCIRProductionDispatchTests.swift:71: error: -[RightClickCoreTests.RCIRProductionDispatchTests testActualContractDisappearanceDeniesEffectsAndRecoversNewLease] : failed: caught error: "Error Domain=NSCocoaErrorDomain Code=260 "The file “port” couldn’t be opened because there is no such file." UserInfo={NSFilePath=/var/folders/36/tjdph2t965j8snz9_vkdnw0r0000gn/T/rcir-live-0F799118-B75A-45B2-A70D-94CDD8A970F5/port, NSURL=file:///var/folders/36/tjdph2t965j8snz9_vkdnw0r0000gn/T/rcir-live-0F799118-B75A-45B2-A70D-94CDD8A970F5/port, NSUnderlyingError=0x873cc73f0 {Error Domain=NSPOSIXErrorDomain Code=2 "No such file or directory"}}"
2026-10-07T16:12:42.9149910Z <unknown>:0: -[RightClickCoreTests.RCIRProductionDispatchTests testActualContractDisappearanceDeniesEffectsAndRecoversNewLease] : Test skipped: threw error "The file “port” couldn’t be opened because there is no such file."
2026-10-07T16:12:42.9151250Z Test Case '-[RightClickCoreTests.RCIRProductionDispatchTests testActualContractDisappearanceDeniesEffectsAndRecoversNewLease]' failed (14.987 seconds).
2026-10-07T16:12:42.9152300Z Test Case '-[RightClickCoreTests.RCIRProductionDispatchTests testActualSchemaChangeAfterDispatchRemainsUnknownWithoutRetry]' started.
2026-10-07T16:12:42.9155800Z /Users/runner/work/rightclick/rightclick/Tests/RightClickCoreTests/RCIRProductionDispatchTests.swift:71: error: -[RightClickCoreTests.RCIRProductionDispatchTests testActualSchemaChangeAfterDispatchRemainsUnknownWithoutRetry] : failed: caught error: "Error Domain=NSCocoaErrorDomain Code=260 "The file “port” couldn’t be opened because there is no such file." UserInfo={NSFilePath=/var/folders/36/tjdph2t965j8snz9_vkdnw0r0000gn/T/rcir-live-90F5F1B9-12C3-4CB3-8044-E1F8CA8007B7/port, NSURL=file:///var/folders/36/tjdph2t965j8snz9_vkdnw0r0000gn/T/rcir-live-90F5F1B9-12C3-4CB3-8044-E1F8CA8007B7/port, NSUnderlyingError=0x873cc40c0 {Error Domain=NSPOSIXErrorDomain Code=2 "No such file or directory"}}"
2026-10-07T16:12:42.9158820Z <unknown>:0: -[RightClickCoreTests.RCIRProductionDispatchTests testActualSchemaChangeAfterDispatchRemainsUnknownWithoutRetry] : Test skipped: threw error "The file “port” couldn’t be opened because there is no such file."
2026-10-07T16:12:42.9160190Z Test Case '-[RightClickCoreTests.RCIRProductionDispatchTests testActualSchemaChangeAfterDispatchRemainsUnknownWithoutRetry]' failed (13.672 seconds).
2026-10-07T16:12:42.9161320Z Test Case '-[RightClickCoreTests.RCIRProductionDispatchTests testBonjourReappearanceAfterDispatchPreservesUnknown]' started.
2026-10-07T16:12:42.9164230Z /Users/runner/work/rightclick/rightclick/Tests/RightClickCoreTests/RCIRProductionDispatchTests.swift:71: error: -[RightClickCoreTests.RCIRProductionDispatchTests testBonjourReappearanceAfterDispatchPreservesUnknown] : failed: caught error: "Error Domain=NSCocoaErrorDomain Code=260 "The file “port” couldn’t be opened because there is no such file." UserInfo={NSFilePath=/var/folders/36/tjdph2t965j8snz9_vkdnw0r0000gn/T/rcir-live-28339923-19CD-4DAB-8145-8876B4EAE45F/port, NSURL=file:///var/folders/36/tjdph2t965j8snz9_vkdnw0r0000gn/T/rcir-live-28339923-19CD-4DAB-8145-8876B4EAE45F/port, NSUnderlyingError=0x873cc4d20 {Error Domain=NSPOSIXErrorDomain Code=2 "No such file or directory"}}"
2026-10-07T16:12:42.9168110Z <unknown>:0: -[RightClickCoreTests.RCIRProductionDispatchTests testBonjourReappearanceAfterDispatchPreservesUnknown] : Test skipped: threw error "The file “port” couldn’t be opened because there is no such file."
2026-10-07T16:12:42.9169420Z Test Case '-[RightClickCoreTests.RCIRProductionDispatchTests testBonjourReappearanceAfterDispatchPreservesUnknown]' failed (14.453 seconds).
2026-10-07T16:12:42.9170540Z Test Case '-[RightClickCoreTests.RCIRProductionDispatchTests testBonjourReappearanceCannotReviveLeaseWithoutIntermediateDiscovery]' started.
2026-10-07T16:12:42.9177250Z /Users/runner/work/rightclick/rightclick/Tests/RightClickCoreTests/RCIRProductionDispatchTests.swift:71: error: -[RightClickCoreTests.RCIRProductionDispatchTests testBonjourReappearanceCannotReviveLeaseWithoutIntermediateDiscovery] : failed: caught error: "Error Domain=NSCocoaErrorDomain Code=260 "The file “port” couldn’t be opened because there is no such file." UserInfo={NSFilePath=/var/folders/36/tjdph2t965j8snz9_vkdnw0r0000gn/T/rcir-live-A15B51D2-664A-44C8-A64C-0373E38F5407/port, NSURL=file:///var/folders/36/tjdph2t965j8snz9_vkdnw0r0000gn/T/rcir-live-A15B51D2-664A-44C8-A64C-0373E38F5407/port, NSUnderlyingError=0x873cc40f0 {Error Domain=NSPOSIXErrorDomain Code=2 "No such file or directory"}}"
2026-10-07T16:12:42.9180530Z <unknown>:0: -[RightClickCoreTests.RCIRProductionDispatchTests testBonjourReappearanceCannotReviveLeaseWithoutIntermediateDiscovery] : Test skipped: threw error "The file “port” couldn’t be opened because there is no such file."
2026-10-07T16:12:42.9182030Z Test Case '-[RightClickCoreTests.RCIRProductionDispatchTests testBonjourReappearanceCannotReviveLeaseWithoutIntermediateDiscovery]' failed (13.335 seconds).
2026-10-07T16:12:42.9183130Z Test Case '-[RightClickCoreTests.RCIRProductionDispatchTests testBoundedLargeArgumentIsNotDuplicatedIntoContract]' started.
2026-10-07T16:12:42.9186140Z /Users/runner/work/rightclick/rightclick/Tests/RightClickCoreTests/RCIRProductionDispatchTests.swift:71: error: -[RightClickCoreTests.RCIRProductionDispatchTests testBoundedLargeArgumentIsNotDuplicatedIntoContract] : failed: caught error: "Error Domain=NSCocoaErrorDomain Code=260 "The file “port” couldn’t be opened because there is no such file." UserInfo={NSFilePath=/var/folders/36/tjdph2t965j8snz9_vkdnw0r0000gn/T/rcir-live-8876ED29-DC29-41C5-BC09-168261D5E14A/port, NSURL=file:///var/folders/36/tjdph2t965j8snz9_vkdnw0r0000gn/T/rcir-live-8876ED29-DC29-41C5-BC09-168261D5E14A/port, NSUnderlyingError=0x873cc73f0 {Error Domain=NSPOSIXErrorDomain Code=2 "No such file or directory"}}"
2026-10-07T16:12:42.9189100Z <unknown>:0: -[RightClickCoreTests.RCIRProductionDispatchTests testBoundedLargeArgumentIsNotDuplicatedIntoContract] : Test skipped: threw error "The file “port” couldn’t be opened because there is no such file."
2026-10-07T16:12:42.9190380Z Test Case '-[RightClickCoreTests.RCIRProductionDispatchTests testBoundedLargeArgumentIsNotDuplicatedIntoContract]' failed (14.420 seconds).
2026-10-07T16:12:42.9191520Z Test Case '-[RightClickCoreTests.RCIRProductionDispatchTests testCallerPostconditionCannotBeSilentlyIgnoredByHostObserver]' started.
2026-10-07T16:12:42.9194670Z /Users/runner/work/rightclick/rightclick/Tests/RightClickCoreTests/RCIRProductionDispatchTests.swift:71: error: -[RightClickCoreTests.RCIRProductionDispatchTests testCallerPostconditionCannotBeSilentlyIgnoredByHostObserver] : failed: caught error: "Error Domain=NSCocoaErrorDomain Code=260 "The file “port” couldn’t be opened because there is no such file." UserInfo={NSFilePath=/var/folders/36/tjdph2t965j8snz9_vkdnw0r0000gn/T/rcir-live-04FBDABC-D5A0-4CA6-90D4-DA38AB0B2F3B/port, NSURL=file:///var/folders/36/tjdph2t965j8snz9_vkdnw0r0000gn/T/rcir-live-04FBDABC-D5A0-4CA6-90D4-DA38AB0B2F3B/port, NSUnderlyingError=0x873cc40c0 {Error Domain=NSPOSIXErrorDomain Code=2 "No such file or directory"}}"
2026-10-07T16:12:42.9198070Z <unknown>:0: -[RightClickCoreTests.RCIRProductionDispatchTests testCallerPostconditionCannotBeSilentlyIgnoredByHostObserver] : Test skipped: threw error "The file “port” couldn’t be opened because there is no such file."
2026-10-07T16:12:42.9199530Z Test Case '-[RightClickCoreTests.RCIRProductionDispatchTests testCallerPostconditionCannotBeSilentlyIgnoredByHostObserver]' failed (15.600 seconds).
2026-10-07T16:12:42.9200580Z Test Case '-[RightClickCoreTests.RCIRProductionDispatchTests testChangedArgumentsCannotUseOriginalLease]' started.
2026-10-07T16:12:42.9203700Z /Users/runner/work/rightclick/rightclick/Tests/RightClickCoreTests/RCIRProductionDispatchTests.swift:71: error: -[RightClickCoreTests.RCIRProductionDispatchTests testChangedArgumentsCannotUseOriginalLease] : failed: caught error: "Error Domain=NSCocoaErrorDomain Code=260 "The file “port” couldn’t be opened because there is no such file." UserInfo={NSFilePath=/var/folders/36/tjdph2t965j8snz9_vkdnw0r0000gn/T/rcir-live-6CD84D9A-A7D7-415A-9C77-0A8F23249C40/port, NSURL=file:///var/folders/36/tjdph2t965j8snz9_vkdnw0r0000gn/T/rcir-live-6CD84D9A-A7D7-415A-9C77-0A8F23249C40/port, NSUnderlyingError=0x873cc4d20 {Error Domain=NSPOSIXErrorDomain Code=2 "No such file or directory"}}"
2026-10-07T16:12:42.9206690Z <unknown>:0: -[RightClickCoreTests.RCIRProductionDispatchTests testChangedArgumentsCannotUseOriginalLease] : Test skipped: threw error "The file “port” couldn’t be opened because there is no such file."
2026-10-07T16:12:42.9207790Z Test Case '-[RightClickCoreTests.RCIRProductionDispatchTests testChangedArgumentsCannotUseOriginalLease]' failed (15.181 seconds).
2026-10-07T16:12:42.9208730Z Test Case '-[RightClickCoreTests.RCIRProductionDispatchTests testChangedEndpointBeforeDispatchProducesZeroProviderEffects]' started.
2026-10-07T16:12:42.9211860Z /Users/runner/work/rightclick/rightclick/Tests/RightClickCoreTests/RCIRProductionDispatchTests.swift:71: error: -[RightClickCoreTests.RCIRProductionDispatchTests testChangedEndpointBeforeDispatchProducesZeroProviderEffects] : failed: caught error: "Error Domain=NSCocoaErrorDomain Code=260 "The file “port” couldn’t be opened because there is no such file." UserInfo={NSFilePath=/var/folders/36/tjdph2t965j8snz9_vkdnw0r0000gn/T/rcir-live-9EE8CBD4-F51A-4627-AE0B-AAD8F2BE948D/port, NSURL=file:///var/folders/36/tjdph2t965j8snz9_vkdnw0r0000gn/T/rcir-live-9EE8CBD4-F51A-4627-AE0B-AAD8F2BE948D/port, NSUnderlyingError=0x873cc40f0 {Error Domain=NSPOSIXErrorDomain Code=2 "No such file or directory"}}"
2026-10-07T16:12:42.9215370Z <unknown>:0: -[RightClickCoreTests.RCIRProductionDispatchTests testChangedEndpointBeforeDispatchProducesZeroProviderEffects] : Test skipped: threw error "The file “port” couldn’t be opened because there is no such file."
2026-10-07T16:12:42.9216780Z Test Case '-[RightClickCoreTests.RCIRProductionDispatchTests testChangedEndpointBeforeDispatchProducesZeroProviderEffects]' failed (15.836 seconds).
2026-10-07T16:12:42.9217790Z Test Case '-[RightClickCoreTests.RCIRProductionDispatchTests testCompetingConsumersStartAtMostOneRealRequest]' started.
2026-10-07T16:12:42.9221080Z /Users/runner/work/rightclick/rightclick/Tests/RightClickCoreTests/RCIRProductionDispatchTests.swift:71: error: -[RightClickCoreTests.RCIRProductionDispatchTests testCompetingConsumersStartAtMostOneRealRequest] : failed: caught error: "Error Domain=NSCocoaErrorDomain Code=260 "The file “port” couldn’t be opened because there is no such file." UserInfo={NSFilePath=/var/folders/36/tjdph2t965j8snz9_vkdnw0r0000gn/T/rcir-live-1AD9E0B1-1C8D-44E8-A89D-94E6C396D83F/port, NSURL=file:///var/folders/36/tjdph2t965j8snz9_vkdnw0r0000gn/T/rcir-live-1AD9E0B1-1C8D-44E8-A89D-94E6C396D83F/port, NSUnderlyingError=0x873cc73f0 {Error Domain=NSPOSIXErrorDomain Code=2 "No such file or directory"}}"
2026-10-07T16:12:42.9224450Z <unknown>:0: -[RightClickCoreTests.RCIRProductionDispatchTests testCompetingConsumersStartAtMostOneRealRequest] : Test skipped: threw error "The file “port” couldn’t be opened because there is no such file."
2026-10-07T16:12:42.9226280Z Test Case '-[RightClickCoreTests.RCIRProductionDispatchTests testCompetingConsumersStartAtMostOneRealRequest]' failed (17.157 seconds).
2026-10-07T16:12:42.9227370Z Test Case '-[RightClickCoreTests.RCIRProductionDispatchTests testConfirmationDenialProducesZeroProviderEffects]' started.
2026-10-07T16:16:20.3619540Z /Users/runner/work/rightclick/rightclick/Tests/RightClickCoreTests/RCIRProductionDispatchTests.swift:71: error: -[RightClickCoreTests.RCIRProductionDispatchTests testConfirmationDenialProducesZeroProviderEffects] : failed: caught error: "Error Domain=NSCocoaErrorDomain Code=260 "The file “port” couldn’t be opened because there is no such file." UserInfo={NSFilePath=/var/folders/36/tjdph2t965j8snz9_vkdnw0r0000gn/T/rcir-live-25FC4784-8496-46C5-A7E8-B7798C150F83/port, NSURL=file:///var/folders/36/tjdph2t965j8snz9_vkdnw0r0000gn/T/rcir-live-25FC4784-8496-46C5-A7E8-B7798C150F83/port, NSUnderlyingError=0x873cc40c0 {Error Domain=NSPOSIXErrorDomain Code=2 "No such file or directory"}}"
2026-10-07T16:16:20.3638540Z <unknown>:0: -[RightClickCoreTests.RCIRProductionDispatchTests testConfirmationDenialProducesZeroProviderEffects] : Test skipped: threw error "The file “port” couldn’t be opened because there is no such file."
2026-10-07T16:16:20.3641850Z Test Case '-[RightClickCoreTests.RCIRProductionDispatchTests testConfirmationDenialProducesZeroProviderEffects]' failed (15.811 seconds).
2026-10-07T16:16:20.3644160Z Test Case '-[RightClickCoreTests.RCIRProductionDispatchTests testCredentialFreeObserverCannotInheritInvocationCookie]' started.
2026-10-07T16:16:20.3651610Z /Users/runner/work/rightclick/rightclick/Tests/RightClickCoreTests/RCIRProductionDispatchTests.swift:71: error: -[RightClickCoreTests.RCIRProductionDispatchTests testCredentialFreeObserverCannotInheritInvocationCookie] : failed: caught error: "Error Domain=NSCocoaErrorDomain Code=260 "The file “port” couldn’t be opened because there is no such file." UserInfo={NSFilePath=/var/folders/36/tjdph2t965j8snz9_vkdnw0r0000gn/T/rcir-live-D0702AE4-E11E-4306-A433-D540E8C98CEC/port, NSURL=file:///var/folders/36/tjdph2t965j8snz9_vkdnw0r0000gn/T/rcir-live-D0702AE4-E11E-4306-A433-D540E8C98CEC/port, NSUnderlyingError=0x873cc4d20 {Error Domain=NSPOSIXErrorDomain Code=2 "No such file or directory"}}"
2026-10-07T16:16:20.3661640Z <unknown>:0: -[RightClickCoreTests.RCIRProductionDispatchTests testCredentialFreeObserverCannotInheritInvocationCookie] : Test skipped: threw error "The file “port” couldn’t be opened because there is no such file."
2026-10-07T16:16:20.3666300Z Test Case '-[RightClickCoreTests.RCIRProductionDispatchTests testCredentialFreeObserverCannotInheritInvocationCookie]' failed (17.758 seconds).
2026-10-07T16:16:20.3669770Z Test Case '-[RightClickCoreTests.RCIRProductionDispatchTests testCrossOriginObserverBlocksBeforeAnyEffect]' started.
2026-10-07T16:16:20.3681340Z /Users/runner/work/rightclick/rightclick/Tests/RightClickCoreTests/RCIRProductionDispatchTests.swift:71: error: -[RightClickCoreTests.RCIRProductionDispatchTests testCrossOriginObserverBlocksBeforeAnyEffect] : failed: caught error: "Error Domain=NSCocoaErrorDomain Code=260 "The file “port” couldn’t be opened because there is no such file." UserInfo={NSFilePath=/var/folders/36/tjdph2t965j8snz9_vkdnw0r0000gn/T/rcir-live-9190A827-3CC0-47C8-B6A8-5CB9ECA45834/port, NSURL=file:///var/folders/36/tjdph2t965j8snz9_vkdnw0r0000gn/T/rcir-live-9190A827-3CC0-47C8-B6A8-5CB9ECA45834/port, NSUnderlyingError=0x873cc40f0 {Error Domain=NSPOSIXErrorDomain Code=2 "No such file or directory"}}"
2026-10-07T16:16:20.3689700Z <unknown>:0: -[RightClickCoreTests.RCIRProductionDispatchTests testCrossOriginObserverBlocksBeforeAnyEffect] : Test skipped: threw error "The file “port” couldn’t be opened because there is no such file."
2026-10-07T16:16:20.3692680Z Test Case '-[RightClickCoreTests.RCIRProductionDispatchTests testCrossOriginObserverBlocksBeforeAnyEffect]' failed (14.001 seconds).
2026-10-07T16:16:20.3694880Z Test Case '-[RightClickCoreTests.RCIRProductionDispatchTests testCurrentPolicyRevocationProducesZeroProviderEffects]' started.
2026-10-07T16:16:20.3704650Z /Users/runner/work/rightclick/rightclick/Tests/RightClickCoreTests/RCIRProductionDispatchTests.swift:71: error: -[RightClickCoreTests.RCIRProductionDispatchTests testCurrentPolicyRevocationProducesZeroProviderEffects] : failed: caught error: "Error Domain=NSCocoaErrorDomain Code=260 "The file “port” couldn’t be opened because there is no such file." UserInfo={NSFilePath=/var/folders/36/tjdph2t965j8snz9_vkdnw0r0000gn/T/rcir-live-9A2CF65C-380E-4884-97A5-E27A20338765/port, NSURL=file:///var/folders/36/tjdph2t965j8snz9_vkdnw0r0000gn/T/rcir-live-9A2CF65C-380E-4884-97A5-E27A20338765/port, NSUnderlyingError=0x873cc73f0 {Error Domain=NSPOSIXErrorDomain Code=2 "No such file or directory"}}"
2026-10-07T16:16:20.3712450Z <unknown>:0: -[RightClickCoreTests.RCIRProductionDispatchTests testCurrentPolicyRevocationProducesZeroProviderEffects] : Test skipped: threw error "The file “port” couldn’t be opened because there is no such file."
2026-10-07T16:16:20.3715460Z Test Case '-[RightClickCoreTests.RCIRProductionDispatchTests testCurrentPolicyRevocationProducesZeroProviderEffects]' failed (15.149 seconds).
2026-10-07T16:16:20.3718170Z Test Case '-[RightClickCoreTests.RCIRProductionDispatchTests testExpiredLeaseProducesZeroProviderEffects]' started.
2026-10-07T16:16:20.3725540Z /Users/runner/work/rightclick/rightclick/Tests/RightClickCoreTests/RCIRProductionDispatchTests.swift:71: error: -[RightClickCoreTests.RCIRProductionDispatchTests testExpiredLeaseProducesZeroProviderEffects] : failed: caught error: "Error Domain=NSCocoaErrorDomain Code=260 "The file “port” couldn’t be opened because there is no such file." UserInfo={NSFilePath=/var/folders/36/tjdph2t965j8snz9_vkdnw0r0000gn/T/rcir-live-5A46DFBC-22F6-4F41-9413-9D2F8E02E090/port, NSURL=file:///var/folders/36/tjdph2t965j8snz9_vkdnw0r0000gn/T/rcir-live-5A46DFBC-22F6-4F41-9413-9D2F8E02E090/port, NSUnderlyingError=0x873cc40c0 {Error Domain=NSPOSIXErrorDomain Code=2 "No such file or directory"}}"
2026-10-07T16:16:20.3732820Z <unknown>:0: -[RightClickCoreTests.RCIRProductionDispatchTests testExpiredLeaseProducesZeroProviderEffects] : Test skipped: threw error "The file “port” couldn’t be opened because there is no such file."
2026-10-07T16:16:20.3793630Z Test Case '-[RightClickCoreTests.RCIRProductionDispatchTests testExpiredLeaseProducesZeroProviderEffects]' failed (15.444 seconds).
2026-10-07T16:16:20.3796770Z Test Case '-[RightClickCoreTests.RCIRProductionDispatchTests testIndependentInvocationsDoNotReplaceTheDiscoveredProviderGeneration]' started.
2026-10-07T16:16:20.3801380Z /Users/runner/work/rightclick/rightclick/Tests/RightClickCoreTests/RCIRProductionDispatchTests.swift:71: error: -[RightClickCoreTests.RCIRProductionDispatchTests testIndependentInvocationsDoNotReplaceTheDiscoveredProviderGeneration] : failed: caught error: "Error Domain=NSCocoaErrorDomain Code=260 "The file “port” couldn’t be opened because there is no such file." UserInfo={NSFilePath=/var/folders/36/tjdph2t965j8snz9_vkdnw0r0000gn/T/rcir-live-0D6A5A5B-AE5A-4718-BD40-C6305853FB2D/port, NSURL=file:///var/folders/36/tjdph2t965j8snz9_vkdnw0r0000gn/T/rcir-live-0D6A5A5B-AE5A-4718-BD40-C6305853FB2D/port, NSUnderlyingError=0x873cc4d20 {Error Domain=NSPOSIXErrorDomain Code=2 "No such file or directory"}}"
2026-10-07T16:16:20.3805150Z <unknown>:0: -[RightClickCoreTests.RCIRProductionDispatchTests testIndependentInvocationsDoNotReplaceTheDiscoveredProviderGeneration] : Test skipped: threw error "The file “port” couldn’t be opened because there is no such file."
2026-10-07T16:16:20.3807160Z Test Case '-[RightClickCoreTests.RCIRProductionDispatchTests testIndependentInvocationsDoNotReplaceTheDiscoveredProviderGeneration]' failed (16.931 seconds).
2026-10-07T16:16:20.3808160Z Test Case '-[RightClickCoreTests.RCIRProductionDispatchTests testInvalidSignerBlocksBeforeAnyEffect]' started.
2026-10-07T16:16:20.3810910Z /Users/runner/work/rightclick/rightclick/Tests/RightClickCoreTests/RCIRProductionDispatchTests.swift:71: error: -[RightClickCoreTests.RCIRProductionDispatchTests testInvalidSignerBlocksBeforeAnyEffect] : failed: caught error: "Error Domain=NSCocoaErrorDomain Code=260 "The file “port” couldn’t be opened because there is no such file." UserInfo={NSFilePath=/var/folders/36/tjdph2t965j8snz9_vkdnw0r0000gn/T/rcir-live-2D64A45F-B74F-4FFA-ADF8-DC05CC3837AB/port, NSURL=file:///var/folders/36/tjdph2t965j8snz9_vkdnw0r0000gn/T/rcir-live-2D64A45F-B74F-4FFA-ADF8-DC05CC3837AB/port, NSUnderlyingError=0x873cc40f0 {Error Domain=NSPOSIXErrorDomain Code=2 "No such file or directory"}}"
2026-10-07T16:16:20.3814070Z <unknown>:0: -[RightClickCoreTests.RCIRProductionDispatchTests testInvalidSignerBlocksBeforeAnyEffect] : Test skipped: threw error "The file “port” couldn’t be opened because there is no such file."
2026-10-07T16:16:20.3815100Z Test Case '-[RightClickCoreTests.RCIRProductionDispatchTests testInvalidSignerBlocksBeforeAnyEffect]' failed (14.399 seconds).
2026-10-07T16:16:20.3816000Z Test Case '-[RightClickCoreTests.RCIRProductionDispatchTests testLostResponseRetainsSignedUnknownAndDoesNotRetry]' started.
2026-10-07T16:16:20.3818930Z /Users/runner/work/rightclick/rightclick/Tests/RightClickCoreTests/RCIRProductionDispatchTests.swift:71: error: -[RightClickCoreTests.RCIRProductionDispatchTests testLostResponseRetainsSignedUnknownAndDoesNotRetry] : failed: caught error: "Error Domain=NSCocoaErrorDomain Code=260 "The file “port” couldn’t be opened because there is no such file." UserInfo={NSFilePath=/var/folders/36/tjdph2t965j8snz9_vkdnw0r0000gn/T/rcir-live-A15C54A8-3E8B-4865-9E55-65DAF5B3C021/port, NSURL=file:///var/folders/36/tjdph2t965j8snz9_vkdnw0r0000gn/T/rcir-live-A15C54A8-3E8B-4865-9E55-65DAF5B3C021/port, NSUnderlyingError=0x873cc73f0 {Error Domain=NSPOSIXErrorDomain Code=2 "No such file or directory"}}"
2026-10-07T16:16:20.3821530Z <unknown>:0: -[RightClickCoreTests.RCIRProductionDispatchTests testLostResponseRetainsSignedUnknownAndDoesNotRetry] : Test skipped: threw error "The file “port” couldn’t be opened because there is no such file."
2026-10-07T16:16:20.3822670Z Test Case '-[RightClickCoreTests.RCIRProductionDispatchTests testLostResponseRetainsSignedUnknownAndDoesNotRetry]' failed (16.351 seconds).
2026-10-07T16:16:20.3823620Z Test Case '-[RightClickCoreTests.RCIRProductionDispatchTests testMissingExactOriginAuthorityProducesZeroProviderEffects]' started.
2026-10-07T16:16:20.3826250Z /Users/runner/work/rightclick/rightclick/Tests/RightClickCoreTests/RCIRProductionDispatchTests.swift:71: error: -[RightClickCoreTests.RCIRProductionDispatchTests testMissingExactOriginAuthorityProducesZeroProviderEffects] : failed: caught error: "Error Domain=NSCocoaErrorDomain Code=260 "The file “port” couldn’t be opened because there is no such file." UserInfo={NSFilePath=/var/folders/36/tjdph2t965j8snz9_vkdnw0r0000gn/T/rcir-live-A92DE452-4911-46A0-9C21-F836604D6A41/port, NSURL=file:///var/folders/36/tjdph2t965j8snz9_vkdnw0r0000gn/T/rcir-live-A92DE452-4911-46A0-9C21-F836604D6A41/port, NSUnderlyingError=0x873cc40c0 {Error Domain=NSPOSIXErrorDomain Code=2 "No such file or directory"}}"
2026-10-07T16:16:20.3828930Z <unknown>:0: -[RightClickCoreTests.RCIRProductionDispatchTests testMissingExactOriginAuthorityProducesZeroProviderEffects] : Test skipped: threw error "The file “port” couldn’t be opened because there is no such file."
2026-10-07T16:16:20.3830130Z Test Case '-[RightClickCoreTests.RCIRProductionDispatchTests testMissingExactOriginAuthorityProducesZeroProviderEffects]' failed (15.552 seconds).
2026-10-07T16:16:20.3831270Z Test Case '-[RightClickCoreTests.RCIRProductionDispatchTests testNotYetValidLeaseProducesZeroProviderEffects]' started.
2026-10-07T16:16:20.3833950Z /Users/runner/work/rightclick/rightclick/Tests/RightClickCoreTests/RCIRProductionDispatchTests.swift:71: error: -[RightClickCoreTests.RCIRProductionDispatchTests testNotYetValidLeaseProducesZeroProviderEffects] : failed: caught error: "Error Domain=NSCocoaErrorDomain Code=260 "The file “port” couldn’t be opened because there is no such file." UserInfo={NSFilePath=/var/folders/36/tjdph2t965j8snz9_vkdnw0r0000gn/T/rcir-live-DF017E67-AD44-4F9C-9CFA-B025EDCB28E0/port, NSURL=file:///var/folders/36/tjdph2t965j8snz9_vkdnw0r0000gn/T/rcir-live-DF017E67-AD44-4F9C-9CFA-B025EDCB28E0/port, NSUnderlyingError=0x873cc4d20 {Error Domain=NSPOSIXErrorDomain Code=2 "No such file or directory"}}"
2026-10-07T16:16:20.3836800Z <unknown>:0: -[RightClickCoreTests.RCIRProductionDispatchTests testNotYetValidLeaseProducesZeroProviderEffects] : Test skipped: threw error "The file “port” couldn’t be opened because there is no such file."
2026-10-07T16:16:20.3837910Z Test Case '-[RightClickCoreTests.RCIRProductionDispatchTests testNotYetValidLeaseProducesZeroProviderEffects]' failed (14.369 seconds).
2026-10-07T16:16:20.3838770Z Test Case '-[RightClickCoreTests.RCIRProductionDispatchTests testObserverTraversalAndDoubleEncodingCannotDispatch]' started.
2026-10-07T16:16:20.3841610Z /Users/runner/work/rightclick/rightclick/Tests/RightClickCoreTests/RCIRProductionDispatchTests.swift:71: error: -[RightClickCoreTests.RCIRProductionDispatchTests testObserverTraversalAndDoubleEncodingCannotDispatch] : failed: caught error: "Error Domain=NSCocoaErrorDomain Code=260 "The file “port” couldn’t be opened because there is no such file." UserInfo={NSFilePath=/var/folders/36/tjdph2t965j8snz9_vkdnw0r0000gn/T/rcir-live-39D0AE8A-62F6-4D79-A166-784DA428C681/port, NSURL=file:///var/folders/36/tjdph2t965j8snz9_vkdnw0r0000gn/T/rcir-live-39D0AE8A-62F6-4D79-A166-784DA428C681/port, NSUnderlyingError=0x873cc40f0 {Error Domain=NSPOSIXErrorDomain Code=2 "No such file or directory"}}"
2026-10-07T16:16:20.3844490Z <unknown>:0: -[RightClickCoreTests.RCIRProductionDispatchTests testObserverTraversalAndDoubleEncodingCannotDispatch] : Test skipped: threw error "The file “port” couldn’t be opened because there is no such file."
2026-10-07T16:16:20.3845570Z Test Case '-[RightClickCoreTests.RCIRProductionDispatchTests testObserverTraversalAndDoubleEncodingCannotDispatch]' failed (15.377 seconds).
2026-10-07T16:16:20.3846600Z Test Case '-[RightClickCoreTests.RCIRProductionDispatchTests testPublicBeginConsumesOneLeaseAndRetainsTaskEvidence]' started.
2026-10-07T16:16:20.3849490Z /Users/runner/work/rightclick/rightclick/Tests/RightClickCoreTests/RCIRProductionDispatchTests.swift:71: error: -[RightClickCoreTests.RCIRProductionDispatchTests testPublicBeginConsumesOneLeaseAndRetainsTaskEvidence] : failed: caught error: "Error Domain=NSCocoaErrorDomain Code=260 "The file “port” couldn’t be opened because there is no such file." UserInfo={NSFilePath=/var/folders/36/tjdph2t965j8snz9_vkdnw0r0000gn/T/rcir-live-AB3767D2-D276-4725-A04D-AEDD70656222/port, NSURL=file:///var/folders/36/tjdph2t965j8snz9_vkdnw0r0000gn/T/rcir-live-AB3767D2-D276-4725-A04D-AEDD70656222/port, NSUnderlyingError=0x873cc73f0 {Error Domain=NSPOSIXErrorDomain Code=2 "No such file or directory"}}"
2026-10-07T16:16:20.3852560Z <unknown>:0: -[RightClickCoreTests.RCIRProductionDispatchTests testPublicBeginConsumesOneLeaseAndRetainsTaskEvidence] : Test skipped: threw error "The file “port” couldn’t be opened because there is no such file."
2026-10-07T16:16:20.3853680Z Test Case '-[RightClickCoreTests.RCIRProductionDispatchTests testPublicBeginConsumesOneLeaseAndRetainsTaskEvidence]' failed (15.398 seconds).
2026-10-07T16:16:20.3854660Z Test Case '-[RightClickCoreTests.RCIRProductionDispatchTests testRemovalAfterDispatchPreservesUnknownWithoutRetry]' started.
2026-10-07T16:16:20.3858480Z /Users/runner/work/rightclick/rightclick/Tests/RightClickCoreTests/RCIRProductionDispatchTests.swift:71: error: -[RightClickCoreTests.RCIRProductionDispatchTests testRemovalAfterDispatchPreservesUnknownWithoutRetry] : failed: caught error: "Error Domain=NSCocoaErrorDomain Code=260 "The file “port” couldn’t be opened because there is no such file." UserInfo={NSFilePath=/var/folders/36/tjdph2t965j8snz9_vkdnw0r0000gn/T/rcir-live-3908E4F2-B0FD-46E4-8062-641B46CCFECC/port, NSURL=file:///var/folders/36/tjdph2t965j8snz9_vkdnw0r0000gn/T/rcir-live-3908E4F2-B0FD-46E4-8062-641B46CCFECC/port, NSUnderlyingError=0x873cc40c0 {Error Domain=NSPOSIXErrorDomain Code=2 "No such file or directory"}}"
2026-10-07T16:16:20.3863000Z <unknown>:0: -[RightClickCoreTests.RCIRProductionDispatchTests testRemovalAfterDispatchPreservesUnknownWithoutRetry] : Test skipped: threw error "The file “port” couldn’t be opened because there is no such file."
2026-10-07T16:16:20.3864220Z Test Case '-[RightClickCoreTests.RCIRProductionDispatchTests testRemovalAfterDispatchPreservesUnknownWithoutRetry]' failed (15.529 seconds).
2026-10-07T16:16:20.3865270Z Test Case '-[RightClickCoreTests.RCIRProductionDispatchTests testRemovalAtTransportAdmissionProducesZeroProviderEffects]' started.
2026-10-07T16:16:20.3868470Z /Users/runner/work/rightclick/rightclick/Tests/RightClickCoreTests/RCIRProductionDispatchTests.swift:71: error: -[RightClickCoreTests.RCIRProductionDispatchTests testRemovalAtTransportAdmissionProducesZeroProviderEffects] : failed: caught error: "Error Domain=NSCocoaErrorDomain Code=260 "The file “port” couldn’t be opened because there is no such file." UserInfo={NSFilePath=/var/folders/36/tjdph2t965j8snz9_vkdnw0r0000gn/T/rcir-live-3ABC6487-B8B4-4F67-9FF3-28EB1F5D4529/port, NSURL=file:///var/folders/36/tjdph2t965j8snz9_vkdnw0r0000gn/T/rcir-live-3ABC6487-B8B4-4F67-9FF3-28EB1F5D4529/port, NSUnderlyingError=0x873cc4d20 {Error Domain=NSPOSIXErrorDomain Code=2 "No such file or directory"}}"
2026-10-07T16:16:20.3871400Z <unknown>:0: -[RightClickCoreTests.RCIRProductionDispatchTests testRemovalAtTransportAdmissionProducesZeroProviderEffects] : Test skipped: threw error "The file “port” couldn’t be opened because there is no such file."
2026-10-07T16:16:20.3872630Z Test Case '-[RightClickCoreTests.RCIRProductionDispatchTests testRemovalAtTransportAdmissionProducesZeroProviderEffects]' failed (16.760 seconds).
2026-10-07T16:16:20.3873470Z Test Case '-[RightClickCoreTests.RCIRProductionDispatchTests testRemovalBeforeDispatchProducesZeroProviderEffects]' started.
2026-10-07T16:17:37.5702930Z /Users/runner/work/rightclick/rightclick/Tests/RightClickCoreTests/RCIRProductionDispatchTests.swift:71: error: -[RightClickCoreTests.RCIRProductionDispatchTests testRemovalBeforeDispatchProducesZeroProviderEffects] : failed: caught error: "Error Domain=NSCocoaErrorDomain Code=260 "The file “port” couldn’t be opened because there is no such file." UserInfo={NSFilePath=/var/folders/36/tjdph2t965j8snz9_vkdnw0r0000gn/T/rcir-live-8ECCB728-B9AD-49CD-A77D-A9B3780EC253/port, NSURL=file:///var/folders/36/tjdph2t965j8snz9_vkdnw0r0000gn/T/rcir-live-8ECCB728-B9AD-49CD-A77D-A9B3780EC253/port, NSUnderlyingError=0x873cc40f0 {Error Domain=NSPOSIXErrorDomain Code=2 "No such file or directory"}}"
2026-10-07T16:17:37.5706490Z <unknown>:0: -[RightClickCoreTests.RCIRProductionDispatchTests testRemovalBeforeDispatchProducesZeroProviderEffects] : Test skipped: threw error "The file “port” couldn’t be opened because there is no such file."
2026-10-07T16:17:37.5707620Z Test Case '-[RightClickCoreTests.RCIRProductionDispatchTests testRemovalBeforeDispatchProducesZeroProviderEffects]' failed (14.430 seconds).
2026-10-07T16:17:37.5708590Z Test Case '-[RightClickCoreTests.RCIRProductionDispatchTests testRemovedInFlightBonjourAcquisitionCannotRestoreInvocation]' started.
2026-10-07T16:17:37.5711470Z /Users/runner/work/rightclick/rightclick/Tests/RightClickCoreTests/RCIRProductionDispatchTests.swift:71: error: -[RightClickCoreTests.RCIRProductionDispatchTests testRemovedInFlightBonjourAcquisitionCannotRestoreInvocation] : failed: caught error: "Error Domain=NSCocoaErrorDomain Code=260 "The file “port” couldn’t be opened because there is no such file." UserInfo={NSFilePath=/var/folders/36/tjdph2t965j8snz9_vkdnw0r0000gn/T/rcir-live-947AC40D-9008-43B9-ABD9-C41E6D008F17/port, NSURL=file:///var/folders/36/tjdph2t965j8snz9_vkdnw0r0000gn/T/rcir-live-947AC40D-9008-43B9-ABD9-C41E6D008F17/port, NSUnderlyingError=0x873cc73f0 {Error Domain=NSPOSIXErrorDomain Code=2 "No such file or directory"}}"
2026-10-07T16:17:37.5714350Z <unknown>:0: -[RightClickCoreTests.RCIRProductionDispatchTests testRemovedInFlightBonjourAcquisitionCannotRestoreInvocation] : Test skipped: threw error "The file “port” couldn’t be opened because there is no such file."
2026-10-07T16:17:37.5716460Z Test Case '-[RightClickCoreTests.RCIRProductionDispatchTests testRemovedInFlightBonjourAcquisitionCannotRestoreInvocation]' failed (15.428 seconds).
2026-10-07T16:17:37.5717330Z Test Case '-[RightClickCoreTests.RCIRProductionDispatchTests testSameProviderReappearingCannotReviveOldGeneration]' started.
2026-10-07T16:17:37.5720070Z /Users/runner/work/rightclick/rightclick/Tests/RightClickCoreTests/RCIRProductionDispatchTests.swift:71: error: -[RightClickCoreTests.RCIRProductionDispatchTests testSameProviderReappearingCannotReviveOldGeneration] : failed: caught error: "Error Domain=NSCocoaErrorDomain Code=260 "The file “port” couldn’t be opened because there is no such file." UserInfo={NSFilePath=/var/folders/36/tjdph2t965j8snz9_vkdnw0r0000gn/T/rcir-live-9113C0E7-16A3-4ADD-A0C5-A9291F50706B/port, NSURL=file:///var/folders/36/tjdph2t965j8snz9_vkdnw0r0000gn/T/rcir-live-9113C0E7-16A3-4ADD-A0C5-A9291F50706B/port, NSUnderlyingError=0x873cc40c0 {Error Domain=NSPOSIXErrorDomain Code=2 "No such file or directory"}}"
2026-10-07T16:17:37.5723460Z <unknown>:0: -[RightClickCoreTests.RCIRProductionDispatchTests testSameProviderReappearingCannotReviveOldGeneration] : Test skipped: threw error "The file “port” couldn’t be opened because there is no such file."
2026-10-07T16:17:37.5724590Z Test Case '-[RightClickCoreTests.RCIRProductionDispatchTests testSameProviderReappearingCannotReviveOldGeneration]' failed (14.866 seconds).
2026-10-07T16:17:37.5725510Z Test Case '-[RightClickCoreTests.RCIRProductionDispatchTests testSchemaDriftBeforeDispatchProducesZeroProviderEffects]' started.
2026-10-07T16:17:37.5728340Z /Users/runner/work/rightclick/rightclick/Tests/RightClickCoreTests/RCIRProductionDispatchTests.swift:71: error: -[RightClickCoreTests.RCIRProductionDispatchTests testSchemaDriftBeforeDispatchProducesZeroProviderEffects] : failed: caught error: "Error Domain=NSCocoaErrorDomain Code=260 "The file “port” couldn’t be opened because there is no such file." UserInfo={NSFilePath=/var/folders/36/tjdph2t965j8snz9_vkdnw0r0000gn/T/rcir-live-8E529FBB-1EA6-4D04-9D41-6EB23ADFDAE2/port, NSURL=file:///var/folders/36/tjdph2t965j8snz9_vkdnw0r0000gn/T/rcir-live-8E529FBB-1EA6-4D04-9D41-6EB23ADFDAE2/port, NSUnderlyingError=0x873cc4d20 {Error Domain=NSPOSIXErrorDomain Code=2 "No such file or directory"}}"
2026-10-07T16:17:37.5731190Z <unknown>:0: -[RightClickCoreTests.RCIRProductionDispatchTests testSchemaDriftBeforeDispatchProducesZeroProviderEffects] : Test skipped: threw error "The file “port” couldn’t be opened because there is no such file."
2026-10-07T16:17:37.5732440Z Test Case '-[RightClickCoreTests.RCIRProductionDispatchTests testSchemaDriftBeforeDispatchProducesZeroProviderEffects]' failed (14.396 seconds).
2026-10-07T16:17:37.5733380Z Test Case '-[RightClickCoreTests.RCIRProductionDispatchTests testSeparateRepeatIssuesNewLeaseThroughBothEntryPoints]' started.
2026-10-07T16:17:37.5736270Z /Users/runner/work/rightclick/rightclick/Tests/RightClickCoreTests/RCIRProductionDispatchTests.swift:71: error: -[RightClickCoreTests.RCIRProductionDispatchTests testSeparateRepeatIssuesNewLeaseThroughBothEntryPoints] : failed: caught error: "Error Domain=NSCocoaErrorDomain Code=260 "The file “port” couldn’t be opened because there is no such file." UserInfo={NSFilePath=/var/folders/36/tjdph2t965j8snz9_vkdnw0r0000gn/T/rcir-live-E8C528EA-7C38-4031-BA0E-9E38D4058243/port, NSURL=file:///var/folders/36/tjdph2t965j8snz9_vkdnw0r0000gn/T/rcir-live-E8C528EA-7C38-4031-BA0E-9E38D4058243/port, NSUnderlyingError=0x873cc40f0 {Error Domain=NSPOSIXErrorDomain Code=2 "No such file or directory"}}"
2026-10-07T16:17:37.5739410Z <unknown>:0: -[RightClickCoreTests.RCIRProductionDispatchTests testSeparateRepeatIssuesNewLeaseThroughBothEntryPoints] : Test skipped: threw error "The file “port” couldn’t be opened because there is no such file."
2026-10-07T16:17:37.5740660Z Test Case '-[RightClickCoreTests.RCIRProductionDispatchTests testSeparateRepeatIssuesNewLeaseThroughBothEntryPoints]' failed (16.960 seconds).
2026-10-07T16:17:37.5741610Z Test Case '-[RightClickCoreTests.RCIRProductionDispatchTests testSpentLeaseCannotDispatchAgain]' started.
2026-10-07T16:17:37.5744320Z /Users/runner/work/rightclick/rightclick/Tests/RightClickCoreTests/RCIRProductionDispatchTests.swift:71: error: -[RightClickCoreTests.RCIRProductionDispatchTests testSpentLeaseCannotDispatchAgain] : failed: caught error: "Error Domain=NSCocoaErrorDomain Code=260 "The file “port” couldn’t be opened because there is no such file." UserInfo={NSFilePath=/var/folders/36/tjdph2t965j8snz9_vkdnw0r0000gn/T/rcir-live-BB6BE2FF-FD7B-4145-84FD-CF8D04F77F6D/port, NSURL=file:///var/folders/36/tjdph2t965j8snz9_vkdnw0r0000gn/T/rcir-live-BB6BE2FF-FD7B-4145-84FD-CF8D04F77F6D/port, NSUnderlyingError=0x873cc73f0 {Error Domain=NSPOSIXErrorDomain Code=2 "No such file or directory"}}"
2026-10-07T16:17:37.5747040Z <unknown>:0: -[RightClickCoreTests.RCIRProductionDispatchTests testSpentLeaseCannotDispatchAgain] : Test skipped: threw error "The file “port” couldn’t be opened because there is no such file."
2026-10-07T16:17:37.5748270Z Test Case '-[RightClickCoreTests.RCIRProductionDispatchTests testSpentLeaseCannotDispatchAgain]' failed (15.337 seconds).
2026-10-07T16:17:37.5748930Z Test Suite 'RCIRProductionDispatchTests' failed at 2026-10-07 16:17:37.521.
2026-10-07T16:17:37.5749430Z 	 Executed 30 tests, with 30 tests skipped and 30 failures (30 unexpected) in 461.508 (461.523) seconds
2026-10-07T16:17:37.5749990Z Test Suite 'RCIRStructuredObservationTests' started at 2026-10-07 16:17:37.522.
2026-10-07T16:17:37.5750770Z Test Case '-[RightClickCoreTests.RCIRStructuredObservationTests testArgumentBoundFieldsVerifyWhileAssignedMetadataRemainsInSignedBytes]' started.
2026-10-07T16:17:37.5751800Z Test Case '-[RightClickCoreTests.RCIRStructuredObservationTests testArgumentBoundFieldsVerifyWhileAssignedMetadataRemainsInSignedBytes]' passed (0.006 seconds).
2026-10-07T16:17:37.5752890Z Test Case '-[RightClickCoreTests.RCIRStructuredObservationTests testExistingUnaryEvidenceInitializerDoesNotRequireTaskEvents]' started.
2026-10-07T16:17:37.5753890Z Test Case '-[RightClickCoreTests.RCIRStructuredObservationTests testExistingUnaryEvidenceInitializerDoesNotRequireTaskEvents]' passed (0.001 seconds).
2026-10-07T16:17:37.5754970Z Test Case '-[RightClickCoreTests.RCIRStructuredObservationTests testFullObservationSchemaCannotBeDiscardedByProjection]' started.
2026-10-07T16:17:37.5755960Z Test Case '-[RightClickCoreTests.RCIRStructuredObservationTests testFullObservationSchemaCannotBeDiscardedByProjection]' passed (0.004 seconds).
2026-10-07T16:17:37.5756920Z Test Case '-[RightClickCoreTests.RCIRStructuredObservationTests testIndependentMismatchIsVerifiedFailure]' started.
2026-10-07T16:17:37.5757840Z Test Case '-[RightClickCoreTests.RCIRStructuredObservationTests testIndependentMismatchIsVerifiedFailure]' passed (0.003 seconds).
2026-10-07T16:17:37.5758810Z Test Case '-[RightClickCoreTests.RCIRStructuredObservationTests testObserverReceivesProviderCoordinatesAsUntrustedLocatorOnly]' started.
2026-10-07T16:17:37.5759960Z Test Case '-[RightClickCoreTests.RCIRStructuredObservationTests testObserverReceivesProviderCoordinatesAsUntrustedLocatorOnly]' passed (0.002 seconds).
2026-10-07T16:17:37.5760970Z Test Case '-[RightClickCoreTests.RCIRStructuredObservationTests testProjectionRejectsWildcardMissingAndUnboundedContracts]' started.
2026-10-07T16:17:37.5761910Z Test Case '-[RightClickCoreTests.RCIRStructuredObservationTests testProjectionRejectsWildcardMissingAndUnboundedContracts]' passed (0.001 seconds).
2026-10-07T16:17:37.5762710Z Test Suite 'RCIRStructuredObservationTests' passed at 2026-10-07 16:17:37.542.
2026-10-07T16:17:37.5763180Z 	 Executed 6 tests, with 0 failures (0 unexpected) in 0.018 (0.020) seconds
2026-10-07T16:17:37.5763620Z Test Suite 'RCIRTests' started at 2026-10-07 16:17:37.542.
2026-10-07T16:17:37.5764200Z Test Case '-[RightClickCoreTests.RCIRTests testAcceptanceAndCompletionAreNotSemanticSuccess]' started.
2026-10-07T16:17:37.5764980Z Test Case '-[RightClickCoreTests.RCIRTests testAcceptanceAndCompletionAreNotSemanticSuccess]' passed (0.002 seconds).
2026-10-07T16:17:37.5765790Z Test Case '-[RightClickCoreTests.RCIRTests testArgumentTamperingRejected]' started.
2026-10-07T16:17:37.5766480Z Test Case '-[RightClickCoreTests.RCIRTests testArgumentTamperingRejected]' passed (0.001 seconds).
2026-10-07T16:17:37.5767250Z Test Case '-[RightClickCoreTests.RCIRTests testBufferOverflowNeverSilentlyDropsEvents]' started.
2026-10-07T16:17:37.5767890Z Test Case '-[RightClickCoreTests.RCIRTests testBufferOverflowNeverSilentlyDropsEvents]' passed (0.001 seconds).
2026-10-07T16:17:37.5768560Z Test Case '-[RightClickCoreTests.RCIRTests testByteBudgetEnforcedBeforeMutation]' started.
2026-10-07T16:17:37.5769180Z Test Case '-[RightClickCoreTests.RCIRTests testByteBudgetEnforcedBeforeMutation]' passed (0.001 seconds).
2026-10-07T16:17:37.5769910Z Test Case '-[RightClickCoreTests.RCIRTests testCancellationRequestIsNotAcknowledgement]' started.
2026-10-07T16:17:37.5770590Z Test Case '-[RightClickCoreTests.RCIRTests testCancellationRequestIsNotAcknowledgement]' passed (0.001 seconds).
2026-10-07T16:17:37.5771430Z Test Case '-[RightClickCoreTests.RCIRTests testCannotIssueFinalReceiptForRunningTask]' started.
2026-10-07T16:17:37.5772140Z Test Case '-[RightClickCoreTests.RCIRTests testCannotIssueFinalReceiptForRunningTask]' passed (0.001 seconds).
2026-10-07T16:17:37.5772770Z Test Case '-[RightClickCoreTests.RCIRTests testChangedContractInvalidatesLease]' started.
2026-10-07T16:17:37.5773480Z Test Case '-[RightClickCoreTests.RCIRTests testChangedContractInvalidatesLease]' passed (0.001 seconds).
2026-10-07T16:17:37.5774160Z Test Case '-[RightClickCoreTests.RCIRTests testClockRegressionRejected]' started.
2026-10-07T16:17:37.5774880Z Test Case '-[RightClickCoreTests.RCIRTests testClockRegressionRejected]' passed (0.001 seconds).
2026-10-07T16:17:37.5775530Z Test Case '-[RightClickCoreTests.RCIRTests testContractBindsEffects]' started.
2026-10-07T16:17:37.5776180Z Test Case '-[RightClickCoreTests.RCIRTests testContractBindsEffects]' passed (0.000 seconds).
2026-10-07T16:17:37.5776950Z Test Case '-[RightClickCoreTests.RCIRTests testContractBindsTaskShape]' started.
2026-10-07T16:17:37.5777680Z Test Case '-[RightClickCoreTests.RCIRTests testContractBindsTaskShape]' passed (0.001 seconds).
2026-10-07T16:17:37.5778350Z Test Case '-[RightClickCoreTests.RCIRTests testContractBindsVerification]' started.
2026-10-07T16:17:37.5779050Z Test Case '-[RightClickCoreTests.RCIRTests testContractBindsVerification]' passed (0.000 seconds).
2026-10-07T16:17:37.5779710Z Test Case '-[RightClickCoreTests.RCIRTests testContractRejectsUnboundedStream]' started.
2026-10-07T16:17:37.5780350Z Test Case '-[RightClickCoreTests.RCIRTests testContractRejectsUnboundedStream]' passed (0.000 seconds).
2026-10-07T16:17:37.5781050Z Test Case '-[RightClickCoreTests.RCIRTests testDeadlineProducesUnknownNotSuccessOrRetry]' started.
2026-10-07T16:17:37.5781740Z Test Case '-[RightClickCoreTests.RCIRTests testDeadlineProducesUnknownNotSuccessOrRetry]' passed (0.001 seconds).
2026-10-07T16:17:37.5782530Z Test Case '-[RightClickCoreTests.RCIRTests testExistingABIStillDistinguishesIntegerNumberAndString]' started.
2026-10-07T16:17:37.5783540Z Test Case '-[RightClickCoreTests.RCIRTests testExistingABIStillDistinguishesIntegerNumberAndString]' passed (0.000 seconds).
2026-10-07T16:17:37.5784350Z Test Case '-[RightClickCoreTests.RCIRTests testExternalMismatchIsSemanticFailure]' started.
2026-10-07T16:17:37.5785060Z Test Case '-[RightClickCoreTests.RCIRTests testExternalMismatchIsSemanticFailure]' passed (0.001 seconds).
2026-10-07T16:17:37.5785740Z Test Case '-[RightClickCoreTests.RCIRTests testIncorrectTypedArgumentsRejected]' started.
2026-10-07T16:17:37.5786460Z Test Case '-[RightClickCoreTests.RCIRTests testIncorrectTypedArgumentsRejected]' passed (0.001 seconds).
2026-10-07T16:17:37.5787050Z Test Case '-[RightClickCoreTests.RCIRTests testInvalidScopeFailsClosed]' started.
2026-10-07T16:17:37.5787740Z Test Case '-[RightClickCoreTests.RCIRTests testInvalidScopeFailsClosed]' passed (0.000 seconds).
2026-10-07T16:17:37.5788560Z Test Case '-[RightClickCoreTests.RCIRTests testLeaseCannotCrossAdmissionInstances]' started.
2026-10-07T16:17:37.5789170Z Test Case '-[RightClickCoreTests.RCIRTests testLeaseCannotCrossAdmissionInstances]' passed (0.001 seconds).
2026-10-07T16:17:37.5789770Z Test Case '-[RightClickCoreTests.RCIRTests testLeaseConsumesOnce]' started.
2026-10-07T16:17:37.5790320Z Test Case '-[RightClickCoreTests.RCIRTests testLeaseConsumesOnce]' passed (0.001 seconds).
2026-10-07T16:17:37.5791020Z Test Case '-[RightClickCoreTests.RCIRTests testLeaseExpiryBoundary]' started.
2026-10-07T16:17:37.5791630Z Test Case '-[RightClickCoreTests.RCIRTests testLeaseExpiryBoundary]' passed (0.000 seconds).
2026-10-07T16:17:37.5792260Z Test Case '-[RightClickCoreTests.RCIRTests testLeaseInvalidTimesAndTTLRejected]' started.
2026-10-07T16:17:37.5792890Z Test Case '-[RightClickCoreTests.RCIRTests testLeaseInvalidTimesAndTTLRejected]' passed (0.001 seconds).
2026-10-07T16:17:37.5793500Z Test Case '-[RightClickCoreTests.RCIRTests testLeastAuthorityIsExactRequiredSubset]' started.
2026-10-07T16:17:37.5794350Z Test Case '-[RightClickCoreTests.RCIRTests testLeastAuthorityIsExactRequiredSubset]' passed (0.000 seconds).
2026-10-07T16:17:37.5795000Z Test Case '-[RightClickCoreTests.RCIRTests testMissingAuthorityRejected]' started.
2026-10-07T16:17:37.5795680Z Test Case '-[RightClickCoreTests.RCIRTests testMissingAuthorityRejected]' passed (0.001 seconds).
2026-10-07T16:17:37.5796280Z Test Case '-[RightClickCoreTests.RCIRTests testMissingVerificationContractCannotSucceed]' started.
2026-10-07T16:17:37.5797010Z Test Case '-[RightClickCoreTests.RCIRTests testMissingVerificationContractCannotSucceed]' passed (0.001 seconds).
2026-10-07T16:17:37.5797710Z Test Case '-[RightClickCoreTests.RCIRTests testObserverTransportFailureDoesNotBecomeSuccess]' started.
2026-10-07T16:17:37.5798520Z Test Case '-[RightClickCoreTests.RCIRTests testObserverTransportFailureDoesNotBecomeSuccess]' passed (0.001 seconds).
2026-10-07T16:17:37.5799310Z Test Case '-[RightClickCoreTests.RCIRTests testOnlyBoundIndependentObserverCanVerify]' started.
2026-10-07T16:17:37.5800040Z Test Case '-[RightClickCoreTests.RCIRTests testOnlyBoundIndependentObserverCanVerify]' passed (0.001 seconds).
2026-10-07T16:17:37.5800760Z Test Case '-[RightClickCoreTests.RCIRTests testPolicyChangeAndAuthorityRevocationRejected]' started.
2026-10-07T16:17:37.5801570Z Test Case '-[RightClickCoreTests.RCIRTests testPolicyChangeAndAuthorityRevocationRejected]' passed (0.001 seconds).
2026-10-07T16:17:37.5802310Z Test Case '-[RightClickCoreTests.RCIRTests testPolicyDenyOverridesAuthority]' started.
2026-10-07T16:17:37.5802930Z Test Case '-[RightClickCoreTests.RCIRTests testPolicyDenyOverridesAuthority]' passed (0.001 seconds).
2026-10-07T16:17:37.5803480Z Test Case '-[RightClickCoreTests.RCIRTests testPrincipalBoundToSnapshot]' started.
2026-10-07T16:17:37.5804090Z Test Case '-[RightClickCoreTests.RCIRTests testPrincipalBoundToSnapshot]' passed (0.000 seconds).
2026-10-07T16:17:37.5804690Z Test Case '-[RightClickCoreTests.RCIRTests testProviderLossDuringWorkIsUnknown]' started.
2026-10-07T16:17:37.5805280Z Test Case '-[RightClickCoreTests.RCIRTests testProviderLossDuringWorkIsUnknown]' passed (0.001 seconds).
2026-10-07T16:17:37.5805920Z Test Case '-[RightClickCoreTests.RCIRTests testPureOperationNeedsNoAuthority]' started.
2026-10-07T16:17:37.5806620Z Test Case '-[RightClickCoreTests.RCIRTests testPureOperationNeedsNoAuthority]' passed (0.000 seconds).
2026-10-07T16:17:37.5807210Z Test Case '-[RightClickCoreTests.RCIRTests testReappearanceCannotResurrectOldLease]' started.
2026-10-07T16:17:37.5807900Z Test Case '-[RightClickCoreTests.RCIRTests testReappearanceCannotResurrectOldLease]' passed (0.001 seconds).
2026-10-07T16:17:37.5808570Z Test Case '-[RightClickCoreTests.RCIRTests testReceiptBindsObservedOutcomeAndHasDomainSeparator]' started.
2026-10-07T16:17:37.5809350Z Test Case '-[RightClickCoreTests.RCIRTests testReceiptBindsObservedOutcomeAndHasDomainSeparator]' passed (0.001 seconds).
2026-10-07T16:17:37.5810200Z Test Case '-[RightClickCoreTests.RCIRTests testRemovedProviderDisappearsAndOldBindingRejected]' started.
2026-10-07T16:17:37.5810960Z Test Case '-[RightClickCoreTests.RCIRTests testRemovedProviderDisappearsAndOldBindingRejected]' passed (0.001 seconds).
2026-10-07T16:17:37.5811660Z Test Case '-[RightClickCoreTests.RCIRTests testResultShapeCheckedWithoutPromotion]' started.
2026-10-07T16:17:37.5812290Z Test Case '-[RightClickCoreTests.RCIRTests testResultShapeCheckedWithoutPromotion]' passed (0.000 seconds).
2026-10-07T16:17:37.5813010Z Test Case '-[RightClickCoreTests.RCIRTests testSamePublicationDoesNotInvalidateBinding]' started.
2026-10-07T16:17:37.5813680Z Test Case '-[RightClickCoreTests.RCIRTests testSamePublicationDoesNotInvalidateBinding]' passed (0.001 seconds).
2026-10-07T16:17:37.5814330Z Test Case '-[RightClickCoreTests.RCIRTests testScopesUseExactUTF8]' started.
2026-10-07T16:17:37.5814880Z Test Case '-[RightClickCoreTests.RCIRTests testScopesUseExactUTF8]' passed (0.000 seconds).
2026-10-07T16:17:37.5815630Z Test Case '-[RightClickCoreTests.RCIRTests testStreamElementAndUnaryChunkValidation]' started.
2026-10-07T16:17:37.5816380Z Test Case '-[RightClickCoreTests.RCIRTests testStreamElementAndUnaryChunkValidation]' passed (0.001 seconds).
2026-10-07T16:17:37.5817290Z Test Case '-[RightClickCoreTests.RCIRTests testStreamSequenceReplayAndGapRejected]' started.
2026-10-07T16:17:37.5818100Z Test Case '-[RightClickCoreTests.RCIRTests testStreamSequenceReplayAndGapRejected]' passed (0.000 seconds).
2026-10-07T16:17:41.4326010Z Test Case '-[RightClickCoreTests.RCIRTests testTaskDeadlineMustBeFiniteAndForward]' started.
2026-10-07T16:17:41.4327400Z Test Case '-[RightClickCoreTests.RCIRTests testTaskDeadlineMustBeFiniteAndForward]' passed (0.001 seconds).
2026-10-07T16:17:41.4328180Z Test Case '-[RightClickCoreTests.RCIRTests testTerminalTaskCannotBeReopened]' started.
2026-10-07T16:17:41.4328850Z Test Case '-[RightClickCoreTests.RCIRTests testTerminalTaskCannotBeReopened]' passed (0.001 seconds).
2026-10-07T16:17:41.4329720Z Test Case '-[RightClickCoreTests.RCIRTests testUnknownArgumentSchemaRejected]' started.
2026-10-07T16:17:41.4330400Z Test Case '-[RightClickCoreTests.RCIRTests testUnknownArgumentSchemaRejected]' passed (0.000 seconds).
2026-10-07T16:17:41.4331100Z Test Case '-[RightClickCoreTests.RCIRTests testUnknownEffectsRejected]' started.
2026-10-07T16:17:41.4332180Z Test Case '-[RightClickCoreTests.RCIRTests testUnknownEffectsRejected]' passed (0.001 seconds).
2026-10-07T16:17:41.4333220Z Test Case '-[RightClickCoreTests.RCIRTests testUnsupportedCancellationRejected]' started.
2026-10-07T16:17:41.4334060Z Test Case '-[RightClickCoreTests.RCIRTests testUnsupportedCancellationRejected]' passed (0.000 seconds).
2026-10-07T16:17:41.4334760Z Test Case '-[RightClickCoreTests.RCIRTests testUnsupportedClientAndDuplexStreamsAbstain]' started.
2026-10-07T16:17:41.4335490Z Test Case '-[RightClickCoreTests.RCIRTests testUnsupportedClientAndDuplexStreamsAbstain]' passed (0.001 seconds).
2026-10-07T16:17:41.4336250Z Test Case '-[RightClickCoreTests.RCIRTests testVerifierCannotRunBeforeProviderCompletion]' started.
2026-10-07T16:17:41.4337450Z Test Case '-[RightClickCoreTests.RCIRTests testVerifierCannotRunBeforeProviderCompletion]' passed (0.001 seconds).
2026-10-07T16:17:41.4338260Z Test Suite 'RCIRTests' passed at 2026-10-07 16:17:37.574.
2026-10-07T16:17:41.4338860Z 	 Executed 46 tests, with 0 failures (0 unexpected) in 0.026 (0.032) seconds
2026-10-07T16:17:41.4339370Z Test Suite 'RCIRUnaryAdmissionTests' started at 2026-10-07 16:17:37.574.
2026-10-07T16:17:41.4340180Z Test Case '-[RightClickCoreTests.RCIRUnaryAdmissionTests testAcceptedLegacyUnaryConsumesOneLeaseAndRetainsUnverifiedReceipt]' started.
2026-10-07T16:17:41.4343420Z Test Case '-[RightClickCoreTests.RCIRUnaryAdmissionTests testAcceptedLegacyUnaryConsumesOneLeaseAndRetainsUnverifiedReceipt]' passed (0.008 seconds).
2026-10-07T16:17:41.4344480Z Test Case '-[RightClickCoreTests.RCIRUnaryAdmissionTests testChangedArgumentsAtAdmissionStopLegacyUnaryTransport]' started.
2026-10-07T16:17:41.4345920Z Test Case '-[RightClickCoreTests.RCIRUnaryAdmissionTests testChangedArgumentsAtAdmissionStopLegacyUnaryTransport]' passed (0.003 seconds).
2026-10-07T16:17:41.4346900Z Test Case '-[RightClickCoreTests.RCIRUnaryAdmissionTests testCurrentHostPolicyDenialStopsLegacyUnaryTransport]' started.
2026-10-07T16:17:41.4347830Z Test Case '-[RightClickCoreTests.RCIRUnaryAdmissionTests testCurrentHostPolicyDenialStopsLegacyUnaryTransport]' passed (0.002 seconds).
2026-10-07T16:17:41.4348730Z Test Case '-[RightClickCoreTests.RCIRUnaryAdmissionTests testLostUnaryResponsePreservesUnknownWithoutReplay]' started.
2026-10-07T16:17:41.4349670Z Test Case '-[RightClickCoreTests.RCIRUnaryAdmissionTests testLostUnaryResponsePreservesUnknownWithoutReplay]' passed (0.004 seconds).
2026-10-07T16:17:41.4350660Z Test Suite 'RCIRUnaryAdmissionTests' passed at 2026-10-07 16:17:37.591.
2026-10-07T16:17:41.4351210Z 	 Executed 4 tests, with 0 failures (0 unexpected) in 0.017 (0.018) seconds
2026-10-07T16:17:41.4351640Z Test Suite 'RCIRUnitCompletionTests' started at 2026-10-07 16:17:37.592.
2026-10-07T16:17:41.4352590Z Test Case '-[RightClickCoreTests.RCIRUnitCompletionTests testNoOutputCompletionCannotBypassDeclaredOrUnknownOutput]' started.
2026-10-07T16:17:41.4354050Z Test Case '-[RightClickCoreTests.RCIRUnitCompletionTests testNoOutputCompletionCannotBypassDeclaredOrUnknownOutput]' passed (0.001 seconds).
2026-10-07T16:17:41.4355040Z Test Case '-[RightClickCoreTests.RCIRUnitCompletionTests testNoOutputCompletionCarriesNoProviderValueAndRemainsUnverified]' started.
2026-10-07T16:17:41.4355990Z Test Case '-[RightClickCoreTests.RCIRUnitCompletionTests testNoOutputCompletionCarriesNoProviderValueAndRemainsUnverified]' passed (0.000 seconds).
2026-10-07T16:17:41.4357160Z Test Case '-[RightClickCoreTests.RCIRUnitCompletionTests testNoOutputHasCanonicalIdentityDistinctFromJSONNull]' started.
2026-10-07T16:17:41.4358050Z Test Case '-[RightClickCoreTests.RCIRUnitCompletionTests testNoOutputHasCanonicalIdentityDistinctFromJSONNull]' passed (0.000 seconds).
2026-10-07T16:17:41.4358910Z Test Case '-[RightClickCoreTests.RCIRUnitCompletionTests testOnlyIndependentObserverCanPromoteNoOutputOutcome]' started.
2026-10-07T16:17:41.4359810Z Test Case '-[RightClickCoreTests.RCIRUnitCompletionTests testOnlyIndependentObserverCanPromoteNoOutputOutcome]' passed (0.000 seconds).
2026-10-07T16:17:41.4360470Z Test Suite 'RCIRUnitCompletionTests' passed at 2026-10-07 16:17:37.594.
2026-10-07T16:17:41.4360970Z 	 Executed 4 tests, with 0 failures (0 unexpected) in 0.002 (0.003) seconds
2026-10-07T16:17:41.4362080Z Test Suite 'ServiceContextTests' started at 2026-10-07 16:17:37.594.
2026-10-07T16:17:41.4362880Z Test Case '-[RightClickCoreTests.ServiceContextTests testApplicationContextUsesActualHostAndDoesNotInventSelectionLanguage]' started.
2026-10-07T16:17:41.4363910Z Test Case '-[RightClickCoreTests.ServiceContextTests testApplicationContextUsesActualHostAndDoesNotInventSelectionLanguage]' passed (0.000 seconds).
2026-10-07T16:17:41.4365090Z Test Case '-[RightClickCoreTests.ServiceContextTests testBundlelessWorkflowPathsPreventSharedMessageIdentityCollision]' started.
2026-10-07T16:17:41.4366100Z Test Case '-[RightClickCoreTests.ServiceContextTests testBundlelessWorkflowPathsPreventSharedMessageIdentityCollision]' passed (0.001 seconds).
2026-10-07T16:17:41.4366980Z Test Case '-[RightClickCoreTests.ServiceContextTests testContextDictionariesAreANDAndArrayIsOR]' started.
2026-10-07T16:17:41.4367820Z Test Case '-[RightClickCoreTests.ServiceContextTests testContextDictionariesAreANDAndArrayIsOR]' passed (0.006 seconds).
2026-10-07T16:17:41.4368680Z Test Case '-[RightClickCoreTests.ServiceContextTests testDuplicateMenuNamesCannotChooseTheWrongProvider]' started.
2026-10-07T16:17:41.4369520Z Test Case '-[RightClickCoreTests.ServiceContextTests testDuplicateMenuNamesCannotChooseTheWrongProvider]' passed (0.000 seconds).
2026-10-07T16:17:41.4370730Z Test Case '-[RightClickCoreTests.ServiceContextTests testFilePathContextEncodesPathRatherThanReadingFileContents]' started.
2026-10-07T16:17:41.4392000Z Test Case '-[RightClickCoreTests.ServiceContextTests testFilePathContextEncodesPathRatherThanReadingFileContents]' passed (0.004 seconds).
2026-10-07T16:17:41.4393060Z Test Case '-[RightClickCoreTests.ServiceContextTests testFilePathRequirementDoesNotApplyToOrdinaryTextOrWebURL]' started.
2026-10-07T16:17:41.4393910Z Test Case '-[RightClickCoreTests.ServiceContextTests testFilePathRequirementDoesNotApplyToOrdinaryTextOrWebURL]' passed (0.000 seconds).
2026-10-07T16:17:41.4395140Z Test Case '-[RightClickCoreTests.ServiceContextTests testUndeclaredEncodingsCannotBecomeApplicableThroughSubstringMatching]' started.
2026-10-07T16:17:41.4397560Z Test Case '-[RightClickCoreTests.ServiceContextTests testUndeclaredEncodingsCannotBecomeApplicableThroughSubstringMatching]' passed (0.000 seconds).
2026-10-07T16:17:41.4398380Z Test Case '-[RightClickCoreTests.ServiceContextTests testUnknownAndMalformedContextAbstain]' started.
2026-10-07T16:17:41.4399430Z Test Case '-[RightClickCoreTests.ServiceContextTests testUnknownAndMalformedContextAbstain]' passed (0.000 seconds).
2026-10-07T16:17:41.4400300Z Test Suite 'ServiceContextTests' passed at 2026-10-07 16:17:37.609.
2026-10-07T16:17:41.4400740Z 	 Executed 8 tests, with 0 failures (0 unexpected) in 0.014 (0.014) seconds
2026-10-07T16:17:41.4401220Z Test Suite 'ServiceOutcomeTests' started at 2026-10-07 16:17:37.609.
2026-10-07T16:17:41.4401920Z Test Case '-[RightClickCoreTests.ServiceOutcomeTests testChangedCounterWithoutDeclaredOutputIsNotVerification]' started.
2026-10-07T16:17:41.4402810Z Test Case '-[RightClickCoreTests.ServiceOutcomeTests testChangedCounterWithoutDeclaredOutputIsNotVerification]' passed (0.000 seconds).
2026-10-07T16:17:41.4403690Z Test Case '-[RightClickCoreTests.ServiceOutcomeTests testEchoedInputWithChangedCounterIsNotSemanticProof]' started.
2026-10-07T16:17:41.4404840Z Test Case '-[RightClickCoreTests.ServiceOutcomeTests testEchoedInputWithChangedCounterIsNotSemanticProof]' passed (0.000 seconds).
2026-10-07T16:17:41.4405770Z Test Case '-[RightClickCoreTests.ServiceOutcomeTests testExactPostconditionChecksEmptyUnicodeAndWhitespaceWithoutNormalization]' started.
2026-10-07T16:17:41.4406780Z Test Case '-[RightClickCoreTests.ServiceOutcomeTests testExactPostconditionChecksEmptyUnicodeAndWhitespaceWithoutNormalization]' passed (0.000 seconds).
2026-10-07T16:17:41.4407740Z Test Case '-[RightClickCoreTests.ServiceOutcomeTests testRejectionAndDeadlineCannotSucceedOrLeakEchoedInput]' started.
2026-10-07T16:17:41.4408580Z Test Case '-[RightClickCoreTests.ServiceOutcomeTests testRejectionAndDeadlineCannotSucceedOrLeakEchoedInput]' passed (0.000 seconds).
2026-10-07T16:17:41.4409880Z Test Case '-[RightClickCoreTests.ServiceOutcomeTests testReturnedOutputWithoutPostconditionIsNotSemanticSuccess]' started.
2026-10-07T16:17:41.4410750Z Test Case '-[RightClickCoreTests.ServiceOutcomeTests testReturnedOutputWithoutPostconditionIsNotSemanticSuccess]' passed (0.000 seconds).
2026-10-07T16:17:41.4411540Z Test Case '-[RightClickCoreTests.ServiceOutcomeTests testUnchangedInputIsNotReturnedOrVerified]' started.
2026-10-07T16:17:41.4412400Z Test Case '-[RightClickCoreTests.ServiceOutcomeTests testUnchangedInputIsNotReturnedOrVerified]' passed (0.000 seconds).
2026-10-07T16:17:41.4413010Z Test Suite 'ServiceOutcomeTests' passed at 2026-10-07 16:17:37.611.
2026-10-07T16:17:41.4413420Z 	 Executed 6 tests, with 0 failures (0 unexpected) in 0.001 (0.002) seconds
2026-10-07T16:17:41.4416180Z Test Suite 'SetupAllTransactionRedTests' started at 2026-10-07 16:17:37.611.
2026-10-07T16:17:41.4416900Z Test Case '-[RightClickCLITests.SetupAllTransactionRedTests testSetupAllApplyFailureRollsBackEarlierClientsExactly]' started.
2026-10-07T16:17:41.4417830Z Test Case '-[RightClickCLITests.SetupAllTransactionRedTests testSetupAllApplyFailureRollsBackEarlierClientsExactly]' passed (1.445 seconds).
2026-10-07T16:17:41.4418960Z Test Case '-[RightClickCLITests.SetupAllTransactionRedTests testSetupAllConfiguresEveryDetectedClientAfterOneProbe]' started.
2026-10-07T16:17:41.4420790Z Test Case '-[RightClickCLITests.SetupAllTransactionRedTests testSetupAllConfiguresEveryDetectedClientAfterOneProbe]' passed (1.471 seconds).
2026-10-07T16:17:41.4421730Z Test Case '-[RightClickCLITests.SetupAllTransactionRedTests testSetupAllDryRunPreflightsEveryDetectedClientWithoutMutation]' started.
2026-10-07T16:17:41.4422640Z Test Case '-[RightClickCLITests.SetupAllTransactionRedTests testSetupAllDryRunPreflightsEveryDetectedClientWithoutMutation]' passed (0.171 seconds).
2026-10-07T16:17:41.4423610Z Test Case '-[RightClickCLITests.SetupAllTransactionRedTests testSetupAllOptionIsExplicitAndMutuallyExclusiveWithClient]' started.
2026-10-07T16:17:41.4424500Z Test Case '-[RightClickCLITests.SetupAllTransactionRedTests testSetupAllOptionIsExplicitAndMutuallyExclusiveWithClient]' passed (0.001 seconds).
2026-10-07T16:17:41.4425360Z Test Case '-[RightClickCLITests.SetupAllTransactionRedTests testSetupAllPreflightConflictMutatesNothing]' started.
2026-10-07T16:17:41.4426400Z Test Case '-[RightClickCLITests.SetupAllTransactionRedTests testSetupAllPreflightConflictMutatesNothing]' passed (0.422 seconds).
2026-10-07T16:17:41.4427340Z Test Case '-[RightClickCLITests.SetupAllTransactionRedTests testSetupAllRequiresOneConsentBeforeAnyMutation]' started.
2026-10-07T16:17:41.4428210Z Test Case '-[RightClickCLITests.SetupAllTransactionRedTests testSetupAllRequiresOneConsentBeforeAnyMutation]' passed (0.253 seconds).
2026-10-07T16:17:41.4430080Z Test Suite 'SetupAllTransactionRedTests' passed at 2026-10-07 16:17:41.375.
2026-10-07T16:17:41.4430650Z 	 Executed 6 tests, with 0 failures (0 unexpected) in 3.762 (3.764) seconds
2026-10-07T16:17:41.4431090Z Test Suite 'SetupStateTests' started at 2026-10-07 16:17:41.375.
2026-10-07T16:17:41.4431680Z Test Case '-[RightClickCLITests.SetupStateTests testMalformedExistingStateIsNeverOverwritten]' started.
2026-10-07T16:17:41.4432400Z Test Case '-[RightClickCLITests.SetupStateTests testMalformedExistingStateIsNeverOverwritten]' passed (0.005 seconds).
2026-10-07T16:17:41.4433210Z Test Case '-[RightClickCLITests.SetupStateTests testMCPContractContainsCurrentSevenTools]' started.
2026-10-07T16:17:41.4433930Z Test Case '-[RightClickCLITests.SetupStateTests testMCPContractContainsCurrentSevenTools]' passed (0.002 seconds).
2026-10-07T16:17:41.4434570Z Test Case '-[RightClickCLITests.SetupStateTests testReconcilePreservesChatGPTBridgeIdentity]' started.
2026-10-07T16:17:41.4435270Z Test Case '-[RightClickCLITests.SetupStateTests testReconcilePreservesChatGPTBridgeIdentity]' passed (0.005 seconds).
2026-10-07T16:17:41.4435910Z Test Case '-[RightClickCLITests.SetupStateTests testSetupStateRoundTripsExactly]' started.
2026-10-07T16:17:41.4436520Z Test Case '-[RightClickCLITests.SetupStateTests testSetupStateRoundTripsExactly]' passed (0.003 seconds).
2026-10-07T16:17:41.4437150Z Test Case '-[RightClickCLITests.SetupStateTests testSetupStateWriteIsDeterministic]' started.
2026-10-07T16:17:41.4437840Z Test Case '-[RightClickCLITests.SetupStateTests testSetupStateWriteIsDeterministic]' passed (0.004 seconds).
2026-10-07T16:17:41.4438360Z Test Suite 'SetupStateTests' passed at 2026-10-07 16:17:41.395.
2026-10-07T16:17:41.4438760Z 	 Executed 5 tests, with 0 failures (0 unexpected) in 0.019 (0.020) seconds
2026-10-07T16:17:41.4439180Z Test Suite 'SetupTests' started at 2026-10-07 16:17:41.395.
2026-10-07T16:17:41.4439610Z Test Case '-[RightClickCLITests.SetupTests testAbsentConfigurationIsCreated]' started.
2026-10-07T16:17:41.4440210Z Test Case '-[RightClickCLITests.SetupTests testAbsentConfigurationIsCreated]' passed (0.002 seconds).
2026-10-07T16:17:41.4440780Z Test Case '-[RightClickCLITests.SetupTests testEveryFailedStagePreventsSuccessfulExit]' started.
2026-10-07T16:17:41.4441440Z Test Case '-[RightClickCLITests.SetupTests testEveryFailedStagePreventsSuccessfulExit]' passed (0.000 seconds).
2026-10-07T16:17:41.4442080Z Test Case '-[RightClickCLITests.SetupTests testExplicitChatGPTTunnelIDIsSelected]' started.
2026-10-07T16:17:41.4442770Z Test Case '-[RightClickCLITests.SetupTests testExplicitChatGPTTunnelIDIsSelected]' passed (0.000 seconds).
2026-10-07T16:17:41.4443350Z Test Case '-[RightClickCLITests.SetupTests testExplicitServeTokenOverridesStoredToken]' started.
2026-10-07T16:17:41.4443980Z Test Case '-[RightClickCLITests.SetupTests testExplicitServeTokenOverridesStoredToken]' passed (0.000 seconds).
2026-10-07T16:17:41.4444630Z Test Case '-[RightClickCLITests.SetupTests testExplicitTunnelIDOverridesStoredIdentity]' started.
2026-10-07T16:17:41.4445220Z Test Case '-[RightClickCLITests.SetupTests testExplicitTunnelIDOverridesStoredIdentity]' passed (0.000 seconds).
2026-10-07T16:17:41.4446990Z Test Case '-[RightClickCLITests.SetupTests testInvalidRootAndMalformedJSONRemainByteIdentical]' started.
2026-10-07T16:17:41.4448840Z Test Case '-[RightClickCLITests.SetupTests testInvalidRootAndMalformedJSONRemainByteIdentical]' passed (0.005 seconds).
2026-10-07T16:17:41.4450610Z Test Case '-[RightClickCLITests.SetupTests testInvalidServerContainersRemainByteIdentical]' started.
2026-10-07T16:17:41.4452640Z Test Case '-[RightClickCLITests.SetupTests testInvalidServerContainersRemainByteIdentical]' passed (0.004 seconds).
2026-10-07T16:17:41.4453220Z Test Case '-[RightClickCLITests.SetupTests testLongVersionFlagIsAccepted]' started.
2026-10-07T16:17:41.4453730Z Test Case '-[RightClickCLITests.SetupTests testLongVersionFlagIsAccepted]' passed (0.001 seconds).
2026-10-07T16:17:41.4454320Z Test Case '-[RightClickCLITests.SetupTests testOpenAIPluginPreservesMarketplaceAndIsIdempotent]' started.
2026-10-07T16:17:41.4454980Z Test Case '-[RightClickCLITests.SetupTests testOpenAIPluginPreservesMarketplaceAndIsIdempotent]' passed (0.007 seconds).
2026-10-07T16:17:41.4455650Z Test Case '-[RightClickCLITests.SetupTests testOpenAIPluginUsesCurrentPersonalMarketplaceLayout]' started.
2026-10-07T16:17:41.4456320Z Test Case '-[RightClickCLITests.SetupTests testOpenAIPluginUsesCurrentPersonalMarketplaceLayout]' passed (0.003 seconds).
2026-10-07T16:17:41.4456920Z Test Case '-[RightClickCLITests.SetupTests testStoredChatGPTTunnelIDIsReused]' started.
2026-10-07T16:17:41.4457600Z Test Case '-[RightClickCLITests.SetupTests testStoredChatGPTTunnelIDIsReused]' passed (0.000 seconds).
2026-10-07T16:17:41.4458220Z Test Case '-[RightClickCLITests.SetupTests testUnrelatedValuesAndOnlyOwnedEntryArePreserved]' started.
2026-10-07T16:17:41.4458870Z Test Case '-[RightClickCLITests.SetupTests testUnrelatedValuesAndOnlyOwnedEntryArePreserved]' passed (0.002 seconds).
2026-10-07T16:17:41.4459440Z Test Case '-[RightClickCLITests.SetupTests testWriteFailureIsReported]' started.
2026-10-07T16:17:41.4459920Z Test Case '-[RightClickCLITests.SetupTests testWriteFailureIsReported]' passed (0.003 seconds).
2026-10-07T16:17:41.4460340Z Test Suite 'SetupTests' passed at 2026-10-07 16:17:41.425.
2026-10-07T16:17:41.4460670Z 	 Executed 13 tests, with 0 failures (0 unexpected) in 0.027 (0.029) seconds
2026-10-07T16:17:41.4461040Z Test Suite 'SharingExecutionTests' started at 2026-10-07 16:17:41.425.
2026-10-07T16:17:41.4461550Z Test Case '-[RightClickCoreTests.SharingExecutionTests testDeadlineDoesNotOverrideATerminalCallback]' started.
2026-10-07T16:17:41.4462260Z Test Case '-[RightClickCoreTests.SharingExecutionTests testDeadlineDoesNotOverrideATerminalCallback]' passed (0.001 seconds).
2026-10-07T16:17:41.4462930Z Test Case '-[RightClickCoreTests.SharingExecutionTests testDeadlineWithoutCallbackIsUnknown]' started.
2026-10-07T16:17:41.4463570Z Test Case '-[RightClickCoreTests.SharingExecutionTests testDeadlineWithoutCallbackIsUnknown]' passed (0.000 seconds).
2026-10-07T16:17:41.4464180Z Test Case '-[RightClickCoreTests.SharingExecutionTests testDidFailToShareItemsFails]' started.
2026-10-07T16:17:41.4464760Z Test Case '-[RightClickCoreTests.SharingExecutionTests testDidFailToShareItemsFails]' passed (0.000 seconds).
2026-10-07T16:17:41.4465460Z Test Case '-[RightClickCoreTests.SharingExecutionTests testDidShareItemsReportsAcceptanceWithoutIndependentOutcome]' started.
2026-10-07T16:17:41.4466360Z Test Case '-[RightClickCoreTests.SharingExecutionTests testDidShareItemsReportsAcceptanceWithoutIndependentOutcome]' passed (0.000 seconds).
2026-10-07T16:17:41.4467110Z Test Case '-[RightClickCoreTests.SharingExecutionTests testPerformReturnWithoutCallbackStaysStarted]' started.
2026-10-07T16:17:41.4467810Z Test Case '-[RightClickCoreTests.SharingExecutionTests testPerformReturnWithoutCallbackStaysStarted]' passed (0.000 seconds).
2026-10-07T16:17:41.4468490Z Test Case '-[RightClickCoreTests.SharingExecutionTests testWillShareItemsDoesNotFailTheExecution]' started.
2026-10-07T16:17:41.4469160Z Test Case '-[RightClickCoreTests.SharingExecutionTests testWillShareItemsDoesNotFailTheExecution]' passed (0.000 seconds).
2026-10-07T16:17:41.4469700Z Test Suite 'SharingExecutionTests' passed at 2026-10-07 16:17:41.427.
2026-10-07T16:17:41.4470060Z 	 Executed 6 tests, with 0 failures (0 unexpected) in 0.002 (0.002) seconds
2026-10-07T16:17:41.4470430Z Test Suite 'StableEntrypointTests' started at 2026-10-07 16:17:41.427.
2026-10-07T16:17:41.4471180Z Test Case '-[RightClickCLITests.StableEntrypointTests testCurrentCellarBinaryCollapsesToStableBin]' started.
2026-10-07T16:17:41.4471860Z Test Case '-[RightClickCLITests.StableEntrypointTests testCurrentCellarBinaryCollapsesToStableBin]' passed (0.002 seconds).
2026-10-07T16:17:41.4472500Z Test Case '-[RightClickCLITests.StableEntrypointTests testDevelopmentBuildIsRejected]' started.
2026-10-07T16:17:41.4473100Z Test Case '-[RightClickCLITests.StableEntrypointTests testDevelopmentBuildIsRejected]' passed (0.001 seconds).
2026-10-07T16:17:41.4473690Z Test Case '-[RightClickCLITests.StableEntrypointTests testStableBinResolvesToItself]' started.
2026-10-07T16:17:41.4474260Z Test Case '-[RightClickCLITests.StableEntrypointTests testStableBinResolvesToItself]' passed (0.002 seconds).
2026-10-07T16:18:21.5707530Z Test Case '-[RightClickCLITests.StableEntrypointTests testStableSHAChangesWhenHomebrewRetargetsSymlink]' started.
2026-10-07T16:18:21.5710830Z Test Case '-[RightClickCLITests.StableEntrypointTests testStableSHAChangesWhenHomebrewRetargetsSymlink]' passed (0.003 seconds).
2026-10-07T16:18:21.5713010Z Test Case '-[RightClickCLITests.StableEntrypointTests testStableSymlinkCannotPointOutsideCellar]' started.
2026-10-07T16:18:21.5715040Z Test Case '-[RightClickCLITests.StableEntrypointTests testStableSymlinkCannotPointOutsideCellar]' passed (0.001 seconds).
2026-10-07T16:18:21.5717120Z Test Case '-[RightClickCLITests.StableEntrypointTests testStaleCellarBinaryIsRejectedAfterUpgrade]' started.
2026-10-07T16:18:21.5718980Z Test Case '-[RightClickCLITests.StableEntrypointTests testStaleCellarBinaryIsRejectedAfterUpgrade]' passed (0.004 seconds).
2026-10-07T16:18:21.5719730Z Test Suite 'StableEntrypointTests' passed at 2026-10-07 16:17:41.442.
2026-10-07T16:18:21.5720200Z 	 Executed 6 tests, with 0 failures (0 unexpected) in 0.014 (0.015) seconds
2026-10-07T16:18:21.5720790Z Test Suite 'StableProfileIntegrityTests' started at 2026-10-07 16:17:41.442.
2026-10-07T16:18:21.5721480Z Test Case '-[RightClickCLITests.StableProfileIntegrityTests testDevelopmentRedirectIsRejected]' started.
2026-10-07T16:18:21.5722300Z Test Case '-[RightClickCLITests.StableProfileIntegrityTests testDevelopmentRedirectIsRejected]' passed (0.004 seconds).
2026-10-07T16:18:21.5723410Z Test Case '-[RightClickCLITests.StableProfileIntegrityTests testMissingProfileCommandIsRejected]' started.
2026-10-07T16:18:21.5724270Z Test Case '-[RightClickCLITests.StableProfileIntegrityTests testMissingProfileCommandIsRejected]' passed (0.004 seconds).
2026-10-07T16:18:21.5725220Z Test Case '-[RightClickCLITests.StableProfileIntegrityTests testStableProfileCommandIsAccepted]' started.
2026-10-07T16:18:21.5726050Z Test Case '-[RightClickCLITests.StableProfileIntegrityTests testStableProfileCommandIsAccepted]' passed (0.002 seconds).
2026-10-07T16:18:21.5726900Z Test Suite 'StableProfileIntegrityTests' passed at 2026-10-07 16:17:41.453.
2026-10-07T16:18:21.5738150Z 	 Executed 3 tests, with 0 failures (0 unexpected) in 0.010 (0.011) seconds
2026-10-07T16:18:21.5739300Z Test Suite 'StableUpgradeReconciliationTests' started at 2026-10-07 16:17:41.453.
2026-10-07T16:18:21.5741090Z Test Case '-[RightClickCLITests.StableUpgradeReconciliationTests testCurrentStateIsByteIdenticalNoOp]' started.
2026-10-07T16:18:21.5743140Z Test Case '-[RightClickCLITests.StableUpgradeReconciliationTests testCurrentStateIsByteIdenticalNoOp]' passed (0.003 seconds).
2026-10-07T16:18:21.5745340Z Test Case '-[RightClickCLITests.StableUpgradeReconciliationTests testForeignStateIsNeverHijacked]' started.
2026-10-07T16:18:21.5747310Z Test Case '-[RightClickCLITests.StableUpgradeReconciliationTests testForeignStateIsNeverHijacked]' passed (0.003 seconds).
2026-10-07T16:18:21.5749380Z Test Case '-[RightClickCLITests.StableUpgradeReconciliationTests testMissingStateIsNeverCreated]' started.
2026-10-07T16:18:21.5751380Z Test Case '-[RightClickCLITests.StableUpgradeReconciliationTests testMissingStateIsNeverCreated]' passed (0.002 seconds).
2026-10-07T16:18:21.5753940Z Test Case '-[RightClickCLITests.StableUpgradeReconciliationTests testUpgradeReconcilesSHAAndPreservesTunnelIdentity]' started.
2026-10-07T16:18:21.5770520Z Test Case '-[RightClickCLITests.StableUpgradeReconciliationTests testUpgradeReconcilesSHAAndPreservesTunnelIdentity]' passed (0.004 seconds).
2026-10-07T16:18:21.5772480Z Test Suite 'StableUpgradeReconciliationTests' passed at 2026-10-07 16:17:41.465.
2026-10-07T16:18:21.5773850Z 	 Executed 4 tests, with 0 failures (0 unexpected) in 0.012 (0.012) seconds
2026-10-07T16:18:21.5775140Z Test Suite 'UniversalReflectorContractTests' started at 2026-10-07 16:17:41.465.
2026-10-07T16:18:21.5777390Z Test Case '-[RightClickCoreTests.UniversalReflectorContractTests testEngineRoutesByReflectorOwnershipNotCapabilitySource]' started.
2026-10-07T16:18:21.5778600Z Test Case '-[RightClickCoreTests.UniversalReflectorContractTests testEngineRoutesByReflectorOwnershipNotCapabilitySource]' passed (0.001 seconds).
2026-10-07T16:18:21.5779730Z Test Case '-[RightClickCoreTests.UniversalReflectorContractTests testGenericVerificationRemainsAboveReflectorBoundary]' started.
2026-10-07T16:18:21.5780960Z Test Case '-[RightClickCoreTests.UniversalReflectorContractTests testGenericVerificationRemainsAboveReflectorBoundary]' passed (0.001 seconds).
2026-10-07T16:18:21.5782010Z Test Case '-[RightClickCoreTests.UniversalReflectorContractTests testRemovingReflectorRemovesCapability]' started.
2026-10-07T16:18:21.5782940Z Test Case '-[RightClickCoreTests.UniversalReflectorContractTests testRemovingReflectorRemovesCapability]' passed (0.001 seconds).
2026-10-07T16:18:21.5783750Z Test Suite 'UniversalReflectorContractTests' passed at 2026-10-07 16:17:41.468.
2026-10-07T16:18:21.5784360Z 	 Executed 3 tests, with 0 failures (0 unexpected) in 0.002 (0.003) seconds
2026-10-07T16:18:21.5784860Z Test Suite 'VerificationIntegrationTests' started at 2026-10-07 16:17:41.468.
2026-10-07T16:18:21.5785630Z Test Case '-[RightClickCoreTests.VerificationIntegrationTests testBeginStoresGenericVerificationInExecutionRecord]' started.
2026-10-07T16:18:21.5786610Z Test Case '-[RightClickCoreTests.VerificationIntegrationTests testBeginStoresGenericVerificationInExecutionRecord]' passed (9.532 seconds).
2026-10-07T16:18:21.5787750Z Test Case '-[RightClickCoreTests.VerificationIntegrationTests testNoVerificationSpecPreservesAcceptedUnverifiedBehaviour]' started.
2026-10-07T16:18:21.5789620Z Test Case '-[RightClickCoreTests.VerificationIntegrationTests testNoVerificationSpecPreservesAcceptedUnverifiedBehaviour]' passed (8.278 seconds).
2026-10-07T16:18:21.5792650Z Test Case '-[RightClickCoreTests.VerificationIntegrationTests testRunCanReportVerifiedSemanticFailureAfterAcceptedInvocation]' started.
2026-10-07T16:18:21.5794860Z Test Case '-[RightClickCoreTests.VerificationIntegrationTests testRunCanReportVerifiedSemanticFailureAfterAcceptedInvocation]' passed (8.900 seconds).
2026-10-07T16:18:21.5795940Z Test Case '-[RightClickCoreTests.VerificationIntegrationTests testRunPromotesAcceptedInvocationToVerifiedSuccess]' started.
2026-10-07T16:18:21.5797840Z Test Case '-[RightClickCoreTests.VerificationIntegrationTests testRunPromotesAcceptedInvocationToVerifiedSuccess]' passed (7.716 seconds).
2026-10-07T16:18:21.5798760Z Test Case '-[RightClickCoreTests.VerificationIntegrationTests testVerificationReceiptIsMachineReadableJSON]' started.
2026-10-07T16:18:21.5799620Z Test Case '-[RightClickCoreTests.VerificationIntegrationTests testVerificationReceiptIsMachineReadableJSON]' passed (5.412 seconds).
2026-10-07T16:18:21.5801150Z Test Case '-[RightClickCoreTests.VerificationIntegrationTests testVerificationSpecTimeoutRoundTripsThroughJSON]' started.
2026-10-07T16:18:21.5803690Z Test Case '-[RightClickCoreTests.VerificationIntegrationTests testVerificationSpecTimeoutRoundTripsThroughJSON]' passed (0.001 seconds).
2026-10-07T16:18:21.5805600Z Test Suite 'VerificationIntegrationTests' passed at 2026-10-07 16:18:21.308.
2026-10-07T16:18:21.5806800Z 	 Executed 6 tests, with 0 failures (0 unexpected) in 39.839 (39.840) seconds
2026-10-07T16:18:21.5808200Z Test Suite 'rightclick-mcpPackageTests.xctest' failed at 2026-10-07 16:18:21.308.
2026-10-07T16:18:21.5810360Z 	 Executed 709 tests, with 61 tests skipped and 30 failures (30 unexpected) in 718.757 (718.940) seconds
2026-10-07T16:18:21.5811760Z Test Suite 'All tests' failed at 2026-10-07 16:18:21.309.
2026-10-07T16:18:21.5813050Z 	 Executed 709 tests, with 61 tests skipped and 30 failures (30 unexpected) in 718.757 (718.948) seconds
2026-10-07T16:18:21.5832260Z {"allAligned":"false","bridgeRunning":"true","client":"chatgpt","configurationChanged":"false","desiredExecutable":"\/var\/folders\/36\/tjdph2t965j8snz9_vkdnw0r0000gn\/T\/rightclick-chatgpt-onboarding-99E015AE-978F-4785-B642-BEDA1E58D098\/bin\/rightclick","desiredExecutableSHA256":"306c6ca7407560340797866e077e053627ad409277d1b9da58106fce4cf717cb","desiredLaunchAgentTarget":"\/var\/folders\/36\/tjdph2t965j8snz9_vkdnw0r0000gn\/T\/rightclick-chatgpt-onboarding-99E015AE-978F-4785-B642-BEDA1E58D098\/bin\/rightclick bridge run","desiredProfileTarget":"\/var\/folders\/36\/tjdph2t965j8snz9_vkdnw0r0000gn\/T\/rightclick-chatgpt-onboarding-99E015AE-978F-4785-B642-BEDA1E58D098\/bin\/rightclick mcp","keychainCredentialStored":"true","launchAgent":"\/var\/folders\/36\/tjdph2t965j8snz9_vkdnw0r0000gn\/T\/rightclick-chatgpt-onboarding-99E015AE-978F-4785-B642-BEDA1E58D098\/Library\/LaunchAgents\/ai.rightclick.chatgpt-bridge.plist","launchAgentAligned":"true","launchAgentTarget":"\/var\/folders\/36\/tjdph2t965j8snz9_vkdnw0r0000gn\/T\/rightclick-chatgpt-onboarding-99E015AE-978F-4785-B642-BEDA1E58D098\/bin\/rightclick bridge run","mcpConnection":"NOT_ATTESTED_BY_THIS_PREVIEW","migrationRequired":"true","mode":"preview","next":"Review the migration plan, then run `rightclick setup chatgpt --yes`.","outcomeVerification":"NOT_RUN","profile":"\/var\/folders\/36\/tjdph2t965j8snz9_vkdnw0r0000gn\/T\/rightclick-chatgpt-onboarding-99E015AE-978F-4785-B642-BEDA1E58D098\/.config\/tunnel-client\/rightclick.yaml","profileAligned":"false","profileTarget":"\/tmp\/stale-rightclick mcp","setupState":"\/var\/folders\/36\/tjdph2t965j8snz9_vkdnw0r0000gn\/T\/rightclick-chatgpt-onboarding-99E015AE-978F-4785-B642-BEDA1E58D098\/Library\/Application Support\/RIGHTCLICK\/setup-state.json","stateAligned":"true","stateExecutable":"\/var\/folders\/36\/tjdph2t965j8snz9_vkdnw0r0000gn\/T\/rightclick-chatgpt-onboarding-99E015AE-978F-4785-B642-BEDA1E58D098\/bin\/rightclick","stateExecutableSHA256":"306c6ca7407560340797866e077e053627ad409277d1b9da58106fce4cf717cb","status":"CONSENT_REQUIRED","tunnelClient":"\/var\/folders\/36\/tjdph2t965j8snz9_vkdnw0r0000gn\/T\/rightclick-chatgpt-onboarding-99E015AE-978F-4785-B642-BEDA1E58D098\/bin\/tunnel-client","tunnelClientVersion":"0.0.15","tunnelIDPresent":"true"}
2026-10-07T16:18:21.5870180Z {"allAligned":"true","bridgeRunning":"true","client":"chatgpt","configurationChanged":"false","desiredExecutable":"\/var\/folders\/36\/tjdph2t965j8snz9_vkdnw0r0000gn\/T\/rightclick-chatgpt-onboarding-32CB0FA2-EA21-42A4-8BC6-FD7C9E7C442A\/bin\/rightclick","desiredExecutableSHA256":"306c6ca7407560340797866e077e053627ad409277d1b9da58106fce4cf717cb","desiredLaunchAgentTarget":"\/var\/folders\/36\/tjdph2t965j8snz9_vkdnw0r0000gn\/T\/rightclick-chatgpt-onboarding-32CB0FA2-EA21-42A4-8BC6-FD7C9E7C442A\/bin\/rightclick bridge run","desiredProfileTarget":"\/var\/folders\/36\/tjdph2t965j8snz9_vkdnw0r0000gn\/T\/rightclick-chatgpt-onboarding-32CB0FA2-EA21-42A4-8BC6-FD7C9E7C442A\/bin\/rightclick mcp","keychainCredentialStored":"true","launchAgent":"\/var\/folders\/36\/tjdph2t965j8snz9_vkdnw0r0000gn\/T\/rightclick-chatgpt-onboarding-32CB0FA2-EA21-42A4-8BC6-FD7C9E7C442A\/Library\/LaunchAgents\/ai.rightclick.chatgpt-bridge.plist","launchAgentAligned":"true","launchAgentTarget":"\/var\/folders\/36\/tjdph2t965j8snz9_vkdnw0r0000gn\/T\/rightclick-chatgpt-onboarding-32CB0FA2-EA21-42A4-8BC6-FD7C9E7C442A\/bin\/rightclick bridge run","mcpConnection":"NOT_ATTESTED_BY_THIS_PREVIEW","migrationRequired":"false","mode":"preview","next":"No local ChatGPT bridge migration is required.","outcomeVerification":"NOT_RUN","profile":"\/var\/folders\/36\/tjdph2t965j8snz9_vkdnw0r0000gn\/T\/rightclick-chatgpt-onboarding-32CB0FA2-EA21-42A4-8BC6-FD7C9E7C442A\/.config\/tunnel-client\/rightclick.yaml","profileAligned":"true","profileTarget":"\/var\/folders\/36\/tjdph2t965j8snz9_vkdnw0r0000gn\/T\/rightclick-chatgpt-onboarding-32CB0FA2-EA21-42A4-8BC6-FD7C9E7C442A\/bin\/rightclick mcp","setupState":"\/var\/folders\/36\/tjdph2t965j8snz9_vkdnw0r0000gn\/T\/rightclick-chatgpt-onboarding-32CB0FA2-EA21-42A4-8BC6-FD7C9E7C442A\/Library\/Application Support\/RIGHTCLICK\/setup-state.json","stateAligned":"true","stateExecutable":"\/var\/folders\/36\/tjdph2t965j8snz9_vkdnw0r0000gn\/T\/rightclick-chatgpt-onboarding-32CB0FA2-EA21-42A4-8BC6-FD7C9E7C442A\/bin\/rightclick","stateExecutableSHA256":"306c6ca7407560340797866e077e053627ad409277d1b9da58106fce4cf717cb","status":"ALIGNED","tunnelClient":"\/var\/folders\/36\/tjdph2t965j8snz9_vkdnw0r0000gn\/T\/rightclick-chatgpt-onboarding-32CB0FA2-EA21-42A4-8BC6-FD7C9E7C442A\/bin\/tunnel-client","tunnelClientVersion":"0.0.15","tunnelIDPresent":"true"}
2026-10-07T16:18:21.5878490Z 0.2.2
2026-10-07T16:18:21.5881490Z ◇ Test run started.
2026-10-07T16:18:21.5882320Z ↳ Testing Library Version: 1902
2026-10-07T16:18:21.5882900Z ↳ Target Platform: arm64e-apple-macos14.0
2026-10-07T16:18:21.5883440Z ✔ Test run with 0 tests in 0 suites passed after 0.001 seconds.
2026-10-07T16:18:21.6171030Z ##[error]Process completed with exit code 1.
2026-10-07T16:18:21.6597920Z Post job cleanup.
2026-10-07T16:18:22.1988120Z [command]/opt/homebrew/bin/git version
2026-10-07T16:18:22.2315080Z git version 2.55.0
2026-10-07T16:18:22.2336450Z Copying '/Users/runner/.gitconfig' to '/Users/runner/work/_temp/4d3bf2d9-8417-4855-80e6-da26a769ba57/.gitconfig'
2026-10-07T16:18:22.2343640Z Temporarily overriding HOME='/Users/runner/work/_temp/4d3bf2d9-8417-4855-80e6-da26a769ba57' before making global git config changes
2026-10-07T16:18:22.2344510Z Adding repository directory to the temporary git global config as a safe directory
2026-10-07T16:18:22.2347830Z [command]/opt/homebrew/bin/git config --global --add safe.directory /Users/runner/work/rightclick/rightclick
2026-10-07T16:18:22.2498740Z Removing SSH command configuration
2026-10-07T16:18:22.2499970Z [command]/opt/homebrew/bin/git config --local --name-only --get-regexp core\.sshCommand
2026-10-07T16:18:22.3982750Z [command]/opt/homebrew/bin/git submodule foreach --recursive sh -c "git config --local --name-only --get-regexp 'core\.sshCommand' && git config --local --unset-all 'core.sshCommand' || :"
2026-10-07T16:18:22.6417040Z Removing HTTP extra header
2026-10-07T16:18:22.6421500Z [command]/opt/homebrew/bin/git config --local --name-only --get-regexp http\.https\:\/\/github\.com\/\.extraheader
2026-10-07T16:18:22.6490530Z [command]/opt/homebrew/bin/git submodule foreach --recursive sh -c "git config --local --name-only --get-regexp 'http\.https\:\/\/github\.com\/\.extraheader' && git config --local --unset-all 'http.https://github.com/.extraheader' || :"
2026-10-07T16:18:22.7513150Z Removing includeIf entries pointing to credentials config files
2026-10-07T16:18:22.7517230Z [command]/opt/homebrew/bin/git config --local --name-only --get-regexp ^includeIf\.gitdir:
2026-10-07T16:18:22.7584420Z includeif.gitdir:/Users/runner/work/rightclick/rightclick/.git.path
2026-10-07T16:18:22.7585000Z includeif.gitdir:/Users/runner/work/rightclick/rightclick/.git/worktrees/*.path
2026-10-07T16:18:22.7585460Z includeif.gitdir:/github/workspace/.git.path
2026-10-07T16:18:22.7585810Z includeif.gitdir:/github/workspace/.git/worktrees/*.path
2026-10-07T16:18:22.7594560Z [command]/opt/homebrew/bin/git config --local --get-all includeif.gitdir:/Users/runner/work/rightclick/rightclick/.git.path
2026-10-07T16:18:22.7664450Z /Users/runner/work/_temp/git-credentials-76b570d4-1938-4856-9b37-986df08b1395.config
2026-10-07T16:18:22.7672980Z [command]/opt/homebrew/bin/git config --local --unset includeif.gitdir:/Users/runner/work/rightclick/rightclick/.git.path /Users/runner/work/_temp/git-credentials-76b570d4-1938-4856-9b37-986df08b1395.config
2026-10-07T16:18:22.7756750Z [command]/opt/homebrew/bin/git config --local --get-all includeif.gitdir:/Users/runner/work/rightclick/rightclick/.git/worktrees/*.path
2026-10-07T16:18:22.7822700Z /Users/runner/work/_temp/git-credentials-76b570d4-1938-4856-9b37-986df08b1395.config
2026-10-07T16:18:22.7831880Z [command]/opt/homebrew/bin/git config --local --unset includeif.gitdir:/Users/runner/work/rightclick/rightclick/.git/worktrees/*.path /Users/runner/work/_temp/git-credentials-76b570d4-1938-4856-9b37-986df08b1395.config
2026-10-07T16:18:22.7908920Z [command]/opt/homebrew/bin/git config --local --get-all includeif.gitdir:/github/workspace/.git.path
2026-10-07T16:18:22.7978540Z /github/runner_temp/git-credentials-76b570d4-1938-4856-9b37-986df08b1395.config
2026-10-07T16:18:22.7984740Z [command]/opt/homebrew/bin/git config --local --unset includeif.gitdir:/github/workspace/.git.path /github/runner_temp/git-credentials-76b570d4-1938-4856-9b37-986df08b1395.config
2026-10-07T16:18:22.8060680Z [command]/opt/homebrew/bin/git config --local --get-all includeif.gitdir:/github/workspace/.git/worktrees/*.path
2026-10-07T16:18:22.8129090Z /github/runner_temp/git-credentials-76b570d4-1938-4856-9b37-986df08b1395.config
2026-10-07T16:18:22.8137420Z [command]/opt/homebrew/bin/git config --local --unset includeif.gitdir:/github/workspace/.git/worktrees/*.path /github/runner_temp/git-credentials-76b570d4-1938-4856-9b37-986df08b1395.config
2026-10-07T16:18:22.8220210Z [command]/opt/homebrew/bin/git submodule foreach --recursive git config --local --show-origin --name-only --get-regexp remote.origin.url
2026-10-07T16:18:22.9171370Z Removing credentials config '/Users/runner/work/_temp/git-credentials-76b570d4-1938-4856-9b37-986df08b1395.config'
2026-10-07T16:18:22.9355140Z Cleaning up orphan processes
2026-10-07T16:18:23.5845860Z Terminate orphan process: pid (12365) (ChineseTextConv)
