Fetching https://github.com/mattt/eventsource.git from cache
Fetching https://github.com/apple/swift-log.git from cache
Fetching https://github.com/apple/swift-http-types.git from cache
Fetching https://github.com/apple/swift-certificates.git from cache
Fetching https://github.com/apple/swift-crypto.git from cache
Fetching https://github.com/apple/swift-nio.git from cache
Fetching https://github.com/grpc/grpc-swift.git from cache
Fetched https://github.com/mattt/eventsource.git from cache (0.03s)
Fetching https://github.com/apple/swift-nio-http2.git from cache
Fetched https://github.com/apple/swift-http-types.git from cache (0.05s)
Fetching https://github.com/apple/swift-collections.git from cache
Fetched https://github.com/apple/swift-log.git from cache (0.10s)
Fetching https://github.com/apple/swift-nio-extras.git from cache
Fetched https://github.com/apple/swift-certificates.git from cache (0.10s)
Fetching https://github.com/apple/swift-system.git from cache
Fetched https://github.com/apple/swift-nio-extras.git from cache (0.07s)
Fetching https://github.com/apple/swift-asn1.git from cache
Fetched https://github.com/apple/swift-system.git from cache (0.07s)
Fetching https://github.com/apple/swift-nio-transport-services.git from cache
Fetched https://github.com/apple/swift-asn1.git from cache (0.04s)
Fetching https://github.com/apple/swift-async-algorithms.git from cache
Fetched https://github.com/apple/swift-nio-transport-services.git from cache (0.05s)
Fetching https://github.com/apple/swift-protobuf.git from cache
Fetched https://github.com/apple/swift-nio-http2.git from cache (0.23s)
Fetching https://github.com/swift-server/swift-service-lifecycle.git from cache
Fetched https://github.com/apple/swift-async-algorithms.git from cache (0.09s)
Fetching https://github.com/apple/swift-http-structured-headers.git from cache
Fetched https://github.com/swift-server/swift-service-lifecycle.git from cache (0.06s)
Fetching https://github.com/apple/swift-nio-ssl.git from cache
Fetched https://github.com/apple/swift-http-structured-headers.git from cache (0.05s)
Fetching https://github.com/apple/swift-algorithms.git from cache
Fetched https://github.com/apple/swift-algorithms.git from cache (0.07s)
Fetching https://github.com/apple/swift-atomics.git from cache
Fetched https://github.com/apple/swift-atomics.git from cache (0.04s)
Fetching https://github.com/apple/swift-numerics.git from cache
Fetched https://github.com/apple/swift-numerics.git from cache (0.07s)
Fetched https://github.com/apple/swift-collections.git from cache (0.54s)
Fetched https://github.com/grpc/grpc-swift.git from cache (0.62s)
Fetched https://github.com/apple/swift-crypto.git from cache (0.62s)
Fetched https://github.com/apple/swift-nio-ssl.git from cache (0.37s)
Fetched https://github.com/apple/swift-nio.git from cache (1.01s)
Fetched https://github.com/apple/swift-protobuf.git from cache (0.87s)
Creating working copy for https://github.com/apple/swift-crypto.git
Creating working copy for https://github.com/apple/swift-log.git
Creating working copy for https://github.com/apple/swift-http-types.git
Creating working copy for https://github.com/apple/swift-collections.git
Creating working copy for https://github.com/grpc/grpc-swift.git
Creating working copy for https://github.com/apple/swift-nio-http2.git
Creating working copy for https://github.com/apple/swift-nio-ssl.git
Creating working copy for https://github.com/apple/swift-nio-transport-services.git
Creating working copy for https://github.com/apple/swift-nio.git
Creating working copy for https://github.com/mattt/eventsource.git
Working copy of https://github.com/apple/swift-nio-transport-services.git resolved at 1.28.0
Creating working copy for https://github.com/apple/swift-system.git
Working copy of https://github.com/mattt/eventsource.git resolved at 1.5.1
Creating working copy for https://github.com/apple/swift-certificates.git
Working copy of https://github.com/apple/swift-log.git resolved at 1.15.1
Creating working copy for https://github.com/apple/swift-algorithms.git
Working copy of https://github.com/apple/swift-system.git resolved at 1.8.1
Creating working copy for https://github.com/apple/swift-asn1.git
Working copy of https://github.com/apple/swift-algorithms.git resolved at 1.2.1
Creating working copy for https://github.com/apple/swift-atomics.git
Working copy of https://github.com/apple/swift-http-types.git resolved at 1.8.0
Creating working copy for https://github.com/apple/swift-nio-extras.git
Working copy of https://github.com/apple/swift-certificates.git resolved at 1.21.0
Creating working copy for https://github.com/swift-server/swift-service-lifecycle.git
Working copy of https://github.com/apple/swift-asn1.git resolved at 1.7.3
Creating working copy for https://github.com/apple/swift-async-algorithms.git
Working copy of https://github.com/apple/swift-atomics.git resolved at 1.3.1
Creating working copy for https://github.com/apple/swift-http-structured-headers.git
Working copy of https://github.com/grpc/grpc-swift.git resolved at 1.26.2
Creating working copy for https://github.com/apple/swift-protobuf.git
Working copy of https://github.com/swift-server/swift-service-lifecycle.git resolved at 2.12.1
Creating working copy for https://github.com/apple/swift-numerics.git
Working copy of https://github.com/apple/swift-nio-ssl.git resolved at 2.37.5
Working copy of https://github.com/apple/swift-http-structured-headers.git resolved at 1.7.0
Working copy of https://github.com/apple/swift-nio-extras.git resolved at 1.35.1
Working copy of https://github.com/apple/swift-nio.git resolved at 2.103.0
Working copy of https://github.com/apple/swift-numerics.git resolved at 1.1.1
Working copy of https://github.com/apple/swift-async-algorithms.git resolved at 1.1.7
Working copy of https://github.com/apple/swift-collections.git resolved at 1.7.1
Working copy of https://github.com/apple/swift-nio-http2.git resolved at 1.46.0
Working copy of https://github.com/apple/swift-crypto.git resolved at 4.5.2
Working copy of https://github.com/apple/swift-protobuf.git resolved at 1.38.1
Building for debugging...
[0/855] Compiling p_x25519.cc
[0/855] Compiling f_string.cc
[1/855] Compiling get_cipher.cc
[1/855] Write sources
[9/855] Compiling _AtomicsShims.c
[10/855] Write sources
[17/855] Write swift-version-24593BA9C3E375BF.txt
[18/855] Write sources
[20/855] Compiling RightClickHostFiles HostFiles.c
[22/909] Compiling _NIOBase64 Base64.swift
[23/909] Emitting module _NIOBase64
[25/912] Emitting module SwiftProtobuf
[26/935] Compiling _NIODataStructures PriorityQueue.swift
[27/935] Emitting module _NIODataStructures
[28/935] Compiling _NIODataStructures Heap.swift
[29/936] Compiling _NIODataStructures _TinyArray.swift
[30/937] Wrapping AST for _NIOBase64 for debugging
[31/937] Wrapping AST for _NIODataStructures for debugging
[32/937] Write sources
[44/946] Emitting module Logging
[45/949] Compiling Logging LogEvent.swift
[46/949] Compiling Logging LogHandler.swift
[47/949] Compiling Logging Logger+Attributes.swift
[48/949] Compiling Logging Logger+With.swift
[49/949] Compiling Logging MultiplexLogHandler.swift
[50/949] Compiling Logging StreamLogHandler.swift
[51/949] Compiling Logging SwiftLogNoOpLogHandler.swift
[52/949] Compiling Logging Locks.swift
[53/949] Compiling RightClickARD ARD.swift
[54/949] Emitting module RightClickARD
[56/971] Compiling InternalCollectionsUtilities Iterable+CopyContents.swift
[57/971] Compiling InternalCollectionsUtilities Iterable+Equality.swift
[58/971] Compiling InternalCollectionsUtilities LifetimeOverride.swift
[59/972] Wrapping AST for RightClickARD for debugging
[60/972] Wrapping AST for Logging for debugging
[61/972] Write sources
[65/972] Compiling CXKCPShims shims.c
[66/972] Compiling SimpleFIPS202.c
[68/972] Compiling InternalCollectionsUtilities BorrowingIteratorProtocol+Equality.swift
[69/972] Compiling InternalCollectionsUtilities BorrowingIteratorProtocol+Extras.swift
[70/972] Compiling InternalCollectionsUtilities Debugging.swift
[71/972] Compiling InternalCollectionsUtilities Descriptions.swift
[72/972] Compiling InternalCollectionsUtilities FixedWidthInteger+roundUpToPowerOfTwo.swift
[73/972] Compiling InternalCollectionsUtilities Integer rank.swift
[74/972] Compiling InternalCollectionsUtilities UInt+first and last set bit.swift
[75/972] Compiling InternalCollectionsUtilities UInt+reversed.swift
[78/982] Emitting module InternalCollectionsUtilities
[78/982] Compiling KeccakSponge.c
[80/982] Compiling InternalCollectionsUtilities UnsafeMutablePointer+Extras.swift
[81/982] Compiling InternalCollectionsUtilities UnsafeMutableRawBufferPointer+Extras.swift
[82/982] Compiling InternalCollectionsUtilities UnsafePointer+Extras.swift
[83/982] Compiling InternalCollectionsUtilities UnsafeRawBufferPointer+Extras.swift
[84/982] Compiling InternalCollectionsUtilities _SortedCollection.swift
[85/982] Compiling InternalCollectionsUtilities _UniqueCollection.swift
[86/982] Compiling SwiftProtobuf Google_Protobuf_Struct+Extensions.swift
[87/982] Compiling SwiftProtobuf Google_Protobuf_Timestamp+Extensions.swift
[88/982] Compiling SwiftProtobuf Google_Protobuf_Value+Extensions.swift
[89/982] Compiling SwiftProtobuf Google_Protobuf_Wrappers+Extensions.swift
[90/982] Compiling SwiftProtobuf HashVisitor.swift
[91/982] Compiling SwiftProtobuf Internal.swift
[92/982] Compiling SwiftProtobuf JSONDecoder.swift
[93/982] Compiling SwiftProtobuf JSONDecodingError.swift
[94/982] Compiling SwiftProtobuf JSONDecodingOptions.swift
[95/982] Compiling SwiftProtobuf JSONEncoder.swift
[96/982] Compiling SwiftProtobuf JSONEncodingError.swift
[97/982] Compiling SwiftProtobuf JSONEncodingOptions.swift
[98/982] Compiling SwiftProtobuf JSONEncodingVisitor.swift
[99/982] Compiling SwiftProtobuf JSONMapEncodingVisitor.swift
[100/982] Compiling SwiftProtobuf JSONScanner.swift
[101/982] Compiling SwiftProtobuf MathUtils.swift
[102/982] Compiling SwiftProtobuf Message+AnyAdditions.swift
[103/982] Compiling SwiftProtobuf Message+BinaryAdditions.swift
[105/1005] Compiling InternalCollectionsUtilities MutableRef.swift
[106/1005] Compiling InternalCollectionsUtilities MutableSpan+Extras.swift
[107/1005] Compiling InternalCollectionsUtilities OutputSpan+Extras.swift
[108/1005] Compiling InternalCollectionsUtilities RandomAccessCollection+Offsets.swift
[109/1005] Compiling InternalCollectionsUtilities Span+Extras.swift
[110/1005] Compiling InternalCollectionsUtilities Strideable+LimitHelpers.swift
[111/1005] Compiling InternalCollectionsUtilities String+Padding.swift
[112/1005] Compiling InternalCollectionsUtilities TemporaryAllocation.swift
[113/1005] Compiling InternalCollectionsUtilities _UnsafeBitSet+Index.swift
[114/1005] Compiling SwiftProtobuf Message+BinaryAdditions_Data.swift
[115/1005] Compiling SwiftProtobuf Message+FieldMask.swift
[116/1005] Compiling SwiftProtobuf Message+JSONAdditions.swift
[117/1005] Compiling SwiftProtobuf Message+JSONAdditions_Data.swift
[118/1005] Compiling SwiftProtobuf Message+JSONArrayAdditions.swift
[119/1005] Compiling SwiftProtobuf Message+JSONArrayAdditions_Data.swift
[120/1005] Compiling SwiftProtobuf Message+TextFormatAdditions.swift
[121/1005] Compiling SwiftProtobuf Message.swift
[122/1005] Compiling SwiftProtobuf MessageExtension.swift
[123/1005] Compiling SwiftProtobuf NameMap.swift
[124/1005] Compiling SwiftProtobuf PathDecoder.swift
[125/1005] Compiling SwiftProtobuf PathVisitor.swift
[126/1005] Compiling SwiftProtobuf ProtoNameProviding.swift
[127/1005] Compiling SwiftProtobuf ProtobufAPIVersionCheck.swift
[128/1005] Compiling SwiftProtobuf ProtobufMap.swift
[129/1005] Compiling SwiftProtobuf SelectiveVisitor.swift
[130/1005] Compiling SwiftProtobuf SimpleExtensionMap.swift
[131/1005] Compiling SwiftProtobuf StringUtils.swift
[132/1005] Compiling SwiftProtobuf SwiftProtobufContiguousBytes.swift
[133/1005] Compiling SwiftProtobuf SwiftProtobufError.swift
[134/1005] Compiling SwiftProtobuf TextFormatDecoder.swift
[135/1005] Compiling SwiftProtobuf TextFormatDecodingError.swift
[136/1005] Compiling SwiftProtobuf TextFormatDecodingOptions.swift
[136/1005] Compiling KeccakP-1600-opt64.c
[137/1005] Compiling KeccakHash.c
[138/1005] Compiling CSystem shims.c
[139/1005] Compiling CNIOWindows shim.c
[161/1005] Compiling InternalCollectionsUtilities _UnsafeBitSet+_Word.swift
[162/1005] Compiling InternalCollectionsUtilities _UnsafeBitSet.swift
[163/1005] Compiling InternalCollectionsUtilities UnsafeBufferPointer+Extras.swift
[164/1005] Compiling InternalCollectionsUtilities UnsafeMutableBufferPointer+Extras.swift
[165/1034] Compiling SystemPackage Stat.swift
[166/1034] Compiling SystemPackage IOCompletion.swift
[167/1034] Compiling SystemPackage IORequest.swift
[168/1034] Compiling SystemPackage IORing+Util.swift
[169/1034] Compiling SystemPackage IORing.swift
[170/1034] Compiling SystemPackage RawIORequest.swift
[171/1034] Compiling SystemPackage Backcompat.swift
[172/1034] Compiling SystemPackage CInterop.swift
[175/1035] Compiling CNIOWindows WSAStartup.c
[177/1038] Compiling SpanPreview MutableSpan+InputSpanHelpers.swift
[178/1038] Compiling SpanPreview InputSpan.swift
[179/1038] Emitting module SpanPreview
[180/1039] Compiling SpanPreview OutputSpan+InputSpanHelpers.swift
[181/1040] Wrapping AST for InternalCollectionsUtilities for debugging
[183/1072] Emitting module SystemPackage
[184/1085] Compiling DequeModule RigidDeque+ContainerOperations.swift
[185/1085] Compiling DequeModule RigidDeque+Deprecations.swift
[186/1085] Compiling DequeModule RigidDeque+Descriptions.swift
[187/1085] Compiling DequeModule RigidDeque+Equatable.swift
[188/1085] Compiling DequeModule RigidDeque+Hashable.swift
[189/1085] Compiling DequeModule RigidDeque+Initializers.swift
[190/1085] Compiling DequeModule RigidDeque+Insertions.swift
[191/1085] Compiling DequeModule RigidDeque+Iterable.swift
[192/1085] Compiling DequeModule RigidDeque+Prepend.swift
[193/1085] Compiling DequeModule RigidDeque+Removals.swift
[194/1085] Compiling DequeModule RigidDeque+Replacements.swift
[195/1085] Compiling DequeModule RigidDeque+Testing.swift
[196/1085] Compiling SystemPackage Constants.swift
[197/1085] Compiling SystemPackage Exports.swift
[198/1085] Compiling SystemPackage Mocking.swift
[199/1100] Compiling DequeModule Deque+Codable.swift
[200/1100] Compiling DequeModule Deque+Collection.swift
[201/1100] Compiling DequeModule Deque+CustomReflectable.swift
[202/1100] Compiling DequeModule Deque+Descriptions.swift
[203/1100] Compiling DequeModule Deque+Equatable.swift
[204/1100] Compiling DequeModule Deque+ExpressibleByArrayLiteral.swift
[205/1100] Compiling DequeModule Deque+Extras.swift
[206/1100] Compiling DequeModule Deque+Hashable.swift
[207/1100] Compiling DequeModule Deque+Testing.swift
[208/1100] Compiling DequeModule Deque._Storage.swift
[209/1100] Compiling DequeModule Deque._UnsafeHandle.swift
[210/1100] Compiling DequeModule Deque.swift
[211/1100] Compiling DequeModule _DequeBuffer.swift
[212/1100] Compiling DequeModule _DequeBufferHeader.swift
[213/1100] Compiling DequeModule RigidDeque+Append.swift
[214/1100] Compiling DequeModule RigidDeque+Consumption.swift
[215/1100] Emitting module DequeModule
[233/1100] Compiling DequeModule UniqueDeque+ContainerOperations.swift
[234/1100] Compiling DequeModule UniqueDeque+Deprecations.swift
[235/1100] Compiling DequeModule UniqueDeque+Descriptions.swift
[236/1100] Compiling DequeModule UniqueDeque+Equatable.swift
[237/1100] Compiling DequeModule UniqueDeque+Hashable.swift
[238/1100] Compiling DequeModule UniqueDeque+Initializers.swift
[239/1100] Compiling DequeModule UniqueDeque+Insertions.swift
[240/1100] Compiling DequeModule UniqueDeque+Iterable.swift
[241/1100] Compiling DequeModule UniqueDeque+Prepend.swift
[242/1100] Compiling DequeModule UniqueDeque+Removals.swift
[253/1100] Compiling DequeModule UniqueDeque+Replacements.swift
[254/1100] Compiling DequeModule UniqueDeque.swift
[255/1100] Compiling DequeModule _DequeSlot.swift
[256/1100] Compiling DequeModule _UnsafeDequeHandle.swift
[257/1100] Compiling DequeModule _UnsafeDequeSegments.swift
[258/1101] Wrapping AST for SpanPreview for debugging
[259/1101] Wrapping AST for DequeModule for debugging
[260/1101] Compiling CNIOWASI CNIOWASI.c
[261/1101] Compiling CNIOPosix event_loop_id.c
[276/1101] Compiling CNIOOpenBSD shim.c
[278/1102] Compiling CNIOLinux liburing_shims.c
[279/1102] Compiling CNIOLinux shim.c
[280/1135] Wrapping AST for SystemPackage for debugging
[281/1135] Compiling CNIOLLHTTP c_nio_llhttp.c
[282/1135] Compiling CNIOLLHTTP c_nio_http.c
[283/1135] Compiling CNIOLLHTTP c_nio_api.c
[284/1135] Compiling CNIOFreeBSD shim.c
[285/1135] Compiling CNIODarwin shim.c
[286/1135] Compiling CNIOBoringSSLShims shims.c
[287/1135] Compiling fiat_p256_adx_sqr.S
[288/1135] Compiling fiat_p256_adx_mul.S
[290/1135] Emitting module MCP
[290/1146] Compiling fiat_curve25519_adx_square.S
[291/1150] Compiling fiat_curve25519_adx_mul.S
[292/1150] Compiling tls_record.cc
[294/1150] Compiling MCP Icon.swift
[295/1150] Compiling MCP Lifecycle.swift
[296/1150] Compiling MCP Messages.swift
[297/1150] Compiling MCP PendingRequest.swift
[298/1150] Compiling MCP Transport.swift
[299/1150] Compiling MCP HTTPClientTransport.swift
[300/1150] Compiling MCP HTTPRequestValidation.swift
[301/1150] Compiling MCP HTTPServerTypes.swift
[302/1150] Compiling MCP StatefulHTTPServerTransport.swift
[303/1150] Compiling MCP StatelessHTTPServerTransport.swift
[304/1150] Compiling MCP InMemoryTransport.swift
[305/1150] Compiling MCP NetworkTransport.swift
[306/1150] Compiling MCP StdioTransport.swift
[307/1150] Compiling MCP UnitInterval.swift
[308/1150] Compiling MCP Cancellation.swift
[309/1150] Compiling MCP Ping.swift
[310/1150] Compiling MCP OAuthAuthorizationCodeFlow.swift
[311/1150] Compiling MCP OAuthAuthorizer.swift
[312/1150] Compiling MCP OAuthClientRegistrar.swift
[313/1150] Compiling MCP OAuthConfiguration.swift
[314/1150] Compiling MCP OAuthConstants.swift
[315/1150] Compiling MCP OAuthDiscovery.swift
[316/1150] Compiling MCP OAuthDiscoveryClient.swift
[317/1150] Compiling MCP OAuthErrors.swift
[318/1150] Compiling MCP OAuthModels.swift
[319/1150] Compiling MCP OAuthTokenEndpointClient.swift
[320/1150] Compiling MCP OAuthURLValidator.swift
[321/1150] Compiling MCP OAuthWWWAuthenticateParser.swift
[322/1150] Compiling MCP PKCE.swift
[323/1150] Compiling MCP TokenStorage.swift
[324/1150] Compiling MCP Error.swift
[325/1150] Compiling MCP ID.swift
[326/1150] Compiling SwiftProtobuf TextFormatEncoder.swift
[327/1150] Compiling SwiftProtobuf TextFormatEncodingOptions.swift
[328/1150] Compiling SwiftProtobuf TextFormatEncodingVisitor.swift
[329/1150] Compiling SwiftProtobuf TextFormatScanner.swift
[330/1150] Compiling SwiftProtobuf TimeUtils.swift
[331/1150] Compiling SwiftProtobuf UnknownStorage.swift
[332/1150] Compiling SwiftProtobuf UnsafeRawPointer+Shims.swift
[333/1150] Compiling SwiftProtobuf Varint.swift
[334/1150] Compiling SwiftProtobuf Version.swift
[335/1150] Compiling SwiftProtobuf Visitor.swift
[336/1150] Compiling SwiftProtobuf WireFormat.swift
[337/1150] Compiling SwiftProtobuf ZigZag.swift
[338/1150] Compiling SwiftProtobuf any.pb.swift
[339/1150] Compiling SwiftProtobuf api.pb.swift
[340/1150] Compiling SwiftProtobuf descriptor.pb.swift
[341/1150] Compiling SwiftProtobuf duration.pb.swift
[342/1150] Compiling SwiftProtobuf empty.pb.swift
[343/1150] Compiling SwiftProtobuf field_mask.pb.swift
[344/1150] Compiling SwiftProtobuf source_context.pb.swift
[345/1150] Compiling SwiftProtobuf struct.pb.swift
[346/1150] Compiling SwiftProtobuf timestamp.pb.swift
[347/1150] Compiling SwiftProtobuf type.pb.swift
[348/1150] Compiling SwiftProtobuf wrappers.pb.swift
[348/1150] Compiling tls_method.cc
[350/1151] Compiling tls13_server.cc
[351/1151] Wrapping AST for SwiftProtobuf for debugging
[352/1151] Compiling tls13_enc.cc
[353/1151] Compiling tls13_client.cc
[354/1151] Compiling tls13_both.cc
[355/1151] Compiling t1_enc.cc
[356/1151] Compiling ssl_x509.cc
[357/1151] Compiling ssl_versions.cc
[358/1151] Compiling ssl_transcript.cc
[359/1151] Compiling ssl_stat.cc
[360/1151] Compiling ssl_session.cc
[361/1151] Compiling ssl_privkey.cc
[362/1151] Compiling ssl_lib.cc
[363/1151] Compiling ssl_key_share.cc
[365/1151] Compiling MCP Progress.swift
[366/1151] Compiling MCP RequestContext.swift
[367/1151] Compiling MCP Value.swift
[368/1151] Compiling MCP Versioning.swift
[369/1151] Compiling MCP Client.swift
[370/1151] Compiling MCP Elicitation.swift
[371/1151] Compiling MCP Roots.swift
[372/1151] Compiling MCP Sampling.swift
[373/1151] Compiling MCP Data+Extensions.swift
[374/1151] Compiling MCP Completion.swift
[375/1151] Compiling MCP Logging.swift
[376/1151] Compiling MCP Prompts.swift
[377/1151] Compiling MCP Resources.swift
[378/1151] Compiling MCP Server.swift
[379/1151] Compiling MCP Tools.swift
[380/1152] Compiling ssl_file.cc
[381/1152] Wrapping AST for MCP for debugging
[382/1152] Compiling ssl_credential.cc
[383/1152] Compiling ssl_cipher.cc
[384/1152] Compiling ssl_cert.cc
[385/1152] Compiling ssl_buffer.cc
[386/1152] Compiling ssl_asn1.cc
[387/1152] Compiling ssl_aead_ctx.cc
[388/1152] Compiling s3_pkt.cc
[389/1152] Compiling s3_lib.cc
[390/1152] Compiling s3_both.cc
[391/1152] Compiling handshake_server.cc
[392/1152] Compiling handshake.cc
[393/1152] Compiling handshake_client.cc
[394/1152] Compiling handoff.cc
[395/1152] Compiling encrypted_client_hello.cc
[396/1152] Compiling dtls_record.cc
[397/1152] Compiling extensions.cc
[398/1152] Compiling dtls_method.cc
[399/1152] Compiling d1_srtp.cc
[400/1152] Compiling d1_pkt.cc
[401/1152] Compiling bio_ssl.cc
[402/1152] Compiling md5-x86_64-linux.S
[403/1152] Compiling md5-x86_64-apple.S
[404/1152] Compiling md5-586-linux.S
[405/1152] Compiling md5-586-apple.S
[406/1152] Compiling d1_lib.cc
[407/1152] Compiling chacha20_poly1305_x86_64-linux.S
[408/1152] Compiling chacha20_poly1305_x86_64-apple.S
[409/1152] Compiling d1_both.cc
[410/1152] Compiling err_data.cc
[411/1152] Compiling chacha20_poly1305_armv8-win.S
[412/1152] Compiling chacha20_poly1305_armv8-linux.S
[413/1152] Compiling chacha20_poly1305_armv8-apple.S
[414/1152] Compiling chacha-x86_64-linux.S
[415/1152] Compiling chacha-x86_64-apple.S
[416/1152] Compiling chacha-x86-linux.S
[417/1152] Compiling chacha-x86-apple.S
[418/1152] Compiling chacha-armv8-apple.S
[419/1152] Compiling chacha-armv8-win.S
[420/1152] Compiling chacha-armv8-linux.S
[421/1152] Compiling chacha-armv4-linux.S
[422/1152] Compiling aes128gcmsiv-x86_64-linux.S
[423/1152] Compiling aes128gcmsiv-x86_64-apple.S
[424/1152] Compiling x86_64-mont5-apple.S
[425/1152] Compiling x86_64-mont5-linux.S
[426/1152] Compiling x86_64-mont-linux.S
[427/1152] Compiling x86_64-mont-apple.S
[428/1152] Compiling x86-mont-linux.S
[429/1152] Compiling x86-mont-apple.S
[430/1152] Compiling vpaes-x86_64-linux.S
[431/1152] Compiling vpaes-x86_64-apple.S
[432/1152] Compiling vpaes-x86-linux.S
[433/1152] Compiling vpaes-x86-apple.S
[434/1152] Compiling vpaes-armv8-win.S
[435/1152] Compiling vpaes-armv8-linux.S
[436/1152] Compiling vpaes-armv8-apple.S
[437/1152] Compiling vpaes-armv7-linux.S
[438/1152] Compiling sha512-x86_64-linux.S
[439/1152] Compiling sha512-x86_64-apple.S
[440/1152] Compiling sha512-armv8-win.S
[441/1152] Compiling sha512-armv8-apple.S
[442/1152] Compiling sha512-armv8-linux.S
[443/1152] Compiling sha512-armv4-linux.S
[444/1152] Compiling sha512-586-linux.S
[445/1152] Compiling sha512-586-apple.S
[446/1152] Compiling sha256-x86_64-linux.S
[447/1152] Compiling sha256-x86_64-apple.S
[448/1152] Compiling sha256-armv8-win.S
[449/1152] Compiling sha256-armv8-apple.S
[450/1152] Compiling sha256-armv8-linux.S
[451/1152] Compiling sha256-armv4-linux.S
[452/1152] Compiling sha256-586-linux.S
[453/1152] Compiling sha256-586-apple.S
[454/1152] Compiling sha1-x86_64-linux.S
[455/1152] Compiling sha1-x86_64-apple.S
[456/1152] Compiling sha1-armv8-win.S
[457/1152] Compiling sha1-armv8-linux.S
[458/1152] Compiling sha1-armv8-apple.S
[459/1152] Compiling sha1-armv4-large-linux.S
[460/1152] Compiling sha1-586-linux.S
[461/1152] Compiling sha1-586-apple.S
[462/1152] Compiling rsaz-avx2-linux.S
[463/1152] Compiling rsaz-avx2-apple.S
[464/1152] Compiling rdrand-x86_64-linux.S
[465/1152] Compiling rdrand-x86_64-apple.S
[466/1152] Compiling p256_beeu-x86_64-asm-linux.S
[467/1152] Compiling p256_beeu-x86_64-asm-apple.S
[468/1152] Compiling p256_beeu-armv8-asm-win.S
[469/1152] Compiling p256_beeu-armv8-asm-linux.S
[470/1152] Compiling p256_beeu-armv8-asm-apple.S
[471/1152] Compiling p256-x86_64-asm-linux.S
[472/1152] Compiling p256-x86_64-asm-apple.S
[473/1152] Compiling p256-armv8-asm-win.S
[474/1152] Compiling p256-armv8-asm-linux.S
[475/1152] Compiling p256-armv8-asm-apple.S
[476/1152] Compiling ghashv8-armv8-win.S
[477/1152] Compiling ghashv8-armv8-apple.S
[478/1152] Compiling ghashv8-armv8-linux.S
[479/1152] Compiling ghashv8-armv7-linux.S
[480/1152] Compiling ghash-x86_64-linux.S
[481/1152] Compiling ghash-x86_64-apple.S
[482/1152] Compiling ghash-x86-linux.S
[483/1152] Compiling ghash-x86-apple.S
[484/1152] Compiling ghash-ssse3-x86_64-linux.S
[485/1152] Compiling ghash-ssse3-x86_64-apple.S
[486/1152] Compiling ghash-ssse3-x86-linux.S
[487/1152] Compiling ghash-ssse3-x86-apple.S
[488/1152] Compiling ghash-neon-armv8-win.S
[489/1152] Compiling ghash-neon-armv8-apple.S
[490/1152] Compiling ghash-neon-armv8-linux.S
[491/1152] Compiling ghash-armv4-linux.S
[492/1152] Compiling co-586-linux.S
[493/1152] Compiling co-586-apple.S
[494/1152] Compiling bsaes-armv7-linux.S
[495/1152] Compiling bn-armv8-win.S
[496/1152] Compiling bn-armv8-linux.S
[497/1152] Compiling bn-armv8-apple.S
[498/1152] Compiling bn-586-linux.S
[499/1152] Compiling bn-586-apple.S
[500/1152] Compiling armv8-mont-win.S
[501/1152] Compiling armv8-mont-apple.S
[502/1152] Compiling armv8-mont-linux.S
[503/1152] Compiling armv4-mont-linux.S
[504/1152] Compiling aesv8-gcm-armv8-win.S
[505/1152] Compiling aesv8-gcm-armv8-apple.S
[506/1152] Compiling aesv8-gcm-armv8-linux.S
[507/1152] Compiling aesv8-armv8-win.S
[508/1152] Compiling aesv8-armv8-linux.S
[509/1152] Compiling aesv8-armv8-apple.S
[510/1152] Compiling aesv8-armv7-linux.S
[511/1152] Compiling aesni-x86_64-linux.S
[512/1152] Compiling aesni-x86_64-apple.S
[513/1152] Compiling aesni-x86-linux.S
[514/1152] Compiling aesni-x86-apple.S
[515/1152] Compiling aesni-gcm-x86_64-linux.S
[516/1152] Compiling aesni-gcm-x86_64-apple.S
[517/1152] Compiling aes-gcm-avx2-x86_64-linux.S
[518/1152] Compiling aes-gcm-avx2-x86_64-apple.S
[519/1152] Compiling aes-gcm-avx10-x86_64-linux.S
[520/1152] Compiling aes-gcm-avx10-x86_64-apple.S
[521/1152] Compiling x_x509a.cc
[522/1152] Compiling x_x509.cc
[523/1152] Compiling x_val.cc
[524/1152] Compiling x_sig.cc
[525/1152] Compiling x_req.cc
[526/1152] Compiling x_spki.cc
[527/1152] Compiling x_pubkey.cc
[528/1152] Compiling x_name.cc
[529/1152] Compiling x_exten.cc
[530/1152] Compiling x_crl.cc
[531/1152] Compiling x_attrib.cc
[532/1152] Compiling x_all.cc
[533/1152] Compiling x_algor.cc
[534/1152] Compiling x509spki.cc
[535/1152] Compiling x509rset.cc
[536/1152] Compiling x509name.cc
[537/1152] Compiling x509cset.cc
[538/1152] Compiling x509_vpm.cc
[539/1152] Compiling x509_vfy.cc
[540/1152] Compiling x509_v3.cc
[541/1152] Compiling x509_txt.cc
[542/1152] Compiling x509_set.cc
[543/1152] Compiling x509_trs.cc
[544/1152] Compiling x509_req.cc
[545/1152] Compiling x509_obj.cc
[546/1152] Compiling x509_lu.cc
[547/1152] Compiling x509_ext.cc
[548/1152] Compiling x509_def.cc
[549/1152] Compiling x509_d2.cc
[550/1152] Compiling x509_cmp.cc
[551/1152] Compiling x509.cc
[552/1152] Compiling x509_att.cc
[553/1152] Compiling v3_utl.cc
[554/1152] Compiling v3_skey.cc
[555/1152] Compiling v3_purp.cc
[556/1152] Compiling v3_prn.cc
[557/1152] Compiling v3_pmaps.cc
[558/1152] Compiling v3_ocsp.cc
[559/1152] Compiling v3_pcons.cc
[560/1152] Compiling v3_ncons.cc
[560/1152] Compiling v3_int.cc
[562/1152] Compiling v3_lib.cc
[563/1152] Compiling v3_ia5.cc
[564/1152] Compiling v3_genn.cc
[565/1152] Compiling v3_info.cc
[566/1152] Compiling v3_extku.cc
[567/1152] Compiling v3_enum.cc
[568/1152] Compiling v3_crld.cc
[569/1152] Compiling v3_cpols.cc
[570/1152] Compiling v3_conf.cc
[571/1152] Compiling v3_bitst.cc
[572/1152] Compiling v3_bcons.cc
[573/1152] Compiling v3_alt.cc
[574/1152] Compiling v3_akeya.cc
[575/1152] Compiling v3_akey.cc
[576/1152] Compiling t_x509a.cc
[577/1152] Compiling t_x509.cc
[578/1152] Compiling t_crl.cc
[579/1152] Compiling t_req.cc
[580/1152] Compiling rsa_pss.cc
[581/1152] Compiling i2d_pr.cc
[582/1152] Compiling name_print.cc
[583/1152] Compiling policy.cc
[584/1152] Compiling by_file.cc
[585/1152] Compiling by_dir.cc
[586/1152] Compiling asn1_gen.cc
[587/1152] Compiling algorithm.cc
[588/1152] Compiling a_verify.cc
[589/1152] Compiling a_sign.cc
[590/1152] Compiling a_digest.cc
[591/1152] Compiling voprf.cc
[591/1152] Compiling trust_token.cc
[593/1152] Compiling thread_win.cc
[594/1152] Compiling thread_pthread.cc
[595/1152] Compiling pmbtoken.cc
[596/1152] Compiling thread.cc
[597/1152] Compiling thread_none.cc
[598/1152] Compiling stack.cc
[599/1152] Compiling slhdsa.cc
[600/1152] Compiling siphash.cc
[601/1152] Compiling spake2plus.cc
[602/1152] Compiling sha512.cc
[603/1152] Compiling sha256.cc
[604/1152] Compiling sha1.cc
[605/1152] Compiling rsa_print.cc
[606/1152] Compiling rsa_extra.cc
[607/1152] Compiling rsa_crypt.cc
[608/1152] Compiling refcount.cc
[609/1152] Compiling rsa_asn1.cc
[610/1152] Compiling rc4.cc
[611/1152] Compiling trusty.cc
[612/1152] Compiling windows.cc
[613/1152] Compiling urandom.cc
[614/1152] Compiling rand.cc
[615/1152] Compiling ios.cc
[616/1152] Compiling passive.cc
[617/1152] Compiling getentropy.cc
[618/1152] Compiling forkunsafe.cc
[619/1152] Compiling fork_detect.cc
[620/1152] Compiling deterministic.cc
[621/1152] Compiling poly1305_arm_asm.S
[622/1152] Compiling poly1305_vec.cc
[623/1152] Compiling pool.cc
[624/1152] Compiling poly1305_arm.cc
[625/1152] Compiling poly1305.cc
[626/1152] Compiling pkcs8.cc
[627/1152] Compiling pkcs8_x509.cc
[628/1152] Compiling p5_pbev2.cc
[629/1152] Compiling pkcs7.cc
[630/1152] Compiling pkcs7_x509.cc
[631/1152] Compiling pem_xaux.cc
[632/1152] Compiling pem_x509.cc
[633/1152] Compiling pem_pkey.cc
[634/1152] Compiling pem_pk8.cc
[635/1152] Compiling pem_oth.cc
[636/1152] Compiling pem_info.cc
[637/1152] Compiling pem_lib.cc
[638/1152] Compiling pem_all.cc
[639/1152] Compiling obj_xref.cc
[640/1152] Compiling mlkem.cc
[641/1152] Compiling obj.cc
[642/1152] Compiling mldsa.cc
[643/1152] Compiling mem.cc
[644/1152] Compiling md5.cc
[645/1152] Compiling md4.cc
[646/1152] Compiling lhash.cc
[647/1152] Compiling poly_rq_mul.S
[648/1152] Compiling kyber.cc
[649/1152] Compiling fips_shared_support.cc
[650/1152] Compiling hrss.cc
[651/1152] Compiling hpke.cc
[652/1152] Compiling ex_data.cc
[653/1152] Compiling sign.cc
[654/1152] Compiling scrypt.cc
[655/1152] Compiling print.cc
[656/1152] Compiling pbkdf.cc
[657/1152] Compiling p_x25519_asn1.cc
[658/1152] Compiling p_x25519.cc
[659/1152] Compiling p_rsa_asn1.cc
[660/1152] Compiling p_rsa.cc
[661/1152] Compiling p_hkdf.cc
[662/1152] Compiling p_ed25519_asn1.cc
[663/1152] Compiling p_ed25519.cc
[664/1152] Compiling bcm.cc
[665/1152] Compiling p_ec_asn1.cc
[666/1152] Compiling p_ec.cc
[667/1152] Compiling p_dh_asn1.cc
[668/1152] Compiling p_dh.cc
[669/1152] Compiling p_dsa_asn1.cc
[670/1152] Compiling evp_ctx.cc
[671/1152] Compiling evp.cc
[672/1152] Compiling evp_asn1.cc
[673/1152] Compiling err.cc
[674/1152] Compiling engine.cc
[675/1152] Compiling ecdsa_asn1.cc
[676/1152] Compiling ecdh.cc
[677/1152] Compiling hash_to_curve.cc
[678/1152] Compiling ec_derive.cc
[679/1152] Compiling dsa_asn1.cc
[680/1152] Compiling ec_asn1.cc
[681/1152] Compiling dsa.cc
[682/1152] Compiling params.cc
[683/1152] Compiling digest_extra.cc
[684/1152] Compiling dh_asn1.cc
[685/1152] Compiling des.cc
[686/1152] Compiling spake25519.cc
[687/1152] Compiling curve25519_64_adx.cc
[688/1152] Compiling x25519-asm-arm.S
[689/1152] Compiling cpu_intel.cc
[690/1152] Compiling crypto.cc
[691/1152] Compiling curve25519.cc
[692/1152] Compiling cpu_arm_linux.cc
[693/1152] Compiling cpu_arm_freebsd.cc
[694/1152] Compiling cpu_aarch64_win.cc
[695/1152] Compiling cpu_aarch64_openbsd.cc
[696/1152] Compiling cpu_aarch64_sysreg.cc
[697/1152] Compiling cpu_aarch64_linux.cc
[698/1152] Compiling cpu_aarch64_apple.cc
[699/1152] Compiling cpu_aarch64_fuchsia.cc
[700/1152] Compiling conf.cc
[701/1152] Compiling tls_cbc.cc
[702/1152] Compiling get_cipher.cc
[703/1152] Compiling e_rc4.cc
[703/1152] Compiling e_rc2.cc
[705/1152] Compiling e_tls.cc
[706/1152] Compiling e_null.cc
[706/1152] Compiling e_des.cc
[708/1152] Compiling e_chacha20poly1305.cc
[709/1152] Compiling derive_key.cc
[710/1152] Compiling e_aesctrhmac.cc
[711/1152] Compiling e_aesgcmsiv.cc
[712/1152] Compiling chacha.cc
[713/1152] Compiling unicode.cc
[714/1152] Compiling cbs.cc
[715/1152] Compiling ber.cc
[716/1152] Compiling cbb.cc
[717/1152] Compiling asn1_compat.cc
[718/1152] Compiling buf.cc
[719/1152] Compiling convert.cc
[720/1152] Compiling bn_asn1.cc
[721/1152] Compiling blake2.cc
[722/1152] Compiling socket_helper.cc
[723/1152] Compiling socket.cc
[724/1152] Compiling printf.cc
[725/1152] Compiling hexdump.cc
[726/1152] Compiling pair.cc
[727/1152] Compiling file.cc
[728/1152] Compiling errno.cc
[729/1152] Compiling fd.cc
[730/1152] Compiling connect.cc
[731/1152] Compiling bio_mem.cc
[732/1152] Compiling bio.cc
[733/1152] Compiling base64.cc
[734/1152] Compiling tasn_typ.cc
[735/1152] Compiling tasn_utl.cc
[736/1152] Compiling tasn_new.cc
[737/1152] Compiling tasn_fre.cc
[738/1152] Compiling tasn_enc.cc
[739/1152] Compiling tasn_dec.cc
[740/1152] Compiling posix_time.cc
[741/1152] Compiling f_string.cc
[742/1152] Compiling f_int.cc
[743/1152] Compiling asn_pack.cc
[744/1152] Compiling asn1_par.cc
[745/1152] Compiling asn1_lib.cc
[746/1152] Compiling a_utctm.cc
[747/1152] Compiling a_type.cc
[748/1152] Compiling a_time.cc
[749/1152] Compiling a_strnid.cc
[750/1152] Compiling a_strex.cc
[751/1152] Compiling a_octet.cc
[752/1152] Compiling a_object.cc
[753/1152] Compiling a_mbstr.cc
[754/1152] Compiling a_int.cc
[755/1152] Compiling a_i2d_fp.cc
[756/1152] Compiling a_gentm.cc
[757/1152] Compiling a_dup.cc
[758/1152] Compiling a_d2i_fp.cc
[759/1152] Compiling a_bool.cc
[760/1152] Compiling a_bitstr.cc
[761/1152] Compiling CGRPCZlib empty.c
[762/1152] Compiling CCryptoBoringSSLShims shims.c
[763/1152] Compiling fiat_p256_adx_sqr.S
[764/1152] Compiling fiat_p256_adx_mul.S
[765/1152] Compiling fiat_curve25519_adx_square.S
[766/1152] Compiling fiat_curve25519_adx_mul.S
[767/1152] Compiling md5-x86_64-linux.S
[768/1152] Compiling md5-x86_64-apple.S
[769/1152] Compiling md5-586-linux.S
[770/1152] Compiling md5-586-apple.S
[771/1152] Compiling err_data.cc
[772/1152] Compiling chacha20_poly1305_x86_64-linux.S
[773/1152] Compiling chacha20_poly1305_x86_64-apple.S
[774/1152] Compiling chacha20_poly1305_armv8-win.S
[775/1152] Compiling chacha20_poly1305_armv8-linux.S
[776/1152] Compiling chacha20_poly1305_armv8-apple.S
[777/1152] Compiling chacha-x86_64-linux.S
[778/1152] Compiling c-nioatomics.c
[779/1152] Compiling chacha-x86_64-apple.S
[780/1152] Compiling chacha-x86-linux.S
[781/1152] Compiling chacha-x86-apple.S
[782/1152] Compiling chacha-armv8-win.S
[783/1152] Compiling chacha-armv8-linux.S
[784/1152] Compiling chacha-armv8-apple.S
[785/1152] Compiling chacha-armv4-linux.S
[786/1152] Compiling aes128gcmsiv-x86_64-linux.S
[787/1152] Compiling x86_64-mont5-linux.S
[788/1152] Compiling aes128gcmsiv-x86_64-apple.S
[789/1152] Compiling x86_64-mont5-apple.S
[790/1152] Compiling x86_64-mont-linux.S
[791/1152] Compiling x86-mont-linux.S
[792/1152] Compiling x86_64-mont-apple.S
[793/1152] Compiling vpaes-x86_64-linux.S
[794/1152] Compiling x86-mont-apple.S
[795/1152] Compiling vpaes-x86_64-apple.S
[796/1152] Compiling vpaes-x86-linux.S
[797/1152] Compiling vpaes-armv8-win.S
[798/1152] Compiling vpaes-x86-apple.S
[799/1152] Compiling vpaes-armv8-apple.S
[800/1152] Compiling vpaes-armv8-linux.S
[801/1152] Compiling c-atomics.c
[802/1152] Compiling vpaes-armv7-linux.S
[803/1152] Compiling sha512-x86_64-linux.S
[804/1152] Compiling sha512-x86_64-apple.S
[805/1152] Compiling sha512-armv8-win.S
[806/1157] Compiling sha512-armv8-linux.S
[807/1157] Compiling sha512-armv8-apple.S
[808/1157] Compiling sha512-armv4-linux.S
[809/1157] Compiling sha512-586-linux.S
[810/1157] Compiling sha512-586-apple.S
[811/1157] Compiling sha256-x86_64-linux.S
[812/1157] Compiling sha256-armv8-win.S
[813/1157] Compiling sha256-x86_64-apple.S
[814/1157] Compiling sha256-armv8-apple.S
[815/1157] Compiling sha256-armv8-linux.S
[816/1157] Compiling sha256-armv4-linux.S
[817/1157] Compiling sha256-586-linux.S
[818/1157] Compiling sha256-586-apple.S
[819/1157] Compiling sha1-x86_64-linux.S
[820/1157] Compiling sha1-x86_64-apple.S
[821/1157] Compiling sha1-armv8-win.S
[822/1157] Compiling sha1-armv8-linux.S
[823/1157] Compiling sha1-armv8-apple.S
[824/1157] Compiling sha1-armv4-large-linux.S
[825/1157] Compiling sha1-586-linux.S
[826/1157] Compiling sha1-586-apple.S
[827/1157] Compiling rsaz-avx2-linux.S
[828/1157] Compiling rsaz-avx2-apple.S
[829/1157] Compiling rdrand-x86_64-linux.S
[830/1157] Compiling rdrand-x86_64-apple.S
[831/1157] Compiling p256_beeu-x86_64-asm-linux.S
[832/1157] Compiling p256_beeu-x86_64-asm-apple.S
[833/1157] Compiling p256_beeu-armv8-asm-win.S
[834/1157] Compiling p256_beeu-armv8-asm-linux.S
[835/1157] Compiling p256_beeu-armv8-asm-apple.S
[837/1157] Compiling NIOConcurrencyHelpers NIOLockedValueBox.swift
[838/1157] Compiling NIOConcurrencyHelpers NIOThreadPoolWorkAvailable.swift
[839/1157] Compiling NIOConcurrencyHelpers NIOAtomic.swift
[840/1157] Compiling NIOConcurrencyHelpers NIOLock.swift
[841/1157] Emitting module NIOConcurrencyHelpers
[841/1159] Compiling p256-x86_64-asm-linux.S
[842/1159] Compiling p256-x86_64-asm-apple.S
[843/1159] Compiling p256-armv8-asm-win.S
[844/1159] Compiling p256-armv8-asm-linux.S
[845/1159] Compiling p256-armv8-asm-apple.S
[846/1159] Compiling ghashv8-armv8-win.S
[847/1159] Compiling ghashv8-armv8-linux.S
[848/1159] Compiling ghashv8-armv8-apple.S
[849/1159] Compiling ghashv8-armv7-linux.S
[850/1159] Compiling ghash-x86_64-linux.S
[851/1159] Compiling ghash-x86_64-apple.S
[852/1159] Compiling ghash-x86-linux.S
[853/1159] Compiling ghash-x86-apple.S
[854/1159] Compiling ghash-ssse3-x86_64-linux.S
[855/1159] Compiling ghash-ssse3-x86_64-apple.S
[856/1159] Compiling ghash-ssse3-x86-linux.S
[857/1159] Compiling ghash-ssse3-x86-apple.S
[858/1159] Compiling ghash-neon-armv8-win.S
[859/1159] Compiling ghash-neon-armv8-linux.S
[860/1159] Compiling ghash-neon-armv8-apple.S
[861/1159] Compiling ghash-armv4-linux.S
[862/1159] Compiling co-586-linux.S
[863/1159] Compiling co-586-apple.S
[864/1159] Compiling bsaes-armv7-linux.S
[865/1159] Compiling bn-armv8-win.S
[866/1159] Compiling bn-armv8-linux.S
[867/1159] Compiling bn-armv8-apple.S
[868/1159] Compiling bn-586-linux.S
[869/1159] Compiling bn-586-apple.S
[870/1159] Compiling armv8-mont-win.S
[872/1159] Compiling NIOConcurrencyHelpers atomics.swift
[873/1159] Compiling NIOConcurrencyHelpers lock.swift
[873/1160] Compiling armv8-mont-apple.S
[874/1160] Compiling armv8-mont-linux.S
[876/1160] Compiling armv4-mont-linux.S
[877/1160] Compiling aesv8-gcm-armv8-win.S
[878/1160] Wrapping AST for NIOConcurrencyHelpers for debugging
[879/1160] Compiling aesv8-gcm-armv8-linux.S
[880/1160] Compiling aesv8-gcm-armv8-apple.S
[881/1160] Compiling aesv8-armv8-win.S
[882/1160] Compiling aesv8-armv8-apple.S
[883/1160] Compiling aesv8-armv8-linux.S
[884/1160] Compiling aesv8-armv7-linux.S
[885/1160] Compiling aesni-x86_64-linux.S
[886/1160] Compiling aesni-x86_64-apple.S
[887/1160] Compiling aesni-x86-linux.S
[888/1160] Compiling aesni-x86-apple.S
[889/1160] Compiling aesni-gcm-x86_64-linux.S
[890/1160] Compiling aesni-gcm-x86_64-apple.S
[891/1160] Compiling aes-gcm-avx512-x86_64-linux.S
[892/1160] Compiling aes-gcm-avx512-x86_64-apple.S
[893/1160] Compiling aes-gcm-avx2-x86_64-linux.S
[894/1160] Compiling aes-gcm-avx2-x86_64-apple.S
[895/1160] Compiling xwing.cc
[896/1160] Compiling x_x509a.cc
[897/1160] Compiling x_x509.cc
[898/1160] Compiling x_spki.cc
[899/1160] Compiling x_sig.cc
[900/1160] Compiling x_req.cc
[901/1160] Compiling x_pubkey.cc
[902/1160] Compiling x_name.cc
[903/1160] Compiling x_exten.cc
[904/1160] Compiling x_crl.cc
[905/1160] Compiling x_attrib.cc
[906/1160] Compiling x_all.cc
[907/1160] Compiling x_algor.cc
[908/1160] Compiling x509spki.cc
[909/1160] Compiling x509rset.cc
[910/1160] Compiling x509name.cc
[911/1160] Compiling x509cset.cc
[912/1160] Compiling x509_vpm.cc
[913/1160] Compiling x509_vfy.cc
[914/1160] Compiling x509_v3.cc
[915/1160] Compiling x509_txt.cc
[916/1160] Compiling x509_trs.cc
[917/1160] Compiling x509_set.cc
[918/1160] Compiling x509_req.cc
[919/1160] Compiling x509_obj.cc
[920/1160] Compiling x509_lu.cc
[921/1160] Compiling x509_ext.cc
[922/1160] Compiling x509_def.cc
[923/1160] Compiling x509_d2.cc
[924/1160] Compiling x509_cmp.cc
[925/1160] Compiling x509_att.cc
[926/1160] Compiling x509.cc
[927/1160] Compiling v3_utl.cc
[928/1160] Compiling v3_purp.cc
[929/1160] Compiling v3_skey.cc
[930/1160] Compiling v3_prn.cc
[931/1160] Compiling v3_pmaps.cc
[932/1160] Compiling v3_pcons.cc
[933/1160] Compiling v3_ocsp.cc
[934/1160] Compiling v3_lib.cc
[935/1160] Compiling v3_ncons.cc
[936/1160] Compiling v3_int.cc
[937/1160] Compiling v3_ia5.cc
[938/1160] Compiling v3_info.cc
[939/1160] Compiling v3_genn.cc
[940/1160] Compiling v3_extku.cc
[941/1160] Compiling v3_enum.cc
[942/1160] Compiling v3_crld.cc
[943/1160] Compiling v3_cpols.cc
[944/1160] Compiling v3_conf.cc
[945/1160] Compiling v3_bitst.cc
[946/1160] Compiling v3_bcons.cc
[947/1160] Compiling v3_akeya.cc
[948/1160] Compiling v3_alt.cc
[949/1160] Compiling v3_akey.cc
[950/1160] Compiling t_x509a.cc
[951/1160] Compiling t_x509.cc
[952/1160] Compiling t_crl.cc
[953/1160] Compiling t_req.cc
[954/1160] Compiling rsa_pss.cc
[955/1160] Compiling i2d_pr.cc
[956/1160] Compiling name_print.cc
[957/1160] Compiling policy.cc
[958/1160] Compiling by_file.cc
[959/1160] Compiling by_dir.cc
[960/1160] Compiling asn1_gen.cc
[961/1160] Compiling algorithm.cc
[962/1160] Compiling a_verify.cc
[963/1160] Compiling a_sign.cc
[964/1160] Compiling a_digest.cc
[965/1160] Compiling voprf.cc
[966/1160] Compiling trust_token.cc
[967/1160] Compiling thread_win.cc
[968/1160] Compiling pmbtoken.cc
[969/1160] Compiling thread_pthread.cc
[970/1160] Compiling thread_none.cc
[971/1160] Compiling thread.cc
[972/1160] Compiling stack.cc
[973/1160] Compiling slhdsa.cc
[974/1160] Compiling spake2plus.cc
[975/1160] Compiling siphash.cc
[976/1160] Compiling sha512.cc
[977/1160] Compiling sha256.cc
[978/1160] Compiling sha1.cc
[979/1160] Compiling rsa_extra.cc
[980/1160] Compiling rsa_print.cc
[981/1160] Compiling refcount.cc
[982/1160] Compiling rsa_crypt.cc
[983/1160] Compiling rc4.cc
[984/1160] Compiling windows.cc
[985/1160] Compiling rsa_asn1.cc
[986/1160] Compiling urandom.cc
[987/1160] Compiling trusty.cc
[988/1160] Compiling rand.cc
[989/1160] Compiling ios.cc
[990/1160] Compiling getentropy.cc
[991/1160] Compiling passive.cc
[992/1160] Compiling deterministic.cc
[993/1160] Compiling forkunsafe.cc
[994/1160] Compiling fork_detect.cc
[995/1160] Compiling poly1305_arm_asm.S
[996/1160] Compiling poly1305_vec.cc
[997/1160] Compiling poly1305_arm.cc
[998/1160] Compiling pool.cc
[999/1160] Compiling poly1305.cc
[1000/1160] Compiling pkcs8.cc
[1001/1160] Compiling pkcs8_x509.cc
[1002/1160] Compiling p5_pbev2.cc
[1003/1160] Compiling pkcs7.cc
[1004/1160] Compiling pkcs7_x509.cc
[1005/1160] Compiling pem_xaux.cc
[1006/1160] Compiling pem_x509.cc
[1007/1160] Compiling pem_pkey.cc
[1008/1160] Compiling pem_pk8.cc
[1009/1160] Compiling pem_oth.cc
[1010/1160] Compiling pem_lib.cc
[1011/1160] Compiling pem_info.cc
[1012/1160] Compiling pem_all.cc
[1013/1160] Compiling obj_xref.cc
[1014/1160] Compiling mlkem.cc
[1015/1160] Compiling mldsa.cc
[1016/1160] Compiling obj.cc
[1017/1160] Compiling mem.cc
[1018/1160] Compiling md4.cc
[1019/1160] Compiling md5.cc
[1020/1160] Compiling lhash.cc
[1021/1160] Compiling poly_rq_mul.S
[1022/1160] Compiling kyber.cc
[1023/1160] Compiling hpke.cc
[1024/1160] Compiling fips_shared_support.cc
[1025/1160] Compiling fuzzer_mode.cc
[1026/1160] Compiling hrss.cc
[1027/1160] Compiling ex_data.cc
[1028/1160] Compiling sign.cc
[1029/1160] Compiling scrypt.cc
[1030/1160] Compiling print.cc
[1031/1160] Compiling pbkdf.cc
[1032/1160] Compiling p_x25519_asn1.cc
[1033/1160] Compiling p_rsa_asn1.cc
[1034/1160] Compiling p_hkdf.cc
[1035/1160] Compiling p_rsa.cc
[1036/1160] Compiling p_ed25519_asn1.cc
[1037/1160] Compiling p_ed25519.cc
[1038/1160] Compiling p_ec_asn1.cc
[1039/1160] Compiling p_ec.cc
[1040/1160] Compiling p_dh_asn1.cc
[1041/1160] Compiling p_dsa_asn1.cc
[1042/1160] Compiling p_dh.cc
[1043/1160] Compiling evp_ctx.cc
[1044/1160] Compiling evp.cc
[1045/1160] Compiling evp_asn1.cc
[1046/1160] Compiling err.cc
[1047/1160] Compiling engine.cc
[1048/1160] Compiling ecdsa_p1363.cc
[1049/1160] Compiling ecdsa_asn1.cc
[1050/1160] Compiling ecdh.cc
[1051/1160] Compiling hash_to_curve.cc
[1052/1160] Compiling ec_derive.cc
[1053/1160] Compiling dsa_asn1.cc
[1054/1160] Compiling ec_asn1.cc
[1055/1160] Compiling dsa.cc
[1056/1160] Compiling digest_extra.cc
[1057/1160] Compiling params.cc
[1058/1160] Compiling dh_asn1.cc
[1059/1160] Compiling des.cc
[1060/1160] Compiling bcm.cc
[1061/1160] Compiling spake25519.cc
[1062/1160] Compiling curve25519_64_adx.cc
[1063/1160] Compiling x25519-asm-arm.S
[1064/1160] Compiling cpu_intel.cc
[1065/1160] Compiling crypto.cc
[1066/1160] Compiling curve25519.cc
[1067/1160] Compiling cpu_arm_freebsd.cc
[1068/1160] Compiling cpu_arm_linux.cc
[1069/1160] Compiling cpu_aarch64_win.cc
[1070/1160] Compiling cpu_aarch64_openbsd.cc
[1071/1160] Compiling cpu_aarch64_sysreg.cc
[1072/1160] Compiling cpu_aarch64_linux.cc
[1073/1160] Compiling cpu_aarch64_fuchsia.cc
[1074/1160] Compiling cpu_aarch64_apple.cc
[1075/1160] Compiling conf.cc
[1076/1160] Compiling tls_cbc.cc
[1077/1160] Compiling e_tls.cc
[1078/1160] Compiling cms.cc
[1079/1160] Compiling e_rc4.cc
[1080/1160] Compiling e_rc2.cc
[1081/1160] Compiling e_null.cc
[1082/1160] Compiling e_des.cc
[1083/1160] Compiling e_chacha20poly1305.cc
[1084/1160] Compiling e_aesgcmsiv.cc
[1085/1160] Compiling e_aeseax.cc
[1086/1160] Compiling e_aesctrhmac.cc
[1087/1160] Compiling derive_key.cc
[1088/1160] Compiling chacha.cc
[1089/1160] Compiling unicode.cc
[1090/1160] Compiling cbs.cc
[1091/1160] Compiling cbb.cc
[1092/1160] Compiling ber.cc
[1093/1160] Compiling buf.cc
[1094/1160] Compiling asn1_compat.cc
[1095/1160] Compiling sqrt.cc
[1096/1160] Compiling exponentiation.cc
[1097/1160] Compiling div.cc
[1098/1160] Compiling convert.cc
[1099/1160] Compiling bn_asn1.cc
[1100/1160] Compiling blake2.cc
[1101/1160] Compiling printf.cc
[1102/1160] Compiling pair.cc
[1103/1160] Compiling hexdump.cc
[1104/1160] Compiling file.cc
[1105/1160] Compiling fd.cc
[1106/1160] Compiling errno.cc
[1107/1160] Compiling bio_mem.cc
[1108/1160] Compiling bio.cc
[1109/1160] Compiling base64.cc
[1110/1160] Compiling tasn_typ.cc
[1111/1160] Compiling tasn_utl.cc
[1112/1160] Compiling tasn_new.cc
[1113/1160] Compiling tasn_fre.cc
[1114/1160] Compiling tasn_enc.cc
[1115/1160] Compiling posix_time.cc
[1116/1160] Compiling tasn_dec.cc
[1116/1160] Compiling f_int.cc
[1118/1160] Compiling asn_pack.cc
[1119/1160] Compiling asn1_par.cc
[1120/1160] Compiling asn1_lib.cc
[1121/1160] Compiling a_utctm.cc
[1122/1160] Compiling a_type.cc
[1123/1160] Compiling a_time.cc
[1124/1160] Compiling a_octet.cc
[1124/1160] Compiling a_strex.cc
[1126/1160] Compiling a_strnid.cc
[1127/1160] Compiling a_mbstr.cc
[1128/1160] Compiling a_int.cc
[1129/1160] Compiling a_object.cc
[1130/1160] Compiling a_i2d_fp.cc
[1131/1160] Compiling a_dup.cc
[1132/1160] Compiling a_gentm.cc
[1133/1160] Compiling a_d2i_fp.cc
[1134/1160] Compiling a_bool.cc
[1135/1160] Write sources
[1136/1160] Compiling aes.cc
[1137/1160] Compiling a_bitstr.cc
[1139/1180] Compiling Atomics AtomicOptionalWrappable.swift
[1140/1180] Compiling Atomics AtomicReference.swift
[1141/1180] Compiling Atomics AtomicStorage.swift
[1142/1180] Compiling Atomics AtomicValue.swift
[1143/1180] Compiling Atomics AtomicMemoryOrderings.swift
[1144/1180] Compiling Atomics DoubleWord.swift
[1145/1186] Emitting module CryptoBoringWrapper
[1146/1188] Compiling Atomics ManagedAtomic.swift
[1147/1188] Compiling Atomics ManagedAtomicLazyReference.swift
[1148/1188] Compiling Atomics UnsafeAtomic.swift
[1149/1188] Compiling Atomics UnsafeAtomicLazyReference.swift
[1150/1188] Compiling Atomics IntegerOperations.swift
[1151/1188] Compiling Atomics Unmanaged extensions.swift
[1152/1188] Emitting module Atomics
[1153/1188] Compiling CryptoBoringWrapper BoringSSLAEAD.swift
[1154/1188] Compiling CryptoBoringWrapper CryptoKitErrors_boring.swift
[1155/1188] Compiling CryptoBoringWrapper EllipticCurve.swift
[1156/1188] Compiling CryptoBoringWrapper FiniteFieldArithmeticContext.swift
[1157/1188] Compiling CryptoBoringWrapper RandomBytes.swift
[1158/1188] Compiling CryptoBoringWrapper EllipticCurvePoint.swift
[1159/1188] Compiling CryptoBoringWrapper ArbitraryPrecisionInteger.swift
[1160/1189] Wrapping AST for CryptoBoringWrapper for debugging
[1162/1238] Compiling Crypto AES-GCM.swift
[1163/1238] Compiling Crypto AES-GCM_boring.swift
[1164/1238] Compiling Crypto ChaChaPoly_boring.swift
[1165/1238] Compiling Crypto ChaChaPoly.swift
[1166/1238] Compiling Crypto Cipher.swift
[1167/1238] Compiling Crypto Nonces.swift
[1168/1238] Compiling Crypto ASN1.swift
[1169/1239] Wrapping AST for Atomics for debugging
[1171/1288] Emitting module Crypto
[1172/1311] Compiling NIOCore ChannelInvoker.swift
[1173/1311] Compiling NIOCore ChannelOption.swift
[1174/1311] Compiling NIOCore ChannelPipeline.swift
[1175/1311] Compiling NIOCore CircularBuffer.swift
[1176/1311] Compiling NIOCore Codec.swift
[1177/1311] Compiling NIOCore ConvenienceOptionSupport.swift
[1178/1311] Compiling NIOCore DeadChannel.swift
[1179/1311] Compiling NIOCore DispatchQueue+WithFuture.swift
[1180/1311] Compiling NIOCore EventLoop+Deprecated.swift
[1181/1311] Compiling NIOCore EventLoop+SerialExecutor.swift
[1182/1311] Compiling NIOCore EventLoop.swift
[1183/1311] Compiling NIOCore EventLoopFuture+AssumeIsolated.swift
[1184/1311] Compiling NIOCore EventLoopFuture+Deprecated.swift
[1185/1311] Compiling NIOCore EventLoopFuture+WithEventLoop.swift
[1186/1311] Compiling NIOCore EventLoopFuture.swift
[1187/1311] Compiling NIOCore FileDescriptor.swift
[1188/1311] Compiling NIOCore FileHandle.swift
[1189/1311] Compiling NIOCore FileRegion.swift
[1190/1311] Compiling NIOCore GlobalSingletons.swift
[1191/1311] Compiling NIOCore IO.swift
[1192/1311] Compiling NIOCore IOData.swift
[1193/1311] Compiling NIOCore IPProtocol.swift
[1194/1311] Compiling NIOCore IntegerBitPacking.swift
[1195/1311] Compiling NIOCore IntegerTypes.swift
[1196/1334] Compiling NIOCore AddressedEnvelope.swift
[1197/1334] Compiling NIOCore AsyncAwaitSupport.swift
[1198/1334] Compiling NIOCore AsyncChannel.swift
[1199/1334] Compiling NIOCore AsyncChannelHandler.swift
[1200/1334] Compiling NIOCore AsyncChannelInboundStream.swift
[1201/1334] Compiling NIOCore AsyncChannelOutboundWriter.swift
[1202/1334] Compiling NIOCore NIOAsyncSequenceProducer.swift
[1203/1334] Compiling NIOCore NIOAsyncSequenceProducerStrategies.swift
[1204/1334] Compiling NIOCore NIOAsyncWriter.swift
[1205/1334] Compiling NIOCore NIOThrowingAsyncSequenceProducer.swift
[1206/1334] Compiling NIOCore BSDSocketAPI.swift
[1207/1334] Compiling NIOCore ByteBuffer-aux.swift
[1208/1334] Compiling NIOCore ByteBuffer-binaryEncodedLengthPrefix.swift
[1209/1334] Compiling NIOCore ByteBuffer-conversions.swift
[1210/1334] Compiling NIOCore ByteBuffer-core.swift
[1211/1334] Compiling NIOCore ByteBuffer-hex.swift
[1212/1334] Compiling NIOCore ByteBuffer-int.swift
[1213/1334] Compiling NIOCore ByteBuffer-lengthPrefix.swift
[1214/1334] Compiling NIOCore ByteBuffer-multi-int.swift
[1215/1334] Compiling NIOCore ByteBuffer-quicBinaryEncodingStrategy.swift
[1216/1334] Compiling NIOCore ByteBuffer-views.swift
[1217/1334] Compiling NIOCore Channel.swift
[1218/1334] Compiling NIOCore ChannelHandler.swift
[1219/1334] Compiling NIOCore ChannelHandlers.swift
[1220/1334] Compiling Crypto Insecure_HashFunctions.swift
[1221/1334] Compiling Crypto MLKEM_boring.swift
[1222/1334] Compiling Crypto MLKEM_wrapper.swift
[1223/1334] Compiling Crypto XWing_boring.swift
[1224/1334] Compiling Crypto KEM-Errors.swift
[1225/1334] Compiling Crypto KEM.swift
[1226/1334] Compiling Crypto MLKEM.swift
[1227/1334] Compiling Crypto XWing.swift
[1228/1334] Compiling Crypto ECDH_boring.swift
[1229/1334] Compiling Crypto DH.swift
[1230/1334] Compiling Crypto ECDH.swift
[1231/1334] Compiling Crypto ANSIx963.swift
[1232/1334] Compiling Crypto HKDF.swift
[1233/1334] Compiling Crypto AESWrap.swift
[1234/1334] Compiling Crypto AESWrap_boring.swift
[1235/1334] Compiling Crypto Ed25519_boring.swift
[1236/1334] Compiling Crypto NISTCurvesKeys_boring.swift
[1237/1334] Compiling Crypto X25519Keys_boring.swift
[1238/1334] Compiling Crypto Curve25519.swift
[1239/1334] Compiling Crypto Ed25519Keys.swift
[1240/1334] Compiling Crypto NISTCurvesKeys.swift
[1241/1334] Compiling Crypto X25519Keys.swift
[1242/1334] Compiling Crypto SymmetricKeys.swift
[1243/1334] Emitting module NIOCore
[1268/1357] Compiling Crypto HMAC.swift
[1269/1357] Compiling Crypto MACFunctions.swift
[1270/1357] Compiling Crypto MessageAuthenticationCode.swift
[1271/1357] Compiling Crypto AES.swift
[1272/1357] Compiling Crypto ECDSASignature_boring.swift
[1273/1357] Compiling Crypto ECDSA_boring.swift
[1274/1357] Compiling Crypto EdDSA_boring.swift
[1275/1357] Compiling Crypto MLDSA_boring.swift
[1276/1357] Compiling Crypto MLDSA_wrapper.swift
[1277/1357] Compiling Crypto ECDSA.swift
[1278/1357] Compiling Crypto Ed25519.swift
[1279/1357] Compiling Crypto MLDSA.swift
[1280/1357] Compiling Crypto Signature.swift
[1281/1357] Compiling Crypto CryptoKitErrors_boring.swift
[1282/1357] Compiling Crypto Optional+withUnsafeBytes_boring.swift
[1283/1357] Compiling Crypto RNG_boring.swift
[1284/1357] Compiling Crypto SafeCompare_boring.swift
[1285/1357] Compiling Crypto Zeroization_boring.swift
[1286/1357] Compiling Crypto _CryptoModuleAnchor.swift
[1287/1357] Compiling Crypto PrettyBytes.swift
[1288/1357] Compiling Crypto SafeCompare.swift
[1289/1357] Compiling Crypto SecureBytes.swift
[1290/1357] Compiling Crypto Zeroization.swift
[1291/1358] Wrapping AST for Crypto for debugging
[1317/1358] Compiling NIOCore Interfaces.swift
[1318/1358] Compiling NIOCore Linux.swift
[1319/1358] Compiling NIOCore MarkedCircularBuffer.swift
[1320/1358] Compiling NIOCore MulticastChannel.swift
[1321/1358] Compiling NIOCore NIOAny.swift
[1322/1358] Compiling NIOCore NIOCloseOnErrorHandler.swift
[1323/1358] Compiling NIOCore NIOCoreSendableMetatype.swift
[1324/1358] Compiling NIOCore NIODecodedAsyncSequence.swift
[1325/1358] Compiling NIOCore NIOLoopBound.swift
[1326/1358] Compiling NIOCore NIOPooledRecvBufferAllocator.swift
[1327/1358] Compiling NIOCore NIOScheduledCallback.swift
[1328/1358] Compiling NIOCore NIOSendable.swift
[1329/1358] Compiling NIOCore NIOSplitLinesMessageDecoder.swift
[1330/1358] Compiling NIOCore NIOTransportAccessibleChannelCore.swift
[1331/1358] Compiling NIOCore RecvByteBufferAllocator.swift
[1332/1358] Compiling NIOCore SingleStepByteToMessageDecoder.swift
[1333/1358] Compiling NIOCore SocketAddresses.swift
[1334/1358] Compiling NIOCore SocketOptionProvider.swift
[1335/1358] Compiling NIOCore SystemCallHelpers.swift
[1336/1358] Compiling NIOCore TimeAmount+Duration.swift
[1337/1358] Compiling NIOCore TypeAssistedChannelHandler.swift
[1338/1358] Compiling NIOCore UniversalBootstrapSupport.swift
[1339/1358] Compiling NIOCore Utilities.swift
[1341/1404] Compiling NIOFoundationEssentialsCompat Codable+ByteBuffer.swift
[1342/1404] Compiling NIOEmbedded AsyncTestingEventLoop.swift
[1343/1405] Compiling NIOEmbedded AsyncTestingChannel.swift
[1344/1405] Emitting module NIOEmbedded
[1345/1405] Emitting module NIOFoundationEssentialsCompat
[1346/1405] Compiling NIOFoundationEssentialsCompat ByteBuffer-foundation.swift
[1347/1406] Wrapping AST for NIOCore for debugging
[1348/1406] Wrapping AST for NIOFoundationEssentialsCompat for debugging
[1350/1406] Compiling NIOEmbedded Embedded.swift
[1351/1407] Wrapping AST for NIOEmbedded for debugging
[1353/1407] Emitting module NIOPosix
[1354/1425] Compiling NIOPosix BSDSocketAPICommon.swift
[1355/1425] Compiling NIOPosix BSDSocketAPIPosix.swift
[1356/1425] Compiling NIOPosix BSDSocketAPIWindows.swift
[1357/1425] Compiling NIOPosix BaseSocket.swift
[1358/1425] Compiling NIOPosix BaseSocketChannel+AccessibleTransport.swift
[1359/1425] Compiling NIOPosix BaseSocketChannel+SocketOptionProvider.swift
[1360/1425] Compiling NIOPosix BaseSocketChannel.swift
[1361/1425] Compiling NIOPosix BaseStreamSocketChannel.swift
[1362/1425] Compiling NIOPosix Bootstrap.swift
[1363/1425] Compiling NIOPosix ControlMessage.swift
[1364/1425] Compiling NIOPosix DatagramVectorReadManager.swift
[1365/1425] Compiling NIOPosix Errors+Any.swift
[1366/1425] Compiling NIOPosix FileDescriptor.swift
[1367/1425] Compiling NIOPosix GetaddrinfoResolver.swift
[1368/1425] Compiling NIOPosix HappyEyeballs.swift
[1369/1425] Compiling NIOPosix IO.swift
[1370/1425] Compiling NIOPosix IntegerBitPacking.swift
[1371/1425] Compiling NIOPosix IntegerTypes.swift
[1372/1425] Compiling NIOPosix Linux.swift
[1373/1425] Compiling NIOPosix LinuxCPUSet.swift
[1374/1425] Compiling NIOPosix LinuxUring.swift
[1375/1425] Compiling NIOPosix MultiThreadedEventLoopGroup.swift
[1376/1425] Compiling NIOPosix NIOPosixSendableMetatype.swift
[1377/1425] Compiling NIOPosix NIORandomizedDNSResolver.swift
[1378/1425] Compiling NIOPosix NIOThreadPool.swift
[1379/1425] Compiling NIOPosix NonBlockingFileIO.swift
[1380/1425] Compiling NIOPosix PendingDatagramWritesManager.swift
[1381/1425] Compiling NIOPosix PendingWritesManager.swift
[1382/1425] Compiling NIOPosix PipeChannel.swift
[1383/1425] Compiling NIOPosix PipePair.swift
[1384/1425] Compiling NIOPosix Pool.swift
[1385/1425] Compiling NIOPosix PosixSingletons+ConcurrencyTakeOver.swift
[1386/1425] Compiling NIOPosix PosixSingletons.swift
[1387/1425] Compiling NIOPosix RawSocketBootstrap.swift
[1388/1425] Compiling NIOPosix Resolver.swift
[1389/1425] Compiling NIOPosix Selectable.swift
[1390/1425] Compiling NIOPosix SelectableChannel.swift
[1391/1425] Compiling NIOPosix SelectableEventLoop.swift
[1392/1425] Compiling NIOPosix SelectorEpoll.swift
[1393/1425] Compiling NIOPosix SelectorGeneric.swift
[1394/1425] Compiling NIOPosix SelectorKqueue.swift
[1395/1425] Compiling NIOPosix SelectorUring.swift
[1396/1425] Compiling NIOPosix SelectorWSAPoll.swift
[1397/1425] Compiling NIOPosix ServerSocket.swift
[1398/1425] Compiling NIOPosix Socket.swift
[1399/1425] Compiling NIOPosix SocketChannel.swift
[1400/1425] Compiling NIOPosix SocketProtocols.swift
[1401/1425] Compiling NIOPosix StructuredConcurrencyHelpers.swift
[1402/1425] Compiling NIOPosix System.swift
[1403/1425] Compiling NIOPosix Thread.swift
[1404/1425] Compiling NIOPosix ThreadPosix.swift
[1405/1425] Compiling NIOPosix ThreadWindows.swift
[1406/1425] Compiling NIOPosix Utilities.swift
[1407/1425] Compiling NIOPosix VsockAddress.swift
[1408/1425] Compiling NIOPosix VsockChannelEvents.swift
[1409/1425] Compiling NIOPosix Windows.swift
[1410/1427] Wrapping AST for NIOPosix for debugging
[1412/1428] Emitting module NIO
[1413/1428] Compiling NIO Exports.swift
[1415/1450] Compiling NIOFoundationCompat JSONSerialization+ByteBuffer.swift
[1416/1450] Compiling NIOFoundationCompat Exports.swift
[1417/1451] Emitting module NIOTLS
[1418/1452] Emitting module NIOFoundationCompat
[1419/1452] Compiling NIOTLS TLSEvents.swift
[1420/1452] Compiling NIOFoundationCompat WaitSpinningRunLoop.swift
[1421/1453] Wrapping AST for NIO for debugging
[1422/1453] Wrapping AST for NIOFoundationCompat for debugging
[1424/1453] Emitting module NIOHTTP1
[1425/1459] Compiling NIOHTTP1 ByteCollectionUtils.swift
[1426/1459] Compiling NIOHTTP1 HTTPDecoder.swift
[1427/1459] Compiling NIOHTTP1 HTTPEncoder.swift
[1428/1459] Compiling NIOHTTP1 HTTPHeaderValidator.swift
[1430/1500] Emitting module NIOTransportServices
[1431/1507] Compiling NIOTransportServices NIOTSConnectionBootstrap.swift
[1432/1507] Compiling NIOSSL NIOSSLServerHandler.swift
[1433/1507] Compiling NIOSSL ObjectIdentifier.swift
[1434/1507] Compiling NIOSSL PosixPort.swift
[1435/1507] Compiling NIOSSL SSLCallbacks.swift
[1436/1507] Compiling NIOSSL SSLCertificate.swift
[1437/1507] Compiling NIOSSL SSLCertificateExtensions.swift
[1438/1507] Compiling NIOSSL SSLCertificateName.swift
[1439/1507] Compiling NIOTransportServices AcceptHandler.swift
[1440/1507] Compiling NIOTransportServices NIOTSDatagramConnectionBootstrap.swift
[1441/1507] Compiling NIOTransportServices NIOTSDatagramConnectionChannel.swift
[1442/1507] Compiling NIOTransportServices NIOTSDatagramListenerBootstrap.swift
[1443/1507] Compiling NIOTransportServices NIOTSDatagramListenerChannel.swift
[1444/1507] Compiling NIOTransportServices NIOFilterEmptyWritesHandler.swift
[1445/1507] Compiling NIOTransportServices NIOTSBootstraps.swift
[1446/1507] Compiling NIOTransportServices NIOTSChannelOptions.swift
[1447/1507] Compiling NIOTransportServices NIOTSSingletons.swift
[1448/1507] Compiling NIOTransportServices SocketAddress+NWEndpoint.swift
[1449/1507] Compiling NIOTransportServices StateManagedChannel.swift
[1450/1507] Compiling NIOTransportServices StateManagedListenerChannel.swift
[1451/1507] Compiling NIOTransportServices StateManagedNWConnectionChannel.swift
[1452/1507] Compiling NIOTransportServices TCPOptions+SocketChannelOption.swift
[1453/1507] Compiling NIOTransportServices UDPOptions+SocketChannelOption.swift
[1454/1508] Wrapping AST for NIOTLS for debugging
[1455/1508] Wrapping AST for NIOTransportServices for debugging
[1469/1508] Emitting module NIOSSL
[1477/1543] Emitting module NIOHPACK
[1478/1546] Emitting module NIOExtras
[1479/1552] Compiling NIOExtras LengthFieldPrepender.swift
[1480/1552] Compiling NIOExtras LineBasedFrameDecoder.swift
[1481/1552] Compiling NIOExtras MarkedCircularBuffer+PopFirstCheckMarked.swift
[1482/1552] Compiling NIOExtras NIOExtrasError.swift
[1487/1552] Compiling NIOExtras NIOLengthFieldBitLength.swift
[1488/1552] Compiling NIOExtras NIORequestIdentifiable.swift
[1489/1552] Compiling NIOHPACK IndexedHeaderTable.swift
[1490/1552] Compiling NIOHPACK IntegerCoding.swift
[1491/1552] Compiling NIOHPACK StaticHeaderTable.swift
[1492/1552] Compiling NIOExtras DebugInboundEventsHandler.swift
[1493/1552] Compiling NIOExtras DebugOutboundEventsHandler.swift
[1497/1552] Compiling NIOExtras JSONRPCFraming.swift
[1498/1552] Compiling NIOExtras LengthFieldBasedFrameDecoder.swift
[1514/1553] Wrapping AST for NIOHTTP1 for debugging
[1516/1601] Compiling NIOHTTP2 QuiescingState.swift
[1517/1601] Compiling NIOHTTP2 RemotelyQuiescingState.swift
[1518/1601] Compiling NIOHTTP2 SendAndReceiveGoawayState.swift
[1519/1601] Compiling NIOHTTP2 StateMachineResult.swift
[1520/1601] Compiling NIOHTTP2 ContentLengthVerifier.swift
[1521/1601] Compiling NIOHTTP2 DOSHeuristics.swift
[1522/1601] Compiling NIOHTTP2 Error+Any.swift
[1523/1601] Compiling NIOHTTP2 ConcurrentStreamBuffer.swift
[1524/1601] Compiling NIOHTTP2 ControlFrameBuffer.swift
[1525/1601] Compiling NIOHTTP2 OutboundFlowControlBuffer.swift
[1526/1601] Compiling NIOHTTP2 OutboundFrameBuffer.swift
[1527/1601] Compiling NIOHTTP2 SendingGoawayState.swift
[1528/1601] Compiling NIOHTTP2 SendingHeadersState.swift
[1529/1601] Compiling NIOHTTP2 SendingPushPromiseState.swift
[1530/1601] Compiling NIOHTTP2 SendingRstStreamState.swift
[1531/1601] Compiling NIOHTTP2 SendingWindowUpdateState.swift
[1532/1601] Compiling NIOHTTP2 HTTP2SettingsState.swift
[1533/1601] Compiling NIOHTTP2 HasExtendedConnectSettings.swift
[1534/1601] Compiling NIOHTTP2 HasFlowControlWindows.swift
[1535/1601] Compiling NIOHTTP2 HasLocalSettings.swift
[1536/1601] Compiling NIOHTTP2 HasRemoteSettings.swift
[1537/1601] Compiling NIOHTTP2 LocallyQuiescingState.swift
[1538/1602] Wrapping AST for NIOHPACK for debugging
[1545/1602] Wrapping AST for NIOSSL for debugging
[1547/1603] Wrapping AST for NIOExtras for debugging
[1549/1603] Emitting module NIOHTTP2
[1550/1626] Compiling NIOHTTP2 ConnectionStateMachine.swift
[1551/1626] Compiling NIOHTTP2 ConnectionStreamsState.swift
[1552/1626] Compiling NIOHTTP2 MayReceiveFrames.swift
[1553/1626] Compiling NIOHTTP2 ReceivingDataState.swift
[1554/1626] Compiling NIOHTTP2 ReceivingGoAwayState.swift
[1555/1626] Compiling NIOHTTP2 ReceivingHeadersState.swift
[1556/1626] Compiling NIOHTTP2 ReceivingPushPromiseState.swift
[1557/1626] Compiling NIOHTTP2 ReceivingRstStreamState.swift
[1558/1626] Compiling NIOHTTP2 ReceivingWindowUpdateState.swift
[1559/1626] Compiling NIOHTTP2 MaySendFrames.swift
[1560/1626] Compiling NIOHTTP2 SendingDataState.swift
[1574/1626] Compiling NIOHTTP2 HTTP2PipelineHelpers.swift
[1575/1626] Compiling NIOHTTP2 HTTP2Settings.swift
[1576/1626] Compiling NIOHTTP2 HTTP2Stream.swift
[1577/1626] Compiling NIOHTTP2 HTTP2StreamChannel+OutboundStreamMultiplexer.swift
[1578/1626] Compiling NIOHTTP2 HTTP2StreamChannel.swift
[1579/1626] Compiling NIOHTTP2 HTTP2StreamDelegate.swift
[1580/1626] Compiling NIOHTTP2 HTTP2StreamID.swift
[1581/1626] Compiling NIOHTTP2 HTTP2StreamMultiplexer.swift
[1582/1626] Compiling NIOHTTP2 HTTP2ToHTTP1Codec.swift
[1583/1626] Compiling NIOHTTP2 HTTP2UserEvents.swift
[1584/1626] Compiling NIOHTTP2 InboundEventBuffer.swift
[1585/1626] Compiling NIOHTTP2 InboundWindowManager.swift
[1586/1626] Compiling NIOHTTP2 MultiplexerAbstractChannel.swift
[1587/1626] Compiling NIOHTTP2 NIOHTTP2FrameDelegate.swift
[1588/1626] Compiling NIOHTTP2 NIOHTTP2ServerConnectionManagementHandler+StateMachine.swift
[1589/1626] Compiling NIOHTTP2 NIOHTTP2ServerConnectionManagementHandler.swift
[1590/1626] Compiling NIOHTTP2 StreamChannelFlowController.swift
[1591/1626] Compiling NIOHTTP2 StreamChannelList.swift
[1592/1626] Compiling NIOHTTP2 StreamMap.swift
[1593/1626] Compiling NIOHTTP2 StreamStateMachine.swift
[1594/1626] Compiling NIOHTTP2 Timer.swift
[1595/1626] Compiling NIOHTTP2 UnsafeTransfer.swift
[1596/1626] Compiling NIOHTTP2 WatermarkedFlowController.swift
[1606/1626] Compiling NIOHTTP2 GlitchesMonitor.swift
[1607/1626] Compiling NIOHTTP2 HPACKHeaders+Validation.swift
[1608/1626] Compiling NIOHTTP2 HTTP2ChannelHandler+InboundStreamMultiplexer.swift
[1609/1626] Compiling NIOHTTP2 HTTP2ChannelHandler+InlineStreamMultiplexer.swift
[1610/1626] Compiling NIOHTTP2 HTTP2ChannelHandler.swift
[1611/1626] Compiling NIOHTTP2 HTTP2CommonInboundStreamMultiplexer.swift
[1612/1626] Compiling NIOHTTP2 HTTP2ConnectionStateChange.swift
[1613/1626] Compiling NIOHTTP2 HTTP2Error.swift
[1614/1626] Compiling NIOHTTP2 HTTP2ErrorCode.swift
[1615/1626] Compiling NIOHTTP2 HTTP2FlowControlWindow.swift
[1616/1626] Compiling NIOHTTP2 HTTP2Frame.swift
[1617/1626] Compiling NIOHTTP2 HTTP2FrameEncoder.swift
[1618/1626] Compiling NIOHTTP2 HTTP2FrameParser.swift
[1619/1626] Compiling NIOHTTP2 HTTP2PingData.swift
[1620/1627] Wrapping AST for NIOHTTP2 for debugging
[1622/1676] Compiling GRPC Array+BoundsCheck.swift
[1623/1676] Compiling GRPC ServerHandlerStateMachine+Actions.swift
[1624/1676] Compiling GRPC ServerHandlerStateMachine+Draining.swift
[1625/1676] Compiling GRPC ServerHandlerStateMachine+Finished.swift
[1626/1676] Compiling GRPC ServerHandlerStateMachine+Handling.swift
[1627/1676] Compiling GRPC ServerHandlerStateMachine+Idle.swift
[1628/1676] Compiling GRPC ServerHandlerStateMachine.swift
[1629/1676] Compiling GRPC ServerInterceptorStateMachine+Actions.swift
[1630/1676] Compiling GRPC ServerInterceptorStateMachine+Finished.swift
[1631/1676] Compiling GRPC ServerInterceptorStateMachine+Intercepting.swift
[1632/1676] Compiling GRPC ServerInterceptorStateMachine.swift
[1633/1676] Compiling GRPC StreamState.swift
[1634/1676] Compiling GRPC Call+AsyncRequestStreamWriter.swift
[1635/1676] Compiling GRPC CancellationError+GRPCStatusTransformable.swift
[1636/1676] Compiling GRPC GRPCAsyncBidirectionalStreamingCall.swift
[1637/1676] Compiling GRPC GRPCAsyncClientStreamingCall.swift
[1638/1676] Compiling GRPC GRPCAsyncRequestStream.swift
[1639/1676] Compiling GRPC GRPCAsyncRequestStreamWriter.swift
[1640/1676] Compiling GRPC GRPCAsyncResponseStream.swift
[1641/1676] Compiling GRPC GRPCAsyncResponseStreamWriter.swift
[1642/1676] Compiling GRPC GRPCAsyncSequenceProducerDelegate.swift
[1643/1676] Compiling GRPC GRPCAsyncServerCallContext.swift
[1644/1676] Compiling GRPC GRPCAsyncServerHandler.swift
[1645/1676] Compiling GRPC GRPCAsyncServerStreamingCall.swift
[1646/1676] Emitting module GRPC
[1647/1724] Compiling GRPC GRPCAsyncUnaryCall.swift
[1648/1724] Compiling GRPC GRPCAsyncWriterSinkDelegate.swift
[1649/1724] Compiling GRPC GRPCChannel+AsyncAwaitSupport.swift
[1650/1724] Compiling GRPC GRPCClient+AsyncAwaitSupport.swift
[1651/1724] Compiling GRPC GRPCSendable.swift
[1652/1724] Compiling GRPC NIOAsyncWrappers.swift
[1653/1724] Compiling GRPC BidirectionalStreamingServerHandler.swift
[1654/1724] Compiling GRPC ClientStreamingServerHandler.swift
[1655/1724] Compiling GRPC ServerHandlerProtocol.swift
[1656/1724] Compiling GRPC ServerStreamingServerHandler.swift
[1657/1724] Compiling GRPC UnaryServerHandler.swift
[1658/1724] Compiling GRPC CallOptions.swift
[1659/1724] Compiling GRPC BidirectionalStreamingCall.swift
[1660/1724] Compiling GRPC Call.swift
[1661/1724] Compiling GRPC CallDetails.swift
[1662/1724] Compiling GRPC ClientCall.swift
[1663/1724] Compiling GRPC ClientStreamingCall.swift
[1664/1724] Compiling GRPC LazyEventLoopPromise.swift
[1665/1724] Compiling GRPC ResponseContainers.swift
[1666/1724] Compiling GRPC ResponsePartContainer.swift
[1667/1724] Compiling GRPC ServerStreamingCall.swift
[1668/1724] Compiling GRPC UnaryCall.swift
[1669/1724] Compiling GRPC ClientConnection.swift
[1670/1724] Compiling GRPC ClientConnectionConfiguration+NIOSSL.swift
[1671/1748] Compiling GRPC DelegatingErrorHandler.swift
[1672/1748] Compiling GRPC Error+NIOSSL.swift
[1673/1748] Compiling GRPC EventLoopFuture+RecoverFromUncleanShutdown.swift
[1674/1748] Compiling GRPC FakeChannel.swift
[1675/1748] Compiling GRPC ClientConnection+NIOSSL.swift
[1676/1748] Compiling GRPC ClientConnection+NWTLS.swift
[1677/1748] Compiling GRPC GRPCChannel.swift
[1678/1748] Compiling GRPC GRPCChannelBuilder.swift
[1679/1748] Compiling GRPC GRPCClient.swift
[1680/1748] Compiling GRPC GRPCClientChannelHandler.swift
[1681/1748] Compiling GRPC GRPCClientStateMachine.swift
[1682/1748] Compiling GRPC GRPCContentType.swift
[1683/1748] Compiling GRPC GRPCError.swift
[1684/1748] Compiling GRPC GRPCHeaderName.swift
[1685/1748] Compiling GRPC GRPCIdleHandler.swift
[1686/1748] Compiling GRPC GRPCIdleHandlerStateMachine.swift
[1687/1748] Compiling GRPC GRPCKeepaliveHandlers.swift
[1688/1748] Compiling GRPC GRPCPayload.swift
[1689/1748] Compiling GRPC GRPCServerPipelineConfigurator.swift
[1690/1748] Compiling GRPC GRPCServerRequestRoutingHandler.swift
[1691/1748] Compiling GRPC GRPCServiceDescription.swift
[1692/1748] Compiling GRPC GRPCStatus.swift
[1693/1748] Compiling GRPC GRPCStatusAndMetadata.swift
[1694/1748] Compiling GRPC GRPCStatusMessageMarshaller.swift
[1695/1771] Compiling GRPC GRPCTLSConfiguration.swift
[1696/1771] Compiling GRPC GRPCTimeout.swift
[1697/1771] Compiling GRPC GRPCWebToHTTP2ServerCodec.swift
[1698/1771] Compiling GRPC HTTP2ToRawGRPCServerCodec.swift
[1699/1771] Compiling GRPC HTTP2ToRawGRPCStateMachine.swift
[1700/1771] Compiling GRPC ClientInterceptorContext.swift
[1701/1771] Compiling GRPC ClientInterceptorPipeline.swift
[1702/1771] Compiling GRPC ClientInterceptorProtocol.swift
[1703/1771] Compiling GRPC ClientInterceptors.swift
[1704/1771] Compiling GRPC ClientTransport.swift
[1705/1771] Compiling GRPC ClientTransportFactory.swift
[1706/1771] Compiling GRPC MessageParts.swift
[1707/1771] Compiling GRPC ServerInterceptorContext.swift
[1708/1771] Compiling GRPC ServerInterceptorPipeline.swift
[1709/1771] Compiling GRPC ServerInterceptors.swift
[1710/1771] Compiling GRPC InterceptorContextList.swift
[1711/1771] Compiling GRPC LengthPrefixedMessageReader.swift
[1712/1771] Compiling GRPC Logger.swift
[1713/1771] Compiling GRPC LoggingServerErrorDelegate.swift
[1714/1771] Compiling GRPC MessageEncodingHeaderValidator.swift
[1715/1771] Compiling GRPC PlatformSupport.swift
[1716/1771] Compiling GRPC ReadWriteStates.swift
[1717/1771] Compiling GRPC Ref.swift
[1718/1771] Compiling GRPC Serialization.swift
[1719/1771] Compiling GRPC ClientErrorDelegate.swift
[1720/1771] Compiling GRPC CoalescingLengthPrefixedMessageWriter.swift
[1721/1771] Compiling GRPC CompressionAlgorithm.swift
[1722/1771] Compiling GRPC DecompressionLimit.swift
[1723/1771] Compiling GRPC MessageEncoding.swift
[1724/1771] Compiling GRPC Zlib.swift
[1725/1771] Compiling GRPC ConnectionBackoff.swift
[1726/1771] Compiling GRPC ConnectionKeepalive.swift
[1727/1771] Compiling GRPC ConnectionManager+Delegates.swift
[1728/1771] Compiling GRPC ConnectionManager.swift
[1729/1771] Compiling GRPC ConnectionManagerChannelProvider.swift
[1730/1771] Compiling GRPC ConnectionManagerID.swift
[1731/1771] Compiling GRPC ConnectionPool+PerConnectionState.swift
[1732/1771] Compiling GRPC ConnectionPool+Waiter.swift
[1733/1771] Compiling GRPC ConnectionPool.swift
[1734/1771] Compiling GRPC ConnectionPoolIDs.swift
[1735/1771] Compiling GRPC GRPCChannelPool.swift
[1736/1771] Compiling GRPC PoolManager.swift
[1737/1771] Compiling GRPC PoolManagerStateMachine+PerPoolState.swift
[1738/1771] Compiling GRPC PoolManagerStateMachine.swift
[1739/1771] Compiling GRPC PooledChannel.swift
[1740/1771] Compiling GRPC StreamLender.swift
[1741/1771] Compiling GRPC ConnectivityState.swift
[1742/1771] Compiling GRPC DebugOnly.swift
[1743/1771] Compiling GRPC Server+NIOSSL.swift
[1744/1771] Compiling GRPC Server.swift
[1745/1771] Compiling GRPC ServerBuilder+NIOSSL.swift
[1746/1771] Compiling GRPC ServerBuilder.swift
[1747/1771] Compiling GRPC ServerCallContext.swift
[1748/1771] Compiling GRPC StreamingResponseCallContext.swift
[1749/1771] Compiling GRPC UnaryResponseCallContext.swift
[1750/1771] Compiling GRPC ServerChannelErrorHandler.swift
[1751/1771] Compiling GRPC ServerErrorDelegate.swift
[1752/1771] Compiling GRPC ServerErrorProcessor.swift
[1753/1771] Compiling GRPC Stopwatch.swift
[1754/1771] Compiling GRPC StreamEvent.swift
[1755/1771] Compiling GRPC TLSVerificationHandler.swift
[1756/1771] Compiling GRPC TLSVersion.swift
[1757/1771] Compiling GRPC TimeLimit.swift
[1758/1771] Compiling GRPC UserInfo.swift
[1759/1771] Compiling GRPC Version.swift
[1760/1771] Compiling GRPC WebCORSHandler.swift
[1761/1771] Compiling GRPC WriteCapturingHandler.swift
[1762/1771] Compiling GRPC _EmbeddedThroughput.swift
[1763/1771] Compiling GRPC _FakeResponseStream.swift
[1764/1771] Compiling GRPC _GRPCClientCodecHandler.swift
[1765/1771] Compiling GRPC _MessageContext.swift
[1766/1772] Wrapping AST for GRPC for debugging
[1768/1809] Emitting module RightClickCore
/work/Sources/RightClickCore/OriginPinnedHTTP.swift:45:19: warning: non-final class 'RedirectRejectingDelegate' cannot conform to 'Sendable'; use '@unchecked Sendable'; this is an error in the Swift 6 language mode
 43 |     }
 44 | 
 45 |     private class RedirectRejectingDelegate:
    |                   `- warning: non-final class 'RedirectRejectingDelegate' cannot conform to 'Sendable'; use '@unchecked Sendable'; this is an error in the Swift 6 language mode
 46 |         NSObject,
 47 |         URLSessionTaskDelegate

/work/Sources/RightClickCore/OriginPinnedHTTP.swift:83:21: warning: stored property 'storedData' of 'Sendable'-conforming class 'BoundedLoadDelegate' is mutable; this is an error in the Swift 6 language mode
 81 |             Int
 82 | 
 83 |         private var storedData =
    |                     `- warning: stored property 'storedData' of 'Sendable'-conforming class 'BoundedLoadDelegate' is mutable; this is an error in the Swift 6 language mode
 84 |             Data()
 85 | 
[1769/1826] Compiling RightClickCore OutcomeVerifier.swift
/work/Sources/RightClickCore/RCIRHTTPObservation.swift:41:21: error: cannot find 'URLRequest' in scope
 39 |     func observe(_ request: RCIRObservationRequest) throws -> CapabilityValue {
 40 |         guard OriginPinnedHTTP.sameOrigin(origin, url), credential?.sourceStillMatches() ?? true else { throw RCIRError.authorityDenied }
 41 |         var query = URLRequest(url: url)
    |                     `- error: cannot find 'URLRequest' in scope
 42 |         query.httpMethod = "GET"
 43 |         query.setValue("application/json", forHTTPHeaderField: "Accept")
[1770/1826] Compiling RightClickCore ProductSurface.swift
/work/Sources/RightClickCore/RCIRHTTPObservation.swift:41:21: error: cannot find 'URLRequest' in scope
 39 |     func observe(_ request: RCIRObservationRequest) throws -> CapabilityValue {
 40 |         guard OriginPinnedHTTP.sameOrigin(origin, url), credential?.sourceStillMatches() ?? true else { throw RCIRError.authorityDenied }
 41 |         var query = URLRequest(url: url)
    |                     `- error: cannot find 'URLRequest' in scope
 42 |         query.httpMethod = "GET"
 43 |         query.setValue("application/json", forHTTPHeaderField: "Accept")
[1771/1826] Compiling RightClickCore RCIR.swift
/work/Sources/RightClickCore/RCIRHTTPObservation.swift:41:21: error: cannot find 'URLRequest' in scope
 39 |     func observe(_ request: RCIRObservationRequest) throws -> CapabilityValue {
 40 |         guard OriginPinnedHTTP.sameOrigin(origin, url), credential?.sourceStillMatches() ?? true else { throw RCIRError.authorityDenied }
 41 |         var query = URLRequest(url: url)
    |                     `- error: cannot find 'URLRequest' in scope
 42 |         query.httpMethod = "GET"
 43 |         query.setValue("application/json", forHTTPHeaderField: "Accept")
[1772/1826] Compiling RightClickCore RCIRDeferredExecution.swift
/work/Sources/RightClickCore/RCIRHTTPObservation.swift:41:21: error: cannot find 'URLRequest' in scope
 39 |     func observe(_ request: RCIRObservationRequest) throws -> CapabilityValue {
 40 |         guard OriginPinnedHTTP.sameOrigin(origin, url), credential?.sourceStillMatches() ?? true else { throw RCIRError.authorityDenied }
 41 |         var query = URLRequest(url: url)
    |                     `- error: cannot find 'URLRequest' in scope
 42 |         query.httpMethod = "GET"
 43 |         query.setValue("application/json", forHTTPHeaderField: "Accept")
[1773/1826] Compiling RightClickCore RCIRExecutionHost.swift
/work/Sources/RightClickCore/RCIRHTTPObservation.swift:41:21: error: cannot find 'URLRequest' in scope
 39 |     func observe(_ request: RCIRObservationRequest) throws -> CapabilityValue {
 40 |         guard OriginPinnedHTTP.sameOrigin(origin, url), credential?.sourceStillMatches() ?? true else { throw RCIRError.authorityDenied }
 41 |         var query = URLRequest(url: url)
    |                     `- error: cannot find 'URLRequest' in scope
 42 |         query.httpMethod = "GET"
 43 |         query.setValue("application/json", forHTTPHeaderField: "Accept")
[1774/1826] Compiling RightClickCore RCIRHTTPObservation.swift
/work/Sources/RightClickCore/RCIRHTTPObservation.swift:41:21: error: cannot find 'URLRequest' in scope
 39 |     func observe(_ request: RCIRObservationRequest) throws -> CapabilityValue {
 40 |         guard OriginPinnedHTTP.sameOrigin(origin, url), credential?.sourceStillMatches() ?? true else { throw RCIRError.authorityDenied }
 41 |         var query = URLRequest(url: url)
    |                     `- error: cannot find 'URLRequest' in scope
 42 |         query.httpMethod = "GET"
 43 |         query.setValue("application/json", forHTTPHeaderField: "Accept")
[1775/1826] Compiling RightClickCore RCIRHostObservation.swift
/work/Sources/RightClickCore/RCIRHTTPObservation.swift:41:21: error: cannot find 'URLRequest' in scope
 39 |     func observe(_ request: RCIRObservationRequest) throws -> CapabilityValue {
 40 |         guard OriginPinnedHTTP.sameOrigin(origin, url), credential?.sourceStillMatches() ?? true else { throw RCIRError.authorityDenied }
 41 |         var query = URLRequest(url: url)
    |                     `- error: cannot find 'URLRequest' in scope
 42 |         query.httpMethod = "GET"
 43 |         query.setValue("application/json", forHTTPHeaderField: "Accept")
[1776/1826] Compiling RightClickCore RCIRSignedReceipt.swift
/work/Sources/RightClickCore/RCIRHTTPObservation.swift:41:21: error: cannot find 'URLRequest' in scope
 39 |     func observe(_ request: RCIRObservationRequest) throws -> CapabilityValue {
 40 |         guard OriginPinnedHTTP.sameOrigin(origin, url), credential?.sourceStillMatches() ?? true else { throw RCIRError.authorityDenied }
 41 |         var query = URLRequest(url: url)
    |                     `- error: cannot find 'URLRequest' in scope
 42 |         query.httpMethod = "GET"
 43 |         query.setValue("application/json", forHTTPHeaderField: "Accept")
[1777/1826] Compiling RightClickCore RCIRUnaryInvocation.swift
/work/Sources/RightClickCore/RCIRHTTPObservation.swift:41:21: error: cannot find 'URLRequest' in scope
 39 |     func observe(_ request: RCIRObservationRequest) throws -> CapabilityValue {
 40 |         guard OriginPinnedHTTP.sameOrigin(origin, url), credential?.sourceStillMatches() ?? true else { throw RCIRError.authorityDenied }
 41 |         var query = URLRequest(url: url)
    |                     `- error: cannot find 'URLRequest' in scope
 42 |         query.httpMethod = "GET"
 43 |         query.setValue("application/json", forHTTPHeaderField: "Accept")
[1778/1826] Compiling RightClickCore RuntimePlatform.swift
/work/Sources/RightClickCore/RCIRHTTPObservation.swift:41:21: error: cannot find 'URLRequest' in scope
 39 |     func observe(_ request: RCIRObservationRequest) throws -> CapabilityValue {
 40 |         guard OriginPinnedHTTP.sameOrigin(origin, url), credential?.sourceStillMatches() ?? true else { throw RCIRError.authorityDenied }
 41 |         var query = URLRequest(url: url)
    |                     `- error: cannot find 'URLRequest' in scope
 42 |         query.httpMethod = "GET"
 43 |         query.setValue("application/json", forHTTPHeaderField: "Accept")
[1779/1826] Compiling RightClickCore SafetyPolicy.swift
/work/Sources/RightClickCore/RCIRHTTPObservation.swift:41:21: error: cannot find 'URLRequest' in scope
 39 |     func observe(_ request: RCIRObservationRequest) throws -> CapabilityValue {
 40 |         guard OriginPinnedHTTP.sameOrigin(origin, url), credential?.sourceStillMatches() ?? true else { throw RCIRError.authorityDenied }
 41 |         var query = URLRequest(url: url)
    |                     `- error: cannot find 'URLRequest' in scope
 42 |         query.httpMethod = "GET"
 43 |         query.setValue("application/json", forHTTPHeaderField: "Accept")
[1780/1826] Compiling RightClickCore ServiceCatalog.swift
/work/Sources/RightClickCore/RCIRHTTPObservation.swift:41:21: error: cannot find 'URLRequest' in scope
 39 |     func observe(_ request: RCIRObservationRequest) throws -> CapabilityValue {
 40 |         guard OriginPinnedHTTP.sameOrigin(origin, url), credential?.sourceStillMatches() ?? true else { throw RCIRError.authorityDenied }
 41 |         var query = URLRequest(url: url)
    |                     `- error: cannot find 'URLRequest' in scope
 42 |         query.httpMethod = "GET"
 43 |         query.setValue("application/json", forHTTPHeaderField: "Accept")
[1781/1826] Compiling RightClickCore ServiceContext.swift
/work/Sources/RightClickCore/RCIRHTTPObservation.swift:41:21: error: cannot find 'URLRequest' in scope
 39 |     func observe(_ request: RCIRObservationRequest) throws -> CapabilityValue {
 40 |         guard OriginPinnedHTTP.sameOrigin(origin, url), credential?.sourceStillMatches() ?? true else { throw RCIRError.authorityDenied }
 41 |         var query = URLRequest(url: url)
    |                     `- error: cannot find 'URLRequest' in scope
 42 |         query.httpMethod = "GET"
 43 |         query.setValue("application/json", forHTTPHeaderField: "Accept")
[1782/1826] Compiling RightClickCore ServiceOutcome.swift
/work/Sources/RightClickCore/RCIRHTTPObservation.swift:41:21: error: cannot find 'URLRequest' in scope
 39 |     func observe(_ request: RCIRObservationRequest) throws -> CapabilityValue {
 40 |         guard OriginPinnedHTTP.sameOrigin(origin, url), credential?.sourceStillMatches() ?? true else { throw RCIRError.authorityDenied }
 41 |         var query = URLRequest(url: url)
    |                     `- error: cannot find 'URLRequest' in scope
 42 |         query.httpMethod = "GET"
 43 |         query.setValue("application/json", forHTTPHeaderField: "Accept")
[1783/1826] Compiling RightClickCore SharingCatalog.swift
/work/Sources/RightClickCore/RCIRHTTPObservation.swift:41:21: error: cannot find 'URLRequest' in scope
 39 |     func observe(_ request: RCIRObservationRequest) throws -> CapabilityValue {
 40 |         guard OriginPinnedHTTP.sameOrigin(origin, url), credential?.sourceStillMatches() ?? true else { throw RCIRError.authorityDenied }
 41 |         var query = URLRequest(url: url)
    |                     `- error: cannot find 'URLRequest' in scope
 42 |         query.httpMethod = "GET"
 43 |         query.setValue("application/json", forHTTPHeaderField: "Accept")
[1784/1826] Compiling RightClickCore SharingExecutionModel.swift
/work/Sources/RightClickCore/RCIRHTTPObservation.swift:41:21: error: cannot find 'URLRequest' in scope
 39 |     func observe(_ request: RCIRObservationRequest) throws -> CapabilityValue {
 40 |         guard OriginPinnedHTTP.sameOrigin(origin, url), credential?.sourceStillMatches() ?? true else { throw RCIRError.authorityDenied }
 41 |         var query = URLRequest(url: url)
    |                     `- error: cannot find 'URLRequest' in scope
 42 |         query.httpMethod = "GET"
 43 |         query.setValue("application/json", forHTTPHeaderField: "Accept")
[1785/1826] Compiling RightClickCore WASMCapabilityArtifactResolver.swift
/work/Sources/RightClickCore/RCIRHTTPObservation.swift:41:21: error: cannot find 'URLRequest' in scope
 39 |     func observe(_ request: RCIRObservationRequest) throws -> CapabilityValue {
 40 |         guard OriginPinnedHTTP.sameOrigin(origin, url), credential?.sourceStillMatches() ?? true else { throw RCIRError.authorityDenied }
 41 |         var query = URLRequest(url: url)
    |                     `- error: cannot find 'URLRequest' in scope
 42 |         query.httpMethod = "GET"
 43 |         query.setValue("application/json", forHTTPHeaderField: "Accept")
[1786/1826] Compiling RightClickCore A2AReflector.swift
/work/Sources/RightClickCore/A2AReflector.swift:126:23: error: cannot find 'URLRequest' in scope
124 |     private func rpc(method: String, params: [String: Any], correlation: String? = nil,
125 |                      admit: ((_ enqueue: () -> Void) throws -> Void)? = nil) throws -> Data {
126 |         var request = URLRequest(url: endpoint); request.httpMethod = "POST"
    |                       `- error: cannot find 'URLRequest' in scope
127 |         let requestID = UUID().uuidString
128 |         request.httpBody = try JSONSerialization.data(withJSONObject: ["jsonrpc": "2.0", "id": requestID,

/work/Sources/RightClickCore/CapabilityEngine.swift:427:33: warning: result of call to 'run(mode:before:)' is unused [#no-usage]
 425 |                 }
 426 | 
 427 |                 RunLoop.current.run(
     |                                 `- warning: result of call to 'run(mode:before:)' is unused [#no-usage]
 428 |                     mode: .default,
 429 |                     before:
[1787/1826] Compiling RightClickCore ARDRegistrySource.swift
/work/Sources/RightClickCore/A2AReflector.swift:126:23: error: cannot find 'URLRequest' in scope
124 |     private func rpc(method: String, params: [String: Any], correlation: String? = nil,
125 |                      admit: ((_ enqueue: () -> Void) throws -> Void)? = nil) throws -> Data {
126 |         var request = URLRequest(url: endpoint); request.httpMethod = "POST"
    |                       `- error: cannot find 'URLRequest' in scope
127 |         let requestID = UUID().uuidString
128 |         request.httpBody = try JSONSerialization.data(withJSONObject: ["jsonrpc": "2.0", "id": requestID,

/work/Sources/RightClickCore/CapabilityEngine.swift:427:33: warning: result of call to 'run(mode:before:)' is unused [#no-usage]
 425 |                 }
 426 | 
 427 |                 RunLoop.current.run(
     |                                 `- warning: result of call to 'run(mode:before:)' is unused [#no-usage]
 428 |                     mode: .default,
 429 |                     before:
[1788/1826] Compiling RightClickCore ActionExtensionCatalog.swift
/work/Sources/RightClickCore/A2AReflector.swift:126:23: error: cannot find 'URLRequest' in scope
124 |     private func rpc(method: String, params: [String: Any], correlation: String? = nil,
125 |                      admit: ((_ enqueue: () -> Void) throws -> Void)? = nil) throws -> Data {
126 |         var request = URLRequest(url: endpoint); request.httpMethod = "POST"
    |                       `- error: cannot find 'URLRequest' in scope
127 |         let requestID = UUID().uuidString
128 |         request.httpBody = try JSONSerialization.data(withJSONObject: ["jsonrpc": "2.0", "id": requestID,

/work/Sources/RightClickCore/CapabilityEngine.swift:427:33: warning: result of call to 'run(mode:before:)' is unused [#no-usage]
 425 |                 }
 426 | 
 427 |                 RunLoop.current.run(
     |                                 `- warning: result of call to 'run(mode:before:)' is unused [#no-usage]
 428 |                     mode: .default,
 429 |                     before:
[1789/1826] Compiling RightClickCore BonjourGRPCSource.swift
/work/Sources/RightClickCore/A2AReflector.swift:126:23: error: cannot find 'URLRequest' in scope
124 |     private func rpc(method: String, params: [String: Any], correlation: String? = nil,
125 |                      admit: ((_ enqueue: () -> Void) throws -> Void)? = nil) throws -> Data {
126 |         var request = URLRequest(url: endpoint); request.httpMethod = "POST"
    |                       `- error: cannot find 'URLRequest' in scope
127 |         let requestID = UUID().uuidString
128 |         request.httpBody = try JSONSerialization.data(withJSONObject: ["jsonrpc": "2.0", "id": requestID,

/work/Sources/RightClickCore/CapabilityEngine.swift:427:33: warning: result of call to 'run(mode:before:)' is unused [#no-usage]
 425 |                 }
 426 | 
 427 |                 RunLoop.current.run(
     |                                 `- warning: result of call to 'run(mode:before:)' is unused [#no-usage]
 428 |                     mode: .default,
 429 |                     before:
[1790/1826] Compiling RightClickCore BonjourGraphQLSource.swift
/work/Sources/RightClickCore/A2AReflector.swift:126:23: error: cannot find 'URLRequest' in scope
124 |     private func rpc(method: String, params: [String: Any], correlation: String? = nil,
125 |                      admit: ((_ enqueue: () -> Void) throws -> Void)? = nil) throws -> Data {
126 |         var request = URLRequest(url: endpoint); request.httpMethod = "POST"
    |                       `- error: cannot find 'URLRequest' in scope
127 |         let requestID = UUID().uuidString
128 |         request.httpBody = try JSONSerialization.data(withJSONObject: ["jsonrpc": "2.0", "id": requestID,

/work/Sources/RightClickCore/CapabilityEngine.swift:427:33: warning: result of call to 'run(mode:before:)' is unused [#no-usage]
 425 |                 }
 426 | 
 427 |                 RunLoop.current.run(
     |                                 `- warning: result of call to 'run(mode:before:)' is unused [#no-usage]
 428 |                     mode: .default,
 429 |                     before:
[1791/1826] Compiling RightClickCore BonjourOpenAPISource.swift
/work/Sources/RightClickCore/A2AReflector.swift:126:23: error: cannot find 'URLRequest' in scope
124 |     private func rpc(method: String, params: [String: Any], correlation: String? = nil,
125 |                      admit: ((_ enqueue: () -> Void) throws -> Void)? = nil) throws -> Data {
126 |         var request = URLRequest(url: endpoint); request.httpMethod = "POST"
    |                       `- error: cannot find 'URLRequest' in scope
127 |         let requestID = UUID().uuidString
128 |         request.httpBody = try JSONSerialization.data(withJSONObject: ["jsonrpc": "2.0", "id": requestID,

/work/Sources/RightClickCore/CapabilityEngine.swift:427:33: warning: result of call to 'run(mode:before:)' is unused [#no-usage]
 425 |                 }
 426 | 
 427 |                 RunLoop.current.run(
     |                                 `- warning: result of call to 'run(mode:before:)' is unused [#no-usage]
 428 |                     mode: .default,
 429 |                     before:
[1792/1826] Compiling RightClickCore BoundedCapabilityProcess.swift
/work/Sources/RightClickCore/A2AReflector.swift:126:23: error: cannot find 'URLRequest' in scope
124 |     private func rpc(method: String, params: [String: Any], correlation: String? = nil,
125 |                      admit: ((_ enqueue: () -> Void) throws -> Void)? = nil) throws -> Data {
126 |         var request = URLRequest(url: endpoint); request.httpMethod = "POST"
    |                       `- error: cannot find 'URLRequest' in scope
127 |         let requestID = UUID().uuidString
128 |         request.httpBody = try JSONSerialization.data(withJSONObject: ["jsonrpc": "2.0", "id": requestID,

/work/Sources/RightClickCore/CapabilityEngine.swift:427:33: warning: result of call to 'run(mode:before:)' is unused [#no-usage]
 425 |                 }
 426 | 
 427 |                 RunLoop.current.run(
     |                                 `- warning: result of call to 'run(mode:before:)' is unused [#no-usage]
 428 |                     mode: .default,
 429 |                     before:
[1793/1826] Compiling RightClickCore BundleScan.swift
/work/Sources/RightClickCore/A2AReflector.swift:126:23: error: cannot find 'URLRequest' in scope
124 |     private func rpc(method: String, params: [String: Any], correlation: String? = nil,
125 |                      admit: ((_ enqueue: () -> Void) throws -> Void)? = nil) throws -> Data {
126 |         var request = URLRequest(url: endpoint); request.httpMethod = "POST"
    |                       `- error: cannot find 'URLRequest' in scope
127 |         let requestID = UUID().uuidString
128 |         request.httpBody = try JSONSerialization.data(withJSONObject: ["jsonrpc": "2.0", "id": requestID,

/work/Sources/RightClickCore/CapabilityEngine.swift:427:33: warning: result of call to 'run(mode:before:)' is unused [#no-usage]
 425 |                 }
 426 | 
 427 |                 RunLoop.current.run(
     |                                 `- warning: result of call to 'run(mode:before:)' is unused [#no-usage]
 428 |                     mode: .default,
 429 |                     before:
[1794/1826] Compiling RightClickCore Capability.swift
/work/Sources/RightClickCore/A2AReflector.swift:126:23: error: cannot find 'URLRequest' in scope
124 |     private func rpc(method: String, params: [String: Any], correlation: String? = nil,
125 |                      admit: ((_ enqueue: () -> Void) throws -> Void)? = nil) throws -> Data {
126 |         var request = URLRequest(url: endpoint); request.httpMethod = "POST"
    |                       `- error: cannot find 'URLRequest' in scope
127 |         let requestID = UUID().uuidString
128 |         request.httpBody = try JSONSerialization.data(withJSONObject: ["jsonrpc": "2.0", "id": requestID,

/work/Sources/RightClickCore/CapabilityEngine.swift:427:33: warning: result of call to 'run(mode:before:)' is unused [#no-usage]
 425 |                 }
 426 | 
 427 |                 RunLoop.current.run(
     |                                 `- warning: result of call to 'run(mode:before:)' is unused [#no-usage]
 428 |                     mode: .default,
 429 |                     before:
[1795/1826] Compiling RightClickCore CapabilityABI.swift
/work/Sources/RightClickCore/A2AReflector.swift:126:23: error: cannot find 'URLRequest' in scope
124 |     private func rpc(method: String, params: [String: Any], correlation: String? = nil,
125 |                      admit: ((_ enqueue: () -> Void) throws -> Void)? = nil) throws -> Data {
126 |         var request = URLRequest(url: endpoint); request.httpMethod = "POST"
    |                       `- error: cannot find 'URLRequest' in scope
127 |         let requestID = UUID().uuidString
128 |         request.httpBody = try JSONSerialization.data(withJSONObject: ["jsonrpc": "2.0", "id": requestID,

/work/Sources/RightClickCore/CapabilityEngine.swift:427:33: warning: result of call to 'run(mode:before:)' is unused [#no-usage]
 425 |                 }
 426 | 
 427 |                 RunLoop.current.run(
     |                                 `- warning: result of call to 'run(mode:before:)' is unused [#no-usage]
 428 |                     mode: .default,
 429 |                     before:
[1796/1826] Compiling RightClickCore CapabilityABIAdapter.swift
/work/Sources/RightClickCore/A2AReflector.swift:126:23: error: cannot find 'URLRequest' in scope
124 |     private func rpc(method: String, params: [String: Any], correlation: String? = nil,
125 |                      admit: ((_ enqueue: () -> Void) throws -> Void)? = nil) throws -> Data {
126 |         var request = URLRequest(url: endpoint); request.httpMethod = "POST"
    |                       `- error: cannot find 'URLRequest' in scope
127 |         let requestID = UUID().uuidString
128 |         request.httpBody = try JSONSerialization.data(withJSONObject: ["jsonrpc": "2.0", "id": requestID,

/work/Sources/RightClickCore/CapabilityEngine.swift:427:33: warning: result of call to 'run(mode:before:)' is unused [#no-usage]
 425 |                 }
 426 | 
 427 |                 RunLoop.current.run(
     |                                 `- warning: result of call to 'run(mode:before:)' is unused [#no-usage]
 428 |                     mode: .default,
 429 |                     before:
[1797/1826] Compiling RightClickCore CapabilityArtifactResolver.swift
/work/Sources/RightClickCore/A2AReflector.swift:126:23: error: cannot find 'URLRequest' in scope
124 |     private func rpc(method: String, params: [String: Any], correlation: String? = nil,
125 |                      admit: ((_ enqueue: () -> Void) throws -> Void)? = nil) throws -> Data {
126 |         var request = URLRequest(url: endpoint); request.httpMethod = "POST"
    |                       `- error: cannot find 'URLRequest' in scope
127 |         let requestID = UUID().uuidString
128 |         request.httpBody = try JSONSerialization.data(withJSONObject: ["jsonrpc": "2.0", "id": requestID,

/work/Sources/RightClickCore/CapabilityEngine.swift:427:33: warning: result of call to 'run(mode:before:)' is unused [#no-usage]
 425 |                 }
 426 | 
 427 |                 RunLoop.current.run(
     |                                 `- warning: result of call to 'run(mode:before:)' is unused [#no-usage]
 428 |                     mode: .default,
 429 |                     before:
[1798/1826] Compiling RightClickCore CapabilityArtifactSnapshot.swift
/work/Sources/RightClickCore/A2AReflector.swift:126:23: error: cannot find 'URLRequest' in scope
124 |     private func rpc(method: String, params: [String: Any], correlation: String? = nil,
125 |                      admit: ((_ enqueue: () -> Void) throws -> Void)? = nil) throws -> Data {
126 |         var request = URLRequest(url: endpoint); request.httpMethod = "POST"
    |                       `- error: cannot find 'URLRequest' in scope
127 |         let requestID = UUID().uuidString
128 |         request.httpBody = try JSONSerialization.data(withJSONObject: ["jsonrpc": "2.0", "id": requestID,

/work/Sources/RightClickCore/CapabilityEngine.swift:427:33: warning: result of call to 'run(mode:before:)' is unused [#no-usage]
 425 |                 }
 426 | 
 427 |                 RunLoop.current.run(
     |                                 `- warning: result of call to 'run(mode:before:)' is unused [#no-usage]
 428 |                     mode: .default,
 429 |                     before:
[1799/1826] Compiling RightClickCore CapabilityEngine.swift
/work/Sources/RightClickCore/A2AReflector.swift:126:23: error: cannot find 'URLRequest' in scope
124 |     private func rpc(method: String, params: [String: Any], correlation: String? = nil,
125 |                      admit: ((_ enqueue: () -> Void) throws -> Void)? = nil) throws -> Data {
126 |         var request = URLRequest(url: endpoint); request.httpMethod = "POST"
    |                       `- error: cannot find 'URLRequest' in scope
127 |         let requestID = UUID().uuidString
128 |         request.httpBody = try JSONSerialization.data(withJSONObject: ["jsonrpc": "2.0", "id": requestID,

/work/Sources/RightClickCore/CapabilityEngine.swift:427:33: warning: result of call to 'run(mode:before:)' is unused [#no-usage]
 425 |                 }
 426 | 
 427 |                 RunLoop.current.run(
     |                                 `- warning: result of call to 'run(mode:before:)' is unused [#no-usage]
 428 |                     mode: .default,
 429 |                     before:
[1800/1826] Compiling RightClickCore CapabilityExperience.swift
/work/Sources/RightClickCore/A2AReflector.swift:126:23: error: cannot find 'URLRequest' in scope
124 |     private func rpc(method: String, params: [String: Any], correlation: String? = nil,
125 |                      admit: ((_ enqueue: () -> Void) throws -> Void)? = nil) throws -> Data {
126 |         var request = URLRequest(url: endpoint); request.httpMethod = "POST"
    |                       `- error: cannot find 'URLRequest' in scope
127 |         let requestID = UUID().uuidString
128 |         request.httpBody = try JSONSerialization.data(withJSONObject: ["jsonrpc": "2.0", "id": requestID,

/work/Sources/RightClickCore/CapabilityEngine.swift:427:33: warning: result of call to 'run(mode:before:)' is unused [#no-usage]
 425 |                 }
 426 | 
 427 |                 RunLoop.current.run(
     |                                 `- warning: result of call to 'run(mode:before:)' is unused [#no-usage]
 428 |                     mode: .default,
 429 |                     before:
[1801/1826] Compiling RightClickCore CapabilityExperienceLedger.swift
/work/Sources/RightClickCore/A2AReflector.swift:126:23: error: cannot find 'URLRequest' in scope
124 |     private func rpc(method: String, params: [String: Any], correlation: String? = nil,
125 |                      admit: ((_ enqueue: () -> Void) throws -> Void)? = nil) throws -> Data {
126 |         var request = URLRequest(url: endpoint); request.httpMethod = "POST"
    |                       `- error: cannot find 'URLRequest' in scope
127 |         let requestID = UUID().uuidString
128 |         request.httpBody = try JSONSerialization.data(withJSONObject: ["jsonrpc": "2.0", "id": requestID,

/work/Sources/RightClickCore/CapabilityEngine.swift:427:33: warning: result of call to 'run(mode:before:)' is unused [#no-usage]
 425 |                 }
 426 | 
 427 |                 RunLoop.current.run(
     |                                 `- warning: result of call to 'run(mode:before:)' is unused [#no-usage]
 428 |                     mode: .default,
 429 |                     before:
[1802/1826] Compiling RightClickCore CapabilityInterface.swift
/work/Sources/RightClickCore/A2AReflector.swift:126:23: error: cannot find 'URLRequest' in scope
124 |     private func rpc(method: String, params: [String: Any], correlation: String? = nil,
125 |                      admit: ((_ enqueue: () -> Void) throws -> Void)? = nil) throws -> Data {
126 |         var request = URLRequest(url: endpoint); request.httpMethod = "POST"
    |                       `- error: cannot find 'URLRequest' in scope
127 |         let requestID = UUID().uuidString
128 |         request.httpBody = try JSONSerialization.data(withJSONObject: ["jsonrpc": "2.0", "id": requestID,

/work/Sources/RightClickCore/CapabilityEngine.swift:427:33: warning: result of call to 'run(mode:before:)' is unused [#no-usage]
 425 |                 }
 426 | 
 427 |                 RunLoop.current.run(
     |                                 `- warning: result of call to 'run(mode:before:)' is unused [#no-usage]
 428 |                     mode: .default,
 429 |                     before:
[1803/1826] Compiling RightClickCore CapabilityProtectedReference.swift
/work/Sources/RightClickCore/A2AReflector.swift:126:23: error: cannot find 'URLRequest' in scope
124 |     private func rpc(method: String, params: [String: Any], correlation: String? = nil,
125 |                      admit: ((_ enqueue: () -> Void) throws -> Void)? = nil) throws -> Data {
126 |         var request = URLRequest(url: endpoint); request.httpMethod = "POST"
    |                       `- error: cannot find 'URLRequest' in scope
127 |         let requestID = UUID().uuidString
128 |         request.httpBody = try JSONSerialization.data(withJSONObject: ["jsonrpc": "2.0", "id": requestID,

/work/Sources/RightClickCore/CapabilityEngine.swift:427:33: warning: result of call to 'run(mode:before:)' is unused [#no-usage]
 425 |                 }
 426 | 
 427 |                 RunLoop.current.run(
     |                                 `- warning: result of call to 'run(mode:before:)' is unused [#no-usage]
 428 |                     mode: .default,
 429 |                     before:
[1804/1826] Compiling RightClickCore CapabilityReflector.swift
/work/Sources/RightClickCore/MCPCapabilityArtifactResolver.swift:71:23: error: cannot find 'URLRequest' in scope
 69 |     }
 70 |     private func exchange(_ object: [String: Any], admit: ((_ start: () -> Void) throws -> Void)? = nil) throws -> Data {
 71 |         var request = URLRequest(url: endpoint); request.httpMethod = "POST"
    |                       `- error: cannot find 'URLRequest' in scope
 72 |         request.setValue("application/json", forHTTPHeaderField: "Content-Type")
 73 |         request.setValue("application/json, text/event-stream", forHTTPHeaderField: "Accept")

/work/Sources/RightClickCore/MCPCapabilityArtifactResolver.swift:83:84: error: cannot infer contextual base in reference to member 'controlCharacters'
 81 |         let (data, response) = try OriginPinnedHTTP.exchange(request, admitStart: admit)
 82 |         if let identifier = response.value(forHTTPHeaderField: "MCP-Session-Id") {
 83 |             guard identifier.utf8.count <= 256, identifier.rangeOfCharacter(from: .controlCharacters) == nil else { throw CapabilityABIError.invalidWire }
    |                                                                                    `- error: cannot infer contextual base in reference to member 'controlCharacters'
 84 |             sessionID = identifier
 85 |         }

/work/Sources/RightClickCore/OriginPinnedHTTP.swift:45:19: warning: non-final class 'RedirectRejectingDelegate' cannot conform to 'Sendable'; use '@unchecked Sendable'; this is an error in the Swift 6 language mode
 43 |     }
 44 | 
 45 |     private class RedirectRejectingDelegate:
    |                   `- warning: non-final class 'RedirectRejectingDelegate' cannot conform to 'Sendable'; use '@unchecked Sendable'; this is an error in the Swift 6 language mode
 46 |         NSObject,
 47 |         URLSessionTaskDelegate

/work/Sources/RightClickCore/OriginPinnedHTTP.swift:83:21: warning: stored property 'storedData' of 'Sendable'-conforming class 'BoundedLoadDelegate' is mutable; this is an error in the Swift 6 language mode
 81 |             Int
 82 | 
 83 |         private var storedData =
    |                     `- warning: stored property 'storedData' of 'Sendable'-conforming class 'BoundedLoadDelegate' is mutable; this is an error in the Swift 6 language mode
 84 |             Data()
 85 | 
[1805/1826] Compiling RightClickCore CapabilityReflectorSource.swift
/work/Sources/RightClickCore/MCPCapabilityArtifactResolver.swift:71:23: error: cannot find 'URLRequest' in scope
 69 |     }
 70 |     private func exchange(_ object: [String: Any], admit: ((_ start: () -> Void) throws -> Void)? = nil) throws -> Data {
 71 |         var request = URLRequest(url: endpoint); request.httpMethod = "POST"
    |                       `- error: cannot find 'URLRequest' in scope
 72 |         request.setValue("application/json", forHTTPHeaderField: "Content-Type")
 73 |         request.setValue("application/json, text/event-stream", forHTTPHeaderField: "Accept")

/work/Sources/RightClickCore/MCPCapabilityArtifactResolver.swift:83:84: error: cannot infer contextual base in reference to member 'controlCharacters'
 81 |         let (data, response) = try OriginPinnedHTTP.exchange(request, admitStart: admit)
 82 |         if let identifier = response.value(forHTTPHeaderField: "MCP-Session-Id") {
 83 |             guard identifier.utf8.count <= 256, identifier.rangeOfCharacter(from: .controlCharacters) == nil else { throw CapabilityABIError.invalidWire }
    |                                                                                    `- error: cannot infer contextual base in reference to member 'controlCharacters'
 84 |             sessionID = identifier
 85 |         }

/work/Sources/RightClickCore/OriginPinnedHTTP.swift:45:19: warning: non-final class 'RedirectRejectingDelegate' cannot conform to 'Sendable'; use '@unchecked Sendable'; this is an error in the Swift 6 language mode
 43 |     }
 44 | 
 45 |     private class RedirectRejectingDelegate:
    |                   `- warning: non-final class 'RedirectRejectingDelegate' cannot conform to 'Sendable'; use '@unchecked Sendable'; this is an error in the Swift 6 language mode
 46 |         NSObject,
 47 |         URLSessionTaskDelegate

/work/Sources/RightClickCore/OriginPinnedHTTP.swift:83:21: warning: stored property 'storedData' of 'Sendable'-conforming class 'BoundedLoadDelegate' is mutable; this is an error in the Swift 6 language mode
 81 |             Int
 82 | 
 83 |         private var storedData =
    |                     `- warning: stored property 'storedData' of 'Sendable'-conforming class 'BoundedLoadDelegate' is mutable; this is an error in the Swift 6 language mode
 84 |             Data()
 85 | 
[1806/1826] Compiling RightClickCore CapabilityRuntimeDefaults.swift
/work/Sources/RightClickCore/MCPCapabilityArtifactResolver.swift:71:23: error: cannot find 'URLRequest' in scope
 69 |     }
 70 |     private func exchange(_ object: [String: Any], admit: ((_ start: () -> Void) throws -> Void)? = nil) throws -> Data {
 71 |         var request = URLRequest(url: endpoint); request.httpMethod = "POST"
    |                       `- error: cannot find 'URLRequest' in scope
 72 |         request.setValue("application/json", forHTTPHeaderField: "Content-Type")
 73 |         request.setValue("application/json, text/event-stream", forHTTPHeaderField: "Accept")

/work/Sources/RightClickCore/MCPCapabilityArtifactResolver.swift:83:84: error: cannot infer contextual base in reference to member 'controlCharacters'
 81 |         let (data, response) = try OriginPinnedHTTP.exchange(request, admitStart: admit)
 82 |         if let identifier = response.value(forHTTPHeaderField: "MCP-Session-Id") {
 83 |             guard identifier.utf8.count <= 256, identifier.rangeOfCharacter(from: .controlCharacters) == nil else { throw CapabilityABIError.invalidWire }
    |                                                                                    `- error: cannot infer contextual base in reference to member 'controlCharacters'
 84 |             sessionID = identifier
 85 |         }

/work/Sources/RightClickCore/OriginPinnedHTTP.swift:45:19: warning: non-final class 'RedirectRejectingDelegate' cannot conform to 'Sendable'; use '@unchecked Sendable'; this is an error in the Swift 6 language mode
 43 |     }
 44 | 
 45 |     private class RedirectRejectingDelegate:
    |                   `- warning: non-final class 'RedirectRejectingDelegate' cannot conform to 'Sendable'; use '@unchecked Sendable'; this is an error in the Swift 6 language mode
 46 |         NSObject,
 47 |         URLSessionTaskDelegate

/work/Sources/RightClickCore/OriginPinnedHTTP.swift:83:21: warning: stored property 'storedData' of 'Sendable'-conforming class 'BoundedLoadDelegate' is mutable; this is an error in the Swift 6 language mode
 81 |             Int
 82 | 
 83 |         private var storedData =
    |                     `- warning: stored property 'storedData' of 'Sendable'-conforming class 'BoundedLoadDelegate' is mutable; this is an error in the Swift 6 language mode
 84 |             Data()
 85 | 
[1807/1826] Compiling RightClickCore CapabilitySnapshotFreshness.swift
/work/Sources/RightClickCore/MCPCapabilityArtifactResolver.swift:71:23: error: cannot find 'URLRequest' in scope
 69 |     }
 70 |     private func exchange(_ object: [String: Any], admit: ((_ start: () -> Void) throws -> Void)? = nil) throws -> Data {
 71 |         var request = URLRequest(url: endpoint); request.httpMethod = "POST"
    |                       `- error: cannot find 'URLRequest' in scope
 72 |         request.setValue("application/json", forHTTPHeaderField: "Content-Type")
 73 |         request.setValue("application/json, text/event-stream", forHTTPHeaderField: "Accept")

/work/Sources/RightClickCore/MCPCapabilityArtifactResolver.swift:83:84: error: cannot infer contextual base in reference to member 'controlCharacters'
 81 |         let (data, response) = try OriginPinnedHTTP.exchange(request, admitStart: admit)
 82 |         if let identifier = response.value(forHTTPHeaderField: "MCP-Session-Id") {
 83 |             guard identifier.utf8.count <= 256, identifier.rangeOfCharacter(from: .controlCharacters) == nil else { throw CapabilityABIError.invalidWire }
    |                                                                                    `- error: cannot infer contextual base in reference to member 'controlCharacters'
 84 |             sessionID = identifier
 85 |         }

/work/Sources/RightClickCore/OriginPinnedHTTP.swift:45:19: warning: non-final class 'RedirectRejectingDelegate' cannot conform to 'Sendable'; use '@unchecked Sendable'; this is an error in the Swift 6 language mode
 43 |     }
 44 | 
 45 |     private class RedirectRejectingDelegate:
    |                   `- warning: non-final class 'RedirectRejectingDelegate' cannot conform to 'Sendable'; use '@unchecked Sendable'; this is an error in the Swift 6 language mode
 46 |         NSObject,
 47 |         URLSessionTaskDelegate

/work/Sources/RightClickCore/OriginPinnedHTTP.swift:83:21: warning: stored property 'storedData' of 'Sendable'-conforming class 'BoundedLoadDelegate' is mutable; this is an error in the Swift 6 language mode
 81 |             Int
 82 | 
 83 |         private var storedData =
    |                     `- warning: stored property 'storedData' of 'Sendable'-conforming class 'BoundedLoadDelegate' is mutable; this is an error in the Swift 6 language mode
 84 |             Data()
 85 | 
[1808/1826] Compiling RightClickCore ConfiguredOpenAPISource.swift
/work/Sources/RightClickCore/MCPCapabilityArtifactResolver.swift:71:23: error: cannot find 'URLRequest' in scope
 69 |     }
 70 |     private func exchange(_ object: [String: Any], admit: ((_ start: () -> Void) throws -> Void)? = nil) throws -> Data {
 71 |         var request = URLRequest(url: endpoint); request.httpMethod = "POST"
    |                       `- error: cannot find 'URLRequest' in scope
 72 |         request.setValue("application/json", forHTTPHeaderField: "Content-Type")
 73 |         request.setValue("application/json, text/event-stream", forHTTPHeaderField: "Accept")

/work/Sources/RightClickCore/MCPCapabilityArtifactResolver.swift:83:84: error: cannot infer contextual base in reference to member 'controlCharacters'
 81 |         let (data, response) = try OriginPinnedHTTP.exchange(request, admitStart: admit)
 82 |         if let identifier = response.value(forHTTPHeaderField: "MCP-Session-Id") {
 83 |             guard identifier.utf8.count <= 256, identifier.rangeOfCharacter(from: .controlCharacters) == nil else { throw CapabilityABIError.invalidWire }
    |                                                                                    `- error: cannot infer contextual base in reference to member 'controlCharacters'
 84 |             sessionID = identifier
 85 |         }

/work/Sources/RightClickCore/OriginPinnedHTTP.swift:45:19: warning: non-final class 'RedirectRejectingDelegate' cannot conform to 'Sendable'; use '@unchecked Sendable'; this is an error in the Swift 6 language mode
 43 |     }
 44 | 
 45 |     private class RedirectRejectingDelegate:
    |                   `- warning: non-final class 'RedirectRejectingDelegate' cannot conform to 'Sendable'; use '@unchecked Sendable'; this is an error in the Swift 6 language mode
 46 |         NSObject,
 47 |         URLSessionTaskDelegate

/work/Sources/RightClickCore/OriginPinnedHTTP.swift:83:21: warning: stored property 'storedData' of 'Sendable'-conforming class 'BoundedLoadDelegate' is mutable; this is an error in the Swift 6 language mode
 81 |             Int
 82 | 
 83 |         private var storedData =
    |                     `- warning: stored property 'storedData' of 'Sendable'-conforming class 'BoundedLoadDelegate' is mutable; this is an error in the Swift 6 language mode
 84 |             Data()
 85 | 
[1809/1826] Compiling RightClickCore ContentItem.swift
/work/Sources/RightClickCore/MCPCapabilityArtifactResolver.swift:71:23: error: cannot find 'URLRequest' in scope
 69 |     }
 70 |     private func exchange(_ object: [String: Any], admit: ((_ start: () -> Void) throws -> Void)? = nil) throws -> Data {
 71 |         var request = URLRequest(url: endpoint); request.httpMethod = "POST"
    |                       `- error: cannot find 'URLRequest' in scope
 72 |         request.setValue("application/json", forHTTPHeaderField: "Content-Type")
 73 |         request.setValue("application/json, text/event-stream", forHTTPHeaderField: "Accept")

/work/Sources/RightClickCore/MCPCapabilityArtifactResolver.swift:83:84: error: cannot infer contextual base in reference to member 'controlCharacters'
 81 |         let (data, response) = try OriginPinnedHTTP.exchange(request, admitStart: admit)
 82 |         if let identifier = response.value(forHTTPHeaderField: "MCP-Session-Id") {
 83 |             guard identifier.utf8.count <= 256, identifier.rangeOfCharacter(from: .controlCharacters) == nil else { throw CapabilityABIError.invalidWire }
    |                                                                                    `- error: cannot infer contextual base in reference to member 'controlCharacters'
 84 |             sessionID = identifier
 85 |         }

/work/Sources/RightClickCore/OriginPinnedHTTP.swift:45:19: warning: non-final class 'RedirectRejectingDelegate' cannot conform to 'Sendable'; use '@unchecked Sendable'; this is an error in the Swift 6 language mode
 43 |     }
 44 | 
 45 |     private class RedirectRejectingDelegate:
    |                   `- warning: non-final class 'RedirectRejectingDelegate' cannot conform to 'Sendable'; use '@unchecked Sendable'; this is an error in the Swift 6 language mode
 46 |         NSObject,
 47 |         URLSessionTaskDelegate

/work/Sources/RightClickCore/OriginPinnedHTTP.swift:83:21: warning: stored property 'storedData' of 'Sendable'-conforming class 'BoundedLoadDelegate' is mutable; this is an error in the Swift 6 language mode
 81 |             Int
 82 | 
 83 |         private var storedData =
    |                     `- warning: stored property 'storedData' of 'Sendable'-conforming class 'BoundedLoadDelegate' is mutable; this is an error in the Swift 6 language mode
 84 |             Data()
 85 | 
[1810/1826] Compiling RightClickCore GRPCReflectionTransport.swift
/work/Sources/RightClickCore/MCPCapabilityArtifactResolver.swift:71:23: error: cannot find 'URLRequest' in scope
 69 |     }
 70 |     private func exchange(_ object: [String: Any], admit: ((_ start: () -> Void) throws -> Void)? = nil) throws -> Data {
 71 |         var request = URLRequest(url: endpoint); request.httpMethod = "POST"
    |                       `- error: cannot find 'URLRequest' in scope
 72 |         request.setValue("application/json", forHTTPHeaderField: "Content-Type")
 73 |         request.setValue("application/json, text/event-stream", forHTTPHeaderField: "Accept")

/work/Sources/RightClickCore/MCPCapabilityArtifactResolver.swift:83:84: error: cannot infer contextual base in reference to member 'controlCharacters'
 81 |         let (data, response) = try OriginPinnedHTTP.exchange(request, admitStart: admit)
 82 |         if let identifier = response.value(forHTTPHeaderField: "MCP-Session-Id") {
 83 |             guard identifier.utf8.count <= 256, identifier.rangeOfCharacter(from: .controlCharacters) == nil else { throw CapabilityABIError.invalidWire }
    |                                                                                    `- error: cannot infer contextual base in reference to member 'controlCharacters'
 84 |             sessionID = identifier
 85 |         }

/work/Sources/RightClickCore/OriginPinnedHTTP.swift:45:19: warning: non-final class 'RedirectRejectingDelegate' cannot conform to 'Sendable'; use '@unchecked Sendable'; this is an error in the Swift 6 language mode
 43 |     }
 44 | 
 45 |     private class RedirectRejectingDelegate:
    |                   `- warning: non-final class 'RedirectRejectingDelegate' cannot conform to 'Sendable'; use '@unchecked Sendable'; this is an error in the Swift 6 language mode
 46 |         NSObject,
 47 |         URLSessionTaskDelegate

/work/Sources/RightClickCore/OriginPinnedHTTP.swift:83:21: warning: stored property 'storedData' of 'Sendable'-conforming class 'BoundedLoadDelegate' is mutable; this is an error in the Swift 6 language mode
 81 |             Int
 82 | 
 83 |         private var storedData =
    |                     `- warning: stored property 'storedData' of 'Sendable'-conforming class 'BoundedLoadDelegate' is mutable; this is an error in the Swift 6 language mode
 84 |             Data()
 85 | 
[1811/1826] Compiling RightClickCore GRPCReflector.swift
/work/Sources/RightClickCore/MCPCapabilityArtifactResolver.swift:71:23: error: cannot find 'URLRequest' in scope
 69 |     }
 70 |     private func exchange(_ object: [String: Any], admit: ((_ start: () -> Void) throws -> Void)? = nil) throws -> Data {
 71 |         var request = URLRequest(url: endpoint); request.httpMethod = "POST"
    |                       `- error: cannot find 'URLRequest' in scope
 72 |         request.setValue("application/json", forHTTPHeaderField: "Content-Type")
 73 |         request.setValue("application/json, text/event-stream", forHTTPHeaderField: "Accept")

/work/Sources/RightClickCore/MCPCapabilityArtifactResolver.swift:83:84: error: cannot infer contextual base in reference to member 'controlCharacters'
 81 |         let (data, response) = try OriginPinnedHTTP.exchange(request, admitStart: admit)
 82 |         if let identifier = response.value(forHTTPHeaderField: "MCP-Session-Id") {
 83 |             guard identifier.utf8.count <= 256, identifier.rangeOfCharacter(from: .controlCharacters) == nil else { throw CapabilityABIError.invalidWire }
    |                                                                                    `- error: cannot infer contextual base in reference to member 'controlCharacters'
 84 |             sessionID = identifier
 85 |         }

/work/Sources/RightClickCore/OriginPinnedHTTP.swift:45:19: warning: non-final class 'RedirectRejectingDelegate' cannot conform to 'Sendable'; use '@unchecked Sendable'; this is an error in the Swift 6 language mode
 43 |     }
 44 | 
 45 |     private class RedirectRejectingDelegate:
    |                   `- warning: non-final class 'RedirectRejectingDelegate' cannot conform to 'Sendable'; use '@unchecked Sendable'; this is an error in the Swift 6 language mode
 46 |         NSObject,
 47 |         URLSessionTaskDelegate

/work/Sources/RightClickCore/OriginPinnedHTTP.swift:83:21: warning: stored property 'storedData' of 'Sendable'-conforming class 'BoundedLoadDelegate' is mutable; this is an error in the Swift 6 language mode
 81 |             Int
 82 | 
 83 |         private var storedData =
    |                     `- warning: stored property 'storedData' of 'Sendable'-conforming class 'BoundedLoadDelegate' is mutable; this is an error in the Swift 6 language mode
 84 |             Data()
 85 | 
[1812/1826] Compiling RightClickCore GRPCWireCodec.swift
/work/Sources/RightClickCore/MCPCapabilityArtifactResolver.swift:71:23: error: cannot find 'URLRequest' in scope
 69 |     }
 70 |     private func exchange(_ object: [String: Any], admit: ((_ start: () -> Void) throws -> Void)? = nil) throws -> Data {
 71 |         var request = URLRequest(url: endpoint); request.httpMethod = "POST"
    |                       `- error: cannot find 'URLRequest' in scope
 72 |         request.setValue("application/json", forHTTPHeaderField: "Content-Type")
 73 |         request.setValue("application/json, text/event-stream", forHTTPHeaderField: "Accept")

/work/Sources/RightClickCore/MCPCapabilityArtifactResolver.swift:83:84: error: cannot infer contextual base in reference to member 'controlCharacters'
 81 |         let (data, response) = try OriginPinnedHTTP.exchange(request, admitStart: admit)
 82 |         if let identifier = response.value(forHTTPHeaderField: "MCP-Session-Id") {
 83 |             guard identifier.utf8.count <= 256, identifier.rangeOfCharacter(from: .controlCharacters) == nil else { throw CapabilityABIError.invalidWire }
    |                                                                                    `- error: cannot infer contextual base in reference to member 'controlCharacters'
 84 |             sessionID = identifier
 85 |         }

/work/Sources/RightClickCore/OriginPinnedHTTP.swift:45:19: warning: non-final class 'RedirectRejectingDelegate' cannot conform to 'Sendable'; use '@unchecked Sendable'; this is an error in the Swift 6 language mode
 43 |     }
 44 | 
 45 |     private class RedirectRejectingDelegate:
    |                   `- warning: non-final class 'RedirectRejectingDelegate' cannot conform to 'Sendable'; use '@unchecked Sendable'; this is an error in the Swift 6 language mode
 46 |         NSObject,
 47 |         URLSessionTaskDelegate

/work/Sources/RightClickCore/OriginPinnedHTTP.swift:83:21: warning: stored property 'storedData' of 'Sendable'-conforming class 'BoundedLoadDelegate' is mutable; this is an error in the Swift 6 language mode
 81 |             Int
 82 | 
 83 |         private var storedData =
    |                     `- warning: stored property 'storedData' of 'Sendable'-conforming class 'BoundedLoadDelegate' is mutable; this is an error in the Swift 6 language mode
 84 |             Data()
 85 | 
[1813/1826] Compiling RightClickCore GraphQLHTTP.swift
/work/Sources/RightClickCore/MCPCapabilityArtifactResolver.swift:71:23: error: cannot find 'URLRequest' in scope
 69 |     }
 70 |     private func exchange(_ object: [String: Any], admit: ((_ start: () -> Void) throws -> Void)? = nil) throws -> Data {
 71 |         var request = URLRequest(url: endpoint); request.httpMethod = "POST"
    |                       `- error: cannot find 'URLRequest' in scope
 72 |         request.setValue("application/json", forHTTPHeaderField: "Content-Type")
 73 |         request.setValue("application/json, text/event-stream", forHTTPHeaderField: "Accept")

/work/Sources/RightClickCore/MCPCapabilityArtifactResolver.swift:83:84: error: cannot infer contextual base in reference to member 'controlCharacters'
 81 |         let (data, response) = try OriginPinnedHTTP.exchange(request, admitStart: admit)
 82 |         if let identifier = response.value(forHTTPHeaderField: "MCP-Session-Id") {
 83 |             guard identifier.utf8.count <= 256, identifier.rangeOfCharacter(from: .controlCharacters) == nil else { throw CapabilityABIError.invalidWire }
    |                                                                                    `- error: cannot infer contextual base in reference to member 'controlCharacters'
 84 |             sessionID = identifier
 85 |         }

/work/Sources/RightClickCore/OriginPinnedHTTP.swift:45:19: warning: non-final class 'RedirectRejectingDelegate' cannot conform to 'Sendable'; use '@unchecked Sendable'; this is an error in the Swift 6 language mode
 43 |     }
 44 | 
 45 |     private class RedirectRejectingDelegate:
    |                   `- warning: non-final class 'RedirectRejectingDelegate' cannot conform to 'Sendable'; use '@unchecked Sendable'; this is an error in the Swift 6 language mode
 46 |         NSObject,
 47 |         URLSessionTaskDelegate

/work/Sources/RightClickCore/OriginPinnedHTTP.swift:83:21: warning: stored property 'storedData' of 'Sendable'-conforming class 'BoundedLoadDelegate' is mutable; this is an error in the Swift 6 language mode
 81 |             Int
 82 | 
 83 |         private var storedData =
    |                     `- warning: stored property 'storedData' of 'Sendable'-conforming class 'BoundedLoadDelegate' is mutable; this is an error in the Swift 6 language mode
 84 |             Data()
 85 | 
[1814/1826] Compiling RightClickCore GraphQLReflector.swift
/work/Sources/RightClickCore/MCPCapabilityArtifactResolver.swift:71:23: error: cannot find 'URLRequest' in scope
 69 |     }
 70 |     private func exchange(_ object: [String: Any], admit: ((_ start: () -> Void) throws -> Void)? = nil) throws -> Data {
 71 |         var request = URLRequest(url: endpoint); request.httpMethod = "POST"
    |                       `- error: cannot find 'URLRequest' in scope
 72 |         request.setValue("application/json", forHTTPHeaderField: "Content-Type")
 73 |         request.setValue("application/json, text/event-stream", forHTTPHeaderField: "Accept")

/work/Sources/RightClickCore/MCPCapabilityArtifactResolver.swift:83:84: error: cannot infer contextual base in reference to member 'controlCharacters'
 81 |         let (data, response) = try OriginPinnedHTTP.exchange(request, admitStart: admit)
 82 |         if let identifier = response.value(forHTTPHeaderField: "MCP-Session-Id") {
 83 |             guard identifier.utf8.count <= 256, identifier.rangeOfCharacter(from: .controlCharacters) == nil else { throw CapabilityABIError.invalidWire }
    |                                                                                    `- error: cannot infer contextual base in reference to member 'controlCharacters'
 84 |             sessionID = identifier
 85 |         }

/work/Sources/RightClickCore/OriginPinnedHTTP.swift:45:19: warning: non-final class 'RedirectRejectingDelegate' cannot conform to 'Sendable'; use '@unchecked Sendable'; this is an error in the Swift 6 language mode
 43 |     }
 44 | 
 45 |     private class RedirectRejectingDelegate:
    |                   `- warning: non-final class 'RedirectRejectingDelegate' cannot conform to 'Sendable'; use '@unchecked Sendable'; this is an error in the Swift 6 language mode
 46 |         NSObject,
 47 |         URLSessionTaskDelegate

/work/Sources/RightClickCore/OriginPinnedHTTP.swift:83:21: warning: stored property 'storedData' of 'Sendable'-conforming class 'BoundedLoadDelegate' is mutable; this is an error in the Swift 6 language mode
 81 |             Int
 82 | 
 83 |         private var storedData =
    |                     `- warning: stored property 'storedData' of 'Sendable'-conforming class 'BoundedLoadDelegate' is mutable; this is an error in the Swift 6 language mode
 84 |             Data()
 85 | 
[1815/1826] Compiling RightClickCore KafkaCapabilityArtifactResolver.swift
/work/Sources/RightClickCore/MCPCapabilityArtifactResolver.swift:71:23: error: cannot find 'URLRequest' in scope
 69 |     }
 70 |     private func exchange(_ object: [String: Any], admit: ((_ start: () -> Void) throws -> Void)? = nil) throws -> Data {
 71 |         var request = URLRequest(url: endpoint); request.httpMethod = "POST"
    |                       `- error: cannot find 'URLRequest' in scope
 72 |         request.setValue("application/json", forHTTPHeaderField: "Content-Type")
 73 |         request.setValue("application/json, text/event-stream", forHTTPHeaderField: "Accept")

/work/Sources/RightClickCore/MCPCapabilityArtifactResolver.swift:83:84: error: cannot infer contextual base in reference to member 'controlCharacters'
 81 |         let (data, response) = try OriginPinnedHTTP.exchange(request, admitStart: admit)
 82 |         if let identifier = response.value(forHTTPHeaderField: "MCP-Session-Id") {
 83 |             guard identifier.utf8.count <= 256, identifier.rangeOfCharacter(from: .controlCharacters) == nil else { throw CapabilityABIError.invalidWire }
    |                                                                                    `- error: cannot infer contextual base in reference to member 'controlCharacters'
 84 |             sessionID = identifier
 85 |         }

/work/Sources/RightClickCore/OriginPinnedHTTP.swift:45:19: warning: non-final class 'RedirectRejectingDelegate' cannot conform to 'Sendable'; use '@unchecked Sendable'; this is an error in the Swift 6 language mode
 43 |     }
 44 | 
 45 |     private class RedirectRejectingDelegate:
    |                   `- warning: non-final class 'RedirectRejectingDelegate' cannot conform to 'Sendable'; use '@unchecked Sendable'; this is an error in the Swift 6 language mode
 46 |         NSObject,
 47 |         URLSessionTaskDelegate

/work/Sources/RightClickCore/OriginPinnedHTTP.swift:83:21: warning: stored property 'storedData' of 'Sendable'-conforming class 'BoundedLoadDelegate' is mutable; this is an error in the Swift 6 language mode
 81 |             Int
 82 | 
 83 |         private var storedData =
    |                     `- warning: stored property 'storedData' of 'Sendable'-conforming class 'BoundedLoadDelegate' is mutable; this is an error in the Swift 6 language mode
 84 |             Data()
 85 | 
[1816/1826] Compiling RightClickCore KubernetesCapabilityArtifactResolver.swift
/work/Sources/RightClickCore/MCPCapabilityArtifactResolver.swift:71:23: error: cannot find 'URLRequest' in scope
 69 |     }
 70 |     private func exchange(_ object: [String: Any], admit: ((_ start: () -> Void) throws -> Void)? = nil) throws -> Data {
 71 |         var request = URLRequest(url: endpoint); request.httpMethod = "POST"
    |                       `- error: cannot find 'URLRequest' in scope
 72 |         request.setValue("application/json", forHTTPHeaderField: "Content-Type")
 73 |         request.setValue("application/json, text/event-stream", forHTTPHeaderField: "Accept")

/work/Sources/RightClickCore/MCPCapabilityArtifactResolver.swift:83:84: error: cannot infer contextual base in reference to member 'controlCharacters'
 81 |         let (data, response) = try OriginPinnedHTTP.exchange(request, admitStart: admit)
 82 |         if let identifier = response.value(forHTTPHeaderField: "MCP-Session-Id") {
 83 |             guard identifier.utf8.count <= 256, identifier.rangeOfCharacter(from: .controlCharacters) == nil else { throw CapabilityABIError.invalidWire }
    |                                                                                    `- error: cannot infer contextual base in reference to member 'controlCharacters'
 84 |             sessionID = identifier
 85 |         }

/work/Sources/RightClickCore/OriginPinnedHTTP.swift:45:19: warning: non-final class 'RedirectRejectingDelegate' cannot conform to 'Sendable'; use '@unchecked Sendable'; this is an error in the Swift 6 language mode
 43 |     }
 44 | 
 45 |     private class RedirectRejectingDelegate:
    |                   `- warning: non-final class 'RedirectRejectingDelegate' cannot conform to 'Sendable'; use '@unchecked Sendable'; this is an error in the Swift 6 language mode
 46 |         NSObject,
 47 |         URLSessionTaskDelegate

/work/Sources/RightClickCore/OriginPinnedHTTP.swift:83:21: warning: stored property 'storedData' of 'Sendable'-conforming class 'BoundedLoadDelegate' is mutable; this is an error in the Swift 6 language mode
 81 |             Int
 82 | 
 83 |         private var storedData =
    |                     `- warning: stored property 'storedData' of 'Sendable'-conforming class 'BoundedLoadDelegate' is mutable; this is an error in the Swift 6 language mode
 84 |             Data()
 85 | 
[1817/1826] Compiling RightClickCore MCPCapabilityArtifactResolver.swift
/work/Sources/RightClickCore/MCPCapabilityArtifactResolver.swift:71:23: error: cannot find 'URLRequest' in scope
 69 |     }
 70 |     private func exchange(_ object: [String: Any], admit: ((_ start: () -> Void) throws -> Void)? = nil) throws -> Data {
 71 |         var request = URLRequest(url: endpoint); request.httpMethod = "POST"
    |                       `- error: cannot find 'URLRequest' in scope
 72 |         request.setValue("application/json", forHTTPHeaderField: "Content-Type")
 73 |         request.setValue("application/json, text/event-stream", forHTTPHeaderField: "Accept")

/work/Sources/RightClickCore/MCPCapabilityArtifactResolver.swift:83:84: error: cannot infer contextual base in reference to member 'controlCharacters'
 81 |         let (data, response) = try OriginPinnedHTTP.exchange(request, admitStart: admit)
 82 |         if let identifier = response.value(forHTTPHeaderField: "MCP-Session-Id") {
 83 |             guard identifier.utf8.count <= 256, identifier.rangeOfCharacter(from: .controlCharacters) == nil else { throw CapabilityABIError.invalidWire }
    |                                                                                    `- error: cannot infer contextual base in reference to member 'controlCharacters'
 84 |             sessionID = identifier
 85 |         }

/work/Sources/RightClickCore/OriginPinnedHTTP.swift:45:19: warning: non-final class 'RedirectRejectingDelegate' cannot conform to 'Sendable'; use '@unchecked Sendable'; this is an error in the Swift 6 language mode
 43 |     }
 44 | 
 45 |     private class RedirectRejectingDelegate:
    |                   `- warning: non-final class 'RedirectRejectingDelegate' cannot conform to 'Sendable'; use '@unchecked Sendable'; this is an error in the Swift 6 language mode
 46 |         NSObject,
 47 |         URLSessionTaskDelegate

/work/Sources/RightClickCore/OriginPinnedHTTP.swift:83:21: warning: stored property 'storedData' of 'Sendable'-conforming class 'BoundedLoadDelegate' is mutable; this is an error in the Swift 6 language mode
 81 |             Int
 82 | 
 83 |         private var storedData =
    |                     `- warning: stored property 'storedData' of 'Sendable'-conforming class 'BoundedLoadDelegate' is mutable; this is an error in the Swift 6 language mode
 84 |             Data()
 85 | 
[1818/1826] Compiling RightClickCore OAuthOIDCAuthority.swift
/work/Sources/RightClickCore/MCPCapabilityArtifactResolver.swift:71:23: error: cannot find 'URLRequest' in scope
 69 |     }
 70 |     private func exchange(_ object: [String: Any], admit: ((_ start: () -> Void) throws -> Void)? = nil) throws -> Data {
 71 |         var request = URLRequest(url: endpoint); request.httpMethod = "POST"
    |                       `- error: cannot find 'URLRequest' in scope
 72 |         request.setValue("application/json", forHTTPHeaderField: "Content-Type")
 73 |         request.setValue("application/json, text/event-stream", forHTTPHeaderField: "Accept")

/work/Sources/RightClickCore/MCPCapabilityArtifactResolver.swift:83:84: error: cannot infer contextual base in reference to member 'controlCharacters'
 81 |         let (data, response) = try OriginPinnedHTTP.exchange(request, admitStart: admit)
 82 |         if let identifier = response.value(forHTTPHeaderField: "MCP-Session-Id") {
 83 |             guard identifier.utf8.count <= 256, identifier.rangeOfCharacter(from: .controlCharacters) == nil else { throw CapabilityABIError.invalidWire }
    |                                                                                    `- error: cannot infer contextual base in reference to member 'controlCharacters'
 84 |             sessionID = identifier
 85 |         }

/work/Sources/RightClickCore/OriginPinnedHTTP.swift:45:19: warning: non-final class 'RedirectRejectingDelegate' cannot conform to 'Sendable'; use '@unchecked Sendable'; this is an error in the Swift 6 language mode
 43 |     }
 44 | 
 45 |     private class RedirectRejectingDelegate:
    |                   `- warning: non-final class 'RedirectRejectingDelegate' cannot conform to 'Sendable'; use '@unchecked Sendable'; this is an error in the Swift 6 language mode
 46 |         NSObject,
 47 |         URLSessionTaskDelegate

/work/Sources/RightClickCore/OriginPinnedHTTP.swift:83:21: warning: stored property 'storedData' of 'Sendable'-conforming class 'BoundedLoadDelegate' is mutable; this is an error in the Swift 6 language mode
 81 |             Int
 82 | 
 83 |         private var storedData =
    |                     `- warning: stored property 'storedData' of 'Sendable'-conforming class 'BoundedLoadDelegate' is mutable; this is an error in the Swift 6 language mode
 84 |             Data()
 85 | 
[1819/1826] Compiling RightClickCore OpenAPIAuthority.swift
/work/Sources/RightClickCore/MCPCapabilityArtifactResolver.swift:71:23: error: cannot find 'URLRequest' in scope
 69 |     }
 70 |     private func exchange(_ object: [String: Any], admit: ((_ start: () -> Void) throws -> Void)? = nil) throws -> Data {
 71 |         var request = URLRequest(url: endpoint); request.httpMethod = "POST"
    |                       `- error: cannot find 'URLRequest' in scope
 72 |         request.setValue("application/json", forHTTPHeaderField: "Content-Type")
 73 |         request.setValue("application/json, text/event-stream", forHTTPHeaderField: "Accept")

/work/Sources/RightClickCore/MCPCapabilityArtifactResolver.swift:83:84: error: cannot infer contextual base in reference to member 'controlCharacters'
 81 |         let (data, response) = try OriginPinnedHTTP.exchange(request, admitStart: admit)
 82 |         if let identifier = response.value(forHTTPHeaderField: "MCP-Session-Id") {
 83 |             guard identifier.utf8.count <= 256, identifier.rangeOfCharacter(from: .controlCharacters) == nil else { throw CapabilityABIError.invalidWire }
    |                                                                                    `- error: cannot infer contextual base in reference to member 'controlCharacters'
 84 |             sessionID = identifier
 85 |         }

/work/Sources/RightClickCore/OriginPinnedHTTP.swift:45:19: warning: non-final class 'RedirectRejectingDelegate' cannot conform to 'Sendable'; use '@unchecked Sendable'; this is an error in the Swift 6 language mode
 43 |     }
 44 | 
 45 |     private class RedirectRejectingDelegate:
    |                   `- warning: non-final class 'RedirectRejectingDelegate' cannot conform to 'Sendable'; use '@unchecked Sendable'; this is an error in the Swift 6 language mode
 46 |         NSObject,
 47 |         URLSessionTaskDelegate

/work/Sources/RightClickCore/OriginPinnedHTTP.swift:83:21: warning: stored property 'storedData' of 'Sendable'-conforming class 'BoundedLoadDelegate' is mutable; this is an error in the Swift 6 language mode
 81 |             Int
 82 | 
 83 |         private var storedData =
    |                     `- warning: stored property 'storedData' of 'Sendable'-conforming class 'BoundedLoadDelegate' is mutable; this is an error in the Swift 6 language mode
 84 |             Data()
 85 | 
[1820/1826] Compiling RightClickCore OpenAPIReflector.swift
/work/Sources/RightClickCore/MCPCapabilityArtifactResolver.swift:71:23: error: cannot find 'URLRequest' in scope
 69 |     }
 70 |     private func exchange(_ object: [String: Any], admit: ((_ start: () -> Void) throws -> Void)? = nil) throws -> Data {
 71 |         var request = URLRequest(url: endpoint); request.httpMethod = "POST"
    |                       `- error: cannot find 'URLRequest' in scope
 72 |         request.setValue("application/json", forHTTPHeaderField: "Content-Type")
 73 |         request.setValue("application/json, text/event-stream", forHTTPHeaderField: "Accept")

/work/Sources/RightClickCore/MCPCapabilityArtifactResolver.swift:83:84: error: cannot infer contextual base in reference to member 'controlCharacters'
 81 |         let (data, response) = try OriginPinnedHTTP.exchange(request, admitStart: admit)
 82 |         if let identifier = response.value(forHTTPHeaderField: "MCP-Session-Id") {
 83 |             guard identifier.utf8.count <= 256, identifier.rangeOfCharacter(from: .controlCharacters) == nil else { throw CapabilityABIError.invalidWire }
    |                                                                                    `- error: cannot infer contextual base in reference to member 'controlCharacters'
 84 |             sessionID = identifier
 85 |         }

/work/Sources/RightClickCore/OriginPinnedHTTP.swift:45:19: warning: non-final class 'RedirectRejectingDelegate' cannot conform to 'Sendable'; use '@unchecked Sendable'; this is an error in the Swift 6 language mode
 43 |     }
 44 | 
 45 |     private class RedirectRejectingDelegate:
    |                   `- warning: non-final class 'RedirectRejectingDelegate' cannot conform to 'Sendable'; use '@unchecked Sendable'; this is an error in the Swift 6 language mode
 46 |         NSObject,
 47 |         URLSessionTaskDelegate

/work/Sources/RightClickCore/OriginPinnedHTTP.swift:83:21: warning: stored property 'storedData' of 'Sendable'-conforming class 'BoundedLoadDelegate' is mutable; this is an error in the Swift 6 language mode
 81 |             Int
 82 | 
 83 |         private var storedData =
    |                     `- warning: stored property 'storedData' of 'Sendable'-conforming class 'BoundedLoadDelegate' is mutable; this is an error in the Swift 6 language mode
 84 |             Data()
 85 | 
[1821/1826] Compiling RightClickCore OriginPinnedHTTP.swift
/work/Sources/RightClickCore/MCPCapabilityArtifactResolver.swift:71:23: error: cannot find 'URLRequest' in scope
 69 |     }
 70 |     private func exchange(_ object: [String: Any], admit: ((_ start: () -> Void) throws -> Void)? = nil) throws -> Data {
 71 |         var request = URLRequest(url: endpoint); request.httpMethod = "POST"
    |                       `- error: cannot find 'URLRequest' in scope
 72 |         request.setValue("application/json", forHTTPHeaderField: "Content-Type")
 73 |         request.setValue("application/json, text/event-stream", forHTTPHeaderField: "Accept")

/work/Sources/RightClickCore/MCPCapabilityArtifactResolver.swift:83:84: error: cannot infer contextual base in reference to member 'controlCharacters'
 81 |         let (data, response) = try OriginPinnedHTTP.exchange(request, admitStart: admit)
 82 |         if let identifier = response.value(forHTTPHeaderField: "MCP-Session-Id") {
 83 |             guard identifier.utf8.count <= 256, identifier.rangeOfCharacter(from: .controlCharacters) == nil else { throw CapabilityABIError.invalidWire }
    |                                                                                    `- error: cannot infer contextual base in reference to member 'controlCharacters'
 84 |             sessionID = identifier
 85 |         }

/work/Sources/RightClickCore/OriginPinnedHTTP.swift:45:19: warning: non-final class 'RedirectRejectingDelegate' cannot conform to 'Sendable'; use '@unchecked Sendable'; this is an error in the Swift 6 language mode
 43 |     }
 44 | 
 45 |     private class RedirectRejectingDelegate:
    |                   `- warning: non-final class 'RedirectRejectingDelegate' cannot conform to 'Sendable'; use '@unchecked Sendable'; this is an error in the Swift 6 language mode
 46 |         NSObject,
 47 |         URLSessionTaskDelegate

/work/Sources/RightClickCore/OriginPinnedHTTP.swift:83:21: warning: stored property 'storedData' of 'Sendable'-conforming class 'BoundedLoadDelegate' is mutable; this is an error in the Swift 6 language mode
 81 |             Int
 82 | 
 83 |         private var storedData =
    |                     `- warning: stored property 'storedData' of 'Sendable'-conforming class 'BoundedLoadDelegate' is mutable; this is an error in the Swift 6 language mode
 84 |             Data()
 85 | 
