2026-10-07T15:57:14.2986869Z Current runner version: '2.337.0'
2026-10-07T15:57:14.3011024Z ##[group]Runner Image Provisioner
2026-10-07T15:57:14.3012062Z Hosted Compute Agent
2026-10-07T15:57:14.3012699Z Version: 20260901.588
2026-10-07T15:57:14.3013387Z Commit: f88ec8081b781fac6c440065ac7ff9e710ce3d0b
2026-10-07T15:57:14.3014146Z Build Date: 2026-09-01T19:56:44Z
2026-10-07T15:57:14.3014846Z Worker ID: {02dd81ad-1389-4bed-b3d0-990d7ac55559}
2026-10-07T15:57:14.3015654Z Azure Region: northcentralus
2026-10-07T15:57:14.3016277Z ##[endgroup]
2026-10-07T15:57:14.3017679Z ##[group]Operating System
2026-10-07T15:57:14.3018417Z Ubuntu
2026-10-07T15:57:14.3019169Z 24.04.5
2026-10-07T15:57:14.3019840Z LTS
2026-10-07T15:57:14.3020368Z ##[endgroup]
2026-10-07T15:57:14.3020906Z ##[group]Runner Image
2026-10-07T15:57:14.3021583Z Image: ubuntu-24.04
2026-10-07T15:57:14.3022159Z Version: 20260927.320.1
2026-10-07T15:57:14.3023485Z Included Software: https://github.com/actions/runner-images/blob/ubuntu24/20260927.320/images/ubuntu/Ubuntu2404-Readme.md
2026-10-07T15:57:14.3025027Z Image Release: https://github.com/actions/runner-images/releases/tag/ubuntu24%2F20260927.320
2026-10-07T15:57:14.3026075Z ##[endgroup]
2026-10-07T15:57:14.3027164Z ##[group]GITHUB_TOKEN Permissions
2026-10-07T15:57:14.3029398Z Contents: read
2026-10-07T15:57:14.3030007Z Metadata: read
2026-10-07T15:57:14.3030640Z ##[endgroup]
2026-10-07T15:57:14.3032688Z Secret source: Actions
2026-10-07T15:57:14.3033751Z Cache mode: write
2026-10-07T15:57:14.3034455Z Prepare workflow directory
2026-10-07T15:57:14.3583989Z Prepare all required actions
2026-10-07T15:57:14.3654615Z Getting action download info
2026-10-07T15:57:14.5933744Z Download action repository 'actions/checkout@de0fac2e4500dabe0009e67214ff5f5447ce83dd' (SHA:de0fac2e4500dabe0009e67214ff5f5447ce83dd)
2026-10-07T15:57:14.7935477Z Complete job name: linux
2026-10-07T15:57:14.8474386Z ##[group]Checking docker version
2026-10-07T15:57:14.8487456Z ##[command]/usr/bin/docker version --format '{{.Server.APIVersion}}'
2026-10-07T15:57:14.9576253Z '1.48'
2026-10-07T15:57:14.9595669Z Docker daemon API version: '1.48'
2026-10-07T15:57:14.9596482Z ##[command]/usr/bin/docker version --format '{{.Client.APIVersion}}'
2026-10-07T15:57:14.9763760Z '1.48'
2026-10-07T15:57:14.9777740Z Docker client API version: '1.48'
2026-10-07T15:57:14.9783389Z ##[endgroup]
2026-10-07T15:57:14.9786935Z ##[group]Clean up resources from previous jobs
2026-10-07T15:57:14.9792940Z ##[command]/usr/bin/docker ps --all --quiet --no-trunc --filter "label=3da24a"
2026-10-07T15:57:14.9938334Z ##[command]/usr/bin/docker network prune --force --filter "label=3da24a"
2026-10-07T15:57:15.0067320Z ##[endgroup]
2026-10-07T15:57:15.0067856Z ##[group]Create local container network
2026-10-07T15:57:15.0077555Z ##[command]/usr/bin/docker network create --label 3da24a github_network_2f17ba99d9844e50bb20ddeaaf547465
2026-10-07T15:57:15.0637068Z 595f3395153f431a6662a4b14760bc273338e058cb89663944409554ce1eca99
2026-10-07T15:57:15.0658557Z ##[endgroup]
2026-10-07T15:57:15.0683659Z ##[group]Starting job container
2026-10-07T15:57:15.0705016Z ##[command]/usr/bin/docker pull swift:6.2
2026-10-07T15:57:15.4934047Z 6.2: Pulling from library/swift
2026-10-07T15:57:15.6224511Z a60ef8ec184e: Pulling fs layer
2026-10-07T15:57:15.6225927Z a216b873ccfb: Pulling fs layer
2026-10-07T15:57:15.6226935Z c52694f1956e: Pulling fs layer
2026-10-07T15:57:15.6228065Z 6fd02838be31: Pulling fs layer
2026-10-07T15:57:15.6229132Z 6fd02838be31: Waiting
2026-10-07T15:57:15.8007734Z a60ef8ec184e: Verifying Checksum
2026-10-07T15:57:15.8010981Z a60ef8ec184e: Download complete
2026-10-07T15:57:15.9009579Z 6fd02838be31: Verifying Checksum
2026-10-07T15:57:15.9022616Z 6fd02838be31: Download complete
2026-10-07T15:57:16.2074997Z a216b873ccfb: Verifying Checksum
2026-10-07T15:57:16.2080328Z a216b873ccfb: Download complete
2026-10-07T15:57:17.2587503Z a60ef8ec184e: Pull complete
2026-10-07T15:57:19.1211716Z c52694f1956e: Verifying Checksum
2026-10-07T15:57:19.1212957Z c52694f1956e: Download complete
2026-10-07T15:57:23.9248540Z a216b873ccfb: Pull complete
2026-10-07T15:57:41.3827529Z c52694f1956e: Pull complete
2026-10-07T15:57:41.3916806Z 6fd02838be31: Pull complete
2026-10-07T15:57:41.3956142Z Digest: sha256:eccc7a97f9b9881d9659e2e788081fd7675f86d39793b51200bfb178398b3784
2026-10-07T15:57:41.3967572Z Status: Downloaded newer image for swift:6.2
2026-10-07T15:57:41.3979636Z docker.io/library/swift:6.2
2026-10-07T15:57:41.4083601Z ##[command]/usr/bin/docker create --name f00bdbf9b5de40e6a2e0b5348e0ed1ea_swift62_c65235 --label 3da24a --workdir /__w/rightclick/rightclick --network github_network_2f17ba99d9844e50bb20ddeaaf547465  -e "HOME=/github/home" -e GITHUB_ACTIONS=true -e CI=true -v "/var/run/docker.sock":"/var/run/docker.sock" -v "/home/runner/work":"/__w" -v "/home/runner/actions-runner/cached/2.337.0/externals":"/__e":ro -v "/home/runner/work/_temp":"/__w/_temp" -v "/home/runner/work/_actions":"/__w/_actions" -v "/opt/hostedtoolcache":"/__t" -v "/home/runner/work/_temp/_github_home":"/github/home" -v "/home/runner/work/_temp/_github_workflow":"/github/workflow" --entrypoint "tail" swift:6.2 "-f" "/dev/null"
2026-10-07T15:57:41.4375373Z dde7c0755823d7e05195b302f209c7ab245516add05d04aa3f2f83ea4ec38a86
2026-10-07T15:57:41.4409332Z ##[command]/usr/bin/docker start dde7c0755823d7e05195b302f209c7ab245516add05d04aa3f2f83ea4ec38a86
2026-10-07T15:57:41.6370270Z dde7c0755823d7e05195b302f209c7ab245516add05d04aa3f2f83ea4ec38a86
2026-10-07T15:57:41.6387784Z ##[command]/usr/bin/docker ps --all --filter id=dde7c0755823d7e05195b302f209c7ab245516add05d04aa3f2f83ea4ec38a86 --filter status=running --no-trunc --format "{{.ID}} {{.Status}}"
2026-10-07T15:57:41.6503659Z dde7c0755823d7e05195b302f209c7ab245516add05d04aa3f2f83ea4ec38a86 Up Less than a second
2026-10-07T15:57:41.6523603Z ##[command]/usr/bin/docker inspect --format "{{range .Config.Env}}{{println .}}{{end}}" dde7c0755823d7e05195b302f209c7ab245516add05d04aa3f2f83ea4ec38a86
2026-10-07T15:57:41.6674538Z HOME=/github/home
2026-10-07T15:57:41.6675390Z GITHUB_ACTIONS=true
2026-10-07T15:57:41.6685432Z CI=true
2026-10-07T15:57:41.6686906Z PATH=/usr/local/sbin:/usr/local/bin:/usr/sbin:/usr/bin:/sbin:/bin
2026-10-07T15:57:41.6689438Z SWIFT_SIGNING_KEY=52BB7E3DE28A71BE22EC05FFEF80A866B47A981F
2026-10-07T15:57:41.6690145Z SWIFT_PLATFORM=ubuntu24.04
2026-10-07T15:57:41.6690599Z SWIFT_BRANCH=swift-6.2.4-release
2026-10-07T15:57:41.6691103Z SWIFT_VERSION=swift-6.2.4-RELEASE
2026-10-07T15:57:41.6691769Z SWIFT_WEBROOT=https://download.swift.org
2026-10-07T15:57:41.6699763Z ##[endgroup]
2026-10-07T15:57:41.6708537Z ##[group]Waiting for all services to be ready
2026-10-07T15:57:41.6710635Z ##[endgroup]
2026-10-07T15:57:41.7031769Z ##[group]Run actions/checkout@de0fac2e4500dabe0009e67214ff5f5447ce83dd
2026-10-07T15:57:41.7032489Z with:
2026-10-07T15:57:41.7032733Z   ref: 1c1940c08733630837d470e574ff77a964d2a79a
2026-10-07T15:57:41.7033063Z   repository: rossbuckley1990-hash/rightclick
2026-10-07T15:57:41.7035678Z   token: ***
2026-10-07T15:57:41.7035882Z   ssh-strict: true
2026-10-07T15:57:41.7036085Z   ssh-user: git
2026-10-07T15:57:41.7036316Z   persist-credentials: true
2026-10-07T15:57:41.7036553Z   clean: true
2026-10-07T15:57:41.7036773Z   sparse-checkout-cone-mode: true
2026-10-07T15:57:41.7037028Z   fetch-depth: 1
2026-10-07T15:57:41.7037227Z   fetch-tags: false
2026-10-07T15:57:41.7037433Z   show-progress: true
2026-10-07T15:57:41.7037643Z   lfs: false
2026-10-07T15:57:41.7037845Z   submodules: false
2026-10-07T15:57:41.7038055Z   set-safe-directory: true
2026-10-07T15:57:41.7038489Z ##[endgroup]
2026-10-07T15:57:41.7101505Z ##[command]/usr/bin/docker exec  dde7c0755823d7e05195b302f209c7ab245516add05d04aa3f2f83ea4ec38a86 sh -c "cat /etc/*release | grep ^ID"
2026-10-07T15:57:41.9069666Z Syncing repository: rossbuckley1990-hash/rightclick
2026-10-07T15:57:41.9071749Z ##[group]Getting Git version info
2026-10-07T15:57:41.9072349Z Working directory is '/__w/rightclick/rightclick'
2026-10-07T15:57:41.9073205Z [command]/usr/bin/git version
2026-10-07T15:57:41.9073622Z git version 2.43.0
2026-10-07T15:57:41.9075453Z ##[endgroup]
2026-10-07T15:57:41.9091337Z Temporarily overriding HOME='/__w/_temp/42607ba4-9932-4d30-ade9-a88197e83bb5' before making global git config changes
2026-10-07T15:57:41.9094085Z Adding repository directory to the temporary git global config as a safe directory
2026-10-07T15:57:41.9203355Z [command]/usr/bin/git config --global --add safe.directory /__w/rightclick/rightclick
2026-10-07T15:57:41.9206429Z Deleting the contents of '/__w/rightclick/rightclick'
2026-10-07T15:57:41.9207896Z ##[group]Initializing the repository
2026-10-07T15:57:41.9209852Z [command]/usr/bin/git init /__w/rightclick/rightclick
2026-10-07T15:57:41.9220331Z hint: Using 'master' as the name for the initial branch. This default branch name
2026-10-07T15:57:41.9222721Z hint: is subject to change. To configure the initial branch name to use in all
2026-10-07T15:57:41.9225710Z hint: of your new repositories, which will suppress this warning, call:
2026-10-07T15:57:41.9226500Z hint: 
2026-10-07T15:57:41.9226997Z hint: 	git config --global init.defaultBranch <name>
2026-10-07T15:57:41.9227606Z hint: 
2026-10-07T15:57:41.9228137Z hint: Names commonly chosen instead of 'master' are 'main', 'trunk' and
2026-10-07T15:57:41.9229345Z hint: 'development'. The just-created branch can be renamed via this command:
2026-10-07T15:57:41.9230055Z hint: 
2026-10-07T15:57:41.9230400Z hint: 	git branch -m <name>
2026-10-07T15:57:41.9230985Z Initialized empty Git repository in /__w/rightclick/rightclick/.git/
2026-10-07T15:57:41.9237544Z [command]/usr/bin/git remote add origin https://github.com/rossbuckley1990-hash/rightclick
2026-10-07T15:57:41.9274266Z ##[endgroup]
2026-10-07T15:57:41.9274708Z ##[group]Disabling automatic garbage collection
2026-10-07T15:57:41.9278669Z [command]/usr/bin/git config --local gc.auto 0
2026-10-07T15:57:41.9311854Z ##[endgroup]
2026-10-07T15:57:41.9312460Z ##[group]Setting up auth
2026-10-07T15:57:41.9313822Z Removing SSH command configuration
2026-10-07T15:57:41.9321217Z [command]/usr/bin/git config --local --name-only --get-regexp core\.sshCommand
2026-10-07T15:57:41.9353675Z [command]/usr/bin/git submodule foreach --recursive sh -c "git config --local --name-only --get-regexp 'core\.sshCommand' && git config --local --unset-all 'core.sshCommand' || :"
2026-10-07T15:57:41.9612946Z Removing HTTP extra header
2026-10-07T15:57:41.9617404Z [command]/usr/bin/git config --local --name-only --get-regexp http\.https\:\/\/github\.com\/\.extraheader
2026-10-07T15:57:41.9647697Z [command]/usr/bin/git submodule foreach --recursive sh -c "git config --local --name-only --get-regexp 'http\.https\:\/\/github\.com\/\.extraheader' && git config --local --unset-all 'http.https://github.com/.extraheader' || :"
2026-10-07T15:57:41.9901750Z Removing includeIf entries pointing to credentials config files
2026-10-07T15:57:41.9902652Z [command]/usr/bin/git config --local --name-only --get-regexp ^includeIf\.gitdir:
2026-10-07T15:57:41.9942741Z [command]/usr/bin/git submodule foreach --recursive git config --local --show-origin --name-only --get-regexp remote.origin.url
2026-10-07T15:57:42.0182831Z [command]/usr/bin/git config --file /__w/_temp/git-credentials-d138a634-6e08-47b4-adcd-b8fbae87d3b2.config http.https://github.com/.extraheader AUTHORIZATION: basic ***
2026-10-07T15:57:42.0228248Z [command]/usr/bin/git config --local includeIf.gitdir:/__w/rightclick/rightclick/.git.path /__w/_temp/git-credentials-d138a634-6e08-47b4-adcd-b8fbae87d3b2.config
2026-10-07T15:57:42.0262022Z [command]/usr/bin/git config --local includeIf.gitdir:/__w/rightclick/rightclick/.git/worktrees/*.path /__w/_temp/git-credentials-d138a634-6e08-47b4-adcd-b8fbae87d3b2.config
2026-10-07T15:57:42.0297772Z [command]/usr/bin/git config --local includeIf.gitdir:/github/workspace/.git.path /github/runner_temp/git-credentials-d138a634-6e08-47b4-adcd-b8fbae87d3b2.config
2026-10-07T15:57:42.0337245Z [command]/usr/bin/git config --local includeIf.gitdir:/github/workspace/.git/worktrees/*.path /github/runner_temp/git-credentials-d138a634-6e08-47b4-adcd-b8fbae87d3b2.config
2026-10-07T15:57:42.0371641Z ##[endgroup]
2026-10-07T15:57:42.0372042Z ##[group]Fetching the repository
2026-10-07T15:57:42.0381480Z [command]/usr/bin/git -c protocol.version=2 fetch --no-tags --prune --no-recurse-submodules --depth=1 origin 1c1940c08733630837d470e574ff77a964d2a79a
2026-10-07T15:57:42.9423307Z From https://github.com/rossbuckley1990-hash/rightclick
2026-10-07T15:57:42.9424268Z  * branch            1c1940c08733630837d470e574ff77a964d2a79a -> FETCH_HEAD
2026-10-07T15:57:42.9450523Z [command]/usr/bin/git rev-parse --verify --quiet 1c1940c08733630837d470e574ff77a964d2a79a^{object}
2026-10-07T15:57:42.9477586Z 1c1940c08733630837d470e574ff77a964d2a79a
2026-10-07T15:57:42.9482895Z ##[endgroup]
2026-10-07T15:57:42.9489772Z ##[group]Determining the checkout info
2026-10-07T15:57:42.9490478Z ##[endgroup]
2026-10-07T15:57:42.9494519Z [command]/usr/bin/git sparse-checkout disable
2026-10-07T15:57:42.9545961Z [command]/usr/bin/git config --local --unset-all extensions.worktreeConfig
2026-10-07T15:57:42.9580620Z ##[group]Checking out the ref
2026-10-07T15:57:42.9585104Z [command]/usr/bin/git checkout --progress --force 1c1940c08733630837d470e574ff77a964d2a79a
2026-10-07T15:57:43.0930137Z Note: switching to '1c1940c08733630837d470e574ff77a964d2a79a'.
2026-10-07T15:57:43.0930778Z 
2026-10-07T15:57:43.0931260Z You are in 'detached HEAD' state. You can look around, make experimental
2026-10-07T15:57:43.0932556Z changes and commit them, and you can discard any commits you make in this
2026-10-07T15:57:43.0933836Z state without impacting any branches by switching back to a branch.
2026-10-07T15:57:43.0934624Z 
2026-10-07T15:57:43.0935148Z If you want to create a new branch to retain commits you create, you may
2026-10-07T15:57:43.0936370Z do so (now or later) by using -c with the switch command. Example:
2026-10-07T15:57:43.0937191Z 
2026-10-07T15:57:43.0937507Z   git switch -c <new-branch-name>
2026-10-07T15:57:43.0938111Z 
2026-10-07T15:57:43.0938387Z Or undo this operation with:
2026-10-07T15:57:43.0938814Z 
2026-10-07T15:57:43.0939308Z   git switch -
2026-10-07T15:57:43.0939688Z 
2026-10-07T15:57:43.0940330Z Turn off this advice by setting config variable advice.detachedHead to false
2026-10-07T15:57:43.0941224Z 
2026-10-07T15:57:43.0942219Z HEAD is now at 1c1940c Merge remote-tracking branch 'origin/main' into codex/agency-portable-convergence-20261007
2026-10-07T15:57:43.0950691Z ##[endgroup]
2026-10-07T15:57:43.0987709Z [command]/usr/bin/git log -1 --format=%H
2026-10-07T15:57:43.1018154Z 1c1940c08733630837d470e574ff77a964d2a79a
2026-10-07T15:57:43.1256152Z ##[group]Run apt-get update && apt-get install -y python3 ca-certificates
2026-10-07T15:57:43.1256830Z [36;1mapt-get update && apt-get install -y python3 ca-certificates[0m
2026-10-07T15:57:43.1260511Z shell: sh -e {0}
2026-10-07T15:57:43.1260757Z ##[endgroup]
2026-10-07T15:57:43.5097027Z Get:1 http://archive.ubuntu.com/ubuntu noble InRelease [256 kB]
2026-10-07T15:57:43.5460097Z Get:2 http://security.ubuntu.com/ubuntu noble-security InRelease [126 kB]
2026-10-07T15:57:44.0504303Z Get:3 http://archive.ubuntu.com/ubuntu noble-updates InRelease [126 kB]
2026-10-07T15:57:44.0788312Z Get:4 http://security.ubuntu.com/ubuntu noble-security/multiverse amd64 Packages [50.0 kB]
2026-10-07T15:57:44.1771275Z Get:5 http://archive.ubuntu.com/ubuntu noble-backports InRelease [126 kB]
2026-10-07T15:57:44.2240006Z Get:6 http://security.ubuntu.com/ubuntu noble-security/main amd64 Packages [1323 kB]
2026-10-07T15:57:44.3047626Z Get:7 http://archive.ubuntu.com/ubuntu noble/universe amd64 Packages [19.3 MB]
2026-10-07T15:57:44.8084152Z Get:8 http://security.ubuntu.com/ubuntu noble-security/restricted amd64 Packages [1943 kB]
2026-10-07T15:57:45.0889853Z Get:9 http://security.ubuntu.com/ubuntu noble-security/universe amd64 Packages [1545 kB]
2026-10-07T15:57:45.2418297Z Get:10 http://archive.ubuntu.com/ubuntu noble/multiverse amd64 Packages [331 kB]
2026-10-07T15:57:45.2434010Z Get:11 http://archive.ubuntu.com/ubuntu noble/restricted amd64 Packages [117 kB]
2026-10-07T15:57:45.2441791Z Get:12 http://archive.ubuntu.com/ubuntu noble/main amd64 Packages [1808 kB]
2026-10-07T15:57:45.2564764Z Get:13 http://archive.ubuntu.com/ubuntu noble-updates/multiverse amd64 Packages [56.2 kB]
2026-10-07T15:57:45.2571752Z Get:14 http://archive.ubuntu.com/ubuntu noble-updates/main amd64 Packages [1701 kB]
2026-10-07T15:57:45.2710415Z Get:15 http://archive.ubuntu.com/ubuntu noble-updates/universe amd64 Packages [2165 kB]
2026-10-07T15:57:45.3158408Z Get:16 http://archive.ubuntu.com/ubuntu noble-updates/restricted amd64 Packages [2138 kB]
2026-10-07T15:57:45.3349627Z Get:17 http://archive.ubuntu.com/ubuntu noble-backports/universe amd64 Packages [36.0 kB]
2026-10-07T15:57:45.3358453Z Get:18 http://archive.ubuntu.com/ubuntu noble-backports/main amd64 Packages [49.0 kB]
2026-10-07T15:57:45.3360822Z Get:19 http://archive.ubuntu.com/ubuntu noble-backports/multiverse amd64 Packages [671 B]
2026-10-07T15:57:46.1256966Z Fetched 33.2 MB in 3s (11.5 MB/s)
2026-10-07T15:57:46.8425504Z Reading package lists...
2026-10-07T15:57:47.5768147Z Reading package lists...
2026-10-07T15:57:47.7398695Z Building dependency tree...
2026-10-07T15:57:47.7399613Z Reading state information...
2026-10-07T15:57:47.8785863Z ca-certificates is already the newest version (20260601~24.04.1).
2026-10-07T15:57:47.8787216Z ca-certificates set to manually installed.
2026-10-07T15:57:47.8788097Z The following additional packages will be installed:
2026-10-07T15:57:47.8789351Z   libpython3-stdlib python3-minimal python3.12 python3.12-minimal
2026-10-07T15:57:47.8793836Z Suggested packages:
2026-10-07T15:57:47.8794572Z   python3-doc python3-tk python3-venv python3.12-venv python3.12-doc
2026-10-07T15:57:47.8795241Z   binfmt-support
2026-10-07T15:57:47.9144160Z The following NEW packages will be installed:
2026-10-07T15:57:47.9148627Z   libpython3-stdlib python3 python3-minimal python3.12 python3.12-minimal
2026-10-07T15:57:47.9867636Z 0 upgraded, 5 newly installed, 0 to remove and 3 not upgraded.
2026-10-07T15:57:47.9868578Z Need to get 3046 kB of archives.
2026-10-07T15:57:47.9869761Z After this operation, 9100 kB of additional disk space will be used.
2026-10-07T15:57:47.9871249Z Get:1 http://archive.ubuntu.com/ubuntu noble-updates/main amd64 python3.12-minimal amd64 3.12.3-1ubuntu0.17 [2335 kB]
2026-10-07T15:57:48.2647161Z Get:2 http://archive.ubuntu.com/ubuntu noble-updates/main amd64 python3-minimal amd64 3.12.3-0ubuntu2.1 [27.4 kB]
2026-10-07T15:57:48.2653789Z Get:3 http://archive.ubuntu.com/ubuntu noble-updates/main amd64 python3.12 amd64 3.12.3-1ubuntu0.17 [651 kB]
2026-10-07T15:57:48.2720777Z Get:4 http://archive.ubuntu.com/ubuntu noble-updates/main amd64 libpython3-stdlib amd64 3.12.3-0ubuntu2.1 [10.1 kB]
2026-10-07T15:57:48.2723107Z Get:5 http://archive.ubuntu.com/ubuntu noble-updates/main amd64 python3 amd64 3.12.3-0ubuntu2.1 [23.0 kB]
2026-10-07T15:57:48.3718760Z debconf: delaying package configuration, since apt-utils is not installed
2026-10-07T15:57:48.3962234Z Fetched 3046 kB in 0s (8702 kB/s)
2026-10-07T15:57:48.4094991Z Selecting previously unselected package python3.12-minimal.
2026-10-07T15:57:48.4127575Z (Reading database ... 
2026-10-07T15:57:48.4128237Z (Reading database ... 5%
2026-10-07T15:57:48.4129149Z (Reading database ... 10%
2026-10-07T15:57:48.4129842Z (Reading database ... 15%
2026-10-07T15:57:48.4130447Z (Reading database ... 20%
2026-10-07T15:57:48.4131052Z (Reading database ... 25%
2026-10-07T15:57:48.4131685Z (Reading database ... 30%
2026-10-07T15:57:48.4132313Z (Reading database ... 35%
2026-10-07T15:57:48.4133018Z (Reading database ... 40%
2026-10-07T15:57:48.4133667Z (Reading database ... 45%
2026-10-07T15:57:48.4134301Z (Reading database ... 50%
2026-10-07T15:57:48.4134953Z (Reading database ... 55%
2026-10-07T15:57:48.4135589Z (Reading database ... 60%
2026-10-07T15:57:48.4136232Z (Reading database ... 65%
2026-10-07T15:57:48.4159513Z (Reading database ... 70%
2026-10-07T15:57:48.4165948Z (Reading database ... 75%
2026-10-07T15:57:48.4174963Z (Reading database ... 80%
2026-10-07T15:57:48.4182506Z (Reading database ... 85%
2026-10-07T15:57:48.4194902Z (Reading database ... 90%
2026-10-07T15:57:48.4207975Z (Reading database ... 95%
2026-10-07T15:57:48.4208686Z (Reading database ... 100%
2026-10-07T15:57:48.4209685Z (Reading database ... 16750 files and directories currently installed.)
2026-10-07T15:57:48.4214243Z Preparing to unpack .../python3.12-minimal_3.12.3-1ubuntu0.17_amd64.deb ...
2026-10-07T15:57:48.4247505Z Unpacking python3.12-minimal (3.12.3-1ubuntu0.17) ...
2026-10-07T15:57:48.4740115Z Setting up python3.12-minimal (3.12.3-1ubuntu0.17) ...
2026-10-07T15:57:49.1901678Z Selecting previously unselected package python3-minimal.
2026-10-07T15:57:49.1921922Z (Reading database ... 
2026-10-07T15:57:49.1922599Z (Reading database ... 5%
2026-10-07T15:57:49.1923002Z (Reading database ... 10%
2026-10-07T15:57:49.1923377Z (Reading database ... 15%
2026-10-07T15:57:49.1923748Z (Reading database ... 20%
2026-10-07T15:57:49.1924112Z (Reading database ... 25%
2026-10-07T15:57:49.1924475Z (Reading database ... 30%
2026-10-07T15:57:49.1924864Z (Reading database ... 35%
2026-10-07T15:57:49.1925216Z (Reading database ... 40%
2026-10-07T15:57:49.1925574Z (Reading database ... 45%
2026-10-07T15:57:49.1925926Z (Reading database ... 50%
2026-10-07T15:57:49.1926283Z (Reading database ... 55%
2026-10-07T15:57:49.1926638Z (Reading database ... 60%
2026-10-07T15:57:49.1926996Z (Reading database ... 65%
2026-10-07T15:57:49.1941817Z (Reading database ... 70%
2026-10-07T15:57:49.1947813Z (Reading database ... 75%
2026-10-07T15:57:49.1956603Z (Reading database ... 80%
2026-10-07T15:57:49.1963342Z (Reading database ... 85%
2026-10-07T15:57:49.1975558Z (Reading database ... 90%
2026-10-07T15:57:49.1989693Z (Reading database ... 95%
2026-10-07T15:57:49.1990328Z (Reading database ... 100%
2026-10-07T15:57:49.1991001Z (Reading database ... 16761 files and directories currently installed.)
2026-10-07T15:57:49.1996657Z Preparing to unpack .../python3-minimal_3.12.3-0ubuntu2.1_amd64.deb ...
2026-10-07T15:57:49.2004541Z Unpacking python3-minimal (3.12.3-0ubuntu2.1) ...
2026-10-07T15:57:49.2145666Z Selecting previously unselected package python3.12.
2026-10-07T15:57:49.2156943Z Preparing to unpack .../python3.12_3.12.3-1ubuntu0.17_amd64.deb ...
2026-10-07T15:57:49.2164163Z Unpacking python3.12 (3.12.3-1ubuntu0.17) ...
2026-10-07T15:57:49.2312825Z Selecting previously unselected package libpython3-stdlib:amd64.
2026-10-07T15:57:49.2324806Z Preparing to unpack .../libpython3-stdlib_3.12.3-0ubuntu2.1_amd64.deb ...
2026-10-07T15:57:49.2336337Z Unpacking libpython3-stdlib:amd64 (3.12.3-0ubuntu2.1) ...
2026-10-07T15:57:49.2484967Z Setting up python3-minimal (3.12.3-0ubuntu2.1) ...
2026-10-07T15:57:49.3553984Z Selecting previously unselected package python3.
2026-10-07T15:57:49.3574274Z (Reading database ... 
2026-10-07T15:57:49.3574874Z (Reading database ... 5%
2026-10-07T15:57:49.3575550Z (Reading database ... 10%
2026-10-07T15:57:49.3576185Z (Reading database ... 15%
2026-10-07T15:57:49.3576772Z (Reading database ... 20%
2026-10-07T15:57:49.3577344Z (Reading database ... 25%
2026-10-07T15:57:49.3579397Z (Reading database ... 30%
2026-10-07T15:57:49.3579903Z (Reading database ... 35%
2026-10-07T15:57:49.3580390Z (Reading database ... 40%
2026-10-07T15:57:49.3580868Z (Reading database ... 45%
2026-10-07T15:57:49.3581276Z (Reading database ... 50%
2026-10-07T15:57:49.3581573Z (Reading database ... 55%
2026-10-07T15:57:49.3581863Z (Reading database ... 60%
2026-10-07T15:57:49.3582161Z (Reading database ... 65%
2026-10-07T15:57:49.3595690Z (Reading database ... 70%
2026-10-07T15:57:49.3602262Z (Reading database ... 75%
2026-10-07T15:57:49.3611582Z (Reading database ... 80%
2026-10-07T15:57:49.3618522Z (Reading database ... 85%
2026-10-07T15:57:49.3631057Z (Reading database ... 90%
2026-10-07T15:57:49.3645077Z (Reading database ... 95%
2026-10-07T15:57:49.3645646Z (Reading database ... 100%
2026-10-07T15:57:49.3646231Z (Reading database ... 16808 files and directories currently installed.)
2026-10-07T15:57:49.3650731Z Preparing to unpack .../python3_3.12.3-0ubuntu2.1_amd64.deb ...
2026-10-07T15:57:49.3681363Z Unpacking python3 (3.12.3-0ubuntu2.1) ...
2026-10-07T15:57:49.3856272Z Setting up python3.12 (3.12.3-1ubuntu0.17) ...
2026-10-07T15:57:50.1680230Z Setting up libpython3-stdlib:amd64 (3.12.3-0ubuntu2.1) ...
2026-10-07T15:57:50.1698290Z Setting up python3 (3.12.3-0ubuntu2.1) ...
2026-10-07T15:57:50.1749804Z running python rtupdate hooks for python3.12...
2026-10-07T15:57:50.1750540Z running python post-rtupdate hooks for python3.12...
2026-10-07T15:57:50.2684030Z ##[group]Run swift test --force-resolved-versions
2026-10-07T15:57:50.2684453Z [36;1mswift test --force-resolved-versions[0m
2026-10-07T15:57:50.2684842Z shell: sh -e {0}
2026-10-07T15:57:50.2685051Z ##[endgroup]
2026-10-07T15:57:51.4924862Z Fetching https://github.com/apple/swift-numerics.git
2026-10-07T15:57:51.4925914Z Fetching https://github.com/apple/swift-nio-ssl.git
2026-10-07T15:57:51.4926862Z Fetching https://github.com/apple/swift-log.git
2026-10-07T15:57:51.7532645Z [1/8257] Fetching swift-log
2026-10-07T15:57:51.8415752Z [662/14915] Fetching swift-log, swift-numerics
2026-10-07T15:57:52.1921358Z [14916/31769] Fetching swift-log, swift-numerics, swift-nio-ssl
2026-10-07T15:57:53.4130445Z Fetched https://github.com/apple/swift-numerics.git from cache (1.92s)
2026-10-07T15:57:53.4137935Z Fetching https://github.com/apple/swift-async-algorithms.git
2026-10-07T15:57:53.4180617Z Fetched https://github.com/apple/swift-log.git from cache (1.92s)
2026-10-07T15:57:53.4182914Z Fetching https://github.com/apple/swift-http-types.git
2026-10-07T15:57:53.4370812Z Fetched https://github.com/apple/swift-nio-ssl.git from cache (1.94s)
2026-10-07T15:57:53.4391030Z Fetching https://github.com/apple/swift-algorithms.git
2026-10-07T15:57:53.6845885Z [1/1939] Fetching swift-http-types
2026-10-07T15:57:53.7311764Z [409/8734] Fetching swift-http-types, swift-async-algorithms
2026-10-07T15:57:53.8110689Z Fetched https://github.com/apple/swift-http-types.git from cache (0.39s)
2026-10-07T15:57:53.8112695Z [680/6795] Fetching swift-async-algorithms
2026-10-07T15:57:53.8128000Z Fetching https://github.com/grpc/grpc-swift.git
2026-10-07T15:57:53.8319081Z [1632/12959] Fetching swift-async-algorithms, swift-algorithms
2026-10-07T15:57:53.9941803Z Fetched https://github.com/apple/swift-async-algorithms.git from cache (0.58s)
2026-10-07T15:57:53.9948469Z [4562/6164] Fetching swift-algorithms
2026-10-07T15:57:53.9965303Z Fetching https://github.com/apple/swift-crypto.git
2026-10-07T15:57:54.0719146Z Fetched https://github.com/apple/swift-algorithms.git from cache (0.63s)
2026-10-07T15:57:54.0733105Z Fetching https://github.com/apple/swift-protobuf.git
2026-10-07T15:57:54.2697111Z [1/18564] Fetching swift-crypto
2026-10-07T15:57:54.3429635Z [373/70168] Fetching swift-crypto, grpc-swift
2026-10-07T15:57:55.4612182Z [70169/124873] Fetching swift-crypto, grpc-swift, swift-protobuf
2026-10-07T15:57:55.8183879Z Fetched https://github.com/apple/swift-crypto.git from cache (1.82s)
2026-10-07T15:57:55.8211203Z [56528/106309] Fetching grpc-swift, swift-protobuf
2026-10-07T15:57:55.8212877Z Fetching https://github.com/apple/swift-nio-transport-services.git
2026-10-07T15:57:56.0976479Z [60905/109176] Fetching grpc-swift, swift-protobuf, swift-nio-transport-services
2026-10-07T15:57:56.1271771Z Fetched https://github.com/grpc/grpc-swift.git from cache (2.31s)
2026-10-07T15:57:56.1282234Z [10595/57572] Fetching swift-protobuf, swift-nio-transport-services
2026-10-07T15:57:56.1283166Z Fetching https://github.com/swift-server/swift-service-lifecycle.git
2026-10-07T15:57:56.2568471Z Fetched https://github.com/apple/swift-nio-transport-services.git from cache (0.44s)
2026-10-07T15:57:56.2593326Z Fetching https://github.com/apple/swift-system.git
2026-10-07T15:57:56.2630812Z [14224/54705] Fetching swift-protobuf
2026-10-07T15:57:56.4105214Z [19148/57572] Fetching swift-protobuf, swift-service-lifecycle
2026-10-07T15:57:56.5707255Z Fetched https://github.com/swift-server/swift-service-lifecycle.git from cache (0.44s)
2026-10-07T15:57:56.5717396Z Fetching https://github.com/apple/swift-collections.git
2026-10-07T15:57:56.5761238Z [25712/54705] Fetching swift-protobuf
2026-10-07T15:57:56.6950298Z [30636/61932] Fetching swift-protobuf, swift-system
2026-10-07T15:57:57.0041776Z Fetched https://github.com/apple/swift-system.git from cache (0.75s)
2026-10-07T15:57:57.0057339Z Fetching https://github.com/apple/swift-certificates.git
2026-10-07T15:57:57.0135085Z [42670/54705] Fetching swift-protobuf
2026-10-07T15:57:57.2135862Z [46501/83249] Fetching swift-protobuf, swift-collections
2026-10-07T15:57:57.3720872Z [54041/90857] Fetching swift-protobuf, swift-collections, swift-certificates
2026-10-07T15:57:57.7285211Z Fetched https://github.com/apple/swift-certificates.git from cache (0.72s)
2026-10-07T15:57:57.7323683Z Fetching https://github.com/apple/swift-http-structured-headers.git
2026-10-07T15:57:57.7936440Z [72403/83249] Fetching swift-protobuf, swift-collections
2026-10-07T15:57:58.3997236Z [83250/84502] Fetching swift-protobuf, swift-collections, swift-http-structured-headers
2026-10-07T15:57:58.5848622Z Fetched https://github.com/apple/swift-http-structured-headers.git from cache (0.85s)
2026-10-07T15:57:58.5901325Z Fetching https://github.com/apple/swift-nio-extras.git
2026-10-07T15:57:58.7143897Z Fetched https://github.com/apple/swift-collections.git from cache (2.14s)
2026-10-07T15:57:58.7171837Z Fetching https://github.com/apple/swift-atomics.git
2026-10-07T15:57:58.9449766Z [1/6702] Fetching swift-nio-extras
2026-10-07T15:57:59.0390595Z [1945/8587] Fetching swift-nio-extras, swift-atomics
2026-10-07T15:57:59.3165829Z Fetched https://github.com/apple/swift-nio-extras.git from cache (0.73s)
2026-10-07T15:57:59.3222502Z Fetching https://github.com/apple/swift-nio.git
2026-10-07T15:57:59.4210651Z Fetched https://github.com/apple/swift-atomics.git from cache (0.70s)
2026-10-07T15:57:59.4238845Z Fetching https://github.com/mattt/eventsource.git
2026-10-07T15:57:59.6900274Z [1/303] Fetching eventsource
2026-10-07T15:57:59.7400036Z Fetched https://github.com/mattt/eventsource.git from cache (0.32s)
2026-10-07T15:57:59.7432713Z Fetching https://github.com/apple/swift-asn1.git
2026-10-07T15:58:00.0158824Z [1/1986] Fetching swift-asn1
2026-10-07T15:58:00.2234664Z [1987/88343] Fetching swift-asn1, swift-nio
2026-10-07T15:58:00.2461263Z Fetched https://github.com/apple/swift-asn1.git from cache (0.50s)
2026-10-07T15:58:00.2509296Z Fetching https://github.com/apple/swift-nio-http2.git
2026-10-07T15:58:00.3103085Z [864/86357] Fetching swift-nio
2026-10-07T15:58:00.7313961Z [23318/98645] Fetching swift-nio, swift-nio-http2
2026-10-07T15:58:02.0910818Z Fetched https://github.com/apple/swift-nio-http2.git from cache (1.84s)
2026-10-07T15:58:02.1337486Z [69086/86357] Fetching swift-nio
2026-10-07T15:58:02.9936001Z Fetched https://github.com/apple/swift-protobuf.git from cache (8.92s)
2026-10-07T15:58:04.7231440Z Fetched https://github.com/apple/swift-nio.git from cache (5.40s)
2026-10-07T15:58:04.7297301Z Creating working copy for https://github.com/apple/swift-nio-ssl.git
2026-10-07T15:58:04.7298717Z Creating working copy for https://github.com/apple/swift-numerics.git
2026-10-07T15:58:04.7300453Z Creating working copy for https://github.com/apple/swift-async-algorithms.git
2026-10-07T15:58:04.7342935Z Creating working copy for https://github.com/apple/swift-log.git
2026-10-07T15:58:04.8071973Z Creating working copy for https://github.com/apple/swift-algorithms.git
2026-10-07T15:58:04.8073053Z Working copy of https://github.com/apple/swift-numerics.git resolved at 1.1.1
2026-10-07T15:58:04.8152092Z Working copy of https://github.com/apple/swift-log.git resolved at 1.15.1
2026-10-07T15:58:04.8153214Z Creating working copy for https://github.com/grpc/grpc-swift.git
2026-10-07T15:58:04.8348739Z Working copy of https://github.com/apple/swift-async-algorithms.git resolved at 1.1.7
2026-10-07T15:58:04.8449781Z Creating working copy for https://github.com/apple/swift-crypto.git
2026-10-07T15:58:04.8703460Z Working copy of https://github.com/apple/swift-algorithms.git resolved at 1.2.1
2026-10-07T15:58:04.8704973Z Creating working copy for https://github.com/apple/swift-http-types.git
2026-10-07T15:58:05.0109325Z Working copy of https://github.com/apple/swift-http-types.git resolved at 1.8.0
2026-10-07T15:58:05.0191762Z Creating working copy for https://github.com/apple/swift-protobuf.git
2026-10-07T15:58:05.0488219Z Working copy of https://github.com/grpc/grpc-swift.git resolved at 1.26.2
2026-10-07T15:58:05.0509203Z Working copy of https://github.com/apple/swift-nio-ssl.git resolved at 2.37.5
2026-10-07T15:58:05.0551040Z Creating working copy for https://github.com/apple/swift-system.git
2026-10-07T15:58:05.0603416Z Creating working copy for https://github.com/swift-server/swift-service-lifecycle.git
2026-10-07T15:58:05.1118684Z Working copy of https://github.com/swift-server/swift-service-lifecycle.git resolved at 2.12.1
2026-10-07T15:58:05.1120920Z Creating working copy for https://github.com/apple/swift-nio-transport-services.git
2026-10-07T15:58:05.1166622Z Working copy of https://github.com/apple/swift-system.git resolved at 1.8.1
2026-10-07T15:58:05.1263889Z Creating working copy for https://github.com/apple/swift-certificates.git
2026-10-07T15:58:05.1593266Z Working copy of https://github.com/apple/swift-nio-transport-services.git resolved at 1.28.0
2026-10-07T15:58:05.1639645Z Creating working copy for https://github.com/apple/swift-http-structured-headers.git
2026-10-07T15:58:05.2181477Z Working copy of https://github.com/apple/swift-http-structured-headers.git resolved at 1.7.0
2026-10-07T15:58:05.2190620Z Creating working copy for https://github.com/apple/swift-nio-extras.git
2026-10-07T15:58:05.2452660Z Working copy of https://github.com/apple/swift-certificates.git resolved at 1.21.0
2026-10-07T15:58:05.2555718Z Creating working copy for https://github.com/apple/swift-atomics.git
2026-10-07T15:58:05.2982682Z Working copy of https://github.com/apple/swift-nio-extras.git resolved at 1.35.1
2026-10-07T15:58:05.3017693Z Creating working copy for https://github.com/apple/swift-collections.git
2026-10-07T15:58:05.3261943Z Working copy of https://github.com/apple/swift-atomics.git resolved at 1.3.1
2026-10-07T15:58:05.3263380Z Creating working copy for https://github.com/apple/swift-nio.git
2026-10-07T15:58:05.3303076Z Working copy of https://github.com/apple/swift-crypto.git resolved at 4.5.2
2026-10-07T15:58:05.3369370Z Creating working copy for https://github.com/mattt/eventsource.git
2026-10-07T15:58:05.3678342Z Working copy of https://github.com/mattt/eventsource.git resolved at 1.5.1
2026-10-07T15:58:05.3733351Z Creating working copy for https://github.com/apple/swift-asn1.git
2026-10-07T15:58:05.4628788Z Working copy of https://github.com/apple/swift-asn1.git resolved at 1.7.3
2026-10-07T15:58:05.4629667Z Creating working copy for https://github.com/apple/swift-nio-http2.git
2026-10-07T15:58:05.5839543Z Working copy of https://github.com/apple/swift-nio.git resolved at 2.103.0
2026-10-07T15:58:05.6253584Z Working copy of https://github.com/apple/swift-collections.git resolved at 1.7.1
2026-10-07T15:58:05.7108337Z Working copy of https://github.com/apple/swift-nio-http2.git resolved at 1.46.0
2026-10-07T15:58:05.7241704Z Working copy of https://github.com/apple/swift-protobuf.git resolved at 1.38.1
2026-10-07T15:58:14.1603284Z warning: 'rightclick': found 3 file(s) which are unhandled; explicitly declare them as resources or exclude from the target
2026-10-07T15:58:14.1604756Z     /__w/rightclick/rightclick/Tests/RightClickCoreTests/Fixtures/MOAT005G3IssuesCreateRequest.json
2026-10-07T15:58:14.1606135Z     /__w/rightclick/rightclick/Tests/RightClickCoreTests/Fixtures/WindowsActualAcknowledgementDeclaration.json
2026-10-07T15:58:14.1607553Z     /__w/rightclick/rightclick/Tests/RightClickCoreTests/Fixtures/MOAT005G4IssuesCreateRealResponse.json
2026-10-07T15:58:17.9116468Z [1/1] Compiling plugin SwiftProtobufPlugin
2026-10-07T15:58:18.5506091Z [2/2] Compiling plugin GRPCSwiftPlugin
2026-10-07T15:58:18.5506676Z Building for debugging...
2026-10-07T15:58:18.6363874Z [2/875] Write sources
2026-10-07T15:58:18.6706750Z [36/875] Compiling _AtomicsShims.c
2026-10-07T15:58:18.6805439Z [37/875] Compiling CXKCPShims shims.c
2026-10-07T15:58:18.7006371Z [38/875] Compiling SimpleFIPS202.c
2026-10-07T15:58:18.7122700Z [39/875] Compiling RightClickHostFiles HostFiles.c
2026-10-07T15:58:18.7125209Z [39/875] Write swift-version-24593BA9C3E375BF.txt
2026-10-07T15:58:18.7179035Z [41/875] Compiling KeccakSponge.c
2026-10-07T15:58:18.7475899Z [42/875] Compiling KeccakHash.c
2026-10-07T15:58:19.2473245Z [44/953] Emitting module _NIOBase64
2026-10-07T15:58:19.2556285Z [44/953] Compiling KeccakP-1600-opt64.c
2026-10-07T15:58:24.3989021Z [46/955] Compiling _NIOBase64 Base64.swift
2026-10-07T15:58:25.0891019Z [48/966] Compiling _NIODataStructures PriorityQueue.swift
2026-10-07T15:58:25.0909946Z [49/966] Compiling _NIODataStructures _TinyArray.swift
2026-10-07T15:58:25.9937670Z [50/966] Emitting module SwiftProtobuf
2026-10-07T15:58:27.6639667Z [51/989] Compiling Logging Logger+Attributes.swift
2026-10-07T15:58:27.6640874Z [52/989] Compiling Logging Logger+With.swift
2026-10-07T15:58:27.6641621Z [53/989] Compiling Logging Logger.swift
2026-10-07T15:58:28.1458651Z [54/991] Compiling Logging Locks.swift
2026-10-07T15:58:28.1459883Z [55/991] Compiling Logging LogEvent.swift
2026-10-07T15:58:28.1460887Z [56/991] Compiling Logging LogHandler.swift
2026-10-07T15:58:28.2367351Z [57/991] Emitting module Logging
2026-10-07T15:58:28.2368203Z [58/991] Compiling Logging MultiplexLogHandler.swift
2026-10-07T15:58:28.2369401Z [59/991] Compiling Logging StreamLogHandler.swift
2026-10-07T15:58:28.2370341Z [60/991] Compiling Logging SwiftLogNoOpLogHandler.swift
2026-10-07T15:58:28.2597531Z [61/991] Emitting module _NIODataStructures
2026-10-07T15:58:28.2598487Z [62/991] Compiling _NIODataStructures Heap.swift
2026-10-07T15:58:28.4460832Z [64/992] Compiling Logging LoggingSystem.swift
2026-10-07T15:58:28.4461731Z [65/992] Compiling Logging MetadataProvider.swift
2026-10-07T15:58:28.7338834Z [66/1017] Wrapping AST for _NIODataStructures for debugging
2026-10-07T15:58:28.8786040Z [67/1017] Wrapping AST for _NIOBase64 for debugging
2026-10-07T15:58:29.0247157Z [68/1017] Wrapping AST for Logging for debugging
2026-10-07T15:58:29.2552423Z [70/1017] Emitting module RightClickARD
2026-10-07T15:58:29.2582885Z [70/1017] Compiling CSystem shims.c
2026-10-07T15:58:29.2644521Z [72/1017] Compiling RightClickARD ARD.swift
2026-10-07T15:58:29.2945270Z [72/1018] Compiling CNIOWindows shim.c
2026-10-07T15:58:29.5496193Z [74/1050] Compiling CNIOWindows WSAStartup.c
2026-10-07T15:58:30.7351095Z [76/1052] Compiling SystemPackage FilePathTemp.swift
2026-10-07T15:58:30.7357797Z [77/1052] Compiling SystemPackage FilePathTempPosix.swift
2026-10-07T15:58:30.7364642Z [78/1052] Compiling SystemPackage FilePathTempWindows.swift
2026-10-07T15:58:30.7396411Z [79/1052] Compiling SystemPackage FilePathWindows.swift
2026-10-07T15:58:30.7403179Z [80/1052] Compiling SystemPackage FilePermissions.swift
2026-10-07T15:58:30.7409214Z [81/1052] Compiling SystemPackage FileFlags.swift
2026-10-07T15:58:30.7415406Z [82/1052] Compiling SystemPackage FileMode.swift
2026-10-07T15:58:30.7421532Z [83/1052] Compiling SystemPackage FileType.swift
2026-10-07T15:58:30.7585448Z [84/1059] Compiling SystemPackage FilePath.swift
2026-10-07T15:58:30.7586271Z [85/1059] Compiling SystemPackage FilePathComponentView.swift
2026-10-07T15:58:30.7587060Z [86/1059] Compiling SystemPackage FilePathComponents.swift
2026-10-07T15:58:30.7587828Z [87/1059] Compiling SystemPackage FilePathParsing.swift
2026-10-07T15:58:30.7588531Z [88/1059] Compiling SystemPackage FilePathString.swift
2026-10-07T15:58:30.7589447Z [89/1059] Compiling SystemPackage FilePathSyntax.swift
2026-10-07T15:58:30.7595300Z [90/1059] Compiling SystemPackage IOCompletion.swift
2026-10-07T15:58:30.7595999Z [91/1059] Compiling SystemPackage IORequest.swift
2026-10-07T15:58:31.2761483Z [92/1059] Emitting module RightClickARDTests
2026-10-07T15:58:31.2795689Z [93/1059] Compiling RightClickARDTests ARDPortableTests.swift
2026-10-07T15:58:32.5035754Z [95/1062] Compiling InternalCollectionsUtilities UnsafeMutableBufferPointer+Extras.swift
2026-10-07T15:58:32.5037771Z [96/1062] Compiling InternalCollectionsUtilities UnsafeMutablePointer+Extras.swift
2026-10-07T15:58:32.5039423Z [97/1062] Compiling InternalCollectionsUtilities UnsafeMutableRawBufferPointer+Extras.swift
2026-10-07T15:58:32.5040889Z [98/1062] Compiling InternalCollectionsUtilities UnsafePointer+Extras.swift
2026-10-07T15:58:32.5042463Z [99/1062] Compiling InternalCollectionsUtilities UnsafeRawBufferPointer+Extras.swift
2026-10-07T15:58:32.5043852Z [100/1062] Compiling InternalCollectionsUtilities _SortedCollection.swift
2026-10-07T15:58:32.5045125Z [101/1062] Compiling InternalCollectionsUtilities _UniqueCollection.swift
2026-10-07T15:58:32.8465490Z [102/1062] Emitting module RightClickARDProbe
2026-10-07T15:58:32.8466582Z [103/1062] Compiling RightClickARDProbe main.swift
2026-10-07T15:58:33.1246777Z [104/1063] Wrapping AST for RightClickARDTests for debugging
2026-10-07T15:58:33.2384499Z [105/1063] Wrapping AST for RightClickARDProbe for debugging
2026-10-07T15:58:33.3383123Z [106/1063] Wrapping AST for RightClickARD for debugging
2026-10-07T15:58:33.3730263Z [107/1063] Compiling CNIOWASI CNIOWASI.c
2026-10-07T15:58:33.3734099Z [107/1063] Write Objects.LinkFileList
2026-10-07T15:58:33.4256757Z [109/1063] Compiling CNIOPosix event_loop_id.c
2026-10-07T15:58:33.4702647Z [111/1063] Emitting module InternalCollectionsUtilities
2026-10-07T15:58:33.4725005Z [112/1063] Compiling SystemPackage Identifiers.swift
2026-10-07T15:58:33.4732176Z [113/1063] Compiling SystemPackage Stat.swift
2026-10-07T15:58:33.4733331Z [114/1063] Compiling SystemPackage Errno.swift
2026-10-07T15:58:33.4734227Z [115/1063] Compiling SystemPackage ErrnoWindows.swift
2026-10-07T15:58:33.4735156Z [116/1063] Compiling SystemPackage FileDescriptor.swift
2026-10-07T15:58:33.4735866Z [117/1063] Compiling SystemPackage FileHelpers.swift
2026-10-07T15:58:33.4736515Z [118/1063] Compiling SystemPackage FileOperations.swift
2026-10-07T15:58:33.7006807Z [119/1064] Compiling CNIOOpenBSD shim.c
2026-10-07T15:58:33.8936212Z [120/1068] Linking rightclick-ard-probe
2026-10-07T15:58:34.0094820Z [122/1068] Emitting module SpanPreview
2026-10-07T15:58:34.0235404Z [122/1068] Wrapping AST for InternalCollectionsUtilities for debugging
2026-10-07T15:58:34.0295418Z [124/1068] Compiling SpanPreview MutableSpan+InputSpanHelpers.swift
2026-10-07T15:58:34.0298839Z [125/1068] Compiling SpanPreview InputSpan.swift
2026-10-07T15:58:34.0344731Z [126/1068] Compiling SpanPreview OutputSpan+InputSpanHelpers.swift
2026-10-07T15:58:34.1816474Z [127/1069] Compiling CNIOLinux liburing_shims.c
2026-10-07T15:58:34.2589452Z [128/1069] Compiling CNIOLinux shim.c
2026-10-07T15:58:34.3501545Z [129/1069] Wrapping AST for SpanPreview for debugging
2026-10-07T15:58:35.3889571Z [130/1105] Compiling CNIOLLHTTP c_nio_llhttp.c
2026-10-07T15:58:35.4616560Z [131/1105] Compiling CNIOLLHTTP c_nio_http.c
2026-10-07T15:58:35.6716378Z [132/1105] Compiling CNIOLLHTTP c_nio_api.c
2026-10-07T15:58:35.7335461Z [133/1105] Compiling CNIOFreeBSD shim.c
2026-10-07T15:58:35.7655791Z [134/1105] Compiling CNIODarwin shim.c
2026-10-07T15:58:36.5026519Z [136/1105] Compiling DequeModule RigidDeque+Prepend.swift
2026-10-07T15:58:36.5035168Z [137/1105] Compiling DequeModule RigidDeque+Removals.swift
2026-10-07T15:58:36.5038326Z [138/1105] Compiling DequeModule RigidDeque+Replacements.swift
2026-10-07T15:58:36.5041154Z [139/1105] Compiling DequeModule RigidDeque+Testing.swift
2026-10-07T15:58:36.5043918Z [140/1105] Compiling DequeModule RigidDeque.swift
2026-10-07T15:58:36.5046335Z [141/1105] Compiling DequeModule UniqueDeque+Append.swift
2026-10-07T15:58:36.5049671Z [142/1105] Compiling DequeModule UniqueDeque+Consumption.swift
2026-10-07T15:58:36.5052113Z [143/1105] Compiling DequeModule UniqueDeque+ContainerOperations.swift
2026-10-07T15:58:36.5054826Z [144/1105] Compiling DequeModule UniqueDeque+Deprecations.swift
2026-10-07T15:58:36.5057377Z [145/1105] Compiling DequeModule UniqueDeque+Descriptions.swift
2026-10-07T15:58:36.5060581Z [146/1105] Compiling DequeModule UniqueDeque+Equatable.swift
2026-10-07T15:58:36.5063311Z [147/1105] Compiling DequeModule _DequeBuffer.swift
2026-10-07T15:58:36.5072368Z [148/1105] Compiling DequeModule _DequeBufferHeader.swift
2026-10-07T15:58:36.5073615Z [149/1105] Compiling DequeModule RigidDeque+Append.swift
2026-10-07T15:58:36.5075750Z [150/1105] Compiling DequeModule RigidDeque+Consumption.swift
2026-10-07T15:58:36.5078508Z [151/1105] Compiling DequeModule RigidDeque+ContainerOperations.swift
2026-10-07T15:58:36.5084152Z [152/1105] Compiling DequeModule RigidDeque+Deprecations.swift
2026-10-07T15:58:36.5086126Z [153/1105] Compiling DequeModule RigidDeque+Descriptions.swift
2026-10-07T15:58:36.5088013Z [154/1105] Compiling DequeModule RigidDeque+Equatable.swift
2026-10-07T15:58:36.5090227Z [155/1105] Compiling DequeModule RigidDeque+Hashable.swift
2026-10-07T15:58:36.5092401Z [156/1105] Compiling DequeModule RigidDeque+Initializers.swift
2026-10-07T15:58:36.5093866Z [157/1105] Compiling DequeModule RigidDeque+Insertions.swift
2026-10-07T15:58:36.5095961Z [158/1105] Compiling DequeModule RigidDeque+Iterable.swift
2026-10-07T15:58:36.7322753Z [159/1116] Emitting module SystemPackage
2026-10-07T15:58:36.9638057Z [159/1126] Compiling CNIOBoringSSLShims shims.c
2026-10-07T15:58:37.0716640Z [160/1126] Compiling fiat_p256_adx_sqr.S
2026-10-07T15:58:37.2087172Z [161/1126] Compiling fiat_p256_adx_mul.S
2026-10-07T15:58:37.3647971Z [162/1126] Compiling fiat_curve25519_adx_square.S
2026-10-07T15:58:37.5057301Z [163/1126] Compiling fiat_curve25519_adx_mul.S
2026-10-07T15:58:38.0914370Z [176/1126] Compiling DequeModule Deque+Codable.swift
2026-10-07T15:58:38.0915493Z [177/1126] Compiling DequeModule Deque+Collection.swift
2026-10-07T15:58:38.0917465Z [178/1126] Compiling DequeModule Deque+CustomReflectable.swift
2026-10-07T15:58:38.0919403Z [179/1126] Compiling DequeModule Deque+Descriptions.swift
2026-10-07T15:58:38.0921129Z [180/1126] Compiling DequeModule Deque+Equatable.swift
2026-10-07T15:58:38.0922991Z [181/1126] Compiling DequeModule Deque+ExpressibleByArrayLiteral.swift
2026-10-07T15:58:38.0924788Z [182/1126] Compiling DequeModule Deque+Extras.swift
2026-10-07T15:58:38.0927002Z [183/1126] Compiling DequeModule Deque+Hashable.swift
2026-10-07T15:58:38.0928754Z [184/1126] Compiling DequeModule Deque+Testing.swift
2026-10-07T15:58:38.0930772Z [185/1126] Compiling DequeModule Deque._Storage.swift
2026-10-07T15:58:38.0933134Z [186/1126] Compiling DequeModule Deque._UnsafeHandle.swift
2026-10-07T15:58:38.0934734Z [187/1126] Compiling DequeModule Deque.swift
2026-10-07T15:58:39.7547728Z [189/1126] Compiling SystemPackage RawBuffer.swift
2026-10-07T15:58:39.7548667Z [190/1126] Compiling SystemPackage Syscalls.swift
2026-10-07T15:58:39.7549872Z [191/1126] Compiling SystemPackage WindowsSyscallAdapters.swift
2026-10-07T15:58:39.7550864Z [192/1126] Compiling SystemPackage MachPort.swift
2026-10-07T15:58:39.7551691Z [193/1126] Compiling SystemPackage PlatformString.swift
2026-10-07T15:58:39.7552534Z [194/1126] Compiling SystemPackage SystemString.swift
2026-10-07T15:58:39.7553416Z [195/1126] Compiling SystemPackage Util+StringArray.swift
2026-10-07T15:58:39.7554279Z [196/1126] Compiling SystemPackage Util.swift
2026-10-07T15:58:39.7555067Z [197/1126] Compiling SystemPackage UtilConsumers.swift
2026-10-07T15:58:39.7555890Z [198/1126] Compiling SystemPackage WinSDK+Overlay.swift
2026-10-07T15:58:39.9195115Z [199/1126] Compiling SwiftProtobuf AnyMessageStorage.swift
2026-10-07T15:58:39.9196486Z [200/1126] Compiling SwiftProtobuf AnyUnpackError.swift
2026-10-07T15:58:39.9197761Z [201/1126] Compiling SwiftProtobuf AsyncMessageSequence.swift
2026-10-07T15:58:39.9200069Z [202/1126] Compiling SwiftProtobuf BinaryDecoder.swift
2026-10-07T15:58:39.9201027Z [203/1126] Compiling SwiftProtobuf BinaryDecodingError.swift
2026-10-07T15:58:39.9202127Z [204/1126] Compiling SwiftProtobuf BinaryDecodingOptions.swift
2026-10-07T15:58:39.9203116Z [205/1126] Compiling SwiftProtobuf BinaryDelimited.swift
2026-10-07T15:58:39.9204054Z [206/1126] Compiling SwiftProtobuf BinaryEncoder.swift
2026-10-07T15:58:39.9205983Z [207/1126] Compiling SwiftProtobuf BinaryEncodingError.swift
2026-10-07T15:58:39.9207055Z [208/1126] Compiling SwiftProtobuf BinaryEncodingOptions.swift
2026-10-07T15:58:39.9208063Z [209/1126] Compiling SwiftProtobuf BinaryEncodingSizeVisitor.swift
2026-10-07T15:58:39.9209317Z [210/1126] Compiling SwiftProtobuf BinaryEncodingVisitor.swift
2026-10-07T15:58:39.9210672Z [211/1126] Compiling SwiftProtobuf BytecodeInterpreter.swift
2026-10-07T15:58:39.9211686Z [212/1126] Compiling SwiftProtobuf BytecodeReader.swift
2026-10-07T15:58:39.9212669Z [213/1126] Compiling SwiftProtobuf CustomJSONCodable.swift
2026-10-07T15:58:39.9213579Z [214/1126] Compiling SwiftProtobuf Decoder.swift
2026-10-07T15:58:39.9214478Z [215/1126] Compiling SwiftProtobuf DoubleParser.swift
2026-10-07T15:58:39.9215402Z [216/1126] Compiling SwiftProtobuf Enum.swift
2026-10-07T15:58:39.9216319Z [217/1126] Compiling SwiftProtobuf ExtensibleMessage.swift
2026-10-07T15:58:39.9217360Z [218/1126] Compiling SwiftProtobuf ExtensionFieldValueSet.swift
2026-10-07T15:58:39.9218368Z [219/1126] Compiling SwiftProtobuf ExtensionFields.swift
2026-10-07T15:58:39.9219552Z [220/1126] Compiling SwiftProtobuf ExtensionMap.swift
2026-10-07T15:58:39.9220405Z [221/1126] Compiling SwiftProtobuf FieldTag.swift
2026-10-07T15:58:39.9221274Z [222/1126] Compiling SwiftProtobuf FieldTypes.swift
2026-10-07T15:58:39.9222235Z [240/1126] Compiling DequeModule UniqueDeque+Replacements.swift
2026-10-07T15:58:39.9223174Z [241/1126] Compiling DequeModule UniqueDeque.swift
2026-10-07T15:58:39.9224041Z [242/1126] Compiling DequeModule _DequeSlot.swift
2026-10-07T15:58:39.9224902Z [243/1126] Compiling DequeModule _UnsafeDequeHandle.swift
2026-10-07T15:58:39.9225839Z [244/1126] Compiling DequeModule _UnsafeDequeSegments.swift
2026-10-07T15:58:39.9226846Z [245/1126] Compiling SwiftProtobuf TextFormatDecodingOptions.swift
2026-10-07T15:58:40.7780891Z [245/1126] Compiling tls_record.cc
2026-10-07T15:58:41.7497747Z [247/1126] Emitting module DequeModule
2026-10-07T15:58:42.5123800Z [302/1127] Compiling tls_method.cc
2026-10-07T15:58:42.5616921Z [303/1127] Wrapping AST for DequeModule for debugging
2026-10-07T15:58:43.7519869Z [305/1128] Compiling tls13_server.cc
2026-10-07T15:58:44.7942529Z [306/1165] Compiling tls13_enc.cc
2026-10-07T15:58:44.8485980Z [307/1165] Wrapping AST for SystemPackage for debugging
2026-10-07T15:58:45.1471756Z [308/1165] Compiling tls13_client.cc
2026-10-07T15:58:47.2925126Z [310/1165] Emitting module MCP
2026-10-07T15:58:47.8761962Z [310/1176] Compiling tls13_both.cc
2026-10-07T15:58:47.9302819Z [311/1176] Compiling t1_enc.cc
2026-10-07T15:58:48.4660390Z [313/1176] Compiling MCP StatefulHTTPServerTransport.swift
2026-10-07T15:58:48.4661801Z [314/1176] Compiling MCP StatelessHTTPServerTransport.swift
2026-10-07T15:58:48.4663269Z [315/1176] Compiling MCP InMemoryTransport.swift
2026-10-07T15:58:48.4664892Z [316/1176] Compiling MCP NetworkTransport.swift
2026-10-07T15:58:48.4666448Z [317/1176] Compiling MCP StdioTransport.swift
2026-10-07T15:58:48.4668145Z [318/1176] Compiling MCP UnitInterval.swift
2026-10-07T15:58:48.4669715Z [319/1176] Compiling MCP Cancellation.swift
2026-10-07T15:58:48.4671162Z [320/1176] Compiling MCP Ping.swift
2026-10-07T15:58:48.4672904Z [321/1176] Compiling MCP Progress.swift
2026-10-07T15:58:48.4674559Z [322/1176] Compiling MCP RequestContext.swift
2026-10-07T15:58:48.4675890Z [323/1176] Compiling MCP Value.swift
2026-10-07T15:58:48.4677512Z [324/1176] Compiling MCP Versioning.swift
2026-10-07T15:58:50.3434130Z [325/1176] Compiling MCP PKCE.swift
2026-10-07T15:58:50.3434723Z [326/1176] Compiling MCP TokenStorage.swift
2026-10-07T15:58:50.3442298Z [327/1176] Compiling MCP Error.swift
2026-10-07T15:58:50.3448928Z [328/1176] Compiling MCP ID.swift
2026-10-07T15:58:50.3455882Z [329/1176] Compiling MCP Icon.swift
2026-10-07T15:58:50.3463723Z [330/1176] Compiling MCP Lifecycle.swift
2026-10-07T15:58:50.3471690Z [331/1176] Compiling MCP Messages.swift
2026-10-07T15:58:50.3479166Z [332/1176] Compiling MCP PendingRequest.swift
2026-10-07T15:58:50.3491521Z [333/1176] Compiling MCP Transport.swift
2026-10-07T15:58:50.3499666Z [334/1176] Compiling MCP HTTPClientTransport.swift
2026-10-07T15:58:50.3507680Z [335/1176] Compiling MCP HTTPRequestValidation.swift
2026-10-07T15:58:50.3515258Z [336/1176] Compiling MCP HTTPServerTypes.swift
2026-10-07T15:58:50.5008783Z [336/1176] Compiling ssl_versions.cc
2026-10-07T15:58:50.5550335Z [337/1176] Compiling ssl_x509.cc
2026-10-07T15:58:50.5810790Z [339/1176] Compiling MCP OAuthAuthorizationCodeFlow.swift
2026-10-07T15:58:50.5843196Z [340/1176] Compiling MCP OAuthAuthorizer.swift
2026-10-07T15:58:50.5851622Z [341/1176] Compiling MCP OAuthClientRegistrar.swift
2026-10-07T15:58:50.5862163Z [342/1176] Compiling MCP OAuthConfiguration.swift
2026-10-07T15:58:50.5870228Z [343/1176] Compiling MCP OAuthConstants.swift
2026-10-07T15:58:50.5878364Z [344/1176] Compiling MCP OAuthDiscovery.swift
2026-10-07T15:58:50.5914101Z [345/1176] Compiling MCP OAuthDiscoveryClient.swift
2026-10-07T15:58:50.5921674Z [346/1176] Compiling MCP OAuthErrors.swift
2026-10-07T15:58:50.5928840Z [347/1176] Compiling MCP OAuthModels.swift
2026-10-07T15:58:50.5936021Z [348/1176] Compiling MCP OAuthTokenEndpointClient.swift
2026-10-07T15:58:50.5943586Z [349/1176] Compiling MCP OAuthURLValidator.swift
2026-10-07T15:58:50.5951366Z [350/1176] Compiling MCP OAuthWWWAuthenticateParser.swift
2026-10-07T15:58:52.2018231Z [350/1176] Compiling ssl_transcript.cc
2026-10-07T15:58:52.3924101Z [351/1176] Compiling ssl_stat.cc
2026-10-07T15:58:53.6423341Z [352/1176] Compiling ssl_session.cc
2026-10-07T15:58:53.6804771Z [354/1176] Compiling SwiftProtobuf TextFormatEncoder.swift
2026-10-07T15:58:53.6806611Z [355/1176] Compiling SwiftProtobuf TextFormatEncodingOptions.swift
2026-10-07T15:58:53.6808032Z [356/1176] Compiling SwiftProtobuf TextFormatEncodingVisitor.swift
2026-10-07T15:58:53.6823864Z [357/1176] Compiling SwiftProtobuf TextFormatScanner.swift
2026-10-07T15:58:53.6825384Z [358/1176] Compiling SwiftProtobuf TimeUtils.swift
2026-10-07T15:58:53.6826635Z [359/1176] Compiling SwiftProtobuf UnknownStorage.swift
2026-10-07T15:58:53.6827581Z [360/1176] Compiling SwiftProtobuf UnsafeRawPointer+Shims.swift
2026-10-07T15:58:53.6828539Z [361/1176] Compiling SwiftProtobuf Varint.swift
2026-10-07T15:58:53.6835741Z [362/1176] Compiling SwiftProtobuf Version.swift
2026-10-07T15:58:53.6837122Z [363/1176] Compiling SwiftProtobuf Visitor.swift
2026-10-07T15:58:53.6838384Z [364/1176] Compiling SwiftProtobuf WireFormat.swift
2026-10-07T15:58:53.6839509Z [365/1176] Compiling SwiftProtobuf ZigZag.swift
2026-10-07T15:58:53.6840370Z [366/1176] Compiling SwiftProtobuf any.pb.swift
2026-10-07T15:58:53.6847484Z [367/1176] Compiling SwiftProtobuf api.pb.swift
2026-10-07T15:58:53.6848989Z [368/1176] Compiling SwiftProtobuf descriptor.pb.swift
2026-10-07T15:58:53.6850647Z [369/1176] Compiling SwiftProtobuf duration.pb.swift
2026-10-07T15:58:53.6851505Z [370/1176] Compiling SwiftProtobuf empty.pb.swift
2026-10-07T15:58:53.6852436Z [371/1176] Compiling SwiftProtobuf field_mask.pb.swift
2026-10-07T15:58:53.6859930Z [372/1176] Compiling SwiftProtobuf source_context.pb.swift
2026-10-07T15:58:53.6861593Z [373/1176] Compiling SwiftProtobuf struct.pb.swift
2026-10-07T15:58:53.6862894Z [374/1176] Compiling SwiftProtobuf timestamp.pb.swift
2026-10-07T15:58:53.6863796Z [375/1176] Compiling SwiftProtobuf type.pb.swift
2026-10-07T15:58:53.6864755Z [376/1176] Compiling SwiftProtobuf wrappers.pb.swift
2026-10-07T15:58:54.0875967Z [377/1177] Wrapping AST for SwiftProtobuf for debugging
2026-10-07T15:58:54.9969494Z [378/1177] Compiling ssl_privkey.cc
2026-10-07T15:58:55.4188766Z [379/1177] Compiling ssl_lib.cc
2026-10-07T15:58:56.7729381Z [380/1177] Compiling ssl_credential.cc
2026-10-07T15:58:56.9620779Z [381/1177] Compiling ssl_key_share.cc
2026-10-07T15:58:57.2324132Z [382/1177] Compiling ssl_file.cc
2026-10-07T15:58:58.1109577Z [383/1177] Compiling ssl_cipher.cc
2026-10-07T15:58:59.4108560Z [384/1177] Compiling ssl_asn1.cc
2026-10-07T15:58:59.6320151Z [385/1177] Compiling ssl_buffer.cc
2026-10-07T15:59:00.0396264Z [386/1177] Compiling ssl_cert.cc
2026-10-07T15:59:00.7897757Z [387/1177] Compiling ssl_aead_ctx.cc
2026-10-07T15:59:01.5879953Z [388/1177] Compiling s3_pkt.cc
2026-10-07T15:59:01.9245045Z [389/1177] Compiling s3_lib.cc
2026-10-07T15:59:02.4792076Z [390/1177] Compiling s3_both.cc
2026-10-07T15:59:03.6371846Z [391/1177] Compiling handshake_server.cc
2026-10-07T15:59:03.9181935Z [392/1177] Compiling handshake_client.cc
2026-10-07T15:59:04.3208280Z [393/1177] Compiling handshake.cc
2026-10-07T15:59:05.6061387Z [394/1177] Compiling handoff.cc
2026-10-07T15:59:06.1450187Z [395/1177] Compiling encrypted_client_hello.cc
2026-10-07T15:59:06.1878563Z [396/1177] Compiling extensions.cc
2026-10-07T15:59:07.4000818Z [397/1177] Compiling dtls_record.cc
2026-10-07T15:59:07.8221066Z [398/1177] Compiling dtls_method.cc
2026-10-07T15:59:07.8892798Z [399/1177] Compiling d1_srtp.cc
2026-10-07T15:59:08.7275138Z [401/1177] Compiling MCP Client.swift
2026-10-07T15:59:08.7283909Z [402/1177] Compiling MCP Elicitation.swift
2026-10-07T15:59:08.7290889Z [403/1177] Compiling MCP Roots.swift
2026-10-07T15:59:08.7297052Z [404/1177] Compiling MCP Sampling.swift
2026-10-07T15:59:08.7304139Z [405/1177] Compiling MCP Data+Extensions.swift
2026-10-07T15:59:08.7313031Z [406/1177] Compiling MCP Completion.swift
2026-10-07T15:59:08.7314310Z [407/1177] Compiling MCP Logging.swift
2026-10-07T15:59:08.7315680Z [408/1177] Compiling MCP Prompts.swift
2026-10-07T15:59:08.7316529Z [409/1177] Compiling MCP Resources.swift
2026-10-07T15:59:08.7317340Z [410/1177] Compiling MCP Server.swift
2026-10-07T15:59:08.7318140Z [411/1177] Compiling MCP Tools.swift
2026-10-07T15:59:09.0730235Z [412/1178] Compiling d1_pkt.cc
2026-10-07T15:59:09.1245423Z [413/1178] Wrapping AST for MCP for debugging
2026-10-07T15:59:09.1766375Z [414/1178] Compiling md5-x86_64-linux.S
2026-10-07T15:59:09.2255964Z [415/1178] Compiling md5-x86_64-apple.S
2026-10-07T15:59:09.2756948Z [416/1178] Compiling md5-586-linux.S
2026-10-07T15:59:09.3235496Z [417/1178] Compiling md5-586-apple.S
2026-10-07T15:59:09.5750515Z [418/1178] Compiling d1_lib.cc
2026-10-07T15:59:09.6775874Z [419/1178] Compiling chacha20_poly1305_x86_64-linux.S
2026-10-07T15:59:09.7257169Z [420/1178] Compiling chacha20_poly1305_x86_64-apple.S
2026-10-07T15:59:09.7258743Z [421/1178] Compiling err_data.cc
2026-10-07T15:59:09.7715809Z [422/1178] Compiling chacha20_poly1305_armv8-win.S
2026-10-07T15:59:09.7720075Z [423/1178] Compiling chacha20_poly1305_armv8-linux.S
2026-10-07T15:59:09.8131298Z [424/1178] Compiling d1_both.cc
2026-10-07T15:59:09.8171900Z [425/1178] Compiling chacha20_poly1305_armv8-apple.S
2026-10-07T15:59:09.8213294Z [426/1178] Compiling chacha-x86_64-linux.S
2026-10-07T15:59:09.8339158Z [427/1178] Compiling bio_ssl.cc
2026-10-07T15:59:09.8565823Z [428/1178] Compiling chacha-x86-linux.S
2026-10-07T15:59:09.8581405Z [428/1178] Compiling chacha-x86_64-apple.S
2026-10-07T15:59:09.8645840Z [430/1178] Compiling chacha-x86-apple.S
2026-10-07T15:59:09.8795741Z [431/1178] Compiling chacha-armv8-win.S
2026-10-07T15:59:09.9005004Z [432/1178] Compiling chacha-armv8-linux.S
2026-10-07T15:59:09.9033596Z [433/1178] Compiling chacha-armv8-apple.S
2026-10-07T15:59:09.9080416Z [434/1178] Compiling chacha-armv4-linux.S
2026-10-07T15:59:09.9348435Z [435/1178] Compiling aes128gcmsiv-x86_64-linux.S
2026-10-07T15:59:09.9445584Z [436/1178] Compiling aes128gcmsiv-x86_64-apple.S
2026-10-07T15:59:09.9494723Z [437/1178] Compiling x86_64-mont5-apple.S
2026-10-07T15:59:09.9639034Z [438/1178] Compiling x86_64-mont5-linux.S
2026-10-07T15:59:09.9825828Z [439/1178] Compiling x86_64-mont-linux.S
2026-10-07T15:59:09.9874137Z [440/1178] Compiling x86_64-mont-apple.S
2026-10-07T15:59:09.9964845Z [441/1178] Compiling x86-mont-linux.S
2026-10-07T15:59:10.0085292Z [442/1178] Compiling x86-mont-apple.S
2026-10-07T15:59:10.0305344Z [443/1178] Compiling vpaes-x86_64-apple.S
2026-10-07T15:59:10.0313984Z [444/1178] Compiling vpaes-x86_64-linux.S
2026-10-07T15:59:10.0445505Z [445/1178] Compiling vpaes-x86-linux.S
2026-10-07T15:59:10.0525002Z [446/1178] Compiling vpaes-x86-apple.S
2026-10-07T15:59:10.0726054Z [447/1178] Compiling vpaes-armv8-win.S
2026-10-07T15:59:10.0744119Z [448/1178] Compiling vpaes-armv8-linux.S
2026-10-07T15:59:10.0916370Z [449/1178] Compiling vpaes-armv8-apple.S
2026-10-07T15:59:10.0963819Z [450/1178] Compiling vpaes-armv7-linux.S
2026-10-07T15:59:10.1148310Z [451/1178] Compiling sha512-x86_64-apple.S
2026-10-07T15:59:10.1283070Z [452/1178] Compiling sha512-x86_64-linux.S
2026-10-07T15:59:10.1385355Z [453/1178] Compiling sha512-armv8-win.S
2026-10-07T15:59:10.1387780Z [454/1178] Compiling sha512-armv8-linux.S
2026-10-07T15:59:10.1575867Z [455/1178] Compiling sha512-armv8-apple.S
2026-10-07T15:59:10.1716553Z [456/1178] Compiling sha512-armv4-linux.S
2026-10-07T15:59:10.1826448Z [457/1178] Compiling sha512-586-apple.S
2026-10-07T15:59:10.1873917Z [458/1178] Compiling sha512-586-linux.S
2026-10-07T15:59:10.2165227Z [459/1178] Compiling sha256-x86_64-apple.S
2026-10-07T15:59:10.2204105Z [460/1178] Compiling sha256-x86_64-linux.S
2026-10-07T15:59:10.2244176Z [461/1178] Compiling sha256-armv8-win.S
2026-10-07T15:59:10.2325214Z [462/1178] Compiling sha256-armv8-linux.S
2026-10-07T15:59:10.2595378Z [463/1178] Compiling sha256-armv8-apple.S
2026-10-07T15:59:10.2675083Z [464/1178] Compiling sha256-armv4-linux.S
2026-10-07T15:59:10.2754694Z [465/1178] Compiling sha256-586-linux.S
2026-10-07T15:59:10.2763285Z [466/1178] Compiling sha256-586-apple.S
2026-10-07T15:59:10.3145247Z [467/1178] Compiling sha1-x86_64-apple.S
2026-10-07T15:59:10.3183995Z [468/1178] Compiling sha1-armv8-linux.S
2026-10-07T15:59:10.3223677Z [469/1178] Compiling sha1-armv8-win.S
2026-10-07T15:59:10.3314346Z [470/1178] Compiling sha1-x86_64-linux.S
2026-10-07T15:59:10.3605011Z [471/1178] Compiling sha1-armv8-apple.S
2026-10-07T15:59:10.3605658Z [471/1178] Compiling sha1-armv4-large-linux.S
2026-10-07T15:59:10.3646040Z [473/1178] Compiling sha1-586-linux.S
2026-10-07T15:59:10.3737983Z [474/1178] Compiling sha1-586-apple.S
2026-10-07T15:59:10.4057322Z [475/1178] Compiling rdrand-x86_64-linux.S
2026-10-07T15:59:10.4067134Z [476/1178] Compiling rsaz-avx2-apple.S
2026-10-07T15:59:10.4114993Z [477/1178] Compiling rsaz-avx2-linux.S
2026-10-07T15:59:10.4163859Z [478/1178] Compiling rdrand-x86_64-apple.S
2026-10-07T15:59:10.4485548Z [479/1178] Compiling p256_beeu-x86_64-asm-apple.S
2026-10-07T15:59:10.4534137Z [480/1178] Compiling p256_beeu-x86_64-asm-linux.S
2026-10-07T15:59:10.4534827Z [481/1178] Compiling p256_beeu-armv8-asm-win.S
2026-10-07T15:59:10.4595023Z [482/1178] Compiling p256_beeu-armv8-asm-linux.S
2026-10-07T15:59:10.4936191Z [483/1178] Compiling p256_beeu-armv8-asm-apple.S
2026-10-07T15:59:10.4938291Z [484/1178] Compiling p256-x86_64-asm-apple.S
2026-10-07T15:59:10.5024130Z [485/1178] Compiling p256-armv8-asm-win.S
2026-10-07T15:59:10.5130705Z [486/1178] Compiling p256-x86_64-asm-linux.S
2026-10-07T15:59:10.5365883Z [487/1178] Compiling p256-armv8-asm-apple.S
2026-10-07T15:59:10.5373744Z [488/1178] Compiling p256-armv8-asm-linux.S
2026-10-07T15:59:10.5476288Z [489/1178] Compiling ghashv8-armv8-win.S
2026-10-07T15:59:10.5575145Z [490/1178] Compiling ghashv8-armv8-linux.S
2026-10-07T15:59:10.5799450Z [491/1178] Compiling ghashv8-armv8-apple.S
2026-10-07T15:59:10.5844291Z [492/1178] Compiling ghashv8-armv7-linux.S
2026-10-07T15:59:10.5944905Z [493/1178] Compiling ghash-x86_64-linux.S
2026-10-07T15:59:10.5996616Z [494/1178] Compiling ghash-x86_64-apple.S
2026-10-07T15:59:10.6245402Z [495/1178] Compiling ghash-x86-linux.S
2026-10-07T15:59:10.6285037Z [496/1178] Compiling ghash-x86-apple.S
2026-10-07T15:59:10.6385465Z [497/1178] Compiling ghash-ssse3-x86_64-linux.S
2026-10-07T15:59:10.6423818Z [498/1178] Compiling ghash-ssse3-x86_64-apple.S
2026-10-07T15:59:10.6669589Z [499/1178] Compiling ghash-ssse3-x86-linux.S
2026-10-07T15:59:10.6734858Z [500/1178] Compiling ghash-ssse3-x86-apple.S
2026-10-07T15:59:10.6804846Z [501/1178] Compiling ghash-neon-armv8-win.S
2026-10-07T15:59:10.6844374Z [502/1178] Compiling ghash-neon-armv8-linux.S
2026-10-07T15:59:10.7105620Z [503/1178] Compiling ghash-neon-armv8-apple.S
2026-10-07T15:59:10.7204788Z [504/1178] Compiling ghash-armv4-linux.S
2026-10-07T15:59:10.7233522Z [505/1178] Compiling co-586-linux.S
2026-10-07T15:59:10.7253950Z [506/1178] Compiling co-586-apple.S
2026-10-07T15:59:10.7533724Z [507/1178] Compiling bsaes-armv7-linux.S
2026-10-07T15:59:10.7665258Z [508/1178] Compiling bn-armv8-apple.S
2026-10-07T15:59:10.7666367Z [508/1178] Compiling bn-armv8-win.S
2026-10-07T15:59:10.7667620Z [509/1178] Compiling bn-armv8-linux.S
2026-10-07T15:59:10.7953335Z [511/1178] Compiling bn-586-linux.S
2026-10-07T15:59:10.8074898Z [512/1178] Compiling bn-586-apple.S
2026-10-07T15:59:10.8083615Z [513/1178] Compiling armv8-mont-win.S
2026-10-07T15:59:10.8089545Z [514/1178] Compiling armv8-mont-linux.S
2026-10-07T15:59:10.8377116Z [515/1178] Compiling armv8-mont-apple.S
2026-10-07T15:59:10.8524320Z [516/1178] Compiling aesv8-gcm-armv8-win.S
2026-10-07T15:59:10.8532236Z [516/1178] Compiling aesv8-gcm-armv8-linux.S
2026-10-07T15:59:10.8538936Z [516/1178] Compiling armv4-mont-linux.S
2026-10-07T15:59:10.8806194Z [519/1178] Compiling aesv8-gcm-armv8-apple.S
2026-10-07T15:59:10.8954040Z [520/1178] Compiling aesv8-armv8-apple.S
2026-10-07T15:59:10.8961373Z [521/1178] Compiling aesv8-armv8-win.S
2026-10-07T15:59:10.8967809Z [522/1178] Compiling aesv8-armv8-linux.S
2026-10-07T15:59:10.9242496Z [523/1178] Compiling aesv8-armv7-linux.S
2026-10-07T15:59:10.9385312Z [524/1178] Compiling aesni-x86_64-apple.S
2026-10-07T15:59:10.9403004Z [525/1178] Compiling aesni-x86-linux.S
2026-10-07T15:59:10.9504909Z [526/1178] Compiling aesni-x86_64-linux.S
2026-10-07T15:59:10.9644694Z [527/1178] Compiling aesni-x86-apple.S
2026-10-07T15:59:10.9854749Z [528/1178] Compiling aesni-gcm-x86_64-apple.S
2026-10-07T15:59:10.9861696Z [529/1178] Compiling aesni-gcm-x86_64-linux.S
2026-10-07T15:59:10.9977067Z [530/1178] Compiling aes-gcm-avx2-x86_64-linux.S
2026-10-07T15:59:11.0027269Z [531/1178] Compiling aes-gcm-avx2-x86_64-apple.S
2026-10-07T15:59:11.0315421Z [532/1178] Compiling aes-gcm-avx10-x86_64-apple.S
2026-10-07T15:59:11.0344875Z [533/1178] Compiling aes-gcm-avx10-x86_64-linux.S
2026-10-07T15:59:12.0037790Z [534/1178] Compiling x_x509a.cc
2026-10-07T15:59:12.0177868Z [535/1178] Compiling x_val.cc
2026-10-07T15:59:12.0247336Z [536/1178] Compiling x_spki.cc
2026-10-07T15:59:12.0328706Z [537/1178] Compiling x_x509.cc
2026-10-07T15:59:12.9350166Z [538/1178] Compiling x_sig.cc
2026-10-07T15:59:13.0088697Z [539/1178] Compiling x_req.cc
2026-10-07T15:59:13.0187841Z [540/1178] Compiling x_pubkey.cc
2026-10-07T15:59:13.0410336Z [541/1178] Compiling x_name.cc
2026-10-07T15:59:13.9239191Z [542/1178] Compiling x_exten.cc
2026-10-07T15:59:14.0088619Z [543/1178] Compiling x_attrib.cc
2026-10-07T15:59:14.0197348Z [544/1178] Compiling x_crl.cc
2026-10-07T15:59:14.1029937Z [545/1178] Compiling x_all.cc
2026-10-07T15:59:14.8569673Z [546/1178] Compiling x_algor.cc
2026-10-07T15:59:14.9379896Z [547/1178] Compiling x509spki.cc
2026-10-07T15:59:14.9959861Z [548/1178] Compiling x509rset.cc
2026-10-07T15:59:15.1039876Z [549/1178] Compiling x509name.cc
2026-10-07T15:59:15.8479429Z [550/1178] Compiling x509cset.cc
2026-10-07T15:59:15.9440106Z [551/1178] Compiling x509_vpm.cc
2026-10-07T15:59:16.0699862Z [552/1178] Compiling x509_vfy.cc
2026-10-07T15:59:16.0868531Z [553/1178] Compiling x509_v3.cc
2026-10-07T15:59:16.7529582Z [554/1178] Compiling x509_txt.cc
2026-10-07T15:59:16.9240323Z [555/1178] Compiling x509_trs.cc
2026-10-07T15:59:17.0570476Z [556/1178] Compiling x509_set.cc
2026-10-07T15:59:17.0859014Z [557/1178] Compiling x509_req.cc
2026-10-07T15:59:17.7450294Z [558/1178] Compiling x509_obj.cc
2026-10-07T15:59:17.9510220Z [559/1178] Compiling x509_lu.cc
2026-10-07T15:59:17.9898674Z [560/1178] Compiling x509_def.cc
2026-10-07T15:59:18.0500438Z [561/1178] Compiling x509_ext.cc
2026-10-07T15:59:18.6480193Z [562/1178] Compiling x509_d2.cc
2026-10-07T15:59:18.9428570Z [563/1178] Compiling x509_cmp.cc
2026-10-07T15:59:18.9649418Z [564/1178] Compiling x509.cc
2026-10-07T15:59:18.9727314Z [565/1178] Compiling x509_att.cc
2026-10-07T15:59:19.7219296Z [566/1178] Compiling v3_utl.cc
2026-10-07T15:59:19.8719728Z [567/1178] Compiling v3_prn.cc
2026-10-07T15:59:19.9308391Z [568/1178] Compiling v3_skey.cc
2026-10-07T15:59:19.9820082Z [569/1178] Compiling v3_purp.cc
2026-10-07T15:59:20.7170920Z [570/1178] Compiling v3_pmaps.cc
2026-10-07T15:59:20.8379655Z [571/1178] Compiling v3_ocsp.cc
2026-10-07T15:59:20.8620261Z [572/1178] Compiling v3_pcons.cc
2026-10-07T15:59:21.0111214Z [573/1178] Compiling v3_ncons.cc
2026-10-07T15:59:21.7370350Z [574/1178] Compiling v3_int.cc
2026-10-07T15:59:21.7558105Z [575/1178] Compiling v3_lib.cc
2026-10-07T15:59:21.8790227Z [576/1178] Compiling v3_info.cc
2026-10-07T15:59:21.9739876Z [577/1178] Compiling v3_ia5.cc
2026-10-07T15:59:22.7330143Z [578/1178] Compiling v3_genn.cc
2026-10-07T15:59:22.7387293Z [579/1178] Compiling v3_extku.cc
2026-10-07T15:59:22.8600240Z [580/1178] Compiling v3_enum.cc
2026-10-07T15:59:23.0070747Z [581/1178] Compiling v3_crld.cc
2026-10-07T15:59:23.7419293Z [582/1178] Compiling v3_conf.cc
2026-10-07T15:59:23.7630728Z [583/1178] Compiling v3_cpols.cc
2026-10-07T15:59:23.8460408Z [584/1178] Compiling v3_bitst.cc
2026-10-07T15:59:23.9949859Z [585/1178] Compiling v3_bcons.cc
2026-10-07T15:59:24.7409595Z [586/1178] Compiling v3_akeya.cc
2026-10-07T15:59:24.7426459Z [587/1178] Compiling v3_alt.cc
2026-10-07T15:59:24.8230423Z [588/1178] Compiling v3_akey.cc
2026-10-07T15:59:25.0021378Z [589/1178] Compiling t_x509a.cc
2026-10-07T15:59:25.7318409Z [590/1178] Compiling t_req.cc
2026-10-07T15:59:25.7367598Z [591/1178] Compiling t_x509.cc
2026-10-07T15:59:25.7534551Z [592/1178] Compiling t_crl.cc
2026-10-07T15:59:25.9990754Z [593/1178] Compiling rsa_pss.cc
2026-10-07T15:59:26.3288134Z [594/1178] Compiling i2d_pr.cc
2026-10-07T15:59:26.6654745Z [595/1178] Compiling name_print.cc
2026-10-07T15:59:26.7730266Z [596/1178] Compiling policy.cc
2026-10-07T15:59:27.0110566Z [597/1178] Compiling by_file.cc
2026-10-07T15:59:27.3311153Z [598/1178] Compiling by_dir.cc
2026-10-07T15:59:27.6990435Z [599/1178] Compiling asn1_gen.cc
2026-10-07T15:59:27.7529570Z [600/1178] Compiling algorithm.cc
2026-10-07T15:59:27.9989977Z [601/1178] Compiling a_verify.cc
2026-10-07T15:59:28.3101117Z [602/1178] Compiling a_sign.cc
2026-10-07T15:59:28.4699372Z [603/1178] Compiling voprf.cc
2026-10-07T15:59:28.6079684Z [604/1178] Compiling a_digest.cc
2026-10-07T15:59:28.7089077Z [605/1178] Compiling trust_token.cc
2026-10-07T15:59:28.9220999Z [606/1178] Compiling thread_win.cc
2026-10-07T15:59:29.0389637Z [607/1178] Compiling pmbtoken.cc
2026-10-07T15:59:29.0551105Z [608/1178] Compiling thread_pthread.cc
2026-10-07T15:59:29.1569693Z [609/1178] Compiling thread_none.cc
2026-10-07T15:59:29.2848411Z [610/1178] Compiling thread.cc
2026-10-07T15:59:29.5278876Z [611/1178] Compiling stack.cc
2026-10-07T15:59:29.6568771Z [612/1178] Compiling slhdsa.cc
2026-10-07T15:59:29.7348527Z [613/1178] Compiling siphash.cc
2026-10-07T15:59:29.7599836Z [614/1178] Compiling spake2plus.cc
2026-10-07T15:59:29.9177665Z [615/1178] Compiling sha512.cc
2026-10-07T15:59:30.0368600Z [616/1178] Compiling sha256.cc
2026-10-07T15:59:30.1268689Z [617/1178] Compiling sha1.cc
2026-10-07T15:59:30.2228499Z [618/1178] Compiling rsa_print.cc
2026-10-07T15:59:30.3318750Z [619/1178] Compiling rsa_extra.cc
2026-10-07T15:59:30.6180554Z [620/1178] Compiling rsa_crypt.cc
2026-10-07T15:59:30.6729533Z [621/1178] Compiling refcount.cc
2026-10-07T15:59:30.7157531Z [622/1178] Compiling rc4.cc
2026-10-07T15:59:30.7409480Z [623/1178] Compiling rsa_asn1.cc
2026-10-07T15:59:31.0709498Z [624/1178] Compiling windows.cc
2026-10-07T15:59:31.0998033Z [625/1178] Compiling trusty.cc
2026-10-07T15:59:31.1377349Z [626/1178] Compiling rand.cc
2026-10-07T15:59:31.1618362Z [627/1178] Compiling urandom.cc
2026-10-07T15:59:31.4788200Z [628/1178] Compiling ios.cc
2026-10-07T15:59:31.5208351Z [629/1178] Compiling getentropy.cc
2026-10-07T15:59:31.5256649Z [630/1178] Compiling passive.cc
2026-10-07T15:59:31.6329306Z [631/1178] Compiling forkunsafe.cc
2026-10-07T15:59:31.9184014Z [632/1178] Compiling deterministic.cc
2026-10-07T15:59:31.9468231Z [633/1178] Compiling fork_detect.cc
2026-10-07T15:59:31.9584158Z [634/1178] Compiling poly1305_arm_asm.S
2026-10-07T15:59:32.1229895Z [635/1178] Compiling pool.cc
2026-10-07T15:59:32.2589613Z [636/1178] Compiling poly1305_vec.cc
2026-10-07T15:59:32.3948328Z [637/1178] Compiling poly1305_arm.cc
2026-10-07T15:59:32.4097718Z [638/1178] Compiling poly1305.cc
2026-10-07T15:59:33.1990992Z [639/1178] Compiling pkcs8_x509.cc
2026-10-07T15:59:33.2570648Z [640/1178] Compiling pkcs8.cc
2026-10-07T15:59:33.3920675Z [641/1178] Compiling p5_pbev2.cc
2026-10-07T15:59:33.4328485Z [642/1178] Compiling pkcs7_x509.cc
2026-10-07T15:59:33.7319685Z [643/1178] Compiling pkcs7.cc
2026-10-07T15:59:34.1879662Z [644/1178] Compiling pem_xaux.cc
2026-10-07T15:59:34.3169809Z [645/1178] Compiling pem_x509.cc
2026-10-07T15:59:34.3670747Z [646/1178] Compiling pem_pkey.cc
2026-10-07T15:59:34.6700017Z [647/1178] Compiling pem_pk8.cc
2026-10-07T15:59:35.1060425Z [648/1178] Compiling pem_oth.cc
2026-10-07T15:59:35.3169011Z [649/1178] Compiling pem_info.cc
2026-10-07T15:59:35.3329275Z [650/1178] Compiling pem_lib.cc
2026-10-07T15:59:35.6399435Z [651/1178] Compiling pem_all.cc
2026-10-07T15:59:35.6557475Z [652/1178] Compiling obj_xref.cc
2026-10-07T15:59:35.7319975Z [653/1178] Compiling mlkem.cc
2026-10-07T15:59:36.0279500Z [654/1178] Compiling mldsa.cc
2026-10-07T15:59:36.0823958Z [655/1178] Compiling obj.cc
2026-10-07T15:59:36.1449383Z [656/1178] Compiling mem.cc
2026-10-07T15:59:36.1627096Z [657/1178] Compiling md5.cc
2026-10-07T15:59:36.5050299Z [658/1178] Compiling md4.cc
2026-10-07T15:59:36.5469120Z [659/1178] Compiling lhash.cc
2026-10-07T15:59:36.6126109Z [660/1178] Compiling poly_rq_mul.S
2026-10-07T15:59:36.6375849Z [661/1178] Compiling fips_shared_support.cc
2026-10-07T15:59:36.7310493Z [662/1178] Compiling kyber.cc
2026-10-07T15:59:36.8907911Z [663/1178] Compiling hrss.cc
2026-10-07T15:59:37.2199628Z [664/1178] Compiling ex_data.cc
2026-10-07T15:59:37.2338133Z [665/1178] Compiling hpke.cc
2026-10-07T15:59:37.3618639Z [666/1178] Compiling sign.cc
2026-10-07T15:59:37.7519576Z [667/1178] Compiling scrypt.cc
2026-10-07T15:59:37.8667871Z [668/1178] Compiling print.cc
2026-10-07T15:59:37.8755783Z [669/1178] Compiling pbkdf.cc
2026-10-07T15:59:38.3499172Z [670/1178] Compiling p_x25519.cc
2026-10-07T15:59:38.3707755Z [671/1178] Compiling p_x25519_asn1.cc
2026-10-07T15:59:38.5309057Z [672/1178] Compiling p_rsa_asn1.cc
2026-10-07T15:59:39.0190371Z [673/1178] Compiling p_rsa.cc
2026-10-07T15:59:39.0236871Z [674/1178] Compiling p_hkdf.cc
2026-10-07T15:59:39.1659725Z [675/1178] Compiling p_ed25519_asn1.cc
2026-10-07T15:59:39.5018000Z [676/1178] Compiling p_ed25519.cc
2026-10-07T15:59:39.6458025Z [677/1178] Compiling p_ec_asn1.cc
2026-10-07T15:59:39.7560344Z [678/1178] Compiling p_ec.cc
2026-10-07T15:59:40.1908798Z [679/1178] Compiling p_dh_asn1.cc
2026-10-07T15:59:40.2590125Z [680/1178] Compiling p_dh.cc
2026-10-07T15:59:40.2666170Z [681/1178] Compiling p_dsa_asn1.cc
2026-10-07T15:59:40.5952512Z [682/1178] Compiling bcm.cc
2026-10-07T15:59:40.6640490Z [683/1178] Compiling evp_ctx.cc
2026-10-07T15:59:40.8458615Z [684/1178] Compiling evp.cc
2026-10-07T15:59:41.0239906Z [685/1178] Compiling evp_asn1.cc
2026-10-07T15:59:41.1038455Z [686/1178] Compiling err.cc
2026-10-07T15:59:41.1808552Z [687/1178] Compiling engine.cc
2026-10-07T15:59:41.4749345Z [688/1178] Compiling ecdsa_asn1.cc
2026-10-07T15:59:41.5399724Z [689/1178] Compiling ecdh.cc
2026-10-07T15:59:41.6468800Z [690/1178] Compiling hash_to_curve.cc
2026-10-07T15:59:41.7028687Z [691/1178] Compiling ec_derive.cc
2026-10-07T15:59:42.1289429Z [692/1178] Compiling ec_asn1.cc
2026-10-07T15:59:42.1538369Z [693/1178] Compiling dsa_asn1.cc
2026-10-07T15:59:42.2229181Z [694/1178] Compiling dsa.cc
2026-10-07T15:59:42.3761041Z [695/1178] Compiling digest_extra.cc
2026-10-07T15:59:42.6470039Z [696/1178] Compiling params.cc
2026-10-07T15:59:42.7529595Z [697/1178] Compiling dh_asn1.cc
2026-10-07T15:59:42.7707924Z [698/1178] Compiling des.cc
2026-10-07T15:59:42.8086407Z [699/1178] Compiling x25519-asm-arm.S
2026-10-07T15:59:42.9599466Z [700/1178] Compiling spake25519.cc
2026-10-07T15:59:43.2748986Z [701/1178] Compiling crypto.cc
2026-10-07T15:59:43.4229929Z [702/1178] Compiling cpu_intel.cc
2026-10-07T15:59:43.5288966Z [703/1178] Compiling curve25519.cc
2026-10-07T15:59:43.7148946Z [704/1178] Compiling cpu_arm_linux.cc
2026-10-07T15:59:43.8739237Z [705/1178] Compiling cpu_arm_freebsd.cc
2026-10-07T15:59:43.9360300Z [706/1178] Compiling curve25519_64_adx.cc
2026-10-07T15:59:43.9978828Z [707/1178] Compiling cpu_aarch64_win.cc
2026-10-07T15:59:44.1593795Z [708/1178] Compiling cpu_aarch64_sysreg.cc
2026-10-07T15:59:44.2498073Z [709/1178] Compiling cpu_aarch64_openbsd.cc
2026-10-07T15:59:44.3828229Z [710/1178] Compiling cpu_aarch64_linux.cc
2026-10-07T15:59:44.4428461Z [711/1178] Compiling cpu_aarch64_fuchsia.cc
2026-10-07T15:59:44.6008512Z [712/1178] Compiling cpu_aarch64_apple.cc
2026-10-07T15:59:44.8019898Z [713/1178] Compiling conf.cc
2026-10-07T15:59:44.8789315Z [714/1178] Compiling tls_cbc.cc
2026-10-07T15:59:44.9258500Z [715/1178] Compiling get_cipher.cc
2026-10-07T15:59:45.1250167Z [716/1178] Compiling e_tls.cc
2026-10-07T15:59:45.2718149Z [717/1178] Compiling e_rc4.cc
2026-10-07T15:59:45.3729214Z [718/1178] Compiling e_rc2.cc
2026-10-07T15:59:45.4027810Z [719/1178] Compiling e_null.cc
2026-10-07T15:59:45.6069647Z [720/1178] Compiling e_des.cc
2026-10-07T15:59:45.7679863Z [721/1178] Compiling e_chacha20poly1305.cc
2026-10-07T15:59:45.8817658Z [722/1178] Compiling e_aesgcmsiv.cc
2026-10-07T15:59:45.8957968Z [723/1178] Compiling e_aesctrhmac.cc
2026-10-07T15:59:45.9888519Z [724/1178] Compiling derive_key.cc
2026-10-07T15:59:46.2289192Z [725/1178] Compiling chacha.cc
2026-10-07T15:59:46.3638465Z [726/1178] Compiling unicode.cc
2026-10-07T15:59:46.5850119Z [727/1178] Compiling cbb.cc
2026-10-07T15:59:46.5937304Z [728/1178] Compiling cbs.cc
2026-10-07T15:59:46.7139380Z [729/1178] Compiling ber.cc
2026-10-07T15:59:46.9089593Z [730/1178] Compiling asn1_compat.cc
2026-10-07T15:59:47.0519192Z [731/1178] Compiling buf.cc
2026-10-07T15:59:47.2129523Z [732/1178] Compiling bn_asn1.cc
2026-10-07T15:59:47.2309931Z [733/1178] Compiling convert.cc
2026-10-07T15:59:47.3678358Z [734/1178] Compiling blake2.cc
2026-10-07T15:59:47.5750298Z [735/1178] Compiling socket_helper.cc
2026-10-07T15:59:47.6689288Z [736/1178] Compiling printf.cc
2026-10-07T15:59:47.6697866Z [736/1178] Compiling socket.cc
2026-10-07T15:59:47.8858740Z [738/1178] Compiling pair.cc
2026-10-07T15:59:48.0759310Z [739/1178] Compiling hexdump.cc
2026-10-07T15:59:48.1818400Z [740/1178] Compiling fd.cc
2026-10-07T15:59:48.1825936Z [741/1178] Compiling file.cc
2026-10-07T15:59:48.3228347Z [742/1178] Compiling errno.cc
2026-10-07T15:59:48.6138797Z [743/1178] Compiling connect.cc
2026-10-07T15:59:48.6869183Z [744/1178] Compiling bio_mem.cc
2026-10-07T15:59:48.7579480Z [745/1178] Compiling bio.cc
2026-10-07T15:59:48.8028460Z [746/1178] Compiling base64.cc
2026-10-07T15:59:49.2189780Z [747/1178] Compiling tasn_typ.cc
2026-10-07T15:59:49.2808472Z [748/1178] Compiling tasn_utl.cc
2026-10-07T15:59:49.3148479Z [749/1178] Compiling tasn_fre.cc
2026-10-07T15:59:49.3999595Z [750/1178] Compiling tasn_new.cc
2026-10-07T15:59:49.7800404Z [751/1178] Compiling tasn_enc.cc
2026-10-07T15:59:49.8058719Z [752/1178] Compiling posix_time.cc
2026-10-07T15:59:49.8598177Z [753/1178] Compiling f_string.cc
2026-10-07T15:59:49.9759713Z [754/1178] Compiling tasn_dec.cc
2026-10-07T15:59:50.2498519Z [755/1178] Compiling f_int.cc
2026-10-07T15:59:50.2827985Z [756/1178] Compiling asn_pack.cc
2026-10-07T15:59:50.3237454Z [757/1178] Compiling asn1_par.cc
2026-10-07T15:59:50.6340089Z [758/1178] Compiling asn1_lib.cc
2026-10-07T15:59:50.8340167Z [759/1178] Compiling a_utctm.cc
2026-10-07T15:59:50.8769521Z [760/1178] Compiling a_type.cc
2026-10-07T15:59:50.9210270Z [761/1178] Compiling a_time.cc
2026-10-07T15:59:51.2879771Z [762/1178] Compiling a_strnid.cc
2026-10-07T15:59:51.3409218Z [763/1178] Compiling a_octet.cc
2026-10-07T15:59:51.5010756Z [764/1178] Compiling a_strex.cc
2026-10-07T15:59:51.5858639Z [765/1178] Compiling a_object.cc
2026-10-07T15:59:51.8829435Z [766/1178] Compiling a_mbstr.cc
2026-10-07T15:59:51.9659768Z [767/1178] Compiling a_i2d_fp.cc
2026-10-07T15:59:51.9928494Z [768/1178] Compiling a_int.cc
2026-10-07T15:59:52.1649845Z [769/1178] Compiling a_gentm.cc
2026-10-07T15:59:52.3449659Z [770/1178] Compiling a_dup.cc
2026-10-07T15:59:52.4287559Z [771/1178] Compiling a_d2i_fp.cc
2026-10-07T15:59:52.5549244Z [772/1178] Compiling a_bool.cc
2026-10-07T15:59:52.5765264Z [773/1178] Compiling CGRPCZlib empty.c
2026-10-07T15:59:52.7038458Z [774/1178] Compiling a_bitstr.cc
2026-10-07T15:59:52.7525943Z [775/1178] Compiling fiat_p256_adx_sqr.S
2026-10-07T15:59:52.8005612Z [776/1178] Compiling fiat_p256_adx_mul.S
2026-10-07T15:59:52.8465581Z [777/1178] Compiling fiat_curve25519_adx_square.S
2026-10-07T15:59:52.8935578Z [778/1178] Compiling fiat_curve25519_adx_mul.S
2026-10-07T15:59:52.9435172Z [779/1178] Compiling md5-x86_64-linux.S
2026-10-07T15:59:52.9515965Z [780/1178] Compiling CCryptoBoringSSLShims shims.c
2026-10-07T15:59:52.9855442Z [781/1178] Compiling md5-x86_64-apple.S
2026-10-07T15:59:52.9975695Z [782/1178] Compiling md5-586-linux.S
2026-10-07T15:59:53.0308515Z [783/1178] Compiling md5-586-apple.S
2026-10-07T15:59:53.1376590Z [784/1178] Compiling chacha20_poly1305_x86_64-linux.S
2026-10-07T15:59:53.1898064Z [785/1178] Compiling chacha20_poly1305_x86_64-apple.S
2026-10-07T15:59:53.2436227Z [786/1178] Compiling chacha20_poly1305_armv8-win.S
2026-10-07T15:59:53.2945413Z [787/1178] Compiling chacha20_poly1305_armv8-linux.S
2026-10-07T15:59:53.3300765Z [788/1178] Compiling err_data.cc
2026-10-07T15:59:53.3416494Z [789/1178] Compiling chacha20_poly1305_armv8-apple.S
2026-10-07T15:59:53.3815934Z [790/1178] Compiling chacha-x86_64-linux.S
2026-10-07T15:59:53.3865156Z [791/1178] Compiling chacha-x86_64-apple.S
2026-10-07T15:59:53.4255605Z [792/1178] Compiling chacha-x86-linux.S
2026-10-07T15:59:53.4306133Z [793/1178] Compiling chacha-x86-apple.S
2026-10-07T15:59:53.4685938Z [794/1178] Compiling chacha-armv8-win.S
2026-10-07T15:59:53.4775901Z [795/1178] Compiling chacha-armv8-linux.S
2026-10-07T15:59:53.5126323Z [796/1178] Compiling chacha-armv8-apple.S
2026-10-07T15:59:53.5245674Z [797/1178] Compiling chacha-armv4-linux.S
2026-10-07T15:59:53.5676726Z [798/1178] Compiling aes128gcmsiv-x86_64-apple.S
2026-10-07T15:59:53.5677551Z [799/1178] Compiling aes128gcmsiv-x86_64-linux.S
2026-10-07T15:59:53.6105662Z [800/1178] Compiling x86_64-mont5-apple.S
2026-10-07T15:59:53.6276435Z [801/1178] Compiling x86_64-mont5-linux.S
2026-10-07T15:59:53.6596268Z [802/1178] Compiling x86_64-mont-linux.S
2026-10-07T15:59:53.6736076Z [803/1178] Compiling x86_64-mont-apple.S
2026-10-07T15:59:53.7025675Z [804/1178] Compiling x86-mont-linux.S
2026-10-07T15:59:53.7155282Z [805/1178] Compiling x86-mont-apple.S
2026-10-07T15:59:53.7506333Z [806/1178] Compiling vpaes-x86_64-linux.S
2026-10-07T15:59:53.7587517Z [807/1178] Compiling vpaes-x86_64-apple.S
2026-10-07T15:59:53.7915819Z [808/1178] Compiling vpaes-x86-linux.S
2026-10-07T15:59:53.8013211Z [809/1178] Compiling vpaes-x86-apple.S
2026-10-07T15:59:53.8346118Z [810/1178] Compiling vpaes-armv8-win.S
2026-10-07T15:59:53.8466158Z [811/1178] Compiling vpaes-armv8-linux.S
2026-10-07T15:59:53.8766775Z [812/1178] Compiling vpaes-armv8-apple.S
2026-10-07T15:59:53.8926246Z [813/1178] Compiling vpaes-armv7-linux.S
2026-10-07T15:59:53.9325248Z [814/1178] Compiling sha512-x86_64-linux.S
2026-10-07T15:59:53.9364818Z [815/1178] Compiling sha512-x86_64-apple.S
2026-10-07T15:59:53.9746235Z [816/1178] Compiling sha512-armv8-win.S
2026-10-07T15:59:53.9845630Z [817/1178] Compiling sha512-armv8-linux.S
2026-10-07T15:59:54.0186520Z [818/1178] Compiling sha512-armv8-apple.S
2026-10-07T15:59:54.0295577Z [819/1178] Compiling sha512-armv4-linux.S
2026-10-07T15:59:54.0597325Z [820/1178] Compiling sha512-586-linux.S
2026-10-07T15:59:54.0745934Z [821/1178] Compiling sha512-586-apple.S
2026-10-07T15:59:54.1194215Z [822/1178] Compiling sha256-x86_64-apple.S
2026-10-07T15:59:54.1202142Z [823/1178] Compiling sha256-x86_64-linux.S
2026-10-07T15:59:54.1615544Z [824/1178] Compiling sha256-armv8-win.S
2026-10-07T15:59:54.1619617Z [824/1178] Compiling sha256-armv8-linux.S
2026-10-07T15:59:54.2045961Z [826/1178] Compiling sha256-armv8-apple.S
2026-10-07T15:59:54.2135706Z [827/1178] Compiling sha256-armv4-linux.S
2026-10-07T15:59:54.2223640Z [828/1178] Compiling c-nioatomics.c
2026-10-07T15:59:54.2450493Z [829/1178] Compiling sha256-586-linux.S
2026-10-07T15:59:54.2595868Z [830/1178] Compiling sha256-586-apple.S
2026-10-07T15:59:54.2875222Z [831/1178] Compiling sha1-x86_64-apple.S
2026-10-07T15:59:54.2965218Z [832/1178] Compiling sha1-x86_64-linux.S
2026-10-07T15:59:54.3085770Z [833/1178] Compiling sha1-armv8-win.S
2026-10-07T15:59:54.3296166Z [834/1178] Compiling sha1-armv8-linux.S
2026-10-07T15:59:54.3395036Z [835/1178] Compiling sha1-armv8-apple.S
2026-10-07T15:59:54.3535962Z [836/1178] Compiling sha1-armv4-large-linux.S
2026-10-07T15:59:54.3742691Z [837/1178] Compiling sha1-586-linux.S
2026-10-07T15:59:54.3845899Z [838/1178] Compiling sha1-586-apple.S
2026-10-07T15:59:54.4055686Z [839/1178] Compiling rsaz-avx2-linux.S
2026-10-07T15:59:54.4205873Z [840/1178] Compiling rsaz-avx2-apple.S
2026-10-07T15:59:54.4264928Z [841/1178] Compiling rdrand-x86_64-linux.S
2026-10-07T15:59:54.4485190Z [842/1178] Compiling rdrand-x86_64-apple.S
2026-10-07T15:59:54.4685521Z [843/1178] Compiling p256_beeu-x86_64-asm-apple.S
2026-10-07T15:59:54.4694578Z [844/1178] Compiling p256_beeu-x86_64-asm-linux.S
2026-10-07T15:59:54.4925596Z [845/1178] Compiling p256_beeu-armv8-asm-win.S
2026-10-07T15:59:54.5115226Z [846/1178] Compiling p256_beeu-armv8-asm-linux.S
2026-10-07T15:59:54.5124367Z [847/1178] Compiling p256_beeu-armv8-asm-apple.S
2026-10-07T15:59:54.5554848Z [848/1178] Compiling p256-x86_64-asm-apple.S
2026-10-07T15:59:54.5555946Z [848/1178] Compiling p256-armv8-asm-win.S
2026-10-07T15:59:54.5573184Z [850/1178] Compiling p256-x86_64-asm-linux.S
2026-10-07T15:59:54.5993368Z [851/1178] Compiling ghashv8-armv8-win.S
2026-10-07T15:59:54.6001533Z [852/1178] Compiling p256-armv8-asm-linux.S
2026-10-07T15:59:54.6002765Z [852/1178] Compiling p256-armv8-asm-apple.S
2026-10-07T15:59:54.6409380Z [854/1178] Compiling ghashv8-armv8-linux.S
2026-10-07T15:59:54.6440283Z [854/1178] Compiling ghashv8-armv8-apple.S
2026-10-07T15:59:54.6441144Z [856/1178] Compiling ghashv8-armv7-linux.S
2026-10-07T15:59:54.6846593Z [857/1178] Compiling ghash-x86-linux.S
2026-10-07T15:59:54.6848346Z [858/1178] Compiling ghash-x86_64-apple.S
2026-10-07T15:59:54.6921852Z [859/1178] Compiling ghash-x86_64-linux.S
2026-10-07T15:59:54.7113351Z [860/1178] Compiling c-atomics.c
2026-10-07T15:59:54.7307116Z [861/1178] Compiling ghash-x86-apple.S
2026-10-07T15:59:54.7308136Z [861/1178] Compiling ghash-ssse3-x86_64-apple.S
2026-10-07T15:59:54.7311294Z [863/1178] Compiling ghash-ssse3-x86_64-linux.S
2026-10-07T15:59:54.7535355Z [864/1178] Compiling ghash-ssse3-x86-linux.S
2026-10-07T15:59:54.7727116Z [865/1178] Compiling ghash-ssse3-x86-apple.S
2026-10-07T15:59:54.7733707Z [866/1178] Compiling ghash-neon-armv8-win.S
2026-10-07T15:59:54.8114096Z [867/1184] Compiling ghash-neon-armv8-linux.S
2026-10-07T15:59:54.8395445Z [868/1184] Compiling ghash-neon-armv8-apple.S
2026-10-07T15:59:54.8459939Z [869/1184] Compiling ghash-armv4-linux.S
2026-10-07T15:59:54.8554146Z [870/1184] Compiling co-586-linux.S
2026-10-07T15:59:54.9072673Z [871/1184] Compiling bn-armv8-win.S
2026-10-07T15:59:54.9073549Z [872/1184] Compiling co-586-apple.S
2026-10-07T15:59:54.9122847Z [873/1184] Compiling bsaes-armv7-linux.S
2026-10-07T15:59:54.9888625Z [874/1184] Compiling bn-armv8-linux.S
2026-10-07T15:59:54.9905380Z [875/1184] Compiling bn-armv8-apple.S
2026-10-07T15:59:54.9906245Z [875/1184] Compiling bn-586-linux.S
2026-10-07T15:59:55.0576535Z [877/1184] Compiling armv8-mont-win.S
2026-10-07T15:59:55.0719553Z [878/1184] Compiling armv8-mont-linux.S
2026-10-07T15:59:55.0755355Z [879/1184] Compiling bn-586-apple.S
2026-10-07T15:59:55.1636005Z [880/1184] Compiling armv8-mont-apple.S
2026-10-07T15:59:55.1637123Z [880/1184] Compiling armv4-mont-linux.S
2026-10-07T15:59:55.1775187Z [882/1184] Compiling aesv8-gcm-armv8-win.S
2026-10-07T15:59:55.2515781Z [883/1184] Compiling aesv8-gcm-armv8-linux.S
2026-10-07T15:59:55.2517078Z [884/1184] Compiling aesv8-gcm-armv8-apple.S
2026-10-07T15:59:55.2694037Z [885/1184] Compiling aesv8-armv8-win.S
2026-10-07T15:59:55.3246627Z [886/1184] Compiling aesv8-armv8-apple.S
2026-10-07T15:59:55.3331900Z [887/1184] Compiling aesv8-armv8-linux.S
2026-10-07T15:59:55.3554993Z [888/1184] Compiling aesv8-armv7-linux.S
2026-10-07T15:59:55.4053847Z [889/1184] Compiling aesni-x86_64-apple.S
2026-10-07T15:59:55.4301628Z [890/1184] Compiling aesni-x86_64-linux.S
2026-10-07T15:59:55.4466346Z [891/1184] Compiling aesni-x86-linux.S
2026-10-07T15:59:55.4985998Z [892/1184] Compiling aesni-x86-apple.S
2026-10-07T15:59:55.5183783Z [893/1184] Compiling aesni-gcm-x86_64-linux.S
2026-10-07T15:59:55.5307746Z [894/1184] Compiling aesni-gcm-x86_64-apple.S
2026-10-07T15:59:55.5855633Z [895/1184] Compiling aes-gcm-avx512-x86_64-apple.S
2026-10-07T15:59:55.6013139Z [896/1184] Compiling aes-gcm-avx512-x86_64-linux.S
2026-10-07T15:59:55.6229822Z [898/1184] Emitting module NIOConcurrencyHelpers
2026-10-07T15:59:55.6284080Z [898/1185] Compiling aes-gcm-avx2-x86_64-linux.S
2026-10-07T15:59:55.6489340Z [899/1185] Compiling aes-gcm-avx2-x86_64-apple.S
2026-10-07T15:59:55.6966198Z [901/1185] Compiling NIOConcurrencyHelpers atomics.swift
2026-10-07T15:59:55.8620185Z [902/1185] Compiling NIOConcurrencyHelpers NIOAtomic.swift
2026-10-07T15:59:55.8629177Z [903/1185] Compiling NIOConcurrencyHelpers NIOLock.swift
2026-10-07T15:59:55.8653924Z [904/1185] Compiling NIOConcurrencyHelpers NIOLockedValueBox.swift
2026-10-07T15:59:55.8662490Z [905/1185] Compiling NIOConcurrencyHelpers NIOThreadPoolWorkAvailable.swift
2026-10-07T15:59:56.1097895Z [905/1185] Compiling xwing.cc
2026-10-07T15:59:56.2835616Z [907/1185] Compiling NIOConcurrencyHelpers lock.swift
2026-10-07T15:59:56.7400114Z [908/1186] Compiling x_x509a.cc
2026-10-07T15:59:56.7893944Z [909/1186] Wrapping AST for NIOConcurrencyHelpers for debugging
2026-10-07T15:59:56.8229411Z [910/1186] Compiling x_x509.cc
2026-10-07T15:59:57.0820591Z [911/1186] Compiling x_spki.cc
2026-10-07T15:59:57.2530531Z [912/1186] Compiling x_sig.cc
2026-10-07T15:59:57.7940217Z [913/1186] Compiling x_req.cc
2026-10-07T15:59:57.9290520Z [914/1186] Compiling x_pubkey.cc
2026-10-07T15:59:58.1150580Z [915/1186] Compiling x_name.cc
2026-10-07T15:59:58.2440975Z [916/1186] Compiling x_exten.cc
2026-10-07T15:59:58.8110253Z [917/1186] Compiling x_crl.cc
2026-10-07T15:59:58.9069551Z [918/1186] Compiling x_attrib.cc
2026-10-07T15:59:59.1780367Z [919/1186] Compiling x_all.cc
2026-10-07T15:59:59.3750987Z [920/1186] Compiling x_algor.cc
2026-10-07T15:59:59.7369239Z [921/1186] Compiling x509spki.cc
2026-10-07T15:59:59.9000312Z [922/1186] Compiling x509rset.cc
2026-10-07T16:00:00.1829765Z [923/1186] Compiling x509name.cc
2026-10-07T16:00:00.3760629Z [924/1186] Compiling x509cset.cc
2026-10-07T16:00:00.7530520Z [925/1186] Compiling x509_vpm.cc
2026-10-07T16:00:00.9961440Z [926/1186] Compiling x509_vfy.cc
2026-10-07T16:00:01.1960119Z [927/1186] Compiling x509_v3.cc
2026-10-07T16:00:01.2860191Z [928/1186] Compiling x509_txt.cc
2026-10-07T16:00:01.7570853Z [929/1186] Compiling x509_trs.cc
2026-10-07T16:00:02.0051370Z [930/1186] Compiling x509_set.cc
2026-10-07T16:00:02.2140214Z [931/1186] Compiling x509_req.cc
2026-10-07T16:00:02.2780450Z [932/1186] Compiling x509_obj.cc
2026-10-07T16:00:02.7920243Z [933/1186] Compiling x509_lu.cc
2026-10-07T16:00:03.0030433Z [934/1186] Compiling x509_ext.cc
2026-10-07T16:00:03.1160005Z [935/1186] Compiling x509_def.cc
2026-10-07T16:00:03.1868811Z [936/1186] Compiling x509_d2.cc
2026-10-07T16:00:03.7960840Z [937/1186] Compiling x509_cmp.cc
2026-10-07T16:00:03.9959724Z [938/1186] Compiling x509_att.cc
2026-10-07T16:00:04.0260225Z [939/1186] Compiling x509.cc
2026-10-07T16:00:04.2780520Z [940/1186] Compiling v3_utl.cc
2026-10-07T16:00:04.7829891Z [941/1186] Compiling v3_skey.cc
2026-10-07T16:00:04.9339721Z [942/1186] Compiling v3_prn.cc
2026-10-07T16:00:05.0110691Z [943/1186] Compiling v3_purp.cc
2026-10-07T16:00:05.2699700Z [944/1186] Compiling v3_pmaps.cc
2026-10-07T16:00:05.7660366Z [945/1186] Compiling v3_pcons.cc
2026-10-07T16:00:05.9340031Z [946/1186] Compiling v3_ocsp.cc
2026-10-07T16:00:06.0369309Z [947/1186] Compiling v3_ncons.cc
2026-10-07T16:00:06.2900421Z [948/1186] Compiling v3_lib.cc
2026-10-07T16:00:06.7470417Z [949/1186] Compiling v3_int.cc
2026-10-07T16:00:07.0120243Z [950/1186] Compiling v3_ia5.cc
2026-10-07T16:00:07.0289542Z [951/1186] Compiling v3_info.cc
2026-10-07T16:00:07.2910659Z [952/1186] Compiling v3_genn.cc
2026-10-07T16:00:07.7325197Z [953/1186] Compiling v3_extku.cc
2026-10-07T16:00:07.9969814Z [954/1186] Compiling v3_enum.cc
2026-10-07T16:00:08.1029124Z [955/1186] Compiling v3_crld.cc
2026-10-07T16:00:08.2979452Z [956/1186] Compiling v3_cpols.cc
2026-10-07T16:00:08.8461210Z [957/1186] Compiling v3_conf.cc
2026-10-07T16:00:08.9799223Z [958/1186] Compiling v3_bitst.cc
2026-10-07T16:00:09.0990314Z [959/1186] Compiling v3_bcons.cc
2026-10-07T16:00:09.3159903Z [960/1186] Compiling v3_alt.cc
2026-10-07T16:00:09.8381308Z [961/1186] Compiling v3_akeya.cc
2026-10-07T16:00:09.9739857Z [962/1186] Compiling v3_akey.cc
2026-10-07T16:00:10.0810214Z [963/1186] Compiling t_x509a.cc
2026-10-07T16:00:10.3130038Z [964/1186] Compiling t_x509.cc
2026-10-07T16:00:10.8349827Z [965/1186] Compiling t_req.cc
2026-10-07T16:00:10.8849579Z [966/1186] Compiling t_crl.cc
2026-10-07T16:00:11.1120670Z [967/1186] Compiling rsa_pss.cc
2026-10-07T16:00:11.3670602Z [968/1186] Compiling policy.cc
2026-10-07T16:00:11.4757482Z [969/1186] Compiling i2d_pr.cc
2026-10-07T16:00:11.7470095Z [970/1186] Compiling name_print.cc
2026-10-07T16:00:12.1140382Z [971/1186] Compiling by_file.cc
2026-10-07T16:00:12.4091277Z [972/1186] Compiling by_dir.cc
2026-10-07T16:00:12.5169889Z [973/1186] Compiling asn1_gen.cc
2026-10-07T16:00:12.7460404Z [974/1186] Compiling algorithm.cc
2026-10-07T16:00:13.1390559Z [975/1186] Compiling a_verify.cc
2026-10-07T16:00:13.4309774Z [976/1186] Compiling a_digest.cc
2026-10-07T16:00:13.4669313Z [977/1186] Compiling a_sign.cc
2026-10-07T16:00:13.4767577Z [978/1186] Compiling voprf.cc
2026-10-07T16:00:13.9140044Z [979/1186] Compiling thread_win.cc
2026-10-07T16:00:13.9448621Z [980/1186] Compiling thread_pthread.cc
2026-10-07T16:00:14.0321178Z [981/1186] Compiling trust_token.cc
2026-10-07T16:00:14.1770145Z [982/1186] Compiling pmbtoken.cc
2026-10-07T16:00:14.3421168Z [983/1186] Compiling thread.cc
2026-10-07T16:00:14.3526275Z [984/1186] Compiling thread_none.cc
2026-10-07T16:00:14.5285102Z [985/1186] Compiling stack.cc
2026-10-07T16:00:14.8129153Z [986/1186] Compiling siphash.cc
2026-10-07T16:00:14.8378375Z [987/1186] Compiling slhdsa.cc
2026-10-07T16:00:14.8900236Z [988/1186] Compiling spake2plus.cc
2026-10-07T16:00:14.9193144Z [989/1186] Compiling sha512.cc
2026-10-07T16:00:15.1948776Z [990/1186] Compiling sha256.cc
2026-10-07T16:00:15.2269277Z [991/1186] Compiling sha1.cc
2026-10-07T16:00:15.3238625Z [992/1186] Compiling rsa_extra.cc
2026-10-07T16:00:15.3489239Z [993/1186] Compiling rsa_print.cc
2026-10-07T16:00:15.7388583Z [994/1186] Compiling rc4.cc
2026-10-07T16:00:15.8000345Z [995/1186] Compiling refcount.cc
2026-10-07T16:00:15.8046778Z [996/1186] Compiling rsa_crypt.cc
2026-10-07T16:00:16.1847776Z [997/1186] Compiling trusty.cc
2026-10-07T16:00:16.1886730Z [998/1186] Compiling windows.cc
2026-10-07T16:00:16.2629154Z [999/1186] Compiling rsa_asn1.cc
2026-10-07T16:00:16.2828372Z [1000/1186] Compiling urandom.cc
2026-10-07T16:00:16.5848410Z [1001/1186] Compiling rand.cc
2026-10-07T16:00:16.6427991Z [1002/1186] Compiling ios.cc
2026-10-07T16:00:16.6456427Z [1003/1186] Compiling passive.cc
2026-10-07T16:00:16.6673286Z [1004/1186] Compiling getentropy.cc
2026-10-07T16:00:17.0328123Z [1005/1186] Compiling deterministic.cc
2026-10-07T16:00:17.0577960Z [1006/1186] Compiling forkunsafe.cc
2026-10-07T16:00:17.0975819Z [1007/1186] Compiling poly1305_arm_asm.S
2026-10-07T16:00:17.1168063Z [1008/1186] Compiling fork_detect.cc
2026-10-07T16:00:17.2739708Z [1009/1186] Compiling pool.cc
2026-10-07T16:00:17.5518169Z [1010/1186] Compiling poly1305_arm.cc
2026-10-07T16:00:17.5555927Z [1011/1186] Compiling poly1305.cc
2026-10-07T16:00:17.6358838Z [1012/1186] Compiling poly1305_vec.cc
2026-10-07T16:00:18.3731059Z [1013/1186] Compiling pkcs8_x509.cc
2026-10-07T16:00:18.5319988Z [1014/1186] Compiling p5_pbev2.cc
2026-10-07T16:00:18.5539562Z [1015/1186] Compiling pkcs8.cc
2026-10-07T16:00:18.6810354Z [1016/1186] Compiling pkcs7_x509.cc
2026-10-07T16:00:18.9688814Z [1017/1186] Compiling pkcs7.cc
2026-10-07T16:00:19.4550036Z [1018/1186] Compiling pem_xaux.cc
2026-10-07T16:00:19.4586805Z [1019/1186] Compiling pem_x509.cc
2026-10-07T16:00:19.6119496Z [1020/1186] Compiling pem_pkey.cc
2026-10-07T16:00:19.9110388Z [1021/1186] Compiling pem_pk8.cc
2026-10-07T16:00:20.3690644Z [1022/1186] Compiling pem_oth.cc
2026-10-07T16:00:20.4889607Z [1023/1186] Compiling pem_lib.cc
2026-10-07T16:00:20.5489971Z [1024/1186] Compiling pem_info.cc
2026-10-07T16:00:20.9049299Z [1025/1186] Compiling pem_all.cc
2026-10-07T16:00:20.9147719Z [1026/1186] Compiling obj_xref.cc
2026-10-07T16:00:20.9908404Z [1027/1186] Compiling mlkem.cc
2026-10-07T16:00:21.3167932Z [1028/1186] Compiling mldsa.cc
2026-10-07T16:00:21.4038707Z [1029/1186] Compiling mem.cc
2026-10-07T16:00:21.4772391Z [1030/1186] Compiling obj.cc
2026-10-07T16:00:21.5239515Z [1031/1186] Compiling md5.cc
2026-10-07T16:00:21.8777686Z [1032/1186] Compiling lhash.cc
2026-10-07T16:00:21.8857102Z [1033/1186] Compiling md4.cc
2026-10-07T16:00:21.9816739Z [1034/1186] Compiling poly_rq_mul.S
2026-10-07T16:00:22.0928198Z [1035/1186] Compiling kyber.cc
2026-10-07T16:00:22.1185194Z [1036/1186] Compiling fips_shared_support.cc
2026-10-07T16:00:22.4368950Z [1037/1186] Compiling fuzzer_mode.cc
2026-10-07T16:00:22.4749989Z [1038/1186] Compiling hrss.cc
2026-10-07T16:00:22.5730542Z [1039/1186] Compiling hpke.cc
2026-10-07T16:00:22.9049623Z [1040/1186] Compiling ex_data.cc
2026-10-07T16:00:23.0919541Z [1041/1186] Compiling scrypt.cc
2026-10-07T16:00:23.1427741Z [1042/1186] Compiling sign.cc
2026-10-07T16:00:23.5370273Z [1043/1186] Compiling print.cc
2026-10-07T16:00:23.5919567Z [1044/1186] Compiling pbkdf.cc
2026-10-07T16:00:23.7950436Z [1045/1186] Compiling p_x25519_asn1.cc
2026-10-07T16:00:24.1529917Z [1046/1186] Compiling p_x25519.cc
2026-10-07T16:00:24.2790814Z [1047/1186] Compiling p_rsa_asn1.cc
2026-10-07T16:00:24.5669689Z [1048/1186] Compiling p_rsa.cc
2026-10-07T16:00:24.7809897Z [1049/1186] Compiling p_hkdf.cc
2026-10-07T16:00:24.9050417Z [1050/1186] Compiling p_ed25519_asn1.cc
2026-10-07T16:00:25.2088551Z [1051/1186] Compiling p_ed25519.cc
2026-10-07T16:00:25.4951153Z [1052/1186] Compiling p_ec_asn1.cc
2026-10-07T16:00:25.5770004Z [1053/1186] Compiling p_ec.cc
2026-10-07T16:00:25.8549293Z [1054/1186] Compiling p_dsa_asn1.cc
2026-10-07T16:00:26.1340311Z [1055/1186] Compiling p_dh_asn1.cc
2026-10-07T16:00:26.2170311Z [1056/1186] Compiling p_dh.cc
2026-10-07T16:00:26.4778351Z [1057/1186] Compiling evp_ctx.cc
2026-10-07T16:00:26.8789818Z [1058/1186] Compiling evp.cc
2026-10-07T16:00:26.9269271Z [1059/1186] Compiling err.cc
2026-10-07T16:00:27.0140311Z [1060/1186] Compiling evp_asn1.cc
2026-10-07T16:00:27.3748362Z [1061/1186] Compiling ecdsa_p1363.cc
2026-10-07T16:00:27.3786881Z [1062/1186] Compiling engine.cc
2026-10-07T16:00:27.7650757Z [1063/1186] Compiling ecdsa_asn1.cc
2026-10-07T16:00:27.8257928Z [1064/1186] Compiling ecdh.cc
2026-10-07T16:00:28.0199415Z [1065/1186] Compiling hash_to_curve.cc
2026-10-07T16:00:28.3722595Z [1066/1186] Compiling ec_derive.cc
2026-10-07T16:00:28.5688445Z [1067/1186] Compiling ec_asn1.cc
2026-10-07T16:00:28.7729070Z [1068/1186] Compiling dsa_asn1.cc
2026-10-07T16:00:29.0218541Z [1069/1186] Compiling dsa.cc
2026-10-07T16:00:29.1668693Z [1070/1186] Compiling digest_extra.cc
2026-10-07T16:00:29.4160310Z [1071/1186] Compiling params.cc
2026-10-07T16:00:29.6543051Z [1072/1186] Compiling des.cc
2026-10-07T16:00:29.6999877Z [1073/1186] Compiling dh_asn1.cc
2026-10-07T16:00:30.1889460Z [1074/1186] Compiling spake25519.cc
2026-10-07T16:00:30.2246492Z [1075/1186] Compiling x25519-asm-arm.S
2026-10-07T16:00:30.4370048Z [1076/1186] Compiling curve25519.cc
2026-10-07T16:00:30.6909098Z [1077/1186] Compiling crypto.cc
2026-10-07T16:00:30.7959882Z [1078/1186] Compiling curve25519_64_adx.cc
2026-10-07T16:00:30.8909354Z [1079/1186] Compiling cpu_intel.cc
2026-10-07T16:00:31.1318582Z [1080/1186] Compiling cpu_arm_linux.cc
2026-10-07T16:00:31.1857813Z [1081/1186] Compiling cpu_arm_freebsd.cc
2026-10-07T16:00:31.3369346Z [1082/1186] Compiling cpu_aarch64_win.cc
2026-10-07T16:00:31.5227561Z [1083/1186] Compiling cpu_aarch64_openbsd.cc
2026-10-07T16:00:31.5748637Z [1084/1186] Compiling cpu_aarch64_sysreg.cc
2026-10-07T16:00:31.7759532Z [1085/1186] Compiling cpu_aarch64_linux.cc
2026-10-07T16:00:31.9109052Z [1086/1186] Compiling cpu_aarch64_fuchsia.cc
2026-10-07T16:00:32.0128210Z [1087/1186] Compiling cpu_aarch64_apple.cc
2026-10-07T16:00:32.3218740Z [1088/1186] Compiling conf.cc
2026-10-07T16:00:32.5209596Z [1089/1186] Compiling tls_cbc.cc
2026-10-07T16:00:32.7449542Z [1090/1186] Compiling cms.cc
2026-10-07T16:00:32.7838570Z [1091/1186] Compiling get_cipher.cc
2026-10-07T16:00:33.0459833Z [1092/1186] Compiling e_tls.cc
2026-10-07T16:00:33.1618787Z [1093/1186] Compiling e_rc4.cc
2026-10-07T16:00:33.2799549Z [1094/1186] Compiling e_rc2.cc
2026-10-07T16:00:33.5198429Z [1095/1186] Compiling e_null.cc
2026-10-07T16:00:33.5957921Z [1096/1186] Compiling e_des.cc
2026-10-07T16:00:33.7859227Z [1097/1186] Compiling e_chacha20poly1305.cc
2026-10-07T16:00:34.0398505Z [1098/1186] Compiling e_aeseax.cc
2026-10-07T16:00:34.0463543Z [1099/1186] Compiling e_aesgcmsiv.cc
2026-10-07T16:00:34.2809794Z [1100/1186] Compiling e_aesctrhmac.cc
2026-10-07T16:00:34.3937983Z [1101/1186] Compiling derive_key.cc
2026-10-07T16:00:34.5018463Z [1102/1186] Compiling chacha.cc
2026-10-07T16:00:34.8559756Z [1103/1186] Compiling unicode.cc
2026-10-07T16:00:35.0930621Z [1104/1186] Compiling cbs.cc
2026-10-07T16:00:35.1087102Z [1105/1186] Compiling cbb.cc
2026-10-07T16:00:35.4419473Z [1106/1186] Compiling ber.cc
2026-10-07T16:00:35.5749838Z [1107/1186] Compiling buf.cc
2026-10-07T16:00:35.7118818Z [1108/1186] Compiling asn1_compat.cc
2026-10-07T16:00:35.8328427Z [1109/1186] Compiling sqrt.cc
2026-10-07T16:00:36.1269760Z [1110/1186] Compiling exponentiation.cc
2026-10-07T16:00:36.1618607Z [1111/1186] Compiling div.cc
2026-10-07T16:00:36.5119370Z [1112/1186] Compiling convert.cc
2026-10-07T16:00:36.6089530Z [1113/1186] Compiling bn_asn1.cc
2026-10-07T16:00:36.8320032Z [1114/1186] Compiling blake2.cc
2026-10-07T16:00:36.9498179Z [1115/1186] Compiling printf.cc
2026-10-07T16:00:37.1135382Z [1116/1186] Compiling bcm.cc
2026-10-07T16:00:37.1347863Z [1117/1186] Compiling pair.cc
2026-10-07T16:00:37.2458592Z [1118/1186] Compiling hexdump.cc
2026-10-07T16:00:37.4688326Z [1119/1186] Compiling file.cc
2026-10-07T16:00:37.6259737Z [1120/1186] Compiling errno.cc
2026-10-07T16:00:37.6316643Z [1121/1186] Compiling fd.cc
2026-10-07T16:00:37.7630007Z [1122/1186] Compiling bio_mem.cc
2026-10-07T16:00:38.0529925Z [1123/1186] Compiling bio.cc
2026-10-07T16:00:38.0989676Z [1124/1186] Compiling base64.cc
2026-10-07T16:00:38.2917560Z [1125/1186] Compiling tasn_typ.cc
2026-10-07T16:00:38.3047701Z [1126/1186] Compiling tasn_utl.cc
2026-10-07T16:00:38.6039092Z [1127/1186] Compiling tasn_fre.cc
2026-10-07T16:00:38.6920221Z [1128/1186] Compiling tasn_new.cc
2026-10-07T16:00:38.8689435Z [1129/1186] Compiling tasn_enc.cc
2026-10-07T16:00:39.0350015Z [1130/1186] Compiling tasn_dec.cc
2026-10-07T16:00:39.0858721Z [1131/1186] Compiling posix_time.cc
2026-10-07T16:00:39.1469248Z [1132/1186] Compiling f_string.cc
2026-10-07T16:00:39.3288950Z [1133/1186] Compiling f_int.cc
2026-10-07T16:00:39.5018363Z [1134/1186] Compiling asn_pack.cc
2026-10-07T16:00:39.5518760Z [1135/1186] Compiling asn1_par.cc
2026-10-07T16:00:39.8100262Z [1136/1186] Compiling asn1_lib.cc
2026-10-07T16:00:39.9179382Z [1137/1186] Compiling a_utctm.cc
2026-10-07T16:00:40.1468160Z [1138/1186] Compiling a_time.cc
2026-10-07T16:00:40.1607936Z [1139/1186] Compiling a_type.cc
2026-10-07T16:00:40.5938821Z [1140/1186] Compiling a_strex.cc
2026-10-07T16:00:40.6237182Z [1141/1186] Compiling a_octet.cc
2026-10-07T16:00:40.6489625Z [1142/1186] Compiling a_strnid.cc
2026-10-07T16:00:40.8489769Z [1143/1186] Compiling a_object.cc
2026-10-07T16:00:41.1268596Z [1144/1186] Compiling a_i2d_fp.cc
2026-10-07T16:00:41.1877817Z [1145/1186] Compiling a_mbstr.cc
2026-10-07T16:00:41.2920477Z [1146/1186] Compiling a_int.cc
2026-10-07T16:00:41.4308809Z [1147/1186] Compiling a_gentm.cc
2026-10-07T16:00:41.5889481Z [1148/1186] Compiling a_dup.cc
2026-10-07T16:00:41.6638778Z [1149/1186] Compiling a_d2i_fp.cc
2026-10-07T16:00:41.6655365Z [1150/1186] Write sources
2026-10-07T16:00:41.9960539Z [1151/1202] Compiling a_bool.cc
2026-10-07T16:00:42.1338849Z [1152/1202] Compiling a_bitstr.cc
2026-10-07T16:00:42.1708269Z [1153/1202] Compiling aes.cc
2026-10-07T16:00:42.3930050Z [1155/1209] Compiling Atomics AtomicValue.swift
2026-10-07T16:00:42.3931066Z [1156/1209] Compiling Atomics AtomicMemoryOrderings.swift
2026-10-07T16:00:42.3933249Z [1157/1209] Compiling Atomics DoubleWord.swift
2026-10-07T16:00:42.3934949Z [1158/1209] Compiling Atomics ManagedAtomic.swift
2026-10-07T16:00:42.3937135Z [1159/1209] Compiling Atomics ManagedAtomicLazyReference.swift
2026-10-07T16:00:42.8743654Z [1160/1213] Compiling Atomics UnsafeAtomic.swift
2026-10-07T16:00:42.8744634Z [1161/1213] Compiling Atomics UnsafeAtomicLazyReference.swift
2026-10-07T16:00:42.8747364Z [1162/1213] Compiling Atomics IntegerOperations.swift
2026-10-07T16:00:42.8749441Z [1163/1213] Compiling Atomics Unmanaged extensions.swift
2026-10-07T16:00:43.4818223Z [1164/1213] Compiling CryptoBoringWrapper BoringSSLAEAD.swift
2026-10-07T16:00:43.4820100Z [1165/1213] Compiling CryptoBoringWrapper CryptoKitErrors_boring.swift
2026-10-07T16:00:43.4820942Z [1166/1213] Compiling CryptoBoringWrapper EllipticCurve.swift
2026-10-07T16:00:43.4821733Z [1167/1213] Compiling CryptoBoringWrapper EllipticCurvePoint.swift
2026-10-07T16:00:43.4822820Z [1168/1213] Compiling CryptoBoringWrapper ArbitraryPrecisionInteger.swift
2026-10-07T16:00:43.6595560Z [1169/1213] Emitting module CryptoBoringWrapper
2026-10-07T16:00:44.1724352Z [1172/1214] Compiling CryptoBoringWrapper RandomBytes.swift
2026-10-07T16:00:44.2442589Z [1175/1214] Compiling CryptoBoringWrapper FiniteFieldArithmeticContext.swift
2026-10-07T16:00:44.2443667Z [1176/1214] Compiling Atomics RawRepresentable.swift
2026-10-07T16:00:44.2481951Z [1177/1214] Compiling Atomics AtomicBool.swift
2026-10-07T16:00:44.2482709Z [1178/1214] Compiling Atomics IntegerConformances.swift
2026-10-07T16:00:44.2483470Z [1179/1214] Compiling Atomics PointerConformances.swift
2026-10-07T16:00:44.3750728Z [1182/1215] Emitting module Atomics
2026-10-07T16:00:44.4384215Z [1184/1216] Wrapping AST for CryptoBoringWrapper for debugging
2026-10-07T16:00:44.4631589Z [1185/1216] Wrapping AST for Atomics for debugging
2026-10-07T16:00:50.6735328Z [1187/1343] Compiling Crypto CryptoKitErrors.swift
2026-10-07T16:00:50.6741635Z [1188/1343] Compiling Crypto Digest_boring.swift
2026-10-07T16:00:50.6743148Z [1189/1343] Compiling Crypto Digest.swift
2026-10-07T16:00:50.6745023Z [1190/1343] Compiling Crypto Digests.swift
2026-10-07T16:00:50.6746923Z [1191/1343] Compiling Crypto HashFunctions.swift
2026-10-07T16:00:50.6748720Z [1192/1343] Compiling Crypto HashFunctions_SHA2.swift
2026-10-07T16:00:50.6750652Z [1193/1343] Compiling Crypto HashFunctions_SHA3.swift
2026-10-07T16:00:50.6752529Z [1194/1343] Compiling Crypto Digest_xkcp.swift
2026-10-07T16:00:50.6754061Z [1195/1343] Compiling Crypto HPKE-AEAD.swift
2026-10-07T16:00:50.6755846Z [1196/1343] Compiling Crypto HPKE-Ciphersuite.swift
2026-10-07T16:00:50.6757533Z [1197/1343] Compiling Crypto HPKE-KDF.swift
2026-10-07T16:00:50.6760346Z [1198/1343] Compiling Crypto HPKE-KexKeyDerivation.swift
2026-10-07T16:00:50.6761794Z [1199/1343] Compiling Crypto HPKE-LabeledExtract.swift
2026-10-07T16:00:50.6763430Z [1200/1343] Compiling Crypto HPKE-Utils.swift
2026-10-07T16:00:50.6781295Z [1201/1343] Compiling Crypto DHKEM.swift
2026-10-07T16:00:50.6782652Z [1202/1343] Compiling Crypto HPKE-KEM-Curve25519.swift
2026-10-07T16:00:50.6784387Z [1203/1343] Compiling Crypto HPKE-NIST-EC-KEMs.swift
2026-10-07T16:00:50.6785868Z [1204/1343] Compiling Crypto HPKE-KEM.swift
2026-10-07T16:00:50.6787531Z [1205/1343] Compiling Crypto HPKE-Errors.swift
2026-10-07T16:00:50.6789469Z [1206/1343] Compiling Crypto HPKE.swift
2026-10-07T16:00:50.6791634Z [1207/1343] Compiling Crypto HPKE-Context.swift
2026-10-07T16:00:50.6793153Z [1208/1343] Compiling NIOCore AsyncChannelHandler.swift
2026-10-07T16:00:50.6795353Z [1209/1343] Compiling NIOCore AsyncChannelInboundStream.swift
2026-10-07T16:00:50.6796943Z [1210/1343] Compiling NIOCore AsyncChannelOutboundWriter.swift
2026-10-07T16:00:52.9430768Z [1211/1366] Compiling NIOCore NIOAsyncSequenceProducer.swift
2026-10-07T16:00:52.9431866Z [1212/1366] Compiling Crypto AES-GCM_boring.swift
2026-10-07T16:00:52.9435160Z [1213/1366] Compiling Crypto ChaChaPoly_boring.swift
2026-10-07T16:00:52.9436273Z [1214/1366] Compiling Crypto ChaChaPoly.swift
2026-10-07T16:00:52.9437362Z [1215/1366] Compiling NIOCore BSDSocketAPI.swift
2026-10-07T16:00:52.9438246Z [1216/1366] Compiling NIOCore ByteBuffer-aux.swift
2026-10-07T16:00:52.9439355Z [1217/1366] Compiling Crypto ASN1.swift
2026-10-07T16:00:52.9440924Z [1218/1366] Compiling Crypto ASN1Any.swift
2026-10-07T16:00:52.9442903Z [1219/1366] Compiling Crypto ASN1BitString.swift
2026-10-07T16:00:52.9444898Z [1220/1366] Compiling NIOCore ByteBuffer-hex.swift
2026-10-07T16:00:52.9446803Z [1221/1366] Compiling NIOCore ByteBuffer-int.swift
2026-10-07T16:00:52.9448800Z [1222/1366] Compiling NIOCore ByteBuffer-lengthPrefix.swift
2026-10-07T16:00:52.9450817Z [1223/1366] Compiling NIOCore ByteBuffer-multi-int.swift
2026-10-07T16:00:52.9452901Z [1224/1366] Compiling NIOCore ByteBuffer-quicBinaryEncodingStrategy.swift
2026-10-07T16:00:52.9454683Z [1225/1366] Compiling NIOCore ByteBuffer-views.swift
2026-10-07T16:00:52.9456598Z [1226/1366] Compiling NIOCore Channel.swift
2026-10-07T16:00:52.9459513Z [1227/1366] Compiling NIOCore ChannelHandler.swift
2026-10-07T16:00:52.9461956Z [1228/1366] Compiling NIOCore ChannelHandlers.swift
2026-10-07T16:00:52.9464753Z [1229/1366] Compiling NIOCore ChannelInvoker.swift
2026-10-07T16:00:52.9467438Z [1230/1366] Compiling NIOCore ChannelOption.swift
2026-10-07T16:00:52.9470331Z [1231/1366] Compiling NIOCore ChannelPipeline.swift
2026-10-07T16:00:52.9472290Z [1232/1366] Compiling NIOCore CircularBuffer.swift
2026-10-07T16:00:52.9474950Z [1233/1366] Compiling NIOCore Codec.swift
2026-10-07T16:00:52.9477753Z [1234/1366] Compiling NIOCore ConvenienceOptionSupport.swift
2026-10-07T16:00:54.1913348Z [1235/1366] Compiling NIOCore DeadChannel.swift
2026-10-07T16:00:54.1948728Z [1236/1366] Compiling NIOCore DispatchQueue+WithFuture.swift
2026-10-07T16:00:54.1950280Z [1237/1366] Compiling NIOCore EventLoop+Deprecated.swift
2026-10-07T16:00:54.1951785Z [1238/1366] Compiling NIOCore EventLoop+SerialExecutor.swift
2026-10-07T16:00:54.1953217Z [1239/1366] Compiling NIOCore EventLoop.swift
2026-10-07T16:00:54.1954727Z [1240/1366] Compiling NIOCore EventLoopFuture+AssumeIsolated.swift
2026-10-07T16:00:54.1956028Z [1241/1366] Compiling Crypto MLKEM.swift
2026-10-07T16:00:54.1957267Z [1242/1366] Compiling Crypto XWing.swift
2026-10-07T16:00:54.1958701Z [1243/1366] Compiling Crypto ECDH_boring.swift
2026-10-07T16:00:54.1960460Z [1244/1366] Compiling Crypto DH.swift
2026-10-07T16:00:54.1962018Z [1245/1366] Compiling Crypto ECDH.swift
2026-10-07T16:00:54.1963607Z [1246/1366] Compiling Crypto ANSIx963.swift
2026-10-07T16:00:54.1964903Z [1247/1366] Compiling Crypto HKDF.swift
2026-10-07T16:00:54.1966447Z [1248/1366] Compiling Crypto AESWrap.swift
2026-10-07T16:00:54.1967831Z [1249/1366] Compiling Crypto AESWrap_boring.swift
2026-10-07T16:00:54.1969427Z [1250/1366] Compiling Crypto Ed25519_boring.swift
2026-10-07T16:00:54.1971815Z [1251/1366] Compiling Crypto NISTCurvesKeys_boring.swift
2026-10-07T16:00:54.1973513Z [1252/1366] Compiling Crypto X25519Keys_boring.swift
2026-10-07T16:00:54.1974829Z [1253/1366] Compiling Crypto Curve25519.swift
2026-10-07T16:00:54.1976520Z [1254/1366] Compiling Crypto Ed25519Keys.swift
2026-10-07T16:00:54.1977910Z [1255/1366] Compiling Crypto NISTCurvesKeys.swift
2026-10-07T16:00:54.1979438Z [1256/1366] Compiling Crypto X25519Keys.swift
2026-10-07T16:00:54.1980985Z [1257/1366] Compiling Crypto SymmetricKeys.swift
2026-10-07T16:00:54.1982338Z [1258/1366] Emitting module Crypto
2026-10-07T16:00:56.9471157Z [1277/1383] Emitting module NIOCore
2026-10-07T16:00:57.0438771Z [1278/1383] Compiling Crypto HMAC.swift
2026-10-07T16:00:57.0444212Z [1279/1383] Compiling Crypto MACFunctions.swift
2026-10-07T16:00:57.0449184Z [1280/1383] Compiling Crypto MessageAuthenticationCode.swift
2026-10-07T16:00:57.0454411Z [1281/1383] Compiling Crypto AES.swift
2026-10-07T16:00:57.0459447Z [1282/1383] Compiling Crypto ECDSASignature_boring.swift
2026-10-07T16:00:57.0462308Z [1283/1383] Compiling Crypto ECDSA_boring.swift
2026-10-07T16:00:57.0462851Z [1284/1383] Compiling Crypto EdDSA_boring.swift
2026-10-07T16:00:57.0473785Z [1285/1383] Compiling Crypto MLDSA_boring.swift
2026-10-07T16:00:57.0474321Z [1286/1383] Compiling Crypto MLDSA_wrapper.swift
2026-10-07T16:00:57.0474828Z [1287/1383] Compiling Crypto ECDSA.swift
2026-10-07T16:00:57.0475250Z [1288/1383] Compiling Crypto Ed25519.swift
2026-10-07T16:00:57.0475663Z [1289/1383] Compiling Crypto MLDSA.swift
2026-10-07T16:00:57.0476096Z [1290/1383] Compiling Crypto Signature.swift
2026-10-07T16:00:57.0476581Z [1291/1383] Compiling Crypto CryptoKitErrors_boring.swift
2026-10-07T16:00:57.0477137Z [1292/1383] Compiling Crypto Optional+withUnsafeBytes_boring.swift
2026-10-07T16:00:57.0477647Z [1293/1383] Compiling Crypto RNG_boring.swift
2026-10-07T16:00:57.0478122Z [1294/1383] Compiling Crypto SafeCompare_boring.swift
2026-10-07T16:00:57.0478593Z [1295/1383] Compiling Crypto Zeroization_boring.swift
2026-10-07T16:00:57.0479623Z [1296/1383] Compiling Crypto _CryptoModuleAnchor.swift
2026-10-07T16:00:57.0480367Z [1297/1383] Compiling Crypto PrettyBytes.swift
2026-10-07T16:00:57.0480931Z [1298/1383] Compiling Crypto SafeCompare.swift
2026-10-07T16:00:57.0481455Z [1299/1383] Compiling Crypto SecureBytes.swift
2026-10-07T16:00:57.0481977Z [1300/1383] Compiling Crypto Zeroization.swift
2026-10-07T16:00:57.1643031Z [1301/1384] Wrapping AST for Crypto for debugging
2026-10-07T16:00:58.4275893Z [1303/1384] Compiling NIOCore NIOCoreSendableMetatype.swift
2026-10-07T16:00:58.4280074Z [1304/1384] Compiling NIOCore NIODecodedAsyncSequence.swift
2026-10-07T16:00:58.4281069Z [1305/1384] Compiling NIOCore NIOLoopBound.swift
2026-10-07T16:00:58.4282025Z [1306/1384] Compiling NIOCore NIOPooledRecvBufferAllocator.swift
2026-10-07T16:00:58.4282778Z [1307/1384] Compiling NIOCore NIOScheduledCallback.swift
2026-10-07T16:00:58.4283373Z [1308/1384] Compiling NIOCore NIOSendable.swift
2026-10-07T16:00:58.4284046Z [1309/1384] Compiling NIOCore NIOSplitLinesMessageDecoder.swift
2026-10-07T16:00:58.4284875Z [1310/1384] Compiling NIOCore NIOTransportAccessibleChannelCore.swift
2026-10-07T16:00:58.4285703Z [1311/1384] Compiling NIOCore RecvByteBufferAllocator.swift
2026-10-07T16:00:58.4286469Z [1312/1384] Compiling NIOCore SingleStepByteToMessageDecoder.swift
2026-10-07T16:00:58.4287167Z [1313/1384] Compiling NIOCore SocketAddresses.swift
2026-10-07T16:00:58.4287773Z [1314/1384] Compiling NIOCore SocketOptionProvider.swift
2026-10-07T16:00:58.4288381Z [1315/1384] Compiling NIOCore SystemCallHelpers.swift
2026-10-07T16:00:58.4289306Z [1316/1384] Compiling NIOCore TimeAmount+Duration.swift
2026-10-07T16:00:58.4290039Z [1317/1384] Compiling NIOCore TypeAssistedChannelHandler.swift
2026-10-07T16:00:58.4290789Z [1318/1384] Compiling NIOCore UniversalBootstrapSupport.swift
2026-10-07T16:00:58.4291433Z [1319/1384] Compiling NIOCore Utilities.swift
2026-10-07T16:00:58.7024943Z [1356/1385] Wrapping AST for NIOCore for debugging
2026-10-07T16:00:59.2574406Z [1358/1435] Compiling NIOFoundationEssentialsCompat Codable+ByteBuffer.swift
2026-10-07T16:01:00.4837001Z [1359/1435] Emitting module NIOFoundationEssentialsCompat
2026-10-07T16:01:00.4841903Z [1360/1435] Compiling NIOFoundationEssentialsCompat ByteBuffer-foundation.swift
2026-10-07T16:01:00.5782416Z [1362/1436] Compiling NIOEmbedded AsyncTestingChannel.swift
2026-10-07T16:01:00.5812542Z [1363/1436] Emitting module NIOEmbedded
2026-10-07T16:01:00.6924324Z [1363/1436] Wrapping AST for NIOFoundationEssentialsCompat for debugging
2026-10-07T16:01:01.1514436Z [1365/1436] Compiling NIOEmbedded AsyncTestingEventLoop.swift
2026-10-07T16:01:01.1521077Z [1366/1436] Compiling NIOEmbedded Embedded.swift
2026-10-07T16:01:01.3783095Z [1367/1437] Wrapping AST for NIOEmbedded for debugging
2026-10-07T16:01:02.1034123Z [1369/1437] Emitting module NIOPosix
2026-10-07T16:01:03.7211888Z [1370/1451] Compiling NIOPosix PipeChannel.swift
2026-10-07T16:01:03.7221486Z [1371/1451] Compiling NIOPosix PipePair.swift
2026-10-07T16:01:03.7231599Z [1372/1451] Compiling NIOPosix Pool.swift
2026-10-07T16:01:03.7241281Z [1373/1451] Compiling NIOPosix PosixSingletons+ConcurrencyTakeOver.swift
2026-10-07T16:01:03.7251090Z [1374/1451] Compiling NIOPosix PosixSingletons.swift
2026-10-07T16:01:03.7295886Z [1375/1451] Compiling NIOPosix RawSocketBootstrap.swift
2026-10-07T16:01:03.7304203Z [1376/1451] Compiling NIOPosix Resolver.swift
2026-10-07T16:01:03.7312373Z [1377/1451] Compiling NIOPosix Selectable.swift
2026-10-07T16:01:03.7319994Z [1378/1451] Compiling NIOPosix SelectableChannel.swift
2026-10-07T16:01:03.7327928Z [1379/1451] Compiling NIOPosix SelectableEventLoop.swift
2026-10-07T16:01:03.7336106Z [1380/1451] Compiling NIOPosix SelectorEpoll.swift
2026-10-07T16:01:03.7342974Z [1381/1451] Compiling NIOPosix SelectorGeneric.swift
2026-10-07T16:01:03.7349069Z [1382/1451] Compiling NIOPosix SelectorKqueue.swift
2026-10-07T16:01:03.7355578Z [1383/1451] Compiling NIOPosix SelectorUring.swift
2026-10-07T16:01:04.7620220Z [1384/1451] Compiling NIOPosix SelectorWSAPoll.swift
2026-10-07T16:01:04.7626329Z [1385/1451] Compiling NIOPosix ServerSocket.swift
2026-10-07T16:01:04.7627276Z [1386/1451] Compiling NIOPosix Socket.swift
2026-10-07T16:01:04.7628671Z [1387/1451] Compiling NIOPosix SocketChannel.swift
2026-10-07T16:01:04.7632362Z [1388/1451] Compiling NIOPosix SocketProtocols.swift
2026-10-07T16:01:04.7634888Z [1389/1451] Compiling NIOPosix StructuredConcurrencyHelpers.swift
2026-10-07T16:01:04.7638076Z [1390/1451] Compiling NIOPosix System.swift
2026-10-07T16:01:04.7642397Z [1391/1451] Compiling NIOPosix Thread.swift
2026-10-07T16:01:04.7647293Z [1392/1451] Compiling NIOPosix ThreadPosix.swift
2026-10-07T16:01:04.7651563Z [1393/1451] Compiling NIOPosix ThreadWindows.swift
2026-10-07T16:01:04.7655488Z [1394/1451] Compiling NIOPosix Utilities.swift
2026-10-07T16:01:04.7660491Z [1395/1451] Compiling NIOPosix VsockAddress.swift
2026-10-07T16:01:04.7664228Z [1396/1451] Compiling NIOPosix VsockChannelEvents.swift
2026-10-07T16:01:04.7667875Z [1397/1451] Compiling NIOPosix Windows.swift
2026-10-07T16:01:05.0441588Z [1398/1451] Compiling NIOPosix HappyEyeballs.swift
2026-10-07T16:01:05.0442424Z [1399/1451] Compiling NIOPosix IO.swift
2026-10-07T16:01:05.0443020Z [1400/1451] Compiling NIOPosix IntegerBitPacking.swift
2026-10-07T16:01:05.0443650Z [1401/1451] Compiling NIOPosix IntegerTypes.swift
2026-10-07T16:01:05.0444207Z [1402/1451] Compiling NIOPosix Linux.swift
2026-10-07T16:01:05.0444748Z [1403/1451] Compiling NIOPosix LinuxCPUSet.swift
2026-10-07T16:01:05.0445325Z [1404/1451] Compiling NIOPosix LinuxUring.swift
2026-10-07T16:01:05.0446013Z [1405/1451] Compiling NIOPosix MultiThreadedEventLoopGroup.swift
2026-10-07T16:01:05.0446796Z [1406/1451] Compiling NIOPosix NIOPosixSendableMetatype.swift
2026-10-07T16:01:05.0447530Z [1407/1451] Compiling NIOPosix NIORandomizedDNSResolver.swift
2026-10-07T16:01:05.0448199Z [1408/1451] Compiling NIOPosix NIOThreadPool.swift
2026-10-07T16:01:05.0448823Z [1409/1451] Compiling NIOPosix NonBlockingFileIO.swift
2026-10-07T16:01:05.0449758Z [1410/1451] Compiling NIOPosix PendingDatagramWritesManager.swift
2026-10-07T16:01:05.0450508Z [1411/1451] Compiling NIOPosix PendingWritesManager.swift
2026-10-07T16:01:05.2625237Z [1412/1451] Compiling NIOPosix BSDSocketAPICommon.swift
2026-10-07T16:01:05.2627045Z [1413/1451] Compiling NIOPosix BSDSocketAPIPosix.swift
2026-10-07T16:01:05.2627970Z [1414/1451] Compiling NIOPosix BSDSocketAPIWindows.swift
2026-10-07T16:01:05.2628641Z [1415/1451] Compiling NIOPosix BaseSocket.swift
2026-10-07T16:01:05.2629991Z [1416/1451] Compiling NIOPosix BaseSocketChannel+AccessibleTransport.swift
2026-10-07T16:01:05.2630972Z [1417/1451] Compiling NIOPosix BaseSocketChannel+SocketOptionProvider.swift
2026-10-07T16:01:05.2631755Z [1418/1451] Compiling NIOPosix BaseSocketChannel.swift
2026-10-07T16:01:05.2632405Z [1419/1451] Compiling NIOPosix BaseStreamSocketChannel.swift
2026-10-07T16:01:05.2633013Z [1420/1451] Compiling NIOPosix Bootstrap.swift
2026-10-07T16:01:05.2633560Z [1421/1451] Compiling NIOPosix ControlMessage.swift
2026-10-07T16:01:05.2634191Z [1422/1451] Compiling NIOPosix DatagramVectorReadManager.swift
2026-10-07T16:01:05.2634828Z [1423/1451] Compiling NIOPosix Errors+Any.swift
2026-10-07T16:01:05.2635384Z [1424/1451] Compiling NIOPosix FileDescriptor.swift
2026-10-07T16:01:05.2635990Z [1425/1451] Compiling NIOPosix GetaddrinfoResolver.swift
2026-10-07T16:01:05.3750474Z [1426/1452] Wrapping AST for NIOPosix for debugging
2026-10-07T16:01:05.4271871Z [1428/1454] Compiling NIO Exports.swift
2026-10-07T16:01:05.4272369Z [1429/1454] Emitting module NIO
2026-10-07T16:01:05.5386723Z [1430/1455] Wrapping AST for NIO for debugging
2026-10-07T16:01:06.0616128Z [1432/1479] Compiling NIOFoundationCompat JSONSerialization+ByteBuffer.swift
2026-10-07T16:01:06.0620105Z [1433/1479] Compiling NIOFoundationCompat Exports.swift
2026-10-07T16:01:06.0624137Z [1434/1479] Compiling NIOFoundationCompat WaitSpinningRunLoop.swift
2026-10-07T16:01:06.1455786Z [1435/1479] Emitting module NIOFoundationCompat
2026-10-07T16:01:06.2112382Z [1436/1480] Emitting module NIOTLS
2026-10-07T16:01:06.2184149Z [1437/1480] Compiling NIOHTTP1 ByteCollectionUtils.swift
2026-10-07T16:01:06.2211393Z [1438/1480] Compiling NIOHTTP1 HTTPDecoder.swift
2026-10-07T16:01:06.3614895Z [1439/1481] Wrapping AST for NIOFoundationCompat for debugging
2026-10-07T16:01:06.5246661Z [1441/1481] Compiling NIOTLS TLSEvents.swift
2026-10-07T16:01:06.8639851Z [1442/1481] Compiling NIOTLS ProtocolNegotiationHandlerStateMachine.swift
2026-10-07T16:01:06.8641005Z [1443/1481] Compiling NIOTLS SNIHandler.swift
2026-10-07T16:01:07.0525370Z [1444/1482] Wrapping AST for NIOTLS for debugging
2026-10-07T16:01:07.0636463Z [1446/1482] Emitting module NIOHTTP1
2026-10-07T16:01:07.3999101Z [1447/1531] Compiling NIOTransportServices NIOTSEventLoopGroup.swift
2026-10-07T16:01:07.4000924Z [1448/1531] Compiling NIOTransportServices NIOTSListenerBootstrap.swift
2026-10-07T16:01:07.4002382Z [1449/1531] Compiling NIOTransportServices NIOTSListenerChannel.swift
2026-10-07T16:01:07.4003596Z [1450/1531] Compiling NIOTransportServices NIOTSNetworkEvents.swift
2026-10-07T16:01:07.4004710Z [1451/1531] Compiling NIOTransportServices NIOTSSingletons.swift
2026-10-07T16:01:07.4005923Z [1452/1531] Compiling NIOTransportServices SocketAddress+NWEndpoint.swift
2026-10-07T16:01:07.4007149Z [1453/1531] Compiling NIOTransportServices NIOTSBootstraps.swift
2026-10-07T16:01:07.4008262Z [1454/1531] Compiling NIOTransportServices NIOTSChannelOptions.swift
2026-10-07T16:01:07.4033120Z [1455/1531] Compiling NIOTransportServices NIOTSConnectionBootstrap.swift
2026-10-07T16:01:07.4034273Z [1456/1531] Compiling NIOTransportServices NIOTSConnectionChannel.swift
2026-10-07T16:01:07.4035289Z [1457/1531] Compiling NIOTransportServices NIOTSErrors.swift
2026-10-07T16:01:07.4036227Z [1458/1531] Compiling NIOTransportServices NIOTSEventLoop.swift
2026-10-07T16:01:07.5725555Z [1459/1536] Compiling NIOTransportServices AcceptHandler.swift
2026-10-07T16:01:07.5751210Z [1460/1536] Compiling NIOTransportServices NIOTSDatagramConnectionBootstrap.swift
2026-10-07T16:01:07.5752723Z [1461/1536] Compiling NIOTransportServices NIOTSDatagramConnectionChannel.swift
2026-10-07T16:01:07.5754631Z [1462/1536] Compiling NIOTransportServices NIOTSDatagramListenerBootstrap.swift
2026-10-07T16:01:07.5755976Z [1463/1536] Compiling NIOTransportServices NIOTSDatagramListenerChannel.swift
2026-10-07T16:01:07.5757305Z [1464/1536] Compiling NIOTransportServices NIOFilterEmptyWritesHandler.swift
2026-10-07T16:01:07.5771959Z [1465/1536] Emitting module NIOTransportServices
2026-10-07T16:01:07.5924605Z [1466/1536] Compiling NIOTransportServices StateManagedChannel.swift
2026-10-07T16:01:07.5927538Z [1467/1536] Compiling NIOTransportServices StateManagedListenerChannel.swift
2026-10-07T16:01:07.5930365Z [1468/1536] Compiling NIOTransportServices StateManagedNWConnectionChannel.swift
2026-10-07T16:01:07.5964524Z [1469/1536] Compiling NIOTransportServices TCPOptions+SocketChannelOption.swift
2026-10-07T16:01:07.5965952Z [1470/1536] Compiling NIOTransportServices UDPOptions+SocketChannelOption.swift
2026-10-07T16:01:07.6985228Z [1471/1537] Wrapping AST for NIOTransportServices for debugging
2026-10-07T16:01:09.3824769Z [1491/1544] Wrapping AST for NIOHTTP1 for debugging
2026-10-07T16:01:10.5740959Z [1493/1564] Emitting module NIOSSL
2026-10-07T16:01:11.4725883Z [1494/1572] Emitting module NIOExtras
2026-10-07T16:01:11.6716503Z [1495/1576] Compiling NIOExtras NIOExtrasError.swift
2026-10-07T16:01:11.6718236Z [1496/1576] Compiling NIOExtras NIOLengthFieldBitLength.swift
2026-10-07T16:01:11.6721112Z [1497/1576] Compiling NIOExtras NIORequestIdentifiable.swift
2026-10-07T16:01:11.6723033Z [1498/1576] Compiling NIOExtras PCAPRingBuffer.swift
2026-10-07T16:01:11.6725320Z [1499/1576] Compiling NIOExtras QuiescingHelper.swift
2026-10-07T16:01:12.2981584Z [1500/1576] Compiling NIOExtras DebugInboundEventsHandler.swift
2026-10-07T16:01:12.2983106Z [1501/1576] Compiling NIOExtras DebugOutboundEventsHandler.swift
2026-10-07T16:01:12.2983937Z [1502/1576] Compiling NIOExtras FixedLengthFrameDecoder.swift
2026-10-07T16:01:12.2984738Z [1503/1576] Compiling NIOExtras HTTP1ProxyConnectHandler.swift
2026-10-07T16:01:12.3007032Z [1504/1576] Compiling NIOExtras JSONRPCFraming+ContentLengthHeader.swift
2026-10-07T16:01:12.3008294Z [1505/1576] Compiling NIOExtras JSONRPCFraming.swift
2026-10-07T16:01:12.3015903Z [1506/1576] Compiling NIOExtras LengthFieldBasedFrameDecoder.swift
2026-10-07T16:01:12.3016970Z [1507/1576] Compiling NIOExtras LengthFieldPrepender.swift
2026-10-07T16:01:12.3024452Z [1508/1576] Compiling NIOExtras LineBasedFrameDecoder.swift
2026-10-07T16:01:12.3025667Z [1509/1576] Compiling NIOExtras MarkedCircularBuffer+PopFirstCheckMarked.swift
2026-10-07T16:01:12.5179130Z [1513/1578] Emitting module NIOHPACK
2026-10-07T16:01:13.1715799Z [1529/1578] Compiling NIOHPACK IntegerCoding.swift
2026-10-07T16:01:13.1717163Z [1530/1578] Compiling NIOHPACK StaticHeaderTable.swift
2026-10-07T16:01:13.3443883Z [1531/1579] Wrapping AST for NIOHPACK for debugging
2026-10-07T16:01:13.3873597Z [1533/1579] Compiling NIOExtras RequestResponseWithIDHandler.swift
2026-10-07T16:01:13.3874600Z [1534/1579] Compiling NIOExtras WritePCAPHandler.swift
2026-10-07T16:01:13.3875657Z [1539/1579] Compiling NIOSSL SecurityFrameworkCertificateVerification.swift
2026-10-07T16:01:13.3876846Z [1540/1579] Compiling NIOSSL String+unsafeUninitializedCapacity.swift
2026-10-07T16:01:13.8378314Z [1541/1633] Compiling NIOHTTP2 HTTP2FrameParser.swift
2026-10-07T16:01:13.8379588Z [1542/1633] Compiling NIOHTTP2 HTTP2PingData.swift
2026-10-07T16:01:13.8380684Z [1543/1633] Compiling NIOHTTP2 HTTP2PipelineHelpers.swift
2026-10-07T16:01:13.8381697Z [1544/1633] Compiling NIOHTTP2 HTTP2Settings.swift
2026-10-07T16:01:13.8382555Z [1545/1633] Compiling NIOHTTP2 HTTP2Stream.swift
2026-10-07T16:01:13.8383631Z [1546/1633] Compiling NIOHTTP2 HTTP2StreamChannel+OutboundStreamMultiplexer.swift
2026-10-07T16:01:13.8384765Z [1547/1633] Compiling NIOHTTP2 HTTP2StreamChannel.swift
2026-10-07T16:01:13.8385663Z [1548/1633] Compiling NIOHTTP2 HTTP2StreamDelegate.swift
2026-10-07T16:01:14.5314545Z [1551/1633] Compiling NIOHTTP2 HasFlowControlWindows.swift
2026-10-07T16:01:14.5315976Z [1552/1633] Compiling NIOHTTP2 HasLocalSettings.swift
2026-10-07T16:01:14.7731069Z [1553/1634] Wrapping AST for NIOExtras for debugging
2026-10-07T16:01:15.0895573Z [1555/1634] Compiling NIOHTTP2 ContentLengthVerifier.swift
2026-10-07T16:01:15.0903247Z [1556/1634] Compiling NIOHTTP2 DOSHeuristics.swift
2026-10-07T16:01:15.0911753Z [1557/1634] Compiling NIOHTTP2 Error+Any.swift
2026-10-07T16:01:15.0921102Z [1558/1634] Compiling NIOHTTP2 ConcurrentStreamBuffer.swift
2026-10-07T16:01:15.0930179Z [1559/1634] Compiling NIOHTTP2 ControlFrameBuffer.swift
2026-10-07T16:01:15.0938499Z [1560/1634] Compiling NIOHTTP2 OutboundFlowControlBuffer.swift
2026-10-07T16:01:15.0947333Z [1561/1634] Compiling NIOHTTP2 OutboundFrameBuffer.swift
2026-10-07T16:01:15.0955585Z [1562/1634] Compiling NIOHTTP2 GlitchesMonitor.swift
2026-10-07T16:01:15.3566039Z [1563/1635] Wrapping AST for NIOSSL for debugging
2026-10-07T16:01:17.1344946Z [1567/1635] Compiling NIOHTTP2 HasRemoteSettings.swift
2026-10-07T16:01:17.1346000Z [1568/1635] Compiling NIOHTTP2 LocallyQuiescingState.swift
2026-10-07T16:01:17.1347053Z [1569/1635] Compiling NIOHTTP2 QuiescingState.swift
2026-10-07T16:01:17.1347925Z [1570/1635] Compiling NIOHTTP2 RemotelyQuiescingState.swift
2026-10-07T16:01:17.1349127Z [1571/1635] Compiling NIOHTTP2 SendAndReceiveGoawayState.swift
2026-10-07T16:01:17.1350163Z [1572/1635] Compiling NIOHTTP2 StateMachineResult.swift
2026-10-07T16:01:17.1351130Z [1581/1635] Compiling NIOHTTP2 HPACKHeaders+Validation.swift
2026-10-07T16:01:17.1353410Z [1582/1635] Compiling NIOHTTP2 HTTP2ChannelHandler+InboundStreamMultiplexer.swift
2026-10-07T16:01:17.1389994Z [1583/1635] Compiling NIOHTTP2 ConnectionStateMachine.swift
2026-10-07T16:01:17.1390964Z [1584/1635] Compiling NIOHTTP2 ConnectionStreamsState.swift
2026-10-07T16:01:17.1391993Z [1585/1635] Compiling NIOHTTP2 MayReceiveFrames.swift
2026-10-07T16:01:17.1392915Z [1586/1635] Compiling NIOHTTP2 ReceivingDataState.swift
2026-10-07T16:01:17.1393661Z [1587/1635] Compiling NIOHTTP2 ReceivingGoAwayState.swift
2026-10-07T16:01:17.1394400Z [1588/1635] Compiling NIOHTTP2 ReceivingHeadersState.swift
2026-10-07T16:01:17.1395149Z [1589/1635] Compiling NIOHTTP2 ReceivingPushPromiseState.swift
2026-10-07T16:01:17.1395924Z [1590/1635] Compiling NIOHTTP2 ReceivingRstStreamState.swift
2026-10-07T16:01:17.1396695Z [1591/1635] Compiling NIOHTTP2 ReceivingWindowUpdateState.swift
2026-10-07T16:01:17.1397408Z [1592/1635] Compiling NIOHTTP2 MaySendFrames.swift
2026-10-07T16:01:17.1398060Z [1593/1635] Compiling NIOHTTP2 SendingDataState.swift
2026-10-07T16:01:17.1398702Z [1594/1635] Compiling NIOHTTP2 SendingGoawayState.swift
2026-10-07T16:01:17.1399726Z [1595/1635] Compiling NIOHTTP2 SendingHeadersState.swift
2026-10-07T16:01:17.1400461Z [1596/1635] Compiling NIOHTTP2 SendingPushPromiseState.swift
2026-10-07T16:01:17.1401183Z [1597/1635] Compiling NIOHTTP2 SendingRstStreamState.swift
2026-10-07T16:01:17.1401934Z [1598/1635] Compiling NIOHTTP2 SendingWindowUpdateState.swift
2026-10-07T16:01:17.1402648Z [1599/1635] Compiling NIOHTTP2 HTTP2SettingsState.swift
2026-10-07T16:01:17.1403381Z [1600/1635] Compiling NIOHTTP2 HasExtendedConnectSettings.swift
2026-10-07T16:01:19.4972814Z [1601/1652] Compiling NIOHTTP2 HTTP2StreamID.swift
2026-10-07T16:01:19.4973524Z [1602/1652] Compiling NIOHTTP2 HTTP2StreamMultiplexer.swift
2026-10-07T16:01:19.4974172Z [1603/1652] Compiling NIOHTTP2 HTTP2ToHTTP1Codec.swift
2026-10-07T16:01:19.4974811Z [1604/1652] Compiling NIOHTTP2 HTTP2UserEvents.swift
2026-10-07T16:01:19.4975433Z [1605/1652] Compiling NIOHTTP2 InboundEventBuffer.swift
2026-10-07T16:01:19.4976075Z [1606/1652] Compiling NIOHTTP2 InboundWindowManager.swift
2026-10-07T16:01:19.4976788Z [1607/1652] Compiling NIOHTTP2 MultiplexerAbstractChannel.swift
2026-10-07T16:01:19.4977488Z [1608/1652] Compiling NIOHTTP2 NIOHTTP2FrameDelegate.swift
2026-10-07T16:01:19.4978437Z [1609/1652] Compiling NIOHTTP2 NIOHTTP2ServerConnectionManagementHandler+StateMachine.swift
2026-10-07T16:01:19.4979799Z [1610/1652] Compiling NIOHTTP2 NIOHTTP2ServerConnectionManagementHandler.swift
2026-10-07T16:01:19.4981015Z [1611/1652] Compiling NIOHTTP2 StreamChannelFlowController.swift
2026-10-07T16:01:19.4981716Z [1612/1652] Compiling NIOHTTP2 StreamChannelList.swift
2026-10-07T16:01:19.4982302Z [1613/1652] Compiling NIOHTTP2 StreamMap.swift
2026-10-07T16:01:19.4982888Z [1614/1652] Compiling NIOHTTP2 StreamStateMachine.swift
2026-10-07T16:01:19.4983467Z [1615/1652] Compiling NIOHTTP2 Timer.swift
2026-10-07T16:01:19.4984221Z [1616/1652] Compiling NIOHTTP2 UnsafeTransfer.swift
2026-10-07T16:01:19.4984885Z [1617/1652] Compiling NIOHTTP2 WatermarkedFlowController.swift
2026-10-07T16:01:20.2171525Z [1618/1652] Emitting module NIOHTTP2
2026-10-07T16:01:20.2174998Z [1619/1652] Compiling NIOHTTP2 HTTP2ChannelHandler+InlineStreamMultiplexer.swift
2026-10-07T16:01:20.2176723Z [1620/1652] Compiling NIOHTTP2 HTTP2ChannelHandler.swift
2026-10-07T16:01:20.2178220Z [1621/1652] Compiling NIOHTTP2 HTTP2CommonInboundStreamMultiplexer.swift
2026-10-07T16:01:20.2179557Z [1622/1652] Compiling NIOHTTP2 HTTP2ConnectionStateChange.swift
2026-10-07T16:01:20.2180333Z [1623/1652] Compiling NIOHTTP2 HTTP2Error.swift
2026-10-07T16:01:20.2180995Z [1624/1652] Compiling NIOHTTP2 HTTP2ErrorCode.swift
2026-10-07T16:01:20.2181753Z [1625/1652] Compiling NIOHTTP2 HTTP2FlowControlWindow.swift
2026-10-07T16:01:20.2182488Z [1626/1652] Compiling NIOHTTP2 HTTP2Frame.swift
2026-10-07T16:01:20.2183105Z [1627/1652] Compiling NIOHTTP2 HTTP2FrameEncoder.swift
2026-10-07T16:01:20.3453267Z [1636/1653] Wrapping AST for NIOHTTP2 for debugging
2026-10-07T16:01:24.7140338Z [1638/1726] Compiling GRPC GRPCAsyncUnaryCall.swift
2026-10-07T16:01:24.7161197Z [1639/1726] Compiling GRPC GRPCAsyncWriterSinkDelegate.swift
2026-10-07T16:01:24.7168296Z [1640/1726] Compiling GRPC GRPCChannel+AsyncAwaitSupport.swift
2026-10-07T16:01:24.7169410Z [1641/1726] Compiling GRPC GRPCClient+AsyncAwaitSupport.swift
2026-10-07T16:01:24.7170681Z [1642/1726] Compiling GRPC GRPCSendable.swift
2026-10-07T16:01:24.7171394Z [1643/1726] Compiling GRPC NIOAsyncWrappers.swift
2026-10-07T16:01:24.7172245Z [1644/1726] Compiling GRPC BidirectionalStreamingServerHandler.swift
2026-10-07T16:01:24.7173305Z [1645/1726] Compiling GRPC ClientStreamingServerHandler.swift
2026-10-07T16:01:24.7174354Z [1646/1726] Compiling GRPC ServerHandlerProtocol.swift
2026-10-07T16:01:24.7175284Z [1647/1726] Compiling GRPC ServerStreamingServerHandler.swift
2026-10-07T16:01:24.7176160Z [1648/1726] Compiling GRPC UnaryServerHandler.swift
2026-10-07T16:01:24.7176913Z [1649/1726] Compiling GRPC CallOptions.swift
2026-10-07T16:01:24.7177707Z [1650/1726] Compiling GRPC BidirectionalStreamingCall.swift
2026-10-07T16:01:24.7178511Z [1651/1726] Compiling GRPC Call.swift
2026-10-07T16:01:24.7179543Z [1652/1726] Compiling GRPC CallDetails.swift
2026-10-07T16:01:24.7180250Z [1653/1726] Compiling GRPC ClientCall.swift
2026-10-07T16:01:24.7180990Z [1654/1726] Compiling GRPC ClientStreamingCall.swift
2026-10-07T16:01:24.7181791Z [1655/1726] Compiling GRPC LazyEventLoopPromise.swift
2026-10-07T16:01:24.7182608Z [1656/1726] Compiling GRPC ResponseContainers.swift
2026-10-07T16:01:24.7183412Z [1657/1726] Compiling GRPC ResponsePartContainer.swift
2026-10-07T16:01:24.7184210Z [1658/1726] Compiling GRPC ServerStreamingCall.swift
2026-10-07T16:01:24.7184957Z [1659/1726] Compiling GRPC UnaryCall.swift
2026-10-07T16:01:24.7185667Z [1660/1726] Compiling GRPC ClientConnection.swift
2026-10-07T16:01:24.7186569Z [1661/1726] Compiling GRPC ClientConnectionConfiguration+NIOSSL.swift
2026-10-07T16:01:24.7187520Z [1662/1726] Compiling GRPC ClientErrorDelegate.swift
2026-10-07T16:01:24.7188429Z [1663/1726] Compiling GRPC CoalescingLengthPrefixedMessageWriter.swift
2026-10-07T16:01:24.7189623Z [1664/1726] Compiling GRPC CompressionAlgorithm.swift
2026-10-07T16:01:24.7190406Z [1665/1726] Compiling GRPC DecompressionLimit.swift
2026-10-07T16:01:24.7191139Z [1666/1726] Compiling GRPC MessageEncoding.swift
2026-10-07T16:01:24.7191825Z [1667/1726] Compiling GRPC Zlib.swift
2026-10-07T16:01:24.7192474Z [1668/1726] Compiling GRPC ConnectionBackoff.swift
2026-10-07T16:01:24.7193566Z [1669/1726] Compiling GRPC ConnectionKeepalive.swift
2026-10-07T16:01:24.7194414Z [1670/1726] Compiling GRPC ConnectionManager+Delegates.swift
2026-10-07T16:01:24.7195244Z [1671/1726] Compiling GRPC ConnectionManager.swift
2026-10-07T16:01:24.7196221Z [1672/1726] Compiling GRPC ConnectionManagerChannelProvider.swift
2026-10-07T16:01:24.7197132Z [1673/1726] Compiling GRPC ConnectionManagerID.swift
2026-10-07T16:01:24.7198221Z [1674/1726] Compiling GRPC ConnectionPool+PerConnectionState.swift
2026-10-07T16:01:24.7199367Z [1675/1726] Compiling GRPC ConnectionPool+Waiter.swift
2026-10-07T16:01:24.7200160Z [1676/1726] Compiling GRPC ConnectionPool.swift
2026-10-07T16:01:24.7200901Z [1677/1726] Compiling GRPC ConnectionPoolIDs.swift
2026-10-07T16:01:24.7201649Z [1678/1726] Compiling GRPC GRPCChannelPool.swift
2026-10-07T16:01:24.7202374Z [1679/1726] Compiling GRPC PoolManager.swift
2026-10-07T16:01:24.7203252Z [1680/1726] Compiling GRPC PoolManagerStateMachine+PerPoolState.swift
2026-10-07T16:01:24.7204231Z [1681/1726] Compiling GRPC PoolManagerStateMachine.swift
2026-10-07T16:01:24.7204993Z [1682/1726] Compiling GRPC PooledChannel.swift
2026-10-07T16:01:24.7205694Z [1683/1726] Compiling GRPC StreamLender.swift
2026-10-07T16:01:24.7206387Z [1684/1726] Compiling GRPC ConnectivityState.swift
2026-10-07T16:01:24.7207087Z [1685/1726] Compiling GRPC DebugOnly.swift
2026-10-07T16:01:24.7207805Z [1686/1726] Compiling GRPC Array+BoundsCheck.swift
2026-10-07T16:01:24.7208628Z [1687/1726] Compiling GRPC ServerHandlerStateMachine+Actions.swift
2026-10-07T16:01:24.7209812Z [1688/1726] Compiling GRPC ServerHandlerStateMachine+Draining.swift
2026-10-07T16:01:24.7210742Z [1689/1726] Compiling GRPC ServerHandlerStateMachine+Finished.swift
2026-10-07T16:01:24.7211680Z [1690/1726] Compiling GRPC ServerHandlerStateMachine+Handling.swift
2026-10-07T16:01:24.7212643Z [1691/1726] Compiling GRPC ServerHandlerStateMachine+Idle.swift
2026-10-07T16:01:24.7213525Z [1692/1726] Compiling GRPC ServerHandlerStateMachine.swift
2026-10-07T16:01:24.7214468Z [1693/1726] Compiling GRPC ServerInterceptorStateMachine+Actions.swift
2026-10-07T16:01:24.7215529Z [1694/1726] Compiling GRPC ServerInterceptorStateMachine+Finished.swift
2026-10-07T16:01:24.7216606Z [1695/1726] Compiling GRPC ServerInterceptorStateMachine+Intercepting.swift
2026-10-07T16:01:24.7217656Z [1696/1726] Compiling GRPC ServerInterceptorStateMachine.swift
2026-10-07T16:01:24.7218455Z [1697/1726] Compiling GRPC StreamState.swift
2026-10-07T16:01:24.7219511Z [1698/1726] Compiling GRPC Call+AsyncRequestStreamWriter.swift
2026-10-07T16:01:24.7220486Z [1699/1726] Compiling GRPC CancellationError+GRPCStatusTransformable.swift
2026-10-07T16:01:24.7221536Z [1700/1726] Compiling GRPC GRPCAsyncBidirectionalStreamingCall.swift
2026-10-07T16:01:24.7222515Z [1701/1726] Compiling GRPC GRPCAsyncClientStreamingCall.swift
2026-10-07T16:01:24.7223380Z [1702/1726] Compiling GRPC GRPCAsyncRequestStream.swift
2026-10-07T16:01:24.7224297Z [1703/1726] Compiling GRPC GRPCAsyncRequestStreamWriter.swift
2026-10-07T16:01:24.7225311Z [1704/1726] Compiling GRPC GRPCAsyncResponseStream.swift
2026-10-07T16:01:24.7226172Z [1705/1726] Compiling GRPC GRPCAsyncResponseStreamWriter.swift
2026-10-07T16:01:24.7227094Z [1706/1726] Compiling GRPC GRPCAsyncSequenceProducerDelegate.swift
2026-10-07T16:01:24.7228011Z [1707/1726] Compiling GRPC GRPCAsyncServerCallContext.swift
2026-10-07T16:01:24.7229072Z [1708/1726] Compiling GRPC GRPCAsyncServerHandler.swift
2026-10-07T16:01:24.7229952Z [1709/1726] Compiling GRPC GRPCAsyncServerStreamingCall.swift
2026-10-07T16:01:24.7230897Z [1710/1726] Emitting module GRPC
2026-10-07T16:01:26.9102046Z [1711/1797] Compiling GRPC Server+NIOSSL.swift
2026-10-07T16:01:26.9103299Z [1712/1797] Compiling GRPC Server.swift
2026-10-07T16:01:26.9119822Z [1713/1797] Compiling GRPC ServerBuilder+NIOSSL.swift
2026-10-07T16:01:26.9120658Z [1714/1797] Compiling GRPC ServerBuilder.swift
2026-10-07T16:01:26.9121442Z [1715/1797] Compiling GRPC ServerCallContext.swift
2026-10-07T16:01:26.9122650Z [1716/1797] Compiling GRPC StreamingResponseCallContext.swift
2026-10-07T16:01:26.9123393Z [1717/1797] Compiling GRPC UnaryResponseCallContext.swift
2026-10-07T16:01:26.9124091Z [1718/1797] Compiling GRPC ServerChannelErrorHandler.swift
2026-10-07T16:01:26.9126698Z [1719/1797] Compiling GRPC ServerErrorDelegate.swift
2026-10-07T16:01:26.9130204Z [1720/1797] Compiling GRPC ServerErrorProcessor.swift
2026-10-07T16:01:26.9133253Z [1721/1797] Compiling GRPC Stopwatch.swift
2026-10-07T16:01:26.9136194Z [1722/1797] Compiling GRPC StreamEvent.swift
2026-10-07T16:01:26.9139941Z [1723/1797] Compiling GRPC TLSVerificationHandler.swift
2026-10-07T16:01:26.9142629Z [1724/1797] Compiling GRPC TLSVersion.swift
2026-10-07T16:01:26.9145893Z [1725/1797] Compiling GRPC TimeLimit.swift
2026-10-07T16:01:26.9149165Z [1726/1797] Compiling GRPC UserInfo.swift
2026-10-07T16:01:26.9152773Z [1727/1797] Compiling GRPC Version.swift
2026-10-07T16:01:26.9155294Z [1728/1797] Compiling GRPC WebCORSHandler.swift
2026-10-07T16:01:26.9159824Z [1729/1797] Compiling GRPC WriteCapturingHandler.swift
2026-10-07T16:01:26.9161516Z [1730/1797] Compiling GRPC _EmbeddedThroughput.swift
2026-10-07T16:01:26.9164754Z [1731/1797] Compiling GRPC _FakeResponseStream.swift
2026-10-07T16:01:26.9169806Z [1732/1797] Compiling GRPC _GRPCClientCodecHandler.swift
2026-10-07T16:01:26.9172235Z [1733/1797] Compiling GRPC _MessageContext.swift
2026-10-07T16:01:27.8701573Z [1734/1797] Compiling GRPC DelegatingErrorHandler.swift
2026-10-07T16:01:27.8703776Z [1735/1797] Compiling GRPC Error+NIOSSL.swift
2026-10-07T16:01:27.8707340Z [1736/1797] Compiling GRPC EventLoopFuture+RecoverFromUncleanShutdown.swift
2026-10-07T16:01:27.8710240Z [1737/1797] Compiling GRPC FakeChannel.swift
2026-10-07T16:01:27.8710894Z [1738/1797] Compiling GRPC ClientConnection+NIOSSL.swift
2026-10-07T16:01:27.8711677Z [1739/1797] Compiling GRPC ClientConnection+NWTLS.swift
2026-10-07T16:01:27.8712279Z [1740/1797] Compiling GRPC GRPCChannel.swift
2026-10-07T16:01:27.8712947Z [1741/1797] Compiling GRPC GRPCChannelBuilder.swift
2026-10-07T16:01:27.8713520Z [1742/1797] Compiling GRPC GRPCClient.swift
2026-10-07T16:01:27.8714229Z [1743/1797] Compiling GRPC GRPCClientChannelHandler.swift
2026-10-07T16:01:27.8714892Z [1744/1797] Compiling GRPC GRPCClientStateMachine.swift
2026-10-07T16:01:27.8715596Z [1745/1797] Compiling GRPC GRPCContentType.swift
2026-10-07T16:01:27.8716138Z [1746/1797] Compiling GRPC GRPCError.swift
2026-10-07T16:01:27.8718377Z [1747/1797] Compiling GRPC GRPCHeaderName.swift
2026-10-07T16:01:27.8719511Z [1748/1797] Compiling GRPC GRPCIdleHandler.swift
2026-10-07T16:01:27.8720220Z [1749/1797] Compiling GRPC GRPCIdleHandlerStateMachine.swift
2026-10-07T16:01:27.8720920Z [1750/1797] Compiling GRPC GRPCKeepaliveHandlers.swift
2026-10-07T16:01:27.8721539Z [1751/1797] Compiling GRPC GRPCPayload.swift
2026-10-07T16:01:27.8722225Z [1752/1797] Compiling GRPC GRPCServerPipelineConfigurator.swift
2026-10-07T16:01:27.8723032Z [1753/1797] Compiling GRPC GRPCServerRequestRoutingHandler.swift
2026-10-07T16:01:27.8723795Z [1754/1797] Compiling GRPC GRPCServiceDescription.swift
2026-10-07T16:01:28.1993914Z [1755/1797] Compiling GRPC GRPCStatus.swift
2026-10-07T16:01:28.1994616Z [1756/1797] Compiling GRPC GRPCStatusAndMetadata.swift
2026-10-07T16:01:28.1995324Z [1757/1797] Compiling GRPC GRPCStatusMessageMarshaller.swift
2026-10-07T16:01:28.1996027Z [1758/1797] Compiling GRPC GRPCTLSConfiguration.swift
2026-10-07T16:01:28.1996665Z [1759/1797] Compiling GRPC GRPCTimeout.swift
2026-10-07T16:01:28.1997285Z [1760/1797] Compiling GRPC GRPCWebToHTTP2ServerCodec.swift
2026-10-07T16:01:28.2011371Z [1761/1797] Compiling GRPC HTTP2ToRawGRPCServerCodec.swift
2026-10-07T16:01:28.2012414Z [1762/1797] Compiling GRPC HTTP2ToRawGRPCStateMachine.swift
2026-10-07T16:01:28.2013133Z [1763/1797] Compiling GRPC ClientInterceptorContext.swift
2026-10-07T16:01:28.2013800Z [1764/1797] Compiling GRPC ClientInterceptorPipeline.swift
2026-10-07T16:01:28.2014465Z [1765/1797] Compiling GRPC ClientInterceptorProtocol.swift
2026-10-07T16:01:28.2015402Z [1766/1797] Compiling GRPC ClientInterceptors.swift
2026-10-07T16:01:28.2015961Z [1767/1797] Compiling GRPC ClientTransport.swift
2026-10-07T16:01:28.2016475Z [1768/1797] Compiling GRPC ClientTransportFactory.swift
2026-10-07T16:01:28.2016824Z [1769/1797] Compiling GRPC MessageParts.swift
2026-10-07T16:01:28.2017180Z [1770/1797] Compiling GRPC ServerInterceptorContext.swift
2026-10-07T16:01:28.2017713Z [1771/1797] Compiling GRPC ServerInterceptorPipeline.swift
2026-10-07T16:01:28.2018092Z [1772/1797] Compiling GRPC ServerInterceptors.swift
2026-10-07T16:01:28.2018439Z [1773/1797] Compiling GRPC InterceptorContextList.swift
2026-10-07T16:01:28.2018813Z [1774/1797] Compiling GRPC LengthPrefixedMessageReader.swift
2026-10-07T16:01:28.2019546Z [1775/1797] Compiling GRPC Logger.swift
2026-10-07T16:01:28.2019873Z [1776/1797] Compiling GRPC LoggingServerErrorDelegate.swift
2026-10-07T16:01:28.2020301Z [1777/1797] Compiling GRPC MessageEncodingHeaderValidator.swift
2026-10-07T16:01:28.2020678Z [1778/1797] Compiling GRPC PlatformSupport.swift
2026-10-07T16:01:28.2020995Z [1779/1797] Compiling GRPC ReadWriteStates.swift
2026-10-07T16:01:28.2021289Z [1780/1797] Compiling GRPC Ref.swift
2026-10-07T16:01:28.2021565Z [1781/1797] Compiling GRPC Serialization.swift
2026-10-07T16:01:28.3460464Z [1782/1798] Wrapping AST for GRPC for debugging
2026-10-07T16:01:29.5462605Z [1784/1839] Emitting module RightClickCore
2026-10-07T16:01:29.5464436Z /__w/rightclick/rightclick/Sources/RightClickCore/OriginPinnedHTTP.swift:45:19: warning: non-final class 'RedirectRejectingDelegate' cannot conform to 'Sendable'; use '@unchecked Sendable'; this is an error in the Swift 6 language mode
2026-10-07T16:01:29.5466319Z  43 |     }
2026-10-07T16:01:29.5466618Z  44 | 
2026-10-07T16:01:29.5467001Z  45 |     private class RedirectRejectingDelegate:
2026-10-07T16:01:29.5468329Z     |                   `- warning: non-final class 'RedirectRejectingDelegate' cannot conform to 'Sendable'; use '@unchecked Sendable'; this is an error in the Swift 6 language mode
2026-10-07T16:01:29.5469841Z  46 |         NSObject,
2026-10-07T16:01:29.5470265Z  47 |         URLSessionTaskDelegate
2026-10-07T16:01:29.5470589Z 
2026-10-07T16:01:29.5471976Z /__w/rightclick/rightclick/Sources/RightClickCore/OriginPinnedHTTP.swift:86:21: warning: stored property 'storedData' of 'Sendable'-conforming class 'BoundedLoadDelegate' is mutable; this is an error in the Swift 6 language mode
2026-10-07T16:01:29.5473717Z  84 |             Int
2026-10-07T16:01:29.5474086Z  85 | 
2026-10-07T16:01:29.5474426Z  86 |         private var storedData =
2026-10-07T16:01:29.5475632Z     |                     `- warning: stored property 'storedData' of 'Sendable'-conforming class 'BoundedLoadDelegate' is mutable; this is an error in the Swift 6 language mode
2026-10-07T16:01:29.5476832Z  87 |             Data()
2026-10-07T16:01:29.5477190Z  88 | 
2026-10-07T16:01:32.6643109Z [1785/1852] Compiling RightClickCore RCIRExecutionHost.swift
2026-10-07T16:01:32.6644252Z [1786/1852] Compiling RightClickCore RCIRHTTPObservation.swift
2026-10-07T16:01:32.6645279Z [1787/1852] Compiling RightClickCore RCIRHostObservation.swift
2026-10-07T16:01:32.6646295Z [1788/1852] Compiling RightClickCore RCIRSignedReceipt.swift
2026-10-07T16:01:32.6647063Z [1789/1852] Compiling RightClickCore RCIRUnaryInvocation.swift
2026-10-07T16:01:32.6647789Z [1790/1852] Compiling RightClickCore RuntimePlatform.swift
2026-10-07T16:01:32.6648496Z [1791/1852] Compiling RightClickCore SafetyPolicy.swift
2026-10-07T16:01:32.6649364Z [1792/1852] Compiling RightClickCore ServiceCatalog.swift
2026-10-07T16:01:32.6650012Z [1793/1852] Compiling RightClickCore ServiceContext.swift
2026-10-07T16:01:32.6650657Z [1794/1852] Compiling RightClickCore ServiceOutcome.swift
2026-10-07T16:01:32.6651302Z [1795/1852] Compiling RightClickCore SharingCatalog.swift
2026-10-07T16:01:32.6651998Z [1796/1852] Compiling RightClickCore SharingExecutionModel.swift
2026-10-07T16:01:32.6652812Z [1797/1852] Compiling RightClickCore WASMCapabilityArtifactResolver.swift
2026-10-07T16:01:35.7795691Z [1798/1852] Compiling RightClickCore A2AReflector.swift
2026-10-07T16:01:35.7797186Z /__w/rightclick/rightclick/Sources/RightClickCore/CapabilityEngine.swift:427:33: warning: result of call to 'run(mode:before:)' is unused [#no-usage]
2026-10-07T16:01:35.7798563Z  425 |                 }
2026-10-07T16:01:35.7799319Z  426 | 
2026-10-07T16:01:35.7799688Z  427 |                 RunLoop.current.run(
2026-10-07T16:01:35.7800782Z      |                                 `- warning: result of call to 'run(mode:before:)' is unused [#no-usage]
2026-10-07T16:01:35.7801505Z  428 |                     mode: .default,
2026-10-07T16:01:35.7801932Z  429 |                     before:
2026-10-07T16:01:35.7810557Z [1799/1852] Compiling RightClickCore ARDRegistrySource.swift
2026-10-07T16:01:35.7812150Z /__w/rightclick/rightclick/Sources/RightClickCore/CapabilityEngine.swift:427:33: warning: result of call to 'run(mode:before:)' is unused [#no-usage]
2026-10-07T16:01:35.7813653Z  425 |                 }
2026-10-07T16:01:35.7814248Z  426 | 
2026-10-07T16:01:35.7814816Z  427 |                 RunLoop.current.run(
2026-10-07T16:01:35.7815548Z      |                                 `- warning: result of call to 'run(mode:before:)' is unused [#no-usage]
2026-10-07T16:01:35.7816262Z  428 |                     mode: .default,
2026-10-07T16:01:35.7816691Z  429 |                     before:
2026-10-07T16:01:35.7832821Z [1800/1852] Compiling RightClickCore ActionExtensionCatalog.swift
2026-10-07T16:01:35.7834288Z /__w/rightclick/rightclick/Sources/RightClickCore/CapabilityEngine.swift:427:33: warning: result of call to 'run(mode:before:)' is unused [#no-usage]
2026-10-07T16:01:35.7835415Z  425 |                 }
2026-10-07T16:01:35.7835753Z  426 | 
2026-10-07T16:01:35.7836120Z  427 |                 RunLoop.current.run(
2026-10-07T16:01:35.7836822Z      |                                 `- warning: result of call to 'run(mode:before:)' is unused [#no-usage]
2026-10-07T16:01:35.7837524Z  428 |                     mode: .default,
2026-10-07T16:01:35.7837947Z  429 |                     before:
2026-10-07T16:01:35.7853522Z [1801/1852] Compiling RightClickCore BonjourGRPCSource.swift
2026-10-07T16:01:35.7854810Z /__w/rightclick/rightclick/Sources/RightClickCore/CapabilityEngine.swift:427:33: warning: result of call to 'run(mode:before:)' is unused [#no-usage]
2026-10-07T16:01:35.7855947Z  425 |                 }
2026-10-07T16:01:35.7856297Z  426 | 
2026-10-07T16:01:35.7856619Z  427 |                 RunLoop.current.run(
2026-10-07T16:01:35.7857317Z      |                                 `- warning: result of call to 'run(mode:before:)' is unused [#no-usage]
2026-10-07T16:01:35.7858013Z  428 |                     mode: .default,
2026-10-07T16:01:35.7858436Z  429 |                     before:
2026-10-07T16:01:35.7874936Z [1802/1852] Compiling RightClickCore BonjourGraphQLSource.swift
2026-10-07T16:01:35.7876432Z /__w/rightclick/rightclick/Sources/RightClickCore/CapabilityEngine.swift:427:33: warning: result of call to 'run(mode:before:)' is unused [#no-usage]
2026-10-07T16:01:35.7877732Z  425 |                 }
2026-10-07T16:01:35.7878180Z  426 | 
2026-10-07T16:01:35.7878592Z  427 |                 RunLoop.current.run(
2026-10-07T16:01:35.7879754Z      |                                 `- warning: result of call to 'run(mode:before:)' is unused [#no-usage]
2026-10-07T16:01:35.7880617Z  428 |                     mode: .default,
2026-10-07T16:01:35.7881150Z  429 |                     before:
2026-10-07T16:01:35.7895990Z [1803/1852] Compiling RightClickCore BonjourOpenAPISource.swift
2026-10-07T16:01:35.7897483Z /__w/rightclick/rightclick/Sources/RightClickCore/CapabilityEngine.swift:427:33: warning: result of call to 'run(mode:before:)' is unused [#no-usage]
2026-10-07T16:01:35.7898599Z  425 |                 }
2026-10-07T16:01:35.7899123Z  426 | 
2026-10-07T16:01:35.7899454Z  427 |                 RunLoop.current.run(
2026-10-07T16:01:35.7900150Z      |                                 `- warning: result of call to 'run(mode:before:)' is unused [#no-usage]
2026-10-07T16:01:35.7901107Z  428 |                     mode: .default,
2026-10-07T16:01:35.7901539Z  429 |                     before:
2026-10-07T16:01:35.7916661Z [1804/1852] Compiling RightClickCore BoundedCapabilityProcess.swift
2026-10-07T16:01:35.7918200Z /__w/rightclick/rightclick/Sources/RightClickCore/CapabilityEngine.swift:427:33: warning: result of call to 'run(mode:before:)' is unused [#no-usage]
2026-10-07T16:01:35.7919842Z  425 |                 }
2026-10-07T16:01:35.7920226Z  426 | 
2026-10-07T16:01:35.7920568Z  427 |                 RunLoop.current.run(
2026-10-07T16:01:35.7921303Z      |                                 `- warning: result of call to 'run(mode:before:)' is unused [#no-usage]
2026-10-07T16:01:35.7922040Z  428 |                     mode: .default,
2026-10-07T16:01:35.7922486Z  429 |                     before:
2026-10-07T16:01:35.7937785Z [1805/1852] Compiling RightClickCore BundleScan.swift
2026-10-07T16:01:35.7939438Z /__w/rightclick/rightclick/Sources/RightClickCore/CapabilityEngine.swift:427:33: warning: result of call to 'run(mode:before:)' is unused [#no-usage]
2026-10-07T16:01:35.7940742Z  425 |                 }
2026-10-07T16:01:35.7941169Z  426 | 
2026-10-07T16:01:35.7941578Z  427 |                 RunLoop.current.run(
2026-10-07T16:01:35.7942383Z      |                                 `- warning: result of call to 'run(mode:before:)' is unused [#no-usage]
2026-10-07T16:01:35.7943202Z  428 |                     mode: .default,
2026-10-07T16:01:35.7943726Z  429 |                     before:
2026-10-07T16:01:35.7958374Z [1806/1852] Compiling RightClickCore Capability.swift
2026-10-07T16:01:35.7959851Z /__w/rightclick/rightclick/Sources/RightClickCore/CapabilityEngine.swift:427:33: warning: result of call to 'run(mode:before:)' is unused [#no-usage]
2026-10-07T16:01:35.7961230Z  425 |                 }
2026-10-07T16:01:35.7961619Z  426 | 
2026-10-07T16:01:35.7961965Z  427 |                 RunLoop.current.run(
2026-10-07T16:01:35.7962708Z      |                                 `- warning: result of call to 'run(mode:before:)' is unused [#no-usage]
2026-10-07T16:01:35.7963435Z  428 |                     mode: .default,
2026-10-07T16:01:35.7963892Z  429 |                     before:
2026-10-07T16:01:35.7979409Z [1807/1852] Compiling RightClickCore CapabilityABI.swift
2026-10-07T16:01:35.7980963Z /__w/rightclick/rightclick/Sources/RightClickCore/CapabilityEngine.swift:427:33: warning: result of call to 'run(mode:before:)' is unused [#no-usage]
2026-10-07T16:01:35.7982202Z  425 |                 }
2026-10-07T16:01:35.7982613Z  426 | 
2026-10-07T16:01:35.7983007Z  427 |                 RunLoop.current.run(
2026-10-07T16:01:35.7983799Z      |                                 `- warning: result of call to 'run(mode:before:)' is unused [#no-usage]
2026-10-07T16:01:35.7984616Z  428 |                     mode: .default,
2026-10-07T16:01:35.7985132Z  429 |                     before:
2026-10-07T16:01:35.8000438Z [1808/1852] Compiling RightClickCore CapabilityABIAdapter.swift
2026-10-07T16:01:35.8001924Z /__w/rightclick/rightclick/Sources/RightClickCore/CapabilityEngine.swift:427:33: warning: result of call to 'run(mode:before:)' is unused [#no-usage]
2026-10-07T16:01:35.8003103Z  425 |                 }
2026-10-07T16:01:35.8003461Z  426 | 
2026-10-07T16:01:35.8003800Z  427 |                 RunLoop.current.run(
2026-10-07T16:01:35.8004536Z      |                                 `- warning: result of call to 'run(mode:before:)' is unused [#no-usage]
2026-10-07T16:01:35.8005288Z  428 |                     mode: .default,
2026-10-07T16:01:35.8005740Z  429 |                     before:
2026-10-07T16:01:35.8020888Z [1809/1852] Compiling RightClickCore CapabilityArtifactResolver.swift
2026-10-07T16:01:35.8022367Z /__w/rightclick/rightclick/Sources/RightClickCore/CapabilityEngine.swift:427:33: warning: result of call to 'run(mode:before:)' is unused [#no-usage]
2026-10-07T16:01:35.8023585Z  425 |                 }
2026-10-07T16:01:35.8023982Z  426 | 
2026-10-07T16:01:35.8024649Z  427 |                 RunLoop.current.run(
2026-10-07T16:01:35.8025428Z      |                                 `- warning: result of call to 'run(mode:before:)' is unused [#no-usage]
2026-10-07T16:01:35.8026236Z  428 |                     mode: .default,
2026-10-07T16:01:35.8026775Z  429 |                     before:
2026-10-07T16:01:35.8041989Z [1810/1852] Compiling RightClickCore CapabilityArtifactSnapshot.swift
2026-10-07T16:01:35.8043970Z /__w/rightclick/rightclick/Sources/RightClickCore/CapabilityEngine.swift:427:33: warning: result of call to 'run(mode:before:)' is unused [#no-usage]
2026-10-07T16:01:35.8045154Z  425 |                 }
2026-10-07T16:01:35.8045510Z  426 | 
2026-10-07T16:01:35.8045849Z  427 |                 RunLoop.current.run(
2026-10-07T16:01:35.8046576Z      |                                 `- warning: result of call to 'run(mode:before:)' is unused [#no-usage]
2026-10-07T16:01:35.8047315Z  428 |                     mode: .default,
2026-10-07T16:01:35.8047775Z  429 |                     before:
2026-10-07T16:01:35.8062085Z [1811/1852] Compiling RightClickCore CapabilityEngine.swift
2026-10-07T16:01:35.8063351Z /__w/rightclick/rightclick/Sources/RightClickCore/CapabilityEngine.swift:427:33: warning: result of call to 'run(mode:before:)' is unused [#no-usage]
2026-10-07T16:01:35.8064566Z  425 |                 }
2026-10-07T16:01:35.8064927Z  426 | 
2026-10-07T16:01:35.8065264Z  427 |                 RunLoop.current.run(
2026-10-07T16:01:35.8066035Z      |                                 `- warning: result of call to 'run(mode:before:)' is unused [#no-usage]
2026-10-07T16:01:35.8066747Z  428 |                     mode: .default,
2026-10-07T16:01:35.8067176Z  429 |                     before:
2026-10-07T16:01:35.8083481Z [1812/1852] Compiling RightClickCore GraphQLHTTP.swift
2026-10-07T16:01:35.8085957Z /__w/rightclick/rightclick/Sources/RightClickCore/OriginPinnedHTTP.swift:45:19: warning: non-final class 'RedirectRejectingDelegate' cannot conform to 'Sendable'; use '@unchecked Sendable'; this is an error in the Swift 6 language mode
2026-10-07T16:01:35.8087963Z  43 |     }
2026-10-07T16:01:35.8088426Z  44 | 
2026-10-07T16:01:35.8088836Z  45 |     private class RedirectRejectingDelegate:
2026-10-07T16:01:35.8090266Z     |                   `- warning: non-final class 'RedirectRejectingDelegate' cannot conform to 'Sendable'; use '@unchecked Sendable'; this is an error in the Swift 6 language mode
2026-10-07T16:01:35.8091452Z  46 |         NSObject,
2026-10-07T16:01:35.8091830Z  47 |         URLSessionTaskDelegate
2026-10-07T16:01:35.8092123Z 
2026-10-07T16:01:35.8093442Z /__w/rightclick/rightclick/Sources/RightClickCore/OriginPinnedHTTP.swift:86:21: warning: stored property 'storedData' of 'Sendable'-conforming class 'BoundedLoadDelegate' is mutable; this is an error in the Swift 6 language mode
2026-10-07T16:01:35.8095173Z  84 |             Int
2026-10-07T16:01:35.8095492Z  85 | 
2026-10-07T16:01:35.8095807Z  86 |         private var storedData =
2026-10-07T16:01:35.8096951Z     |                     `- warning: stored property 'storedData' of 'Sendable'-conforming class 'BoundedLoadDelegate' is mutable; this is an error in the Swift 6 language mode
2026-10-07T16:01:35.8098094Z  87 |             Data()
2026-10-07T16:01:35.8098434Z  88 | 
2026-10-07T16:01:35.8211715Z [1813/1852] Compiling RightClickCore GraphQLReflector.swift
2026-10-07T16:01:35.8213536Z /__w/rightclick/rightclick/Sources/RightClickCore/OriginPinnedHTTP.swift:45:19: warning: non-final class 'RedirectRejectingDelegate' cannot conform to 'Sendable'; use '@unchecked Sendable'; this is an error in the Swift 6 language mode
2026-10-07T16:01:35.8215251Z  43 |     }
2026-10-07T16:01:35.8215548Z  44 | 
2026-10-07T16:01:35.8215917Z  45 |     private class RedirectRejectingDelegate:
2026-10-07T16:01:35.8217183Z     |                   `- warning: non-final class 'RedirectRejectingDelegate' cannot conform to 'Sendable'; use '@unchecked Sendable'; this is an error in the Swift 6 language mode
2026-10-07T16:01:35.8218598Z  46 |         NSObject,
2026-10-07T16:01:35.8219144Z  47 |         URLSessionTaskDelegate
2026-10-07T16:01:35.8219444Z 
2026-10-07T16:01:35.8220760Z /__w/rightclick/rightclick/Sources/RightClickCore/OriginPinnedHTTP.swift:86:21: warning: stored property 'storedData' of 'Sendable'-conforming class 'BoundedLoadDelegate' is mutable; this is an error in the Swift 6 language mode
2026-10-07T16:01:35.8224254Z  84 |             Int
2026-10-07T16:01:35.8224770Z  85 | 
2026-10-07T16:01:35.8225098Z  86 |         private var storedData =
2026-10-07T16:01:35.8226252Z     |                     `- warning: stored property 'storedData' of 'Sendable'-conforming class 'BoundedLoadDelegate' is mutable; this is an error in the Swift 6 language mode
2026-10-07T16:01:35.8227401Z  87 |             Data()
2026-10-07T16:01:35.8227736Z  88 | 
2026-10-07T16:01:35.8341666Z [1814/1852] Compiling RightClickCore KafkaCapabilityArtifactResolver.swift
2026-10-07T16:01:35.8343617Z /__w/rightclick/rightclick/Sources/RightClickCore/OriginPinnedHTTP.swift:45:19: warning: non-final class 'RedirectRejectingDelegate' cannot conform to 'Sendable'; use '@unchecked Sendable'; this is an error in the Swift 6 language mode
2026-10-07T16:01:35.8345294Z  43 |     }
2026-10-07T16:01:35.8345577Z  44 | 
2026-10-07T16:01:35.8345948Z  45 |     private class RedirectRejectingDelegate:
2026-10-07T16:01:35.8347215Z     |                   `- warning: non-final class 'RedirectRejectingDelegate' cannot conform to 'Sendable'; use '@unchecked Sendable'; this is an error in the Swift 6 language mode
2026-10-07T16:01:35.8348404Z  46 |         NSObject,
2026-10-07T16:01:35.8348769Z  47 |         URLSessionTaskDelegate
2026-10-07T16:01:35.8349297Z 
2026-10-07T16:01:35.8350621Z /__w/rightclick/rightclick/Sources/RightClickCore/OriginPinnedHTTP.swift:86:21: warning: stored property 'storedData' of 'Sendable'-conforming class 'BoundedLoadDelegate' is mutable; this is an error in the Swift 6 language mode
2026-10-07T16:01:35.8352316Z  84 |             Int
2026-10-07T16:01:35.8352644Z  85 | 
2026-10-07T16:01:35.8352954Z  86 |         private var storedData =
2026-10-07T16:01:35.8354091Z     |                     `- warning: stored property 'storedData' of 'Sendable'-conforming class 'BoundedLoadDelegate' is mutable; this is an error in the Swift 6 language mode
2026-10-07T16:01:35.8355235Z  87 |             Data()
2026-10-07T16:01:35.8355565Z  88 | 
2026-10-07T16:01:35.8469940Z [1815/1852] Compiling RightClickCore KubernetesCapabilityArtifactResolver.swift
2026-10-07T16:01:35.8471935Z /__w/rightclick/rightclick/Sources/RightClickCore/OriginPinnedHTTP.swift:45:19: warning: non-final class 'RedirectRejectingDelegate' cannot conform to 'Sendable'; use '@unchecked Sendable'; this is an error in the Swift 6 language mode
2026-10-07T16:01:35.8473611Z  43 |     }
2026-10-07T16:01:35.8473898Z  44 | 
2026-10-07T16:01:35.8474267Z  45 |     private class RedirectRejectingDelegate:
2026-10-07T16:01:35.8475548Z     |                   `- warning: non-final class 'RedirectRejectingDelegate' cannot conform to 'Sendable'; use '@unchecked Sendable'; this is an error in the Swift 6 language mode
2026-10-07T16:01:35.8477006Z  46 |         NSObject,
2026-10-07T16:01:35.8477705Z  47 |         URLSessionTaskDelegate
2026-10-07T16:01:35.8478058Z 
2026-10-07T16:01:35.8479644Z /__w/rightclick/rightclick/Sources/RightClickCore/OriginPinnedHTTP.swift:86:21: warning: stored property 'storedData' of 'Sendable'-conforming class 'BoundedLoadDelegate' is mutable; this is an error in the Swift 6 language mode
2026-10-07T16:01:35.8481386Z  84 |             Int
2026-10-07T16:01:35.8481723Z  85 | 
2026-10-07T16:01:35.8482057Z  86 |         private var storedData =
2026-10-07T16:01:35.8483273Z     |                     `- warning: stored property 'storedData' of 'Sendable'-conforming class 'BoundedLoadDelegate' is mutable; this is an error in the Swift 6 language mode
2026-10-07T16:01:35.8484493Z  87 |             Data()
2026-10-07T16:01:35.8484841Z  88 | 
2026-10-07T16:01:35.8597072Z [1816/1852] Compiling RightClickCore MCPCapabilityArtifactResolver.swift
2026-10-07T16:01:35.8599710Z /__w/rightclick/rightclick/Sources/RightClickCore/OriginPinnedHTTP.swift:45:19: warning: non-final class 'RedirectRejectingDelegate' cannot conform to 'Sendable'; use '@unchecked Sendable'; this is an error in the Swift 6 language mode
2026-10-07T16:01:35.8601642Z  43 |     }
2026-10-07T16:01:35.8602127Z  44 | 
2026-10-07T16:01:35.8602826Z  45 |     private class RedirectRejectingDelegate:
2026-10-07T16:01:35.8604150Z     |                   `- warning: non-final class 'RedirectRejectingDelegate' cannot conform to 'Sendable'; use '@unchecked Sendable'; this is an error in the Swift 6 language mode
2026-10-07T16:01:35.8605375Z  46 |         NSObject,
2026-10-07T16:01:35.8605765Z  47 |         URLSessionTaskDelegate
2026-10-07T16:01:35.8606074Z 
2026-10-07T16:01:35.8607421Z /__w/rightclick/rightclick/Sources/RightClickCore/OriginPinnedHTTP.swift:86:21: warning: stored property 'storedData' of 'Sendable'-conforming class 'BoundedLoadDelegate' is mutable; this is an error in the Swift 6 language mode
2026-10-07T16:01:35.8609379Z  84 |             Int
2026-10-07T16:01:35.8609728Z  85 | 
2026-10-07T16:01:35.8610044Z  86 |         private var storedData =
2026-10-07T16:01:35.8611202Z     |                     `- warning: stored property 'storedData' of 'Sendable'-conforming class 'BoundedLoadDelegate' is mutable; this is an error in the Swift 6 language mode
2026-10-07T16:01:35.8612364Z  87 |             Data()
2026-10-07T16:01:35.8612710Z  88 | 
2026-10-07T16:01:35.8733040Z [1817/1852] Compiling RightClickCore OAuthOIDCAuthority.swift
2026-10-07T16:01:35.8734938Z /__w/rightclick/rightclick/Sources/RightClickCore/OriginPinnedHTTP.swift:45:19: warning: non-final class 'RedirectRejectingDelegate' cannot conform to 'Sendable'; use '@unchecked Sendable'; this is an error in the Swift 6 language mode
2026-10-07T16:01:35.8736602Z  43 |     }
2026-10-07T16:01:35.8736921Z  44 | 
2026-10-07T16:01:35.8737322Z  45 |     private class RedirectRejectingDelegate:
2026-10-07T16:01:35.8738605Z     |                   `- warning: non-final class 'RedirectRejectingDelegate' cannot conform to 'Sendable'; use '@unchecked Sendable'; this is an error in the Swift 6 language mode
2026-10-07T16:01:35.8739996Z  46 |         NSObject,
2026-10-07T16:01:35.8740368Z  47 |         URLSessionTaskDelegate
2026-10-07T16:01:35.8740667Z 
2026-10-07T16:01:35.8741988Z /__w/rightclick/rightclick/Sources/RightClickCore/OriginPinnedHTTP.swift:86:21: warning: stored property 'storedData' of 'Sendable'-conforming class 'BoundedLoadDelegate' is mutable; this is an error in the Swift 6 language mode
2026-10-07T16:01:35.8743600Z  84 |             Int
2026-10-07T16:01:35.8743922Z  85 | 
2026-10-07T16:01:35.8744233Z  86 |         private var storedData =
2026-10-07T16:01:35.8745369Z     |                     `- warning: stored property 'storedData' of 'Sendable'-conforming class 'BoundedLoadDelegate' is mutable; this is an error in the Swift 6 language mode
2026-10-07T16:01:35.8746510Z  87 |             Data()
2026-10-07T16:01:35.8746862Z  88 | 
2026-10-07T16:01:35.8854210Z [1818/1852] Compiling RightClickCore OpenAPIAuthority.swift
2026-10-07T16:01:35.8856211Z /__w/rightclick/rightclick/Sources/RightClickCore/OriginPinnedHTTP.swift:45:19: warning: non-final class 'RedirectRejectingDelegate' cannot conform to 'Sendable'; use '@unchecked Sendable'; this is an error in the Swift 6 language mode
2026-10-07T16:01:35.8858117Z  43 |     }
2026-10-07T16:01:35.8858660Z  44 | 
2026-10-07T16:01:35.8859275Z  45 |     private class RedirectRejectingDelegate:
2026-10-07T16:01:35.8860471Z     |                   `- warning: non-final class 'RedirectRejectingDelegate' cannot conform to 'Sendable'; use '@unchecked Sendable'; this is an error in the Swift 6 language mode
2026-10-07T16:01:35.8861599Z  46 |         NSObject,
2026-10-07T16:01:35.8861972Z  47 |         URLSessionTaskDelegate
2026-10-07T16:01:35.8862252Z 
2026-10-07T16:01:35.8863481Z /__w/rightclick/rightclick/Sources/RightClickCore/OriginPinnedHTTP.swift:86:21: warning: stored property 'storedData' of 'Sendable'-conforming class 'BoundedLoadDelegate' is mutable; this is an error in the Swift 6 language mode
2026-10-07T16:01:35.8865298Z  84 |             Int
2026-10-07T16:01:35.8865619Z  85 | 
2026-10-07T16:01:35.8865930Z  86 |         private var storedData =
2026-10-07T16:01:35.8867189Z     |                     `- warning: stored property 'storedData' of 'Sendable'-conforming class 'BoundedLoadDelegate' is mutable; this is an error in the Swift 6 language mode
2026-10-07T16:01:35.8868279Z  87 |             Data()
2026-10-07T16:01:35.8868602Z  88 | 
2026-10-07T16:01:35.8979810Z [1819/1852] Compiling RightClickCore OpenAPIReflector.swift
2026-10-07T16:01:35.8982363Z /__w/rightclick/rightclick/Sources/RightClickCore/OriginPinnedHTTP.swift:45:19: warning: non-final class 'RedirectRejectingDelegate' cannot conform to 'Sendable'; use '@unchecked Sendable'; this is an error in the Swift 6 language mode
2026-10-07T16:01:35.8984282Z  43 |     }
2026-10-07T16:01:35.8984769Z  44 | 
2026-10-07T16:01:35.8985324Z  45 |     private class RedirectRejectingDelegate:
2026-10-07T16:01:35.8986765Z     |                   `- warning: non-final class 'RedirectRejectingDelegate' cannot conform to 'Sendable'; use '@unchecked Sendable'; this is an error in the Swift 6 language mode
2026-10-07T16:01:35.8988142Z  46 |         NSObject,
2026-10-07T16:01:35.8988690Z  47 |         URLSessionTaskDelegate
2026-10-07T16:01:35.8989349Z 
2026-10-07T16:01:35.8990853Z /__w/rightclick/rightclick/Sources/RightClickCore/OriginPinnedHTTP.swift:86:21: warning: stored property 'storedData' of 'Sendable'-conforming class 'BoundedLoadDelegate' is mutable; this is an error in the Swift 6 language mode
2026-10-07T16:01:35.8992638Z  84 |             Int
2026-10-07T16:01:35.8993132Z  85 | 
2026-10-07T16:01:35.8993614Z  86 |         private var storedData =
2026-10-07T16:01:35.8994933Z     |                     `- warning: stored property 'storedData' of 'Sendable'-conforming class 'BoundedLoadDelegate' is mutable; this is an error in the Swift 6 language mode
2026-10-07T16:01:35.8996258Z  87 |             Data()
2026-10-07T16:01:35.8996763Z  88 | 
2026-10-07T16:01:35.9107486Z [1820/1852] Compiling RightClickCore OriginPinnedHTTP.swift
2026-10-07T16:01:35.9109704Z /__w/rightclick/rightclick/Sources/RightClickCore/OriginPinnedHTTP.swift:45:19: warning: non-final class 'RedirectRejectingDelegate' cannot conform to 'Sendable'; use '@unchecked Sendable'; this is an error in the Swift 6 language mode
2026-10-07T16:01:35.9111603Z  43 |     }
2026-10-07T16:01:35.9112130Z  44 | 
2026-10-07T16:01:35.9112674Z  45 |     private class RedirectRejectingDelegate:
2026-10-07T16:01:35.9114111Z     |                   `- warning: non-final class 'RedirectRejectingDelegate' cannot conform to 'Sendable'; use '@unchecked Sendable'; this is an error in the Swift 6 language mode
2026-10-07T16:01:35.9115460Z  46 |         NSObject,
2026-10-07T16:01:35.9116000Z  47 |         URLSessionTaskDelegate
2026-10-07T16:01:35.9116471Z 
2026-10-07T16:01:35.9117966Z /__w/rightclick/rightclick/Sources/RightClickCore/OriginPinnedHTTP.swift:86:21: warning: stored property 'storedData' of 'Sendable'-conforming class 'BoundedLoadDelegate' is mutable; this is an error in the Swift 6 language mode
2026-10-07T16:01:35.9119937Z  84 |             Int
2026-10-07T16:01:35.9120440Z  85 | 
2026-10-07T16:01:35.9120930Z  86 |         private var storedData =
2026-10-07T16:01:35.9122262Z     |                     `- warning: stored property 'storedData' of 'Sendable'-conforming class 'BoundedLoadDelegate' is mutable; this is an error in the Swift 6 language mode
2026-10-07T16:01:35.9123587Z  87 |             Data()
2026-10-07T16:01:35.9124097Z  88 | 
2026-10-07T16:01:35.9237826Z [1821/1852] Compiling RightClickCore OutcomeVerifier.swift
2026-10-07T16:01:35.9239791Z /__w/rightclick/rightclick/Sources/RightClickCore/OriginPinnedHTTP.swift:45:19: warning: non-final class 'RedirectRejectingDelegate' cannot conform to 'Sendable'; use '@unchecked Sendable'; this is an error in the Swift 6 language mode
2026-10-07T16:01:35.9241847Z  43 |     }
2026-10-07T16:01:35.9242137Z  44 | 
2026-10-07T16:01:35.9242500Z  45 |     private class RedirectRejectingDelegate:
2026-10-07T16:01:35.9243759Z     |                   `- warning: non-final class 'RedirectRejectingDelegate' cannot conform to 'Sendable'; use '@unchecked Sendable'; this is an error in the Swift 6 language mode
2026-10-07T16:01:35.9244943Z  46 |         NSObject,
2026-10-07T16:01:35.9245476Z  47 |         URLSessionTaskDelegate
2026-10-07T16:01:35.9245787Z 
2026-10-07T16:01:35.9247106Z /__w/rightclick/rightclick/Sources/RightClickCore/OriginPinnedHTTP.swift:86:21: warning: stored property 'storedData' of 'Sendable'-conforming class 'BoundedLoadDelegate' is mutable; this is an error in the Swift 6 language mode
2026-10-07T16:01:35.9248721Z  84 |             Int
2026-10-07T16:01:35.9249216Z  85 | 
2026-10-07T16:01:35.9249528Z  86 |         private var storedData =
2026-10-07T16:01:35.9250670Z     |                     `- warning: stored property 'storedData' of 'Sendable'-conforming class 'BoundedLoadDelegate' is mutable; this is an error in the Swift 6 language mode
2026-10-07T16:01:35.9251833Z  87 |             Data()
2026-10-07T16:01:35.9252172Z  88 | 
2026-10-07T16:01:35.9368644Z [1822/1852] Compiling RightClickCore ProductSurface.swift
2026-10-07T16:01:35.9370718Z /__w/rightclick/rightclick/Sources/RightClickCore/OriginPinnedHTTP.swift:45:19: warning: non-final class 'RedirectRejectingDelegate' cannot conform to 'Sendable'; use '@unchecked Sendable'; this is an error in the Swift 6 language mode
2026-10-07T16:01:35.9372426Z  43 |     }
2026-10-07T16:01:35.9372733Z  44 | 
2026-10-07T16:01:35.9373109Z  45 |     private class RedirectRejectingDelegate:
2026-10-07T16:01:35.9374384Z     |                   `- warning: non-final class 'RedirectRejectingDelegate' cannot conform to 'Sendable'; use '@unchecked Sendable'; this is an error in the Swift 6 language mode
2026-10-07T16:01:35.9375586Z  46 |         NSObject,
2026-10-07T16:01:35.9375974Z  47 |         URLSessionTaskDelegate
2026-10-07T16:01:35.9376274Z 
2026-10-07T16:01:35.9377603Z /__w/rightclick/rightclick/Sources/RightClickCore/OriginPinnedHTTP.swift:86:21: warning: stored property 'storedData' of 'Sendable'-conforming class 'BoundedLoadDelegate' is mutable; this is an error in the Swift 6 language mode
2026-10-07T16:01:35.9379384Z  84 |             Int
2026-10-07T16:01:35.9379711Z  85 | 
2026-10-07T16:01:35.9380040Z  86 |         private var storedData =
2026-10-07T16:01:35.9381179Z     |                     `- warning: stored property 'storedData' of 'Sendable'-conforming class 'BoundedLoadDelegate' is mutable; this is an error in the Swift 6 language mode
2026-10-07T16:01:35.9382380Z  87 |             Data()
2026-10-07T16:01:35.9382720Z  88 | 
2026-10-07T16:01:35.9530079Z [1823/1852] Compiling RightClickCore RCIR.swift
2026-10-07T16:01:35.9531961Z /__w/rightclick/rightclick/Sources/RightClickCore/OriginPinnedHTTP.swift:45:19: warning: non-final class 'RedirectRejectingDelegate' cannot conform to 'Sendable'; use '@unchecked Sendable'; this is an error in the Swift 6 language mode
2026-10-07T16:01:35.9533739Z  43 |     }
2026-10-07T16:01:35.9534109Z  44 | 
2026-10-07T16:01:35.9534501Z  45 |     private class RedirectRejectingDelegate:
2026-10-07T16:01:35.9550839Z     |                   `- warning: non-final class 'RedirectRejectingDelegate' cannot conform to 'Sendable'; use '@unchecked Sendable'; this is an error in the Swift 6 language mode
2026-10-07T16:01:35.9552165Z  46 |         NSObject,
2026-10-07T16:01:35.9552633Z  47 |         URLSessionTaskDelegate
2026-10-07T16:01:35.9553007Z 
2026-10-07T16:01:35.9554463Z /__w/rightclick/rightclick/Sources/RightClickCore/OriginPinnedHTTP.swift:86:21: warning: stored property 'storedData' of 'Sendable'-conforming class 'BoundedLoadDelegate' is mutable; this is an error in the Swift 6 language mode
2026-10-07T16:01:35.9556167Z  84 |             Int
2026-10-07T16:01:35.9556591Z  85 | 
2026-10-07T16:01:35.9556982Z  86 |         private var storedData =
2026-10-07T16:01:35.9558514Z     |                     `- warning: stored property 'storedData' of 'Sendable'-conforming class 'BoundedLoadDelegate' is mutable; this is an error in the Swift 6 language mode
2026-10-07T16:01:35.9560191Z  87 |             Data()
2026-10-07T16:01:35.9560540Z  88 | 
2026-10-07T16:01:35.9666179Z [1824/1852] Compiling RightClickCore RCIRDeferredExecution.swift
2026-10-07T16:01:35.9669503Z /__w/rightclick/rightclick/Sources/RightClickCore/OriginPinnedHTTP.swift:45:19: warning: non-final class 'RedirectRejectingDelegate' cannot conform to 'Sendable'; use '@unchecked Sendable'; this is an error in the Swift 6 language mode
2026-10-07T16:01:35.9671349Z  43 |     }
2026-10-07T16:01:35.9671654Z  44 | 
2026-10-07T16:01:35.9672044Z  45 |     private class RedirectRejectingDelegate:
2026-10-07T16:01:35.9673354Z     |                   `- warning: non-final class 'RedirectRejectingDelegate' cannot conform to 'Sendable'; use '@unchecked Sendable'; this is an error in the Swift 6 language mode
2026-10-07T16:01:35.9674619Z  46 |         NSObject,
2026-10-07T16:01:35.9675020Z  47 |         URLSessionTaskDelegate
2026-10-07T16:01:35.9675335Z 
2026-10-07T16:01:35.9676697Z /__w/rightclick/rightclick/Sources/RightClickCore/OriginPinnedHTTP.swift:86:21: warning: stored property 'storedData' of 'Sendable'-conforming class 'BoundedLoadDelegate' is mutable; this is an error in the Swift 6 language mode
2026-10-07T16:01:35.9678399Z  84 |             Int
2026-10-07T16:01:35.9678746Z  85 | 
2026-10-07T16:01:35.9679480Z  86 |         private var storedData =
2026-10-07T16:01:35.9680681Z     |                     `- warning: stored property 'storedData' of 'Sendable'-conforming class 'BoundedLoadDelegate' is mutable; this is an error in the Swift 6 language mode
2026-10-07T16:01:35.9681894Z  87 |             Data()
2026-10-07T16:01:35.9682247Z  88 | 
2026-10-07T16:01:35.9818745Z [1825/1852] Compiling RightClickCore CapabilityExperience.swift
2026-10-07T16:01:35.9820108Z [1826/1852] Compiling RightClickCore CapabilityExperienceLedger.swift
2026-10-07T16:01:35.9821104Z [1827/1852] Compiling RightClickCore CapabilityInterface.swift
2026-10-07T16:01:35.9822043Z [1828/1852] Compiling RightClickCore CapabilityProtectedReference.swift
2026-10-07T16:01:35.9822978Z [1829/1852] Compiling RightClickCore CapabilityReflector.swift
2026-10-07T16:01:35.9823852Z [1830/1852] Compiling RightClickCore CapabilityReflectorSource.swift
2026-10-07T16:01:35.9824843Z [1831/1852] Compiling RightClickCore CapabilityRuntimeDefaults.swift
2026-10-07T16:01:35.9825784Z [1832/1852] Compiling RightClickCore CapabilitySnapshotFreshness.swift
2026-10-07T16:01:35.9826715Z [1833/1852] Compiling RightClickCore ConfiguredOpenAPISource.swift
2026-10-07T16:01:35.9827579Z [1834/1852] Compiling RightClickCore ContentItem.swift
2026-10-07T16:01:35.9828443Z [1835/1852] Compiling RightClickCore GRPCReflectionTransport.swift
2026-10-07T16:01:35.9829571Z [1836/1852] Compiling RightClickCore GRPCReflector.swift
2026-10-07T16:01:35.9830330Z [1837/1852] Compiling RightClickCore GRPCWireCodec.swift
2026-10-07T16:01:35.9852102Z [1838/1853] Wrapping AST for RightClickCore for debugging
2026-10-07T16:01:36.8905257Z [1840/1909] Compiling RightClickMCP PortableStdioTransport.swift
2026-10-07T16:01:37.1818887Z [1841/1910] Emitting module RightClickCoreTests
2026-10-07T16:01:38.7430646Z [1842/1926] Compiling RightClickMCP Server.swift
2026-10-07T16:01:38.7432392Z /__w/rightclick/rightclick/Sources/RightClickMCP/Server.swift:316:37: warning: 'text(_:metadata:)' is deprecated: Use .text(text:annotations:_meta:) instead. [#DeprecatedDeclaration]
2026-10-07T16:01:38.7434145Z 314 |                 transport: transport
2026-10-07T16:01:38.7434801Z 315 |             )
2026-10-07T16:01:38.7435436Z 316 |             return .init(content: [.text(text)], isError: false)
2026-10-07T16:01:38.7436684Z     |                                     `- warning: 'text(_:metadata:)' is deprecated: Use .text(text:annotations:_meta:) instead. [#DeprecatedDeclaration]
2026-10-07T16:01:38.7438228Z 317 |         } catch {
2026-10-07T16:01:38.7439187Z 318 |             return .init(content: [.text(String(describing: error))], isError: true)
2026-10-07T16:01:38.7439935Z 
2026-10-07T16:01:38.7441105Z /__w/rightclick/rightclick/Sources/RightClickMCP/Server.swift:318:37: warning: 'text(_:metadata:)' is deprecated: Use .text(text:annotations:_meta:) instead. [#DeprecatedDeclaration]
2026-10-07T16:01:38.7442887Z 316 |             return .init(content: [.text(text)], isError: false)
2026-10-07T16:01:38.7443644Z 317 |         } catch {
2026-10-07T16:01:38.7444398Z 318 |             return .init(content: [.text(String(describing: error))], isError: true)
2026-10-07T16:01:38.7445754Z     |                                     `- warning: 'text(_:metadata:)' is deprecated: Use .text(text:annotations:_meta:) instead. [#DeprecatedDeclaration]
2026-10-07T16:01:38.7446863Z 319 |         }
2026-10-07T16:01:38.7447338Z 320 |     }
2026-10-07T16:01:38.7447685Z 
2026-10-07T16:01:38.7448475Z [#DeprecatedDeclaration]: <https://docs.swift.org/compiler/documentation/diagnostics/deprecated-declaration>
2026-10-07T16:01:39.6322824Z [1843/1926] Emitting module RightClickMCP
2026-10-07T16:01:39.6323974Z [1844/1926] Compiling RightClickMCP ModernMCPStdioTransport.swift
2026-10-07T16:01:39.6325446Z [1845/1926] Compiling RightClickCoreTests A2ARealLifecycleTests.swift
2026-10-07T16:01:39.6327766Z /__w/rightclick/rightclick/Sources/RightClickMCP/Federation.swift:965:29: warning: reference to captured var 'request' in concurrently-executing code; this is an error in the Swift 6 language mode [#SendableClosureCaptures]
2026-10-07T16:01:39.6330022Z  963 |                     .data(
2026-10-07T16:01:39.6330623Z  964 |                         for:
2026-10-07T16:01:39.6331212Z  965 |                             request
2026-10-07T16:01:39.6333031Z      |                             `- warning: reference to captured var 'request' in concurrently-executing code; this is an error in the Swift 6 language mode [#SendableClosureCaptures]
2026-10-07T16:01:39.6334522Z  966 |                     )
2026-10-07T16:01:39.6335058Z  967 | 
2026-10-07T16:01:39.6335403Z 
2026-10-07T16:01:39.6336220Z [#SendableClosureCaptures]: <https://docs.swift.org/compiler/documentation/diagnostics/sendable-closure-captures>
2026-10-07T16:01:39.6519954Z [1846/1926] Compiling RightClickCoreTests ARDAcquisitionGateTests.swift
2026-10-07T16:01:39.6522002Z /__w/rightclick/rightclick/Sources/RightClickMCP/Federation.swift:965:29: warning: reference to captured var 'request' in concurrently-executing code; this is an error in the Swift 6 language mode [#SendableClosureCaptures]
2026-10-07T16:01:39.6523809Z  963 |                     .data(
2026-10-07T16:01:39.6524450Z  964 |                         for:
2026-10-07T16:01:39.6525053Z  965 |                             request
2026-10-07T16:01:39.6526406Z      |                             `- warning: reference to captured var 'request' in concurrently-executing code; this is an error in the Swift 6 language mode [#SendableClosureCaptures]
2026-10-07T16:01:39.6527783Z  966 |                     )
2026-10-07T16:01:39.6528314Z  967 | 
2026-10-07T16:01:39.6528648Z 
2026-10-07T16:01:39.6529634Z [#SendableClosureCaptures]: <https://docs.swift.org/compiler/documentation/diagnostics/sendable-closure-captures>
2026-10-07T16:01:39.8624256Z [1847/1927] Wrapping AST for RightClickMCP for debugging
2026-10-07T16:01:40.3384205Z [1849/1934] Emitting module RightClickMCPTests
2026-10-07T16:01:40.7216558Z [1850/1934] Compiling RightClickMCPTests MCPInitializationCompatibilityTests.swift
2026-10-07T16:01:40.8795411Z [1851/1934] Compiling RightClickMCPTests FederationTests.swift
2026-10-07T16:01:41.0509612Z [1852/1934] Compiling RightClickCLI AuthorityConfigurationCLI.swift
2026-10-07T16:01:41.3971935Z [1853/1935] Wrapping AST for RightClickMCPTests for debugging
2026-10-07T16:01:41.5679719Z [1855/1935] Compiling RightClickCLI main.swift
2026-10-07T16:01:41.5700341Z [1856/1935] Emitting module RightClickCLI
2026-10-07T16:01:41.5702200Z [1857/1935] Compiling RightClickCLI ProviderConfigurationCLI.swift
2026-10-07T16:01:41.8154672Z [1858/1936] Wrapping AST for RightClickCLI for debugging
2026-10-07T16:01:41.8183368Z [1859/1936] Write Objects.LinkFileList
2026-10-07T16:01:43.1884370Z [1861/1936] Compiling RightClickCoreTests ExecutionCapacityAdmissionTests.swift
2026-10-07T16:01:43.1886147Z [1862/1936] Compiling RightClickCoreTests ExecutionRetentionTests.swift
2026-10-07T16:01:43.1887890Z [1863/1936] Compiling RightClickCoreTests GRPCRealProviderAcceptanceTests.swift
2026-10-07T16:01:43.1889420Z [1864/1936] Compiling RightClickCoreTests GRPCReflectionTransportTests.swift
2026-10-07T16:01:43.1890612Z [1865/1936] Compiling RightClickCoreTests GRPCReflectorTests.swift
2026-10-07T16:01:43.1891710Z [1866/1936] Compiling RightClickCoreTests GraphQLReflectorTests.swift
2026-10-07T16:01:43.1892928Z [1867/1936] Compiling RightClickCoreTests HostProtectedReferenceTests.swift
2026-10-07T16:01:43.1894108Z [1868/1936] Compiling RightClickCoreTests InvocationBindingTests.swift
2026-10-07T16:01:43.1895213Z [1869/1936] Compiling RightClickCoreTests KafkaCapabilityTests.swift
2026-10-07T16:01:43.1896373Z [1870/1936] Compiling RightClickCoreTests KubernetesCapabilityArtifactTests.swift
2026-10-07T16:01:43.1906166Z [1871/1936] Compiling RightClickCoreTests MOAT004G1AcquisitionTests.swift
2026-10-07T16:01:43.1907898Z [1872/1936] Compiling RightClickCoreTests MOAT004G2SplitOriginTests.swift
2026-10-07T16:01:43.1909430Z [1873/1936] Compiling RightClickCoreTests MOAT004G3ZeroArgumentGETTests.swift
2026-10-07T16:01:43.1910693Z [1874/1936] Compiling RightClickCoreTests MOAT004G4JSONSyntaxFallbackTests.swift
2026-10-07T16:01:43.1912278Z [1875/1936] Compiling RightClickCoreTests MOAT004G6RealGitHubAuthenticatedCompatibilityTests.swift
2026-10-07T16:01:43.1913682Z [1876/1936] Compiling RightClickCoreTests MOAT005G1PathAndJSONBodyTests.swift
2026-10-07T16:01:43.1914943Z [1877/1936] Compiling RightClickCoreTests MOAT005G2MultiplePathArgumentsTests.swift
2026-10-07T16:01:43.8349787Z [1877/1936] Linking rightclick
2026-10-07T16:01:44.0592335Z [1879/1936] Compiling RightClickCoreTests RCIRBoundaryTests.swift
2026-10-07T16:01:44.0594587Z /__w/rightclick/rightclick/Tests/RightClickCoreTests/RCIRProductionDispatchTests.swift:197:72: warning: mutation of captured var 'permitted' in concurrently-executing code; this is an error in the Swift 6 language mode [#SendableClosureCaptures]
2026-10-07T16:01:44.0596650Z 195 |                         DispatchQueue.global().async {
2026-10-07T16:01:44.0597360Z 196 |                             defer { group.leave() }
2026-10-07T16:01:44.0598254Z 197 |                             do { try invocation.invoke(); lock.lock(); permitted += 1; lock.unlock() }
2026-10-07T16:01:44.0600280Z     |                                                                        `- warning: mutation of captured var 'permitted' in concurrently-executing code; this is an error in the Swift 6 language mode [#SendableClosureCaptures]
2026-10-07T16:01:44.0601882Z 198 |                             catch { lock.lock(); replayed += 1; lock.unlock() }
2026-10-07T16:01:44.0602601Z 199 |                         }
2026-10-07T16:01:44.0602954Z 
2026-10-07T16:01:44.0604908Z /__w/rightclick/rightclick/Tests/RightClickCoreTests/RCIRProductionDispatchTests.swift:198:50: warning: mutation of captured var 'replayed' in concurrently-executing code; this is an error in the Swift 6 language mode [#SendableClosureCaptures]
2026-10-07T16:01:44.0606896Z 196 |                             defer { group.leave() }
2026-10-07T16:01:44.0607791Z 197 |                             do { try invocation.invoke(); lock.lock(); permitted += 1; lock.unlock() }
2026-10-07T16:01:44.0608753Z 198 |                             catch { lock.lock(); replayed += 1; lock.unlock() }
2026-10-07T16:01:44.0610421Z     |                                                  `- warning: mutation of captured var 'replayed' in concurrently-executing code; this is an error in the Swift 6 language mode [#SendableClosureCaptures]
2026-10-07T16:01:44.0612029Z 199 |                         }
2026-10-07T16:01:44.0612429Z 200 |                     }
2026-10-07T16:01:44.0612680Z 
2026-10-07T16:01:44.0613356Z [#SendableClosureCaptures]: <https://docs.swift.org/compiler/documentation/diagnostics/sendable-closure-captures>
2026-10-07T16:01:44.0970228Z [1880/1936] Compiling RightClickCoreTests RCIRDeferredCapacityTests.swift
2026-10-07T16:01:44.0972637Z /__w/rightclick/rightclick/Tests/RightClickCoreTests/RCIRProductionDispatchTests.swift:197:72: warning: mutation of captured var 'permitted' in concurrently-executing code; this is an error in the Swift 6 language mode [#SendableClosureCaptures]
2026-10-07T16:01:44.0974529Z 195 |                         DispatchQueue.global().async {
2026-10-07T16:01:44.0975092Z 196 |                             defer { group.leave() }
2026-10-07T16:01:44.0975847Z 197 |                             do { try invocation.invoke(); lock.lock(); permitted += 1; lock.unlock() }
2026-10-07T16:01:44.0977395Z     |                                                                        `- warning: mutation of captured var 'permitted' in concurrently-executing code; this is an error in the Swift 6 language mode [#SendableClosureCaptures]
2026-10-07T16:01:44.0978825Z 198 |                             catch { lock.lock(); replayed += 1; lock.unlock() }
2026-10-07T16:01:44.0979694Z 199 |                         }
2026-10-07T16:01:44.0979948Z 
2026-10-07T16:01:44.0981401Z /__w/rightclick/rightclick/Tests/RightClickCoreTests/RCIRProductionDispatchTests.swift:198:50: warning: mutation of captured var 'replayed' in concurrently-executing code; this is an error in the Swift 6 language mode [#SendableClosureCaptures]
2026-10-07T16:01:44.0983184Z 196 |                             defer { group.leave() }
2026-10-07T16:01:44.0983928Z 197 |                             do { try invocation.invoke(); lock.lock(); permitted += 1; lock.unlock() }
2026-10-07T16:01:44.0984764Z 198 |                             catch { lock.lock(); replayed += 1; lock.unlock() }
2026-10-07T16:01:44.0986120Z     |                                                  `- warning: mutation of captured var 'replayed' in concurrently-executing code; this is an error in the Swift 6 language mode [#SendableClosureCaptures]
2026-10-07T16:01:44.0987322Z 199 |                         }
2026-10-07T16:01:44.0987693Z 200 |                     }
2026-10-07T16:01:44.0987920Z 
2026-10-07T16:01:44.0988563Z [#SendableClosureCaptures]: <https://docs.swift.org/compiler/documentation/diagnostics/sendable-closure-captures>
2026-10-07T16:01:44.1294818Z [1881/1936] Compiling RightClickCoreTests RCIRDeferredProductionTests.swift
2026-10-07T16:01:44.1297201Z /__w/rightclick/rightclick/Tests/RightClickCoreTests/RCIRProductionDispatchTests.swift:197:72: warning: mutation of captured var 'permitted' in concurrently-executing code; this is an error in the Swift 6 language mode [#SendableClosureCaptures]
2026-10-07T16:01:44.1299422Z 195 |                         DispatchQueue.global().async {
2026-10-07T16:01:44.1300400Z 196 |                             defer { group.leave() }
2026-10-07T16:01:44.1301278Z 197 |                             do { try invocation.invoke(); lock.lock(); permitted += 1; lock.unlock() }
2026-10-07T16:01:44.1302948Z     |                                                                        `- warning: mutation of captured var 'permitted' in concurrently-executing code; this is an error in the Swift 6 language mode [#SendableClosureCaptures]
2026-10-07T16:01:44.1304435Z 198 |                             catch { lock.lock(); replayed += 1; lock.unlock() }
2026-10-07T16:01:44.1304904Z 199 |                         }
2026-10-07T16:01:44.1305067Z 
2026-10-07T16:01:44.1305883Z /__w/rightclick/rightclick/Tests/RightClickCoreTests/RCIRProductionDispatchTests.swift:198:50: warning: mutation of captured var 'replayed' in concurrently-executing code; this is an error in the Swift 6 language mode [#SendableClosureCaptures]
2026-10-07T16:01:44.1307372Z 196 |                             defer { group.leave() }
2026-10-07T16:01:44.1308460Z 197 |                             do { try invocation.invoke(); lock.lock(); permitted += 1; lock.unlock() }
2026-10-07T16:01:44.1309631Z 198 |                             catch { lock.lock(); replayed += 1; lock.unlock() }
2026-10-07T16:01:44.1311316Z     |                                                  `- warning: mutation of captured var 'replayed' in concurrently-executing code; this is an error in the Swift 6 language mode [#SendableClosureCaptures]
2026-10-07T16:01:44.1312592Z 199 |                         }
2026-10-07T16:01:44.1312985Z 200 |                     }
2026-10-07T16:01:44.1313232Z 
2026-10-07T16:01:44.1313874Z [#SendableClosureCaptures]: <https://docs.swift.org/compiler/documentation/diagnostics/sendable-closure-captures>
2026-10-07T16:01:44.1620846Z [1882/1936] Compiling RightClickCoreTests RCIRHTTPJSONObservationTests.swift
2026-10-07T16:01:44.1622826Z /__w/rightclick/rightclick/Tests/RightClickCoreTests/RCIRProductionDispatchTests.swift:197:72: warning: mutation of captured var 'permitted' in concurrently-executing code; this is an error in the Swift 6 language mode [#SendableClosureCaptures]
2026-10-07T16:01:44.1626091Z 195 |                         DispatchQueue.global().async {
2026-10-07T16:01:44.1626625Z 196 |                             defer { group.leave() }
2026-10-07T16:01:44.1627346Z 197 |                             do { try invocation.invoke(); lock.lock(); permitted += 1; lock.unlock() }
2026-10-07T16:01:44.1628828Z     |                                                                        `- warning: mutation of captured var 'permitted' in concurrently-executing code; this is an error in the Swift 6 language mode [#SendableClosureCaptures]
2026-10-07T16:01:44.1630414Z 198 |                             catch { lock.lock(); replayed += 1; lock.unlock() }
2026-10-07T16:01:44.1630958Z 199 |                         }
2026-10-07T16:01:44.1631198Z 
2026-10-07T16:01:44.1632530Z /__w/rightclick/rightclick/Tests/RightClickCoreTests/RCIRProductionDispatchTests.swift:198:50: warning: mutation of captured var 'replayed' in concurrently-executing code; this is an error in the Swift 6 language mode [#SendableClosureCaptures]
2026-10-07T16:01:44.1634218Z 196 |                             defer { group.leave() }
2026-10-07T16:01:44.1634931Z 197 |                             do { try invocation.invoke(); lock.lock(); permitted += 1; lock.unlock() }
2026-10-07T16:01:44.1635732Z 198 |                             catch { lock.lock(); replayed += 1; lock.unlock() }
2026-10-07T16:01:44.1637021Z     |                                                  `- warning: mutation of captured var 'replayed' in concurrently-executing code; this is an error in the Swift 6 language mode [#SendableClosureCaptures]
2026-10-07T16:01:44.1638163Z 199 |                         }
2026-10-07T16:01:44.1638522Z 200 |                     }
2026-10-07T16:01:44.1638751Z 
2026-10-07T16:01:44.1639585Z [#SendableClosureCaptures]: <https://docs.swift.org/compiler/documentation/diagnostics/sendable-closure-captures>
2026-10-07T16:01:44.1942532Z [1883/1936] Compiling RightClickCoreTests RCIRIntegrationTests.swift
2026-10-07T16:01:44.1945084Z /__w/rightclick/rightclick/Tests/RightClickCoreTests/RCIRProductionDispatchTests.swift:197:72: warning: mutation of captured var 'permitted' in concurrently-executing code; this is an error in the Swift 6 language mode [#SendableClosureCaptures]
2026-10-07T16:01:44.1947074Z 195 |                         DispatchQueue.global().async {
2026-10-07T16:01:44.1947663Z 196 |                             defer { group.leave() }
2026-10-07T16:01:44.1948449Z 197 |                             do { try invocation.invoke(); lock.lock(); permitted += 1; lock.unlock() }
2026-10-07T16:01:44.1950275Z     |                                                                        `- warning: mutation of captured var 'permitted' in concurrently-executing code; this is an error in the Swift 6 language mode [#SendableClosureCaptures]
2026-10-07T16:01:44.1951753Z 198 |                             catch { lock.lock(); replayed += 1; lock.unlock() }
2026-10-07T16:01:44.1952716Z 199 |                         }
2026-10-07T16:01:44.1952978Z 
2026-10-07T16:01:44.1954433Z /__w/rightclick/rightclick/Tests/RightClickCoreTests/RCIRProductionDispatchTests.swift:198:50: warning: mutation of captured var 'replayed' in concurrently-executing code; this is an error in the Swift 6 language mode [#SendableClosureCaptures]
2026-10-07T16:01:44.1956457Z 196 |                             defer { group.leave() }
2026-10-07T16:01:44.1957238Z 197 |                             do { try invocation.invoke(); lock.lock(); permitted += 1; lock.unlock() }
2026-10-07T16:01:44.1958109Z 198 |                             catch { lock.lock(); replayed += 1; lock.unlock() }
2026-10-07T16:01:44.1959709Z     |                                                  `- warning: mutation of captured var 'replayed' in concurrently-executing code; this is an error in the Swift 6 language mode [#SendableClosureCaptures]
2026-10-07T16:01:44.1960975Z 199 |                         }
2026-10-07T16:01:44.1961366Z 200 |                     }
2026-10-07T16:01:44.1961608Z 
2026-10-07T16:01:44.1962283Z [#SendableClosureCaptures]: <https://docs.swift.org/compiler/documentation/diagnostics/sendable-closure-captures>
2026-10-07T16:01:44.2281640Z [1884/1936] Compiling RightClickCoreTests RCIRInvocationBindingTests.swift
2026-10-07T16:01:44.2284006Z /__w/rightclick/rightclick/Tests/RightClickCoreTests/RCIRProductionDispatchTests.swift:197:72: warning: mutation of captured var 'permitted' in concurrently-executing code; this is an error in the Swift 6 language mode [#SendableClosureCaptures]
2026-10-07T16:01:44.2286104Z 195 |                         DispatchQueue.global().async {
2026-10-07T16:01:44.2286954Z 196 |                             defer { group.leave() }
2026-10-07T16:01:44.2287932Z 197 |                             do { try invocation.invoke(); lock.lock(); permitted += 1; lock.unlock() }
2026-10-07T16:01:44.2289886Z     |                                                                        `- warning: mutation of captured var 'permitted' in concurrently-executing code; this is an error in the Swift 6 language mode [#SendableClosureCaptures]
2026-10-07T16:01:44.2291576Z 198 |                             catch { lock.lock(); replayed += 1; lock.unlock() }
2026-10-07T16:01:44.2292326Z 199 |                         }
2026-10-07T16:01:44.2292750Z 
2026-10-07T16:01:44.2294346Z /__w/rightclick/rightclick/Tests/RightClickCoreTests/RCIRProductionDispatchTests.swift:198:50: warning: mutation of captured var 'replayed' in concurrently-executing code; this is an error in the Swift 6 language mode [#SendableClosureCaptures]
2026-10-07T16:01:44.2296295Z 196 |                             defer { group.leave() }
2026-10-07T16:01:44.2297227Z 197 |                             do { try invocation.invoke(); lock.lock(); permitted += 1; lock.unlock() }
2026-10-07T16:01:44.2298224Z 198 |                             catch { lock.lock(); replayed += 1; lock.unlock() }
2026-10-07T16:01:44.2299932Z     |                                                  `- warning: mutation of captured var 'replayed' in concurrently-executing code; this is an error in the Swift 6 language mode [#SendableClosureCaptures]
2026-10-07T16:01:44.2301400Z 199 |                         }
2026-10-07T16:01:44.2301942Z 200 |                     }
2026-10-07T16:01:44.2302344Z 
2026-10-07T16:01:44.2303162Z [#SendableClosureCaptures]: <https://docs.swift.org/compiler/documentation/diagnostics/sendable-closure-captures>
2026-10-07T16:01:44.2631380Z [1885/1936] Compiling RightClickCoreTests RCIRInvocationIsolationTests.swift
2026-10-07T16:01:44.2633809Z /__w/rightclick/rightclick/Tests/RightClickCoreTests/RCIRProductionDispatchTests.swift:197:72: warning: mutation of captured var 'permitted' in concurrently-executing code; this is an error in the Swift 6 language mode [#SendableClosureCaptures]
2026-10-07T16:01:44.2635883Z 195 |                         DispatchQueue.global().async {
2026-10-07T16:01:44.2636355Z 196 |                             defer { group.leave() }
2026-10-07T16:01:44.2637208Z 197 |                             do { try invocation.invoke(); lock.lock(); permitted += 1; lock.unlock() }
2026-10-07T16:01:44.2638344Z     |                                                                        `- warning: mutation of captured var 'permitted' in concurrently-executing code; this is an error in the Swift 6 language mode [#SendableClosureCaptures]
2026-10-07T16:01:44.2639858Z 198 |                             catch { lock.lock(); replayed += 1; lock.unlock() }
2026-10-07T16:01:44.2640287Z 199 |                         }
2026-10-07T16:01:44.2640473Z 
2026-10-07T16:01:44.2641483Z /__w/rightclick/rightclick/Tests/RightClickCoreTests/RCIRProductionDispatchTests.swift:198:50: warning: mutation of captured var 'replayed' in concurrently-executing code; this is an error in the Swift 6 language mode [#SendableClosureCaptures]
2026-10-07T16:01:44.2642755Z 196 |                             defer { group.leave() }
2026-10-07T16:01:44.2643300Z 197 |                             do { try invocation.invoke(); lock.lock(); permitted += 1; lock.unlock() }
2026-10-07T16:01:44.2643912Z 198 |                             catch { lock.lock(); replayed += 1; lock.unlock() }
2026-10-07T16:01:44.2644917Z     |                                                  `- warning: mutation of captured var 'replayed' in concurrently-executing code; this is an error in the Swift 6 language mode [#SendableClosureCaptures]
2026-10-07T16:01:44.2645665Z 199 |                         }
2026-10-07T16:01:44.2645913Z 200 |                     }
2026-10-07T16:01:44.2646053Z 
2026-10-07T16:01:44.2646427Z [#SendableClosureCaptures]: <https://docs.swift.org/compiler/documentation/diagnostics/sendable-closure-captures>
2026-10-07T16:01:44.3112535Z [1886/1936] Compiling RightClickCoreTests RCIRNoOutputTests.swift
2026-10-07T16:01:44.3118122Z /__w/rightclick/rightclick/Tests/RightClickCoreTests/RCIRProductionDispatchTests.swift:197:72: warning: mutation of captured var 'permitted' in concurrently-executing code; this is an error in the Swift 6 language mode [#SendableClosureCaptures]
2026-10-07T16:01:44.3120573Z 195 |                         DispatchQueue.global().async {
2026-10-07T16:01:44.3121765Z 196 |                             defer { group.leave() }
2026-10-07T16:01:44.3122769Z 197 |                             do { try invocation.invoke(); lock.lock(); permitted += 1; lock.unlock() }
2026-10-07T16:01:44.3124701Z     |                                                                        `- warning: mutation of captured var 'permitted' in concurrently-executing code; this is an error in the Swift 6 language mode [#SendableClosureCaptures]
2026-10-07T16:01:44.3126424Z 198 |                             catch { lock.lock(); replayed += 1; lock.unlock() }
2026-10-07T16:01:44.3127355Z 199 |                         }
2026-10-07T16:01:44.3127758Z 
2026-10-07T16:01:44.3129432Z /__w/rightclick/rightclick/Tests/RightClickCoreTests/RCIRProductionDispatchTests.swift:198:50: warning: mutation of captured var 'replayed' in concurrently-executing code; this is an error in the Swift 6 language mode [#SendableClosureCaptures]
2026-10-07T16:01:44.3131258Z 196 |                             defer { group.leave() }
2026-10-07T16:01:44.3132025Z 197 |                             do { try invocation.invoke(); lock.lock(); permitted += 1; lock.unlock() }
2026-10-07T16:01:44.3132891Z 198 |                             catch { lock.lock(); replayed += 1; lock.unlock() }
2026-10-07T16:01:44.3134255Z     |                                                  `- warning: mutation of captured var 'replayed' in concurrently-executing code; this is an error in the Swift 6 language mode [#SendableClosureCaptures]
2026-10-07T16:01:44.3135466Z 199 |                         }
2026-10-07T16:01:44.3135831Z 200 |                     }
2026-10-07T16:01:44.3136064Z 
2026-10-07T16:01:44.3136701Z [#SendableClosureCaptures]: <https://docs.swift.org/compiler/documentation/diagnostics/sendable-closure-captures>
2026-10-07T16:01:44.3495213Z [1887/1936] Compiling RightClickCoreTests RCIRProductionDispatchTests.swift
2026-10-07T16:01:44.3497509Z /__w/rightclick/rightclick/Tests/RightClickCoreTests/RCIRProductionDispatchTests.swift:197:72: warning: mutation of captured var 'permitted' in concurrently-executing code; this is an error in the Swift 6 language mode [#SendableClosureCaptures]
2026-10-07T16:01:44.3500011Z 195 |                         DispatchQueue.global().async {
2026-10-07T16:01:44.3500922Z 196 |                             defer { group.leave() }
2026-10-07T16:01:44.3501704Z 197 |                             do { try invocation.invoke(); lock.lock(); permitted += 1; lock.unlock() }
2026-10-07T16:01:44.3503266Z     |                                                                        `- warning: mutation of captured var 'permitted' in concurrently-executing code; this is an error in the Swift 6 language mode [#SendableClosureCaptures]
2026-10-07T16:01:44.3504677Z 198 |                             catch { lock.lock(); replayed += 1; lock.unlock() }
2026-10-07T16:01:44.3505270Z 199 |                         }
2026-10-07T16:01:44.3505522Z 
2026-10-07T16:01:44.3506960Z /__w/rightclick/rightclick/Tests/RightClickCoreTests/RCIRProductionDispatchTests.swift:198:50: warning: mutation of captured var 'replayed' in concurrently-executing code; this is an error in the Swift 6 language mode [#SendableClosureCaptures]
2026-10-07T16:01:44.3508756Z 196 |                             defer { group.leave() }
2026-10-07T16:01:44.3509788Z 197 |                             do { try invocation.invoke(); lock.lock(); permitted += 1; lock.unlock() }
2026-10-07T16:01:44.3510627Z 198 |                             catch { lock.lock(); replayed += 1; lock.unlock() }
2026-10-07T16:01:44.3511983Z     |                                                  `- warning: mutation of captured var 'replayed' in concurrently-executing code; this is an error in the Swift 6 language mode [#SendableClosureCaptures]
2026-10-07T16:01:44.3513196Z 199 |                         }
2026-10-07T16:01:44.3513583Z 200 |                     }
2026-10-07T16:01:44.3513811Z 
2026-10-07T16:01:44.3514456Z [#SendableClosureCaptures]: <https://docs.swift.org/compiler/documentation/diagnostics/sendable-closure-captures>
2026-10-07T16:01:44.4007430Z [1888/1936] Compiling RightClickCoreTests RCIRStructuredObservationTests.swift
2026-10-07T16:01:44.4010195Z /__w/rightclick/rightclick/Tests/RightClickCoreTests/RCIRProductionDispatchTests.swift:197:72: warning: mutation of captured var 'permitted' in concurrently-executing code; this is an error in the Swift 6 language mode [#SendableClosureCaptures]
2026-10-07T16:01:44.4012138Z 195 |                         DispatchQueue.global().async {
2026-10-07T16:01:44.4012714Z 196 |                             defer { group.leave() }
2026-10-07T16:01:44.4013454Z 197 |                             do { try invocation.invoke(); lock.lock(); permitted += 1; lock.unlock() }
2026-10-07T16:01:44.4015018Z     |                                                                        `- warning: mutation of captured var 'permitted' in concurrently-executing code; this is an error in the Swift 6 language mode [#SendableClosureCaptures]
2026-10-07T16:01:44.4016441Z 198 |                             catch { lock.lock(); replayed += 1; lock.unlock() }
2026-10-07T16:01:44.4017014Z 199 |                         }
2026-10-07T16:01:44.4017269Z 
2026-10-07T16:01:44.4018769Z /__w/rightclick/rightclick/Tests/RightClickCoreTests/RCIRProductionDispatchTests.swift:198:50: warning: mutation of captured var 'replayed' in concurrently-executing code; this is an error in the Swift 6 language mode [#SendableClosureCaptures]
2026-10-07T16:01:44.4020798Z 196 |                             defer { group.leave() }
2026-10-07T16:01:44.4021549Z 197 |                             do { try invocation.invoke(); lock.lock(); permitted += 1; lock.unlock() }
2026-10-07T16:01:44.4022379Z 198 |                             catch { lock.lock(); replayed += 1; lock.unlock() }
2026-10-07T16:01:44.4024138Z     |                                                  `- warning: mutation of captured var 'replayed' in concurrently-executing code; this is an error in the Swift 6 language mode [#SendableClosureCaptures]
2026-10-07T16:01:44.4025347Z 199 |                         }
2026-10-07T16:01:44.4025716Z 200 |                     }
2026-10-07T16:01:44.4025953Z 
2026-10-07T16:01:44.4026762Z [#SendableClosureCaptures]: <https://docs.swift.org/compiler/documentation/diagnostics/sendable-closure-captures>
2026-10-07T16:01:44.4755691Z [1889/1936] Compiling RightClickCoreTests RCIRTests.swift
2026-10-07T16:01:44.4757656Z /__w/rightclick/rightclick/Tests/RightClickCoreTests/RCIRProductionDispatchTests.swift:197:72: warning: mutation of captured var 'permitted' in concurrently-executing code; this is an error in the Swift 6 language mode [#SendableClosureCaptures]
2026-10-07T16:01:44.4760049Z 195 |                         DispatchQueue.global().async {
2026-10-07T16:01:44.4760611Z 196 |                             defer { group.leave() }
2026-10-07T16:01:44.4761442Z 197 |                             do { try invocation.invoke(); lock.lock(); permitted += 1; lock.unlock() }
2026-10-07T16:01:44.4763038Z     |                                                                        `- warning: mutation of captured var 'permitted' in concurrently-executing code; this is an error in the Swift 6 language mode [#SendableClosureCaptures]
2026-10-07T16:01:44.4764488Z 198 |                             catch { lock.lock(); replayed += 1; lock.unlock() }
2026-10-07T16:01:44.4765079Z 199 |                         }
2026-10-07T16:01:44.4765347Z 
2026-10-07T16:01:44.4766786Z /__w/rightclick/rightclick/Tests/RightClickCoreTests/RCIRProductionDispatchTests.swift:198:50: warning: mutation of captured var 'replayed' in concurrently-executing code; this is an error in the Swift 6 language mode [#SendableClosureCaptures]
2026-10-07T16:01:44.4768599Z 196 |                             defer { group.leave() }
2026-10-07T16:01:44.4769595Z 197 |                             do { try invocation.invoke(); lock.lock(); permitted += 1; lock.unlock() }
2026-10-07T16:01:44.4770466Z 198 |                             catch { lock.lock(); replayed += 1; lock.unlock() }
2026-10-07T16:01:44.4771835Z     |                                                  `- warning: mutation of captured var 'replayed' in concurrently-executing code; this is an error in the Swift 6 language mode [#SendableClosureCaptures]
2026-10-07T16:01:44.4773073Z 199 |                         }
2026-10-07T16:01:44.4773459Z 200 |                     }
2026-10-07T16:01:44.4773699Z 
2026-10-07T16:01:44.4774342Z [#SendableClosureCaptures]: <https://docs.swift.org/compiler/documentation/diagnostics/sendable-closure-captures>
2026-10-07T16:01:44.5278435Z [1890/1936] Compiling RightClickCoreTests RCIRUnaryAdmissionTests.swift
2026-10-07T16:01:44.5280774Z /__w/rightclick/rightclick/Tests/RightClickCoreTests/RCIRProductionDispatchTests.swift:197:72: warning: mutation of captured var 'permitted' in concurrently-executing code; this is an error in the Swift 6 language mode [#SendableClosureCaptures]
2026-10-07T16:01:44.5282691Z 195 |                         DispatchQueue.global().async {
2026-10-07T16:01:44.5283270Z 196 |                             defer { group.leave() }
2026-10-07T16:01:44.5284041Z 197 |                             do { try invocation.invoke(); lock.lock(); permitted += 1; lock.unlock() }
2026-10-07T16:01:44.5285670Z     |                                                                        `- warning: mutation of captured var 'permitted' in concurrently-executing code; this is an error in the Swift 6 language mode [#SendableClosureCaptures]
2026-10-07T16:01:44.5287102Z 198 |                             catch { lock.lock(); replayed += 1; lock.unlock() }
2026-10-07T16:01:44.5287699Z 199 |                         }
2026-10-07T16:01:44.5287953Z 
2026-10-07T16:01:44.5289584Z /__w/rightclick/rightclick/Tests/RightClickCoreTests/RCIRProductionDispatchTests.swift:198:50: warning: mutation of captured var 'replayed' in concurrently-executing code; this is an error in the Swift 6 language mode [#SendableClosureCaptures]
2026-10-07T16:01:44.5291899Z 196 |                             defer { group.leave() }
2026-10-07T16:01:44.5292659Z 197 |                             do { try invocation.invoke(); lock.lock(); permitted += 1; lock.unlock() }
2026-10-07T16:01:44.5293524Z 198 |                             catch { lock.lock(); replayed += 1; lock.unlock() }
2026-10-07T16:01:44.5295114Z     |                                                  `- warning: mutation of captured var 'replayed' in concurrently-executing code; this is an error in the Swift 6 language mode [#SendableClosureCaptures]
2026-10-07T16:01:44.5296363Z 199 |                         }
2026-10-07T16:01:44.5296743Z 200 |                     }
2026-10-07T16:01:44.5296986Z 
2026-10-07T16:01:44.5297639Z [#SendableClosureCaptures]: <https://docs.swift.org/compiler/documentation/diagnostics/sendable-closure-captures>
2026-10-07T16:01:44.5667751Z [1891/1936] Compiling RightClickCoreTests RCIRUnitCompletionTests.swift
2026-10-07T16:01:44.5670104Z /__w/rightclick/rightclick/Tests/RightClickCoreTests/RCIRProductionDispatchTests.swift:197:72: warning: mutation of captured var 'permitted' in concurrently-executing code; this is an error in the Swift 6 language mode [#SendableClosureCaptures]
2026-10-07T16:01:44.5672049Z 195 |                         DispatchQueue.global().async {
2026-10-07T16:01:44.5672652Z 196 |                             defer { group.leave() }
2026-10-07T16:01:44.5673441Z 197 |                             do { try invocation.invoke(); lock.lock(); permitted += 1; lock.unlock() }
2026-10-07T16:01:44.5675050Z     |                                                                        `- warning: mutation of captured var 'permitted' in concurrently-executing code; this is an error in the Swift 6 language mode [#SendableClosureCaptures]
2026-10-07T16:01:44.5676527Z 198 |                             catch { lock.lock(); replayed += 1; lock.unlock() }
2026-10-07T16:01:44.5677107Z 199 |                         }
2026-10-07T16:01:44.5677362Z 
2026-10-07T16:01:44.5679277Z /__w/rightclick/rightclick/Tests/RightClickCoreTests/RCIRProductionDispatchTests.swift:198:50: warning: mutation of captured var 'replayed' in concurrently-executing code; this is an error in the Swift 6 language mode [#SendableClosureCaptures]
2026-10-07T16:01:44.5681386Z 196 |                             defer { group.leave() }
2026-10-07T16:01:44.5682280Z 197 |                             do { try invocation.invoke(); lock.lock(); permitted += 1; lock.unlock() }
2026-10-07T16:01:44.5683261Z 198 |                             catch { lock.lock(); replayed += 1; lock.unlock() }
2026-10-07T16:01:44.5684753Z     |                                                  `- warning: mutation of captured var 'replayed' in concurrently-executing code; this is an error in the Swift 6 language mode [#SendableClosureCaptures]
2026-10-07T16:01:44.5686150Z 199 |                         }
2026-10-07T16:01:44.5686639Z 200 |                     }
2026-10-07T16:01:44.5686972Z 
2026-10-07T16:01:44.5687727Z [#SendableClosureCaptures]: <https://docs.swift.org/compiler/documentation/diagnostics/sendable-closure-captures>
2026-10-07T16:01:44.6060646Z [1892/1936] Compiling RightClickCoreTests ServiceOutcomeTests.swift
2026-10-07T16:01:44.6062744Z /__w/rightclick/rightclick/Tests/RightClickCoreTests/RCIRProductionDispatchTests.swift:197:72: warning: mutation of captured var 'permitted' in concurrently-executing code; this is an error in the Swift 6 language mode [#SendableClosureCaptures]
2026-10-07T16:01:44.6064659Z 195 |                         DispatchQueue.global().async {
2026-10-07T16:01:44.6065261Z 196 |                             defer { group.leave() }
2026-10-07T16:01:44.6066063Z 197 |                             do { try invocation.invoke(); lock.lock(); permitted += 1; lock.unlock() }
2026-10-07T16:01:44.6067718Z     |                                                                        `- warning: mutation of captured var 'permitted' in concurrently-executing code; this is an error in the Swift 6 language mode [#SendableClosureCaptures]
2026-10-07T16:01:44.6070078Z 198 |                             catch { lock.lock(); replayed += 1; lock.unlock() }
2026-10-07T16:01:44.6070660Z 199 |                         }
2026-10-07T16:01:44.6070925Z 
2026-10-07T16:01:44.6072644Z /__w/rightclick/rightclick/Tests/RightClickCoreTests/RCIRProductionDispatchTests.swift:198:50: warning: mutation of captured var 'replayed' in concurrently-executing code; this is an error in the Swift 6 language mode [#SendableClosureCaptures]
2026-10-07T16:01:44.6074498Z 196 |                             defer { group.leave() }
2026-10-07T16:01:44.6075277Z 197 |                             do { try invocation.invoke(); lock.lock(); permitted += 1; lock.unlock() }
2026-10-07T16:01:44.6076148Z 198 |                             catch { lock.lock(); replayed += 1; lock.unlock() }
2026-10-07T16:01:44.6077562Z     |                                                  `- warning: mutation of captured var 'replayed' in concurrently-executing code; this is an error in the Swift 6 language mode [#SendableClosureCaptures]
2026-10-07T16:01:44.6078837Z 199 |                         }
2026-10-07T16:01:44.6079459Z 200 |                     }
2026-10-07T16:01:44.6079708Z 
2026-10-07T16:01:44.6080388Z [#SendableClosureCaptures]: <https://docs.swift.org/compiler/documentation/diagnostics/sendable-closure-captures>
2026-10-07T16:01:44.6605862Z [1893/1936] Compiling RightClickCoreTests SharingExecutionTests.swift
2026-10-07T16:01:44.6611624Z /__w/rightclick/rightclick/Tests/RightClickCoreTests/RCIRProductionDispatchTests.swift:197:72: warning: mutation of captured var 'permitted' in concurrently-executing code; this is an error in the Swift 6 language mode [#SendableClosureCaptures]
2026-10-07T16:01:44.6613542Z 195 |                         DispatchQueue.global().async {
2026-10-07T16:01:44.6614135Z 196 |                             defer { group.leave() }
2026-10-07T16:01:44.6614951Z 197 |                             do { try invocation.invoke(); lock.lock(); permitted += 1; lock.unlock() }
2026-10-07T16:01:44.6616563Z     |                                                                        `- warning: mutation of captured var 'permitted' in concurrently-executing code; this is an error in the Swift 6 language mode [#SendableClosureCaptures]
2026-10-07T16:01:44.6618029Z 198 |                             catch { lock.lock(); replayed += 1; lock.unlock() }
2026-10-07T16:01:44.6618620Z 199 |                         }
2026-10-07T16:01:44.6619041Z 
2026-10-07T16:01:44.6620525Z /__w/rightclick/rightclick/Tests/RightClickCoreTests/RCIRProductionDispatchTests.swift:198:50: warning: mutation of captured var 'replayed' in concurrently-executing code; this is an error in the Swift 6 language mode [#SendableClosureCaptures]
2026-10-07T16:01:44.6622411Z 196 |                             defer { group.leave() }
2026-10-07T16:01:44.6623188Z 197 |                             do { try invocation.invoke(); lock.lock(); permitted += 1; lock.unlock() }
2026-10-07T16:01:44.6624089Z 198 |                             catch { lock.lock(); replayed += 1; lock.unlock() }
2026-10-07T16:01:44.6625510Z     |                                                  `- warning: mutation of captured var 'replayed' in concurrently-executing code; this is an error in the Swift 6 language mode [#SendableClosureCaptures]
2026-10-07T16:01:44.6626768Z 199 |                         }
2026-10-07T16:01:44.6627159Z 200 |                     }
2026-10-07T16:01:44.6627406Z 
2026-10-07T16:01:44.6628288Z [#SendableClosureCaptures]: <https://docs.swift.org/compiler/documentation/diagnostics/sendable-closure-captures>
2026-10-07T16:01:44.6996726Z [1894/1936] Compiling RightClickCoreTests UniversalReflectorContractTests.swift
2026-10-07T16:01:44.6999401Z /__w/rightclick/rightclick/Tests/RightClickCoreTests/RCIRProductionDispatchTests.swift:197:72: warning: mutation of captured var 'permitted' in concurrently-executing code; this is an error in the Swift 6 language mode [#SendableClosureCaptures]
2026-10-07T16:01:44.7001714Z 195 |                         DispatchQueue.global().async {
2026-10-07T16:01:44.7002285Z 196 |                             defer { group.leave() }
2026-10-07T16:01:44.7003074Z 197 |                             do { try invocation.invoke(); lock.lock(); permitted += 1; lock.unlock() }
2026-10-07T16:01:44.7004941Z     |                                                                        `- warning: mutation of captured var 'permitted' in concurrently-executing code; this is an error in the Swift 6 language mode [#SendableClosureCaptures]
2026-10-07T16:01:44.7006448Z 198 |                             catch { lock.lock(); replayed += 1; lock.unlock() }
2026-10-07T16:01:44.7007069Z 199 |                         }
2026-10-07T16:01:44.7007330Z 
2026-10-07T16:01:44.7008792Z /__w/rightclick/rightclick/Tests/RightClickCoreTests/RCIRProductionDispatchTests.swift:198:50: warning: mutation of captured var 'replayed' in concurrently-executing code; this is an error in the Swift 6 language mode [#SendableClosureCaptures]
2026-10-07T16:01:44.7010920Z 196 |                             defer { group.leave() }
2026-10-07T16:01:44.7011799Z 197 |                             do { try invocation.invoke(); lock.lock(); permitted += 1; lock.unlock() }
2026-10-07T16:01:44.7012680Z 198 |                             catch { lock.lock(); replayed += 1; lock.unlock() }
2026-10-07T16:01:44.7014082Z     |                                                  `- warning: mutation of captured var 'replayed' in concurrently-executing code; this is an error in the Swift 6 language mode [#SendableClosureCaptures]
2026-10-07T16:01:44.7015345Z 199 |                         }
2026-10-07T16:01:44.7015750Z 200 |                     }
2026-10-07T16:01:44.7015987Z 
2026-10-07T16:01:44.7016636Z [#SendableClosureCaptures]: <https://docs.swift.org/compiler/documentation/diagnostics/sendable-closure-captures>
2026-10-07T16:01:44.7403638Z [1895/1936] Compiling RightClickCoreTests MOAT005G3GitHubRequestSchemaTests.swift
2026-10-07T16:01:44.7405608Z /__w/rightclick/rightclick/Tests/RightClickCoreTests/OAuthOIDCAuthorityTests.swift:359:9: warning: code after 'throw' will never be executed
2026-10-07T16:01:44.7407262Z 357 |         throw XCTSkip("Native Keychain adapter requires macOS")
2026-10-07T16:01:44.7407993Z 358 | #endif
2026-10-07T16:01:44.7408315Z 359 |         let unique =
2026-10-07T16:01:44.7408810Z     |         `- warning: code after 'throw' will never be executed
2026-10-07T16:01:44.7409583Z 360 |             UUID()
2026-10-07T16:01:44.7409948Z 361 |                 .uuidString
2026-10-07T16:01:44.7427024Z [1896/1936] Compiling RightClickCoreTests MOAT005G4MutationJSONResponseFallbackTests.swift
2026-10-07T16:01:44.7429172Z /__w/rightclick/rightclick/Tests/RightClickCoreTests/OAuthOIDCAuthorityTests.swift:359:9: warning: code after 'throw' will never be executed
2026-10-07T16:01:44.7430930Z 357 |         throw XCTSkip("Native Keychain adapter requires macOS")
2026-10-07T16:01:44.7431987Z 358 | #endif
2026-10-07T16:01:44.7432463Z 359 |         let unique =
2026-10-07T16:01:44.7432969Z     |         `- warning: code after 'throw' will never be executed
2026-10-07T16:01:44.7433505Z 360 |             UUID()
2026-10-07T16:01:44.7433864Z 361 |                 .uuidString
2026-10-07T16:01:44.7451332Z [1897/1936] Compiling RightClickCoreTests MOAT005G5FullFrozenGitHubContractTests.swift
2026-10-07T16:01:44.7453209Z /__w/rightclick/rightclick/Tests/RightClickCoreTests/OAuthOIDCAuthorityTests.swift:359:9: warning: code after 'throw' will never be executed
2026-10-07T16:01:44.7454965Z 357 |         throw XCTSkip("Native Keychain adapter requires macOS")
2026-10-07T16:01:44.7455704Z 358 | #endif
2026-10-07T16:01:44.7456032Z 359 |         let unique =
2026-10-07T16:01:44.7456506Z     |         `- warning: code after 'throw' will never be executed
2026-10-07T16:01:44.7457030Z 360 |             UUID()
2026-10-07T16:01:44.7457393Z 361 |                 .uuidString
2026-10-07T16:01:44.7475931Z [1898/1936] Compiling RightClickCoreTests MOAT005G6MultiSegmentPathTests.swift
2026-10-07T16:01:44.7477530Z /__w/rightclick/rightclick/Tests/RightClickCoreTests/OAuthOIDCAuthorityTests.swift:359:9: warning: code after 'throw' will never be executed
2026-10-07T16:01:44.7479648Z 357 |         throw XCTSkip("Native Keychain adapter requires macOS")
2026-10-07T16:01:44.7480411Z 358 | #endif
2026-10-07T16:01:44.7481266Z 359 |         let unique =
2026-10-07T16:01:44.7481915Z     |         `- warning: code after 'throw' will never be executed
2026-10-07T16:01:44.7482457Z 360 |             UUID()
2026-10-07T16:01:44.7482820Z 361 |                 .uuidString
2026-10-07T16:01:44.7499719Z [1899/1936] Compiling RightClickCoreTests NativeBoundedHTTPTests.swift
2026-10-07T16:01:44.7501539Z /__w/rightclick/rightclick/Tests/RightClickCoreTests/OAuthOIDCAuthorityTests.swift:359:9: warning: code after 'throw' will never be executed
2026-10-07T16:01:44.7503342Z 357 |         throw XCTSkip("Native Keychain adapter requires macOS")
2026-10-07T16:01:44.7504323Z 358 | #endif
2026-10-07T16:01:44.7504919Z 359 |         let unique =
2026-10-07T16:01:44.7505693Z     |         `- warning: code after 'throw' will never be executed
2026-10-07T16:01:44.7506559Z 360 |             UUID()
2026-10-07T16:01:44.7507197Z 361 |                 .uuidString
2026-10-07T16:01:44.7523509Z [1900/1936] Compiling RightClickCoreTests NativeHTTPFixture.swift
2026-10-07T16:01:44.7525171Z /__w/rightclick/rightclick/Tests/RightClickCoreTests/OAuthOIDCAuthorityTests.swift:359:9: warning: code after 'throw' will never be executed
2026-10-07T16:01:44.7526857Z 357 |         throw XCTSkip("Native Keychain adapter requires macOS")
2026-10-07T16:01:44.7527782Z 358 | #endif
2026-10-07T16:01:44.7528404Z 359 |         let unique =
2026-10-07T16:01:44.7529554Z     |         `- warning: code after 'throw' will never be executed
2026-10-07T16:01:44.7530431Z 360 |             UUID()
2026-10-07T16:01:44.7531089Z 361 |                 .uuidString
2026-10-07T16:01:44.7547437Z [1901/1936] Compiling RightClickCoreTests NetworkOriginAuthorityTests.swift
2026-10-07T16:01:44.7549389Z /__w/rightclick/rightclick/Tests/RightClickCoreTests/OAuthOIDCAuthorityTests.swift:359:9: warning: code after 'throw' will never be executed
2026-10-07T16:01:44.7551063Z 357 |         throw XCTSkip("Native Keychain adapter requires macOS")
2026-10-07T16:01:44.7552023Z 358 | #endif
2026-10-07T16:01:44.7552627Z 359 |         let unique =
2026-10-07T16:01:44.7553397Z     |         `- warning: code after 'throw' will never be executed
2026-10-07T16:01:44.7554251Z 360 |             UUID()
2026-10-07T16:01:44.7554902Z 361 |                 .uuidString
2026-10-07T16:01:44.7571818Z [1902/1936] Compiling RightClickCoreTests OAuthOIDCAuthorityTests.swift
2026-10-07T16:01:44.7573505Z /__w/rightclick/rightclick/Tests/RightClickCoreTests/OAuthOIDCAuthorityTests.swift:359:9: warning: code after 'throw' will never be executed
2026-10-07T16:01:44.7575220Z 357 |         throw XCTSkip("Native Keychain adapter requires macOS")
2026-10-07T16:01:44.7576180Z 358 | #endif
2026-10-07T16:01:44.7576796Z 359 |         let unique =
2026-10-07T16:01:44.7577566Z     |         `- warning: code after 'throw' will never be executed
2026-10-07T16:01:44.7578412Z 360 |             UUID()
2026-10-07T16:01:44.7579321Z 361 |                 .uuidString
2026-10-07T16:01:44.7595524Z [1903/1936] Compiling RightClickCoreTests OpenAPIAcknowledgementTests.swift
2026-10-07T16:01:44.7597291Z /__w/rightclick/rightclick/Tests/RightClickCoreTests/OAuthOIDCAuthorityTests.swift:359:9: warning: code after 'throw' will never be executed
2026-10-07T16:01:44.7599224Z 357 |         throw XCTSkip("Native Keychain adapter requires macOS")
2026-10-07T16:01:44.7600194Z 358 | #endif
2026-10-07T16:01:44.7600792Z 359 |         let unique =
2026-10-07T16:01:44.7601553Z     |         `- warning: code after 'throw' will never be executed
2026-10-07T16:01:44.7602391Z 360 |             UUID()
2026-10-07T16:01:44.7603054Z 361 |                 .uuidString
2026-10-07T16:01:44.7619723Z [1904/1936] Compiling RightClickCoreTests OpenAPIAcquisitionBoundsTests.swift
2026-10-07T16:01:44.7621605Z /__w/rightclick/rightclick/Tests/RightClickCoreTests/OAuthOIDCAuthorityTests.swift:359:9: warning: code after 'throw' will never be executed
2026-10-07T16:01:44.7623295Z 357 |         throw XCTSkip("Native Keychain adapter requires macOS")
2026-10-07T16:01:44.7624212Z 358 | #endif
2026-10-07T16:01:44.7625070Z 359 |         let unique =
2026-10-07T16:01:44.7625889Z     |         `- warning: code after 'throw' will never be executed
2026-10-07T16:01:44.7626738Z 360 |             UUID()
2026-10-07T16:01:44.7627394Z 361 |                 .uuidString
2026-10-07T16:01:44.7643347Z [1905/1936] Compiling RightClickCoreTests OpenAPIAuthorityTests.swift
2026-10-07T16:01:44.7645466Z /__w/rightclick/rightclick/Tests/RightClickCoreTests/OAuthOIDCAuthorityTests.swift:359:9: warning: code after 'throw' will never be executed
2026-10-07T16:01:44.7647089Z 357 |         throw XCTSkip("Native Keychain adapter requires macOS")
2026-10-07T16:01:44.7648034Z 358 | #endif
2026-10-07T16:01:44.7648635Z 359 |         let unique =
2026-10-07T16:01:44.7649677Z     |         `- warning: code after 'throw' will never be executed
2026-10-07T16:01:44.7650490Z 360 |             UUID()
2026-10-07T16:01:44.7651120Z 361 |                 .uuidString
2026-10-07T16:01:44.7668368Z [1906/1936] Compiling RightClickCoreTests OpenAPIRealProviderAcceptanceTests.swift
2026-10-07T16:01:44.7670430Z /__w/rightclick/rightclick/Tests/RightClickCoreTests/OAuthOIDCAuthorityTests.swift:359:9: warning: code after 'throw' will never be executed
2026-10-07T16:01:44.7672131Z 357 |         throw XCTSkip("Native Keychain adapter requires macOS")
2026-10-07T16:01:44.7673101Z 358 | #endif
2026-10-07T16:01:44.7673705Z 359 |         let unique =
2026-10-07T16:01:44.7674469Z     |         `- warning: code after 'throw' will never be executed
2026-10-07T16:01:44.7675305Z 360 |             UUID()
2026-10-07T16:01:44.7675959Z 361 |                 .uuidString
2026-10-07T16:01:44.7691832Z [1907/1936] Compiling RightClickCoreTests OpenAPIReflectorTests.swift
2026-10-07T16:01:44.7693501Z /__w/rightclick/rightclick/Tests/RightClickCoreTests/OAuthOIDCAuthorityTests.swift:359:9: warning: code after 'throw' will never be executed
2026-10-07T16:01:44.7695187Z 357 |         throw XCTSkip("Native Keychain adapter requires macOS")
2026-10-07T16:01:44.7696074Z 358 | #endif
2026-10-07T16:01:44.7696678Z 359 |         let unique =
2026-10-07T16:01:44.7697446Z     |         `- warning: code after 'throw' will never be executed
2026-10-07T16:01:44.7698294Z 360 |             UUID()
2026-10-07T16:01:44.7699160Z 361 |                 .uuidString
2026-10-07T16:01:44.7715270Z [1908/1936] Compiling RightClickCoreTests PolicyTests.swift
2026-10-07T16:01:44.7716849Z /__w/rightclick/rightclick/Tests/RightClickCoreTests/OAuthOIDCAuthorityTests.swift:359:9: warning: code after 'throw' will never be executed
2026-10-07T16:01:44.7718524Z 357 |         throw XCTSkip("Native Keychain adapter requires macOS")
2026-10-07T16:01:44.7719779Z 358 | #endif
2026-10-07T16:01:44.7720397Z 359 |         let unique =
2026-10-07T16:01:44.7721144Z     |         `- warning: code after 'throw' will never be executed
2026-10-07T16:01:44.7721939Z 360 |             UUID()
2026-10-07T16:01:44.7722526Z 361 |                 .uuidString
2026-10-07T16:01:44.7738850Z [1909/1936] Compiling RightClickCoreTests PortableRuntimeTests.swift
2026-10-07T16:01:44.7740725Z /__w/rightclick/rightclick/Tests/RightClickCoreTests/OAuthOIDCAuthorityTests.swift:359:9: warning: code after 'throw' will never be executed
2026-10-07T16:01:44.7742420Z 357 |         throw XCTSkip("Native Keychain adapter requires macOS")
2026-10-07T16:01:44.7743341Z 358 | #endif
2026-10-07T16:01:44.7743935Z 359 |         let unique =
2026-10-07T16:01:44.7744708Z     |         `- warning: code after 'throw' will never be executed
2026-10-07T16:01:44.7745555Z 360 |             UUID()
2026-10-07T16:01:44.7746216Z 361 |                 .uuidString
2026-10-07T16:01:44.7762894Z [1910/1936] Compiling RightClickCoreTests ProductSurfaceRuntimeTests.swift
2026-10-07T16:01:44.7764717Z /__w/rightclick/rightclick/Tests/RightClickCoreTests/OAuthOIDCAuthorityTests.swift:359:9: warning: code after 'throw' will never be executed
2026-10-07T16:01:44.7766395Z 357 |         throw XCTSkip("Native Keychain adapter requires macOS")
2026-10-07T16:01:44.7767350Z 358 | #endif
2026-10-07T16:01:44.7767960Z 359 |         let unique =
2026-10-07T16:01:44.7769244Z     |         `- warning: code after 'throw' will never be executed
2026-10-07T16:01:44.7770155Z 360 |             UUID()
2026-10-07T16:01:44.7770810Z 361 |                 .uuidString
2026-10-07T16:01:44.7786948Z [1913/1936] Compiling RightClickCoreTests BonjourOpenAPISourceTests.swift
2026-10-07T16:01:44.7788202Z [1914/1936] Compiling RightClickCoreTests CapabilityABIAdapterTests.swift
2026-10-07T16:01:44.7789728Z [1915/1936] Compiling RightClickCoreTests CapabilityABIBoundaryTests.swift
2026-10-07T16:01:44.7791021Z [1916/1936] Compiling RightClickCoreTests CapabilityABITests.swift
2026-10-07T16:01:44.7792289Z [1917/1936] Compiling RightClickCoreTests CapabilityAcquisitionLifecycleTests.swift
2026-10-07T16:01:44.7793696Z [1918/1936] Compiling RightClickCoreTests CapabilityArtifactResolverTests.swift
2026-10-07T16:01:44.7795054Z [1919/1936] Compiling RightClickCoreTests CapabilityExperienceLedgerTests.swift
2026-10-07T16:01:44.7796442Z [1920/1936] Compiling RightClickCoreTests CapabilityExperienceTests.swift
2026-10-07T16:01:44.7797676Z [1921/1936] Compiling RightClickCoreTests CapabilityInterfaceTests.swift
2026-10-07T16:01:44.7799157Z [1922/1936] Compiling RightClickCoreTests CapabilityReflectorSourceTests.swift
2026-10-07T16:01:44.7800502Z [1923/1936] Compiling RightClickCoreTests CapabilityRuntimeDefaultsTests.swift
2026-10-07T16:01:44.7801792Z [1924/1936] Compiling RightClickCoreTests CapabilitySnapshotBoundaryTests.swift
2026-10-07T16:01:44.7803167Z [1925/1936] Compiling RightClickCoreTests CapabilityStringConstraintTests.swift
2026-10-07T16:01:44.7804484Z [1926/1936] Compiling RightClickCoreTests ConfiguredOpenAPISourceTests.swift
2026-10-07T16:01:44.7805906Z [1927/1936] Compiling RightClickCoreTests DispatchContractBindingTests.swift
2026-10-07T16:01:44.7807630Z [1928/1937] /__w/rightclick/rightclick/.build/x86_64-unknown-linux-gnu/debug/rightclick-mcpPackageDiscoveredTests.derived/all-discovered-tests.swift
2026-10-07T16:01:44.7809403Z [1929/1937] Write sources
2026-10-07T16:01:44.7810243Z [1930/1937] Wrapping AST for RightClickCoreTests for debugging
2026-10-07T16:01:44.7811437Z [1932/1941] Compiling rightclick_mcpPackageDiscoveredTests RightClickMCPTests.swift
2026-10-07T16:01:44.7812891Z [1933/1942] Compiling rightclick_mcpPackageDiscoveredTests all-discovered-tests.swift
2026-10-07T16:01:45.8150059Z [1934/1942] Compiling rightclick_mcpPackageDiscoveredTests RightClickCoreTests.swift
2026-10-07T16:01:45.8151612Z [1935/1942] Compiling rightclick_mcpPackageDiscoveredTests RightClickARDTests.swift
2026-10-07T16:01:45.8152940Z [1936/1942] Emitting module rightclick_mcpPackageDiscoveredTests
2026-10-07T16:01:45.8846728Z [1937/1943] /__w/rightclick/rightclick/.build/x86_64-unknown-linux-gnu/debug/rightclick-mcpPackageTests.derived/runner.swift
2026-10-07T16:01:45.8847839Z [1938/1943] Write sources
2026-10-07T16:01:45.9134570Z [1939/1943] Wrapping AST for rightclick-mcpPackageDiscoveredTests for debugging
2026-10-07T16:01:48.6850926Z [1941/1945] Emitting module rightclick_mcpPackageTests
2026-10-07T16:01:48.6851792Z [1942/1945] Compiling rightclick_mcpPackageTests runner.swift
2026-10-07T16:01:48.8684503Z [1943/1946] Wrapping AST for rightclick-mcpPackageTests for debugging
2026-10-07T16:01:48.8700908Z [1944/1946] Write Objects.LinkFileList
2026-10-07T16:01:50.3055972Z [1945/1946] Linking rightclick-mcpPackageTests.xctest
2026-10-07T16:01:50.3105295Z Build complete! (238.82s)
2026-10-07T16:01:50.3392618Z Test Suite 'All tests' started at 2026-10-07 16:01:50.326
2026-10-07T16:01:50.3394150Z Test Suite 'debug.xctest' started at 2026-10-07 16:01:50.327
2026-10-07T16:01:50.3395438Z Test Suite 'ARDPortableTests' started at 2026-10-07 16:01:50.327
2026-10-07T16:01:50.3396591Z Test Case 'ARDPortableTests.testAmbiguousOpenAPIServerBindingAbstains' started at 2026-10-07 16:01:50.327
2026-10-07T16:01:50.3397792Z Test Case 'ARDPortableTests.testAmbiguousOpenAPIServerBindingAbstains' passed (0.001 seconds)
2026-10-07T16:01:50.3399544Z Test Case 'ARDPortableTests.testG13DecodesHfDiscoverSearchResponseShape' started at 2026-10-07 16:01:50.328
2026-10-07T16:01:50.3401054Z Test Case 'ARDPortableTests.testG13DecodesHfDiscoverSearchResponseShape' passed (0.002 seconds)
2026-10-07T16:01:50.3402133Z Test Case 'ARDPortableTests.testG13ExtractsSupportedOpenAPICandidate' started at 2026-10-07 16:01:50.330
2026-10-07T16:01:50.3403142Z Test Case 'ARDPortableTests.testG13ExtractsSupportedOpenAPICandidate' passed (0.0 seconds)
2026-10-07T16:01:50.3404054Z Test Case 'ARDPortableTests.testSearchRequestMatchesARDEnvelope' started at 2026-10-07 16:01:50.330
2026-10-07T16:01:50.3405063Z Test Case 'ARDPortableTests.testSearchRequestMatchesARDEnvelope' passed (0.0 seconds)
2026-10-07T16:01:50.3406274Z Test Case 'ARDPortableTests.testSearchResponseRequiresExactlyOneValueOrReference' started at 2026-10-07 16:01:50.331
2026-10-07T16:01:50.3408071Z Test Case 'ARDPortableTests.testSearchResponseRequiresExactlyOneValueOrReference' passed (0.0 seconds)
2026-10-07T16:01:50.3409497Z Test Suite 'ARDPortableTests' passed at 2026-10-07 16:01:50.331
2026-10-07T16:01:50.3410297Z 	 Executed 5 tests, with 0 failures (0 unexpected) in 0.004 (0.004) seconds
2026-10-07T16:01:50.3411072Z Test Suite 'FederationTests' started at 2026-10-07 16:01:50.331
2026-10-07T16:01:50.3412141Z Test Case 'FederationTests.testExplicitVerificationRunsAtRemoteBoundary' started at 2026-10-07 16:01:50.331
2026-10-07T16:01:50.3413554Z Test Case 'FederationTests.testExplicitVerificationRunsAtRemoteBoundary' passed (0.004 seconds)
2026-10-07T16:01:50.3414943Z Test Case 'FederationTests.testFederatedCapabilityAppearsAndDisappearsLive' started at 2026-10-07 16:01:50.335
2026-10-07T16:01:50.3416393Z Test Case 'FederationTests.testFederatedCapabilityAppearsAndDisappearsLive' passed (0.0 seconds)
2026-10-07T16:01:50.3417836Z Test Case 'FederationTests.testFederationDoesNotReexportFederatedCapability' started at 2026-10-07 16:01:50.335
2026-10-07T16:01:50.3419696Z Test Case 'FederationTests.testFederationDoesNotReexportFederatedCapability' passed (0.0 seconds)
2026-10-07T16:01:50.3421120Z Test Case 'FederationTests.testIncompleteRemoteVerificationIsDowngraded' started at 2026-10-07 16:01:50.336
2026-10-07T16:01:50.3422495Z Test Case 'FederationTests.testIncompleteRemoteVerificationIsDowngraded' passed (0.001 seconds)
2026-10-07T16:01:50.3423953Z Test Case 'FederationTests.testLoopbackIPPeersCanonicalizeToLocalhostForTransport' started at 2026-10-07 16:01:50.336
2026-10-07T16:01:50.3425495Z Test Case 'FederationTests.testLoopbackIPPeersCanonicalizeToLocalhostForTransport' passed (0.0 seconds)
2026-10-07T16:01:50.3427054Z Test Case 'FederationTests.testModelFacingToolSurfaceRemainsSevenGenericOperations' started at 2026-10-07 16:01:50.337
2026-10-07T16:01:50.3428623Z Test Case 'FederationTests.testModelFacingToolSurfaceRemainsSevenGenericOperations' passed (0.0 seconds)
2026-10-07T16:01:50.3434056Z Test Case 'FederationTests.testNonRightClickPeerContributesNoCapabilities' started at 2026-10-07 16:01:50.337
2026-10-07T16:01:50.3435515Z Test Case 'FederationTests.testNonRightClickPeerContributesNoCapabilities' passed (0.0 seconds)
2026-10-07T16:01:50.3436995Z Test Case 'FederationTests.testPeerConfigurationFailsClosedOutsideLoopback' started at 2026-10-07 16:01:50.337
2026-10-07T16:01:50.3438417Z Test Case 'FederationTests.testPeerConfigurationFailsClosedOutsideLoopback' passed (0.001 seconds)
2026-10-07T16:01:50.3439974Z Test Suite 'FederationTests' passed at 2026-10-07 16:01:50.338
2026-10-07T16:01:50.3440749Z 	 Executed 8 tests, with 0 failures (0 unexpected) in 0.007 (0.007) seconds
2026-10-07T16:01:50.3441702Z Test Suite 'MCPInitializationCompatibilityTests' started at 2026-10-07 16:01:50.338
2026-10-07T16:01:50.3443626Z Test Case 'MCPInitializationCompatibilityTests.testOtherMessagesAndMalformedCapabilityShapesAreNotRewritten' started at 2026-10-07 16:01:50.338
2026-10-07T16:01:50.3445852Z Test Case 'MCPInitializationCompatibilityTests.testOtherMessagesAndMalformedCapabilityShapesAreNotRewritten' passed (0.0 seconds)
2026-10-07T16:01:50.3448311Z Test Case 'MCPInitializationCompatibilityTests.testRealClientObjectExtensionDoesNotPreventSupportedHandshake' started at 2026-10-07 16:01:50.338
2026-10-07T16:01:50.3450836Z Test Case 'MCPInitializationCompatibilityTests.testRealClientObjectExtensionDoesNotPreventSupportedHandshake' passed (0.001 seconds)
2026-10-07T16:01:50.3452442Z Test Suite 'MCPInitializationCompatibilityTests' passed at 2026-10-07 16:01:50.339
2026-10-07T16:01:50.3453379Z 	 Executed 2 tests, with 0 failures (0 unexpected) in 0.001 (0.001) seconds
2026-10-07T16:01:50.3454163Z Test Suite 'A2ARealLifecycleTests' started at 2026-10-07 16:01:50.339
2026-10-07T16:01:54.8369655Z Test Case 'A2ARealLifecycleTests.testAcceptedAndCompletedTaskWithMismatchedEffectFailsWithSignedReceipt' started at 2026-10-07 16:01:50.339
2026-10-07T16:01:54.8371895Z Test Case 'A2ARealLifecycleTests.testAcceptedAndCompletedTaskWithMismatchedEffectFailsWithSignedReceipt' passed (0.712 seconds)
2026-10-07T16:01:54.8374024Z Test Case 'A2ARealLifecycleTests.testCompletedUnverifiedTaskCannotObserveAfterPolicyRevocation' started at 2026-10-07 16:01:51.051
2026-10-07T16:01:54.8375984Z Test Case 'A2ARealLifecycleTests.testCompletedUnverifiedTaskCannotObserveAfterPolicyRevocation' passed (0.696 seconds)
2026-10-07T16:01:54.8377857Z Test Case 'A2ARealLifecycleTests.testCompletedWithoutIndependentEffectRemainsUnverified' started at 2026-10-07 16:01:51.747
2026-10-07T16:01:54.8379979Z Test Case 'A2ARealLifecycleTests.testCompletedWithoutIndependentEffectRemainsUnverified' passed (0.698 seconds)
2026-10-07T16:01:54.8381849Z Test Case 'A2ARealLifecycleTests.testDeadlineIsUnknownWithoutRetryingOrFabricatingCompletion' started at 2026-10-07 16:01:52.445
2026-10-07T16:01:54.8383762Z Test Case 'A2ARealLifecycleTests.testDeadlineIsUnknownWithoutRetryingOrFabricatingCompletion' passed (0.174 seconds)
2026-10-07T16:01:54.8385690Z Test Case 'A2ARealLifecycleTests.testGenuineDelegationObservesEffectAndSignsTerminalReceipt' started at 2026-10-07 16:01:52.619
2026-10-07T16:01:54.8387637Z Test Case 'A2ARealLifecycleTests.testGenuineDelegationObservesEffectAndSignsTerminalReceipt' passed (0.696 seconds)
2026-10-07T16:01:54.8389830Z Test Case 'A2ARealLifecycleTests.testPolicyAndConfirmationDenialsHaveZeroDelegatedEffects' started at 2026-10-07 16:01:53.315
2026-10-07T16:01:54.8391695Z Test Case 'A2ARealLifecycleTests.testPolicyAndConfirmationDenialsHaveZeroDelegatedEffects' passed (0.167 seconds)
2026-10-07T16:01:54.8393489Z Test Case 'A2ARealLifecycleTests.testPolicyRevocationDuringTaskCannotBeSilentlyIgnored' started at 2026-10-07 16:01:53.481
2026-10-07T16:01:54.8395256Z Test Case 'A2ARealLifecycleTests.testPolicyRevocationDuringTaskCannotBeSilentlyIgnored' passed (0.275 seconds)
2026-10-07T16:01:54.8397109Z Test Case 'A2ARealLifecycleTests.testProviderDisappearingMidTaskIsSignedUnknownWithoutReplay' started at 2026-10-07 16:01:53.757
2026-10-07T16:01:54.8399250Z Test Case 'A2ARealLifecycleTests.testProviderDisappearingMidTaskIsSignedUnknownWithoutReplay' passed (0.176 seconds)
2026-10-07T16:01:54.8401123Z Test Case 'A2ARealLifecycleTests.testRemoteTaskFailureCannotBecomeSemanticSuccess' started at 2026-10-07 16:01:53.933
2026-10-07T16:01:54.8402036Z Test Case 'A2ARealLifecycleTests.testRemoteTaskFailureCannotBecomeSemanticSuccess' passed (0.692 seconds)
2026-10-07T16:01:54.8402942Z Test Case 'A2ARealLifecycleTests.testUnpinnedIndependentObserverFailsBeforeDispatch' started at 2026-10-07 16:01:54.625
2026-10-07T16:01:54.8403827Z Test Case 'A2ARealLifecycleTests.testUnpinnedIndependentObserverFailsBeforeDispatch' passed (0.163 seconds)
2026-10-07T16:01:54.8404487Z Test Suite 'A2ARealLifecycleTests' passed at 2026-10-07 16:01:54.788
2026-10-07T16:01:54.8405229Z 	 Executed 10 tests, with 0 failures (0 unexpected) in 4.449 (4.449) seconds
2026-10-07T16:01:54.8405707Z Test Suite 'ARDAcquisitionGateTests' started at 2026-10-07 16:01:54.788
2026-10-07T16:01:54.8406440Z Test Case 'ARDAcquisitionGateTests.testG13ARDSearchResponseBecomesOpenAPIAcquisitionCandidate' started at 2026-10-07 16:01:54.788
2026-10-07T16:01:54.8407553Z Test Case 'ARDAcquisitionGateTests.testG13ARDSearchResponseBecomesOpenAPIAcquisitionCandidate' passed (0.003 seconds)
2026-10-07T16:01:54.8408523Z Test Case 'ARDAcquisitionGateTests.testG14CapabilityIsAbsentBeforeARDAndAppearsAfterDiscovery' started at 2026-10-07 16:01:54.791
2026-10-07T16:01:54.8409804Z Test Case 'ARDAcquisitionGateTests.testG14CapabilityIsAbsentBeforeARDAndAppearsAfterDiscovery' passed (0.002 seconds)
2026-10-07T16:01:54.8410772Z Test Case 'ARDAcquisitionGateTests.testG15ExecutesARDAcquiredCapabilityThroughCapabilityEngine' started at 2026-10-07 16:01:54.793
2026-10-07T16:01:54.8411764Z Test Case 'ARDAcquisitionGateTests.testG15ExecutesARDAcquiredCapabilityThroughCapabilityEngine' passed (0.014 seconds)
2026-10-07T16:01:54.8412661Z Test Case 'ARDAcquisitionGateTests.testG16IndependentReadBackVerifiesDurableState' started at 2026-10-07 16:01:54.808
2026-10-07T16:01:54.8413496Z Test Case 'ARDAcquisitionGateTests.testG16IndependentReadBackVerifiesDurableState' passed (0.028 seconds)
2026-10-07T16:01:54.8414135Z Test Suite 'ARDAcquisitionGateTests' passed at 2026-10-07 16:01:54.835
2026-10-07T16:01:54.8414593Z 	 Executed 4 tests, with 0 failures (0 unexpected) in 0.047 (0.047) seconds
2026-10-07T16:01:54.8415061Z Test Suite 'BonjourOpenAPISourceTests' started at 2026-10-07 16:01:54.835
2026-10-07T16:01:54.8415791Z Test Case 'BonjourOpenAPISourceTests.testAbsoluteBonjourDNSNameCanonicalizesTerminalRootDot' started at 2026-10-07 16:01:54.835
2026-10-07T16:01:54.8416735Z Test Case 'BonjourOpenAPISourceTests.testAbsoluteBonjourDNSNameCanonicalizesTerminalRootDot' passed (0.001 seconds)
2026-10-07T16:01:54.9645400Z Test Case 'BonjourOpenAPISourceTests.testEndpointReplacementChangesCapabilityIdentity' started at 2026-10-07 16:01:54.837
2026-10-07T16:01:54.9647199Z Test Case 'BonjourOpenAPISourceTests.testEndpointReplacementChangesCapabilityIdentity' passed (0.002 seconds)
2026-10-07T16:01:54.9649092Z Test Case 'BonjourOpenAPISourceTests.testMalformedMetadataAbstainsWithoutFetching' started at 2026-10-07 16:01:54.839
2026-10-07T16:01:54.9650729Z Test Case 'BonjourOpenAPISourceTests.testMalformedMetadataAbstainsWithoutFetching' passed (0.0 seconds)
2026-10-07T16:01:54.9652318Z Test Case 'BonjourOpenAPISourceTests.testMultipleTerminalRootDotsAreRejected' started at 2026-10-07 16:01:54.839
2026-10-07T16:01:54.9653826Z Test Case 'BonjourOpenAPISourceTests.testMultipleTerminalRootDotsAreRejected' passed (0.0 seconds)
2026-10-07T16:01:54.9655350Z Test Case 'BonjourOpenAPISourceTests.testRemovalMakesStaleCapabilityUnavailable' started at 2026-10-07 16:01:54.839
2026-10-07T16:01:54.9656930Z Test Case 'BonjourOpenAPISourceTests.testRemovalMakesStaleCapabilityUnavailable' passed (0.001 seconds)
2026-10-07T16:01:54.9658642Z Test Case 'BonjourOpenAPISourceTests.testResolvedAdvertisementCreatesDynamicOpenAPIReflector' started at 2026-10-07 16:01:54.840
2026-10-07T16:01:54.9660651Z Test Case 'BonjourOpenAPISourceTests.testResolvedAdvertisementCreatesDynamicOpenAPIReflector' passed (0.101 seconds)
2026-10-07T16:01:54.9662388Z Test Case 'BonjourOpenAPISourceTests.testTXTMetadataCannotRedirectToExternalHost' started at 2026-10-07 16:01:54.941
2026-10-07T16:01:54.9663958Z Test Case 'BonjourOpenAPISourceTests.testTXTMetadataCannotRedirectToExternalHost' passed (0.0 seconds)
2026-10-07T16:01:54.9665132Z Test Suite 'BonjourOpenAPISourceTests' passed at 2026-10-07 16:01:54.942
2026-10-07T16:01:54.9665978Z 	 Executed 7 tests, with 0 failures (0 unexpected) in 0.106 (0.106) seconds
2026-10-07T16:01:54.9666818Z Test Suite 'CapabilityABIAdapterTests' started at 2026-10-07 16:01:54.942
2026-10-07T16:01:54.9668476Z Test Case 'CapabilityABIAdapterTests.testChangesInAuthorityOrPolicyMetadataChangeFingerprint' started at 2026-10-07 16:01:54.942
2026-10-07T16:01:54.9670522Z Test Case 'CapabilityABIAdapterTests.testChangesInAuthorityOrPolicyMetadataChangeFingerprint' passed (0.001 seconds)
2026-10-07T16:01:54.9672501Z Test Case 'CapabilityABIAdapterTests.testGenericAdapterPreservesDeclarationsAndDoesNotMutateCapability' started at 2026-10-07 16:01:54.942
2026-10-07T16:01:54.9674760Z Test Case 'CapabilityABIAdapterTests.testGenericAdapterPreservesDeclarationsAndDoesNotMutateCapability' passed (0.001 seconds)
2026-10-07T16:01:54.9676746Z Test Case 'CapabilityABIAdapterTests.testSHA256MatchesCanonicalBytesAndHasNoSignatureSemantics' started at 2026-10-07 16:01:54.943
2026-10-07T16:01:54.9678614Z Test Case 'CapabilityABIAdapterTests.testSHA256MatchesCanonicalBytesAndHasNoSignatureSemantics' passed (0.001 seconds)
2026-10-07T16:01:54.9680642Z Test Case 'CapabilityABIAdapterTests.testUnownedCapabilitiesCannotAcquireAnABIIdentity' started at 2026-10-07 16:01:54.944
2026-10-07T16:01:54.9682471Z Test Case 'CapabilityABIAdapterTests.testUnownedCapabilitiesCannotAcquireAnABIIdentity' passed (0.0 seconds)
2026-10-07T16:01:54.9683792Z Test Suite 'CapabilityABIAdapterTests' passed at 2026-10-07 16:01:54.944
2026-10-07T16:01:54.9684651Z 	 Executed 4 tests, with 0 failures (0 unexpected) in 0.003 (0.003) seconds
2026-10-07T16:01:54.9685526Z Test Suite 'CapabilityABIBoundaryTests' started at 2026-10-07 16:01:54.944
2026-10-07T16:01:54.9686722Z Test Case 'CapabilityABIBoundaryTests.testDeterministicGeneratedRoundTrips' started at 2026-10-07 16:01:54.944
2026-10-07T16:01:54.9688262Z Test Case 'CapabilityABIBoundaryTests.testDeterministicGeneratedRoundTrips' passed (0.018 seconds)
2026-10-07T16:01:54.9690021Z Test Case 'CapabilityABIBoundaryTests.testLimitsCannotBeRaisedAboveReviewedCeilings' started at 2026-10-07 16:01:54.962
2026-10-07T16:01:54.9691666Z Test Case 'CapabilityABIBoundaryTests.testLimitsCannotBeRaisedAboveReviewedCeilings' passed (0.0 seconds)
2026-10-07T16:01:54.9693460Z Test Case 'CapabilityABIBoundaryTests.testNestedCodableWrapperCannotBypassValueValidation' started at 2026-10-07 16:01:54.962
2026-10-07T16:01:54.9695355Z Test Case 'CapabilityABIBoundaryTests.testNestedCodableWrapperCannotBypassValueValidation' passed (0.001 seconds)
2026-10-07T16:01:54.9697122Z Test Case 'CapabilityABIBoundaryTests.testResultSchemaIsBoundIntoContract' started at 2026-10-07 16:01:54.963
2026-10-07T16:01:54.9698653Z Test Case 'CapabilityABIBoundaryTests.testResultSchemaIsBoundIntoContract' passed (0.0 seconds)
2026-10-07T16:01:54.9700605Z Test Case 'CapabilityABIBoundaryTests.testSchemaDoesNotAcceptUnicodeEquivalentButDifferentKeyBytes' started at 2026-10-07 16:01:54.964
2026-10-07T16:01:54.9702691Z Test Case 'CapabilityABIBoundaryTests.testSchemaDoesNotAcceptUnicodeEquivalentButDifferentKeyBytes' passed (0.0 seconds)
2026-10-07T16:01:54.9704502Z Test Case 'CapabilityABIBoundaryTests.testSchemaRequiredKeysMustMatchExactUTF8' started at 2026-10-07 16:01:54.964
2026-10-07T16:01:55.1750972Z Test Case 'CapabilityABIBoundaryTests.testSchemaRequiredKeysMustMatchExactUTF8' passed (0.0 seconds)
2026-10-07T16:01:55.1752240Z Test Case 'CapabilityABIBoundaryTests.testVeryDeepSchemaAndVeryWideValuesReject' started at 2026-10-07 16:01:54.964
2026-10-07T16:01:55.1753421Z Test Case 'CapabilityABIBoundaryTests.testVeryDeepSchemaAndVeryWideValuesReject' passed (0.004 seconds)
2026-10-07T16:01:55.1754342Z Test Suite 'CapabilityABIBoundaryTests' passed at 2026-10-07 16:01:54.968
2026-10-07T16:01:55.1754976Z 	 Executed 7 tests, with 0 failures (0 unexpected) in 0.024 (0.024) seconds
2026-10-07T16:01:55.1755582Z Test Suite 'CapabilityABITests' started at 2026-10-07 16:01:54.968
2026-10-07T16:01:55.1756402Z Test Case 'CapabilityABITests.testAllValueKindsRoundTripWithoutCoercion' started at 2026-10-07 16:01:54.968
2026-10-07T16:01:55.1757444Z Test Case 'CapabilityABITests.testAllValueKindsRoundTripWithoutCoercion' passed (0.001 seconds)
2026-10-07T16:01:55.1758445Z Test Case 'CapabilityABITests.testArrayOrderAndOriginalUTF8Matter' started at 2026-10-07 16:01:54.969
2026-10-07T16:01:55.1760644Z Test Case 'CapabilityABITests.testArrayOrderAndOriginalUTF8Matter' passed (0.0 seconds)
2026-10-07T16:01:55.1761573Z Test Case 'CapabilityABITests.testCanonicalByteLimitIncludesHeaderAndFraming' started at 2026-10-07 16:01:54.969
2026-10-07T16:01:55.1762886Z Test Case 'CapabilityABITests.testCanonicalByteLimitIncludesHeaderAndFraming' passed (0.0 seconds)
2026-10-07T16:01:55.1764207Z Test Case 'CapabilityABITests.testCanonicalGoldenVectors' started at 2026-10-07 16:01:54.970
2026-10-07T16:01:55.1765200Z Test Case 'CapabilityABITests.testCanonicalGoldenVectors' passed (0.0 seconds)
2026-10-07T16:01:55.1766142Z Test Case 'CapabilityABITests.testClosedObjectSchemaValidatesNestedValues' started at 2026-10-07 16:01:54.970
2026-10-07T16:01:55.1767231Z Test Case 'CapabilityABITests.testClosedObjectSchemaValidatesNestedValues' passed (0.0 seconds)
2026-10-07T16:01:55.1768339Z Test Case 'CapabilityABITests.testClosedSchemaRejectsUnknownMissingAndWrongTypes' started at 2026-10-07 16:01:54.970
2026-10-07T16:01:55.1769660Z Test Case 'CapabilityABITests.testClosedSchemaRejectsUnknownMissingAndWrongTypes' passed (0.0 seconds)
2026-10-07T16:01:55.1771094Z Test Case 'CapabilityABITests.testContractAndValueCanonicalDomainsAreDifferent' started at 2026-10-07 16:01:54.971
2026-10-07T16:01:55.1772162Z Test Case 'CapabilityABITests.testContractAndValueCanonicalDomainsAreDifferent' passed (0.0 seconds)
2026-10-07T16:01:55.1773474Z Test Case 'CapabilityABITests.testContractBindsIdentitySchemaAndDeclaration' started at 2026-10-07 16:01:54.971
2026-10-07T16:01:55.1774828Z Test Case 'CapabilityABITests.testContractBindsIdentitySchemaAndDeclaration' passed (0.0 seconds)
2026-10-07T16:01:55.1775690Z Test Case 'CapabilityABITests.testDepthLimitIsExact' started at 2026-10-07 16:01:54.971
2026-10-07T16:01:55.1776255Z Test Case 'CapabilityABITests.testDepthLimitIsExact' passed (0.001 seconds)
2026-10-07T16:01:55.1776977Z Test Case 'CapabilityABITests.testDuplicateObjectKeysRejectedRatherThanOverwritten' started at 2026-10-07 16:01:54.972
2026-10-07T16:01:55.1777835Z Test Case 'CapabilityABITests.testDuplicateObjectKeysRejectedRatherThanOverwritten' passed (0.0 seconds)
2026-10-07T16:01:55.1778667Z Test Case 'CapabilityABITests.testEnumsAndInvalidSchemaDeclarationsFailClosed' started at 2026-10-07 16:01:54.972
2026-10-07T16:01:55.1779853Z Test Case 'CapabilityABITests.testEnumsAndInvalidSchemaDeclarationsFailClosed' passed (0.0 seconds)
2026-10-07T16:01:55.1780633Z Test Case 'CapabilityABITests.testInvalidContractIdentityRejected' started at 2026-10-07 16:01:54.973
2026-10-07T16:01:55.1781312Z Test Case 'CapabilityABITests.testInvalidContractIdentityRejected' passed (0.0 seconds)
2026-10-07T16:01:55.1781948Z Test Case 'CapabilityABITests.testInvalidLimitsFailClosed' started at 2026-10-07 16:01:54.973
2026-10-07T16:01:55.1782554Z Test Case 'CapabilityABITests.testInvalidLimitsFailClosed' passed (0.0 seconds)
2026-10-07T16:01:55.1783258Z Test Case 'CapabilityABITests.testLargeIntegerWireDoesNotUseFloatingPoint' started at 2026-10-07 16:01:54.973
2026-10-07T16:01:55.1784018Z Test Case 'CapabilityABITests.testLargeIntegerWireDoesNotUseFloatingPoint' passed (0.1 seconds)
2026-10-07T16:01:55.1784776Z Test Case 'CapabilityABITests.testLegacyAdapterNeverStringifiesRicherValues' started at 2026-10-07 16:01:55.073
2026-10-07T16:01:55.1785550Z Test Case 'CapabilityABITests.testLegacyAdapterNeverStringifiesRicherValues' passed (0.1 seconds)
2026-10-07T16:01:55.1786312Z Test Case 'CapabilityABITests.testLegacyStringsRoundTripAndNilIsPreserved' started at 2026-10-07 16:01:55.174
2026-10-07T16:01:55.1787056Z Test Case 'CapabilityABITests.testLegacyStringsRoundTripAndNilIsPreserved' passed (0.0 seconds)
2026-10-07T16:01:55.1787823Z Test Case 'CapabilityABITests.testLengthFramingPreventsConcatenationAmbiguity' started at 2026-10-07 16:01:55.174
2026-10-07T16:01:55.1788614Z Test Case 'CapabilityABITests.testLengthFramingPreventsConcatenationAmbiguity' passed (0.0 seconds)
2026-10-07T16:01:55.1789803Z Test Case 'CapabilityABITests.testNodeLimitCountsKeysAndValues' started at 2026-10-07 16:01:55.174
2026-10-07T16:01:55.1790465Z Test Case 'CapabilityABITests.testNodeLimitCountsKeysAndValues' passed (0.0 seconds)
2026-10-07T16:02:10.7933834Z Test Case 'CapabilityABITests.testNonfiniteNumbersRejectedEverywhere' started at 2026-10-07 16:01:55.175
2026-10-07T16:02:10.7935288Z Test Case 'CapabilityABITests.testNonfiniteNumbersRejectedEverywhere' passed (0.001 seconds)
2026-10-07T16:02:10.7936296Z Test Case 'CapabilityABITests.testNullableAndOptionalAreDifferent' started at 2026-10-07 16:01:55.176
2026-10-07T16:02:10.7937247Z Test Case 'CapabilityABITests.testNullableAndOptionalAreDifferent' passed (0.0 seconds)
2026-10-07T16:02:10.7938236Z Test Case 'CapabilityABITests.testObjectInsertionOrderDoesNotMatter' started at 2026-10-07 16:01:55.176
2026-10-07T16:02:10.7939694Z Test Case 'CapabilityABITests.testObjectInsertionOrderDoesNotMatter' passed (0.0 seconds)
2026-10-07T16:02:10.7941055Z Test Case 'CapabilityABITests.testSchemaSetOrderIsCanonical' started at 2026-10-07 16:01:55.176
2026-10-07T16:02:10.7941911Z Test Case 'CapabilityABITests.testSchemaSetOrderIsCanonical' passed (0.0 seconds)
2026-10-07T16:02:10.7942950Z Test Case 'CapabilityABITests.testStrictWireRejectsUnknownTrailingOrMalformedValues' started at 2026-10-07 16:01:55.177
2026-10-07T16:02:10.7944165Z Test Case 'CapabilityABITests.testStrictWireRejectsUnknownTrailingOrMalformedValues' passed (0.0 seconds)
2026-10-07T16:02:10.7945033Z Test Case 'CapabilityABITests.testTypesAndSignedZeroHaveDifferentCanonicalBytes' started at 2026-10-07 16:01:55.177
2026-10-07T16:02:10.7945876Z Test Case 'CapabilityABITests.testTypesAndSignedZeroHaveDifferentCanonicalBytes' passed (0.0 seconds)
2026-10-07T16:02:10.7946661Z Test Case 'CapabilityABITests.testUnknownArgumentSchemaIsNotUnrestricted' started at 2026-10-07 16:01:55.177
2026-10-07T16:02:10.7947408Z Test Case 'CapabilityABITests.testUnknownArgumentSchemaIsNotUnrestricted' passed (0.0 seconds)
2026-10-07T16:02:10.7948150Z Test Case 'CapabilityABITests.testWireByteLimitIsCheckedBeforeParsing' started at 2026-10-07 16:01:55.177
2026-10-07T16:02:10.7948861Z Test Case 'CapabilityABITests.testWireByteLimitIsCheckedBeforeParsing' passed (0.0 seconds)
2026-10-07T16:02:10.7949546Z Test Suite 'CapabilityABITests' passed at 2026-10-07 16:01:55.177
2026-10-07T16:02:10.7949984Z 	 Executed 26 tests, with 0 failures (0 unexpected) in 0.209 (0.209) seconds
2026-10-07T16:02:10.7950488Z Test Suite 'CapabilityAcquisitionLifecycleTests' started at 2026-10-07 16:01:55.177
2026-10-07T16:02:10.7951429Z Test Case 'CapabilityAcquisitionLifecycleTests.testRealProviderWithdrawalAndChangedReappearanceWithUnchangedConfiguration' started at 2026-10-07 16:01:55.177
2026-10-07T16:02:10.7952736Z Test Case 'CapabilityAcquisitionLifecycleTests.testRealProviderWithdrawalAndChangedReappearanceWithUnchangedConfiguration' passed (10.409 seconds)
2026-10-07T16:02:10.7953985Z Test Case 'CapabilityAcquisitionLifecycleTests.testUnchangedConfigurationDoesNotRetainWithdrawnProviderForever' started at 2026-10-07 16:02:05.587
2026-10-07T16:02:10.7955157Z Test Case 'CapabilityAcquisitionLifecycleTests.testUnchangedConfigurationDoesNotRetainWithdrawnProviderForever' passed (5.104 seconds)
2026-10-07T16:02:10.7955980Z Test Suite 'CapabilityAcquisitionLifecycleTests' passed at 2026-10-07 16:02:10.691
2026-10-07T16:02:10.7956480Z 	 Executed 2 tests, with 0 failures (0 unexpected) in 15.513 (15.513) seconds
2026-10-07T16:02:10.7956961Z Test Suite 'CapabilityArtifactResolverTests' started at 2026-10-07 16:02:10.691
2026-10-07T16:02:10.7957770Z Test Case 'CapabilityArtifactResolverTests.testConfiguredSourceCachesResolvedSnapshotWithinRefreshWindow' started at 2026-10-07 16:02:10.691
2026-10-07T16:02:10.7958840Z Test Case 'CapabilityArtifactResolverTests.testConfiguredSourceCachesResolvedSnapshotWithinRefreshWindow' passed (0.001 seconds)
2026-10-07T16:02:10.7960071Z Test Case 'CapabilityArtifactResolverTests.testConfiguredSourceComposesDifferentSubstratesIntoOneEngine' started at 2026-10-07 16:02:10.691
2026-10-07T16:02:10.7961361Z Test Case 'CapabilityArtifactResolverTests.testConfiguredSourceComposesDifferentSubstratesIntoOneEngine' passed (0.0 seconds)
2026-10-07T16:02:10.7962414Z Test Case 'CapabilityArtifactResolverTests.testConfiguredSourceDropsAmbiguousDuplicateReflectorIdentity' started at 2026-10-07 16:02:10.692
2026-10-07T16:02:10.7963571Z Test Case 'CapabilityArtifactResolverTests.testConfiguredSourceDropsAmbiguousDuplicateReflectorIdentity' passed (0.0 seconds)
2026-10-07T16:02:10.7964558Z Test Case 'CapabilityArtifactResolverTests.testDefaultRegistryAdvertisesGenericSubstrates' started at 2026-10-07 16:02:10.692
2026-10-07T16:02:10.7965467Z Test Case 'CapabilityArtifactResolverTests.testDefaultRegistryAdvertisesGenericSubstrates' passed (0.0 seconds)
2026-10-07T16:02:10.7966368Z Test Case 'CapabilityArtifactResolverTests.testDuplicateConfiguredDescriptorIDsFailClosed' started at 2026-10-07 16:02:10.692
2026-10-07T16:02:10.7967291Z Test Case 'CapabilityArtifactResolverTests.testDuplicateConfiguredDescriptorIDsFailClosed' passed (0.1 seconds)
2026-10-07T16:02:10.7968156Z Test Case 'CapabilityArtifactResolverTests.testDuplicateResolverKindFailsClosed' started at 2026-10-07 16:02:10.793
2026-10-07T16:02:11.0042587Z Test Case 'CapabilityArtifactResolverTests.testDuplicateResolverKindFailsClosed' passed (0.0 seconds)
2026-10-07T16:02:11.0044198Z Test Case 'CapabilityArtifactResolverTests.testPlainGRPCIsLoopbackOnly' started at 2026-10-07 16:02:10.793
2026-10-07T16:02:11.0045637Z Test Case 'CapabilityArtifactResolverTests.testPlainGRPCIsLoopbackOnly' passed (0.0 seconds)
2026-10-07T16:02:11.0047192Z Test Case 'CapabilityArtifactResolverTests.testPlainHTTPIsLoopbackOnly' started at 2026-10-07 16:02:10.793
2026-10-07T16:02:11.0048303Z Test Case 'CapabilityArtifactResolverTests.testPlainHTTPIsLoopbackOnly' passed (0.101 seconds)
2026-10-07T16:02:11.0049436Z Test Case 'CapabilityArtifactResolverTests.testRegistryAcceptsOpaqueARDURNIdentity' started at 2026-10-07 16:02:10.894
2026-10-07T16:02:11.0050337Z Test Case 'CapabilityArtifactResolverTests.testRegistryAcceptsOpaqueARDURNIdentity' passed (0.0 seconds)
2026-10-07T16:02:11.0051172Z Test Case 'CapabilityArtifactResolverTests.testRegistryRoutesByNormalizedKind' started at 2026-10-07 16:02:10.894
2026-10-07T16:02:11.0052473Z Test Case 'CapabilityArtifactResolverTests.testRegistryRoutesByNormalizedKind' passed (0.0 seconds)
2026-10-07T16:02:11.0053206Z Test Suite 'CapabilityArtifactResolverTests' passed at 2026-10-07 16:02:10.894
2026-10-07T16:02:11.0053962Z 	 Executed 10 tests, with 0 failures (0 unexpected) in 0.203 (0.203) seconds
2026-10-07T16:02:11.0054603Z Test Suite 'CapabilityExperienceLedgerTests' started at 2026-10-07 16:02:10.894
2026-10-07T16:02:11.0055393Z Test Case 'CapabilityExperienceLedgerTests.testAcceptanceRemainsUnverified' started at 2026-10-07 16:02:10.894
2026-10-07T16:02:11.0056180Z Test Case 'CapabilityExperienceLedgerTests.testAcceptanceRemainsUnverified' passed (0.0 seconds)
2026-10-07T16:02:11.0057021Z Test Case 'CapabilityExperienceLedgerTests.testCapacityEvictsOldestAndPreservesNewest' started at 2026-10-07 16:02:10.894
2026-10-07T16:02:11.0058028Z Test Case 'CapabilityExperienceLedgerTests.testCapacityEvictsOldestAndPreservesNewest' passed (0.001 seconds)
2026-10-07T16:02:11.0059318Z Test Case 'CapabilityExperienceLedgerTests.testCorruptDataIsRejectedNotSilentlyOverwritten' started at 2026-10-07 16:02:10.895
2026-10-07T16:02:11.0060477Z Test Case 'CapabilityExperienceLedgerTests.testCorruptDataIsRejectedNotSilentlyOverwritten' passed (0.002 seconds)
2026-10-07T16:02:11.0061372Z Test Case 'CapabilityExperienceLedgerTests.testDuplicateExecutionIsNotDoubleCounted' started at 2026-10-07 16:02:10.897
2026-10-07T16:02:11.0062226Z Test Case 'CapabilityExperienceLedgerTests.testDuplicateExecutionIsNotDoubleCounted' passed (0.1 seconds)
2026-10-07T16:02:11.0063052Z Test Case 'CapabilityExperienceLedgerTests.testEmptyLedgerHasNoLearnedEvidence' started at 2026-10-07 16:02:10.997
2026-10-07T16:02:11.0064118Z Test Case 'CapabilityExperienceLedgerTests.testEmptyLedgerHasNoLearnedEvidence' passed (0.0 seconds)
2026-10-07T16:02:11.0065107Z Test Case 'CapabilityExperienceLedgerTests.testExecutionCannotBeReboundToChangedContract' started at 2026-10-07 16:02:10.997
2026-10-07T16:02:11.0066361Z Test Case 'CapabilityExperienceLedgerTests.testExecutionCannotBeReboundToChangedContract' passed (0.0 seconds)
2026-10-07T16:02:11.0067650Z Test Case 'CapabilityExperienceLedgerTests.testExpiryDoesNotRefreshOnReadOrRepeatedCallback' started at 2026-10-07 16:02:10.998
2026-10-07T16:02:11.0069320Z Test Case 'CapabilityExperienceLedgerTests.testExpiryDoesNotRefreshOnReadOrRepeatedCallback' passed (0.0 seconds)
2026-10-07T16:02:11.0070205Z Test Case 'CapabilityExperienceLedgerTests.testForgetAllPersists' started at 2026-10-07 16:02:10.998
2026-10-07T16:02:11.0070891Z Test Case 'CapabilityExperienceLedgerTests.testForgetAllPersists' passed (0.004 seconds)
2026-10-07T16:02:11.0071849Z Test Case 'CapabilityExperienceLedgerTests.testFutureDatedEvidenceIsNotReusedAfterClockRollback' started at 2026-10-07 16:02:11.002
2026-10-07T16:02:11.0073042Z Test Case 'CapabilityExperienceLedgerTests.testFutureDatedEvidenceIsNotReusedAfterClockRollback' passed (0.0 seconds)
2026-10-07T16:02:11.0074075Z Test Case 'CapabilityExperienceLedgerTests.testHardLinkedFileIsRejected' started at 2026-10-07 16:02:11.002
2026-10-07T16:02:11.0074837Z Test Case 'CapabilityExperienceLedgerTests.testHardLinkedFileIsRejected' passed (0.001 seconds)
2026-10-07T16:02:11.0075679Z Test Case 'CapabilityExperienceLedgerTests.testHeldProcessLockFailsPromptlyInsteadOfHanging' started at 2026-10-07 16:02:11.003
2026-10-07T16:02:11.0076612Z Test Case 'CapabilityExperienceLedgerTests.testHeldProcessLockFailsPromptlyInsteadOfHanging' passed (0.0 seconds)
2026-10-07T16:02:11.0077514Z Test Case 'CapabilityExperienceLedgerTests.testInvalidKeysAndBoundsAreRejected' started at 2026-10-07 16:02:11.003
2026-10-07T16:02:11.0078713Z Test Case 'CapabilityExperienceLedgerTests.testInvalidKeysAndBoundsAreRejected' passed (0.0 seconds)
2026-10-07T16:02:11.0080096Z Test Case 'CapabilityExperienceLedgerTests.testLateAcceptanceDoesNotEraseFailure' started at 2026-10-07 16:02:11.004
2026-10-07T16:02:11.0081266Z Test Case 'CapabilityExperienceLedgerTests.testLateAcceptanceDoesNotEraseFailure' passed (0.0 seconds)
2026-10-07T16:02:11.0216240Z Test Case 'CapabilityExperienceLedgerTests.testLateAcceptanceDoesNotEraseVerification' started at 2026-10-07 16:02:11.004
2026-10-07T16:02:11.0218037Z Test Case 'CapabilityExperienceLedgerTests.testLateAcceptanceDoesNotEraseVerification' passed (0.0 seconds)
2026-10-07T16:02:11.0219957Z Test Case 'CapabilityExperienceLedgerTests.testOversizedDataIsRejected' started at 2026-10-07 16:02:11.004
2026-10-07T16:02:11.0220755Z Test Case 'CapabilityExperienceLedgerTests.testOversizedDataIsRejected' passed (0.002 seconds)
2026-10-07T16:02:11.0221891Z Test Case 'CapabilityExperienceLedgerTests.testPersistedSchemaHasOnlyAllowlistedFields' started at 2026-10-07 16:02:11.006
2026-10-07T16:02:11.0223043Z Test Case 'CapabilityExperienceLedgerTests.testPersistedSchemaHasOnlyAllowlistedFields' passed (0.001 seconds)
2026-10-07T16:02:11.0224298Z Test Case 'CapabilityExperienceLedgerTests.testPersistenceSurvivesNewInstance' started at 2026-10-07 16:02:11.007
2026-10-07T16:02:11.0225772Z Test Case 'CapabilityExperienceLedgerTests.testPersistenceSurvivesNewInstance' passed (0.001 seconds)
2026-10-07T16:02:11.0227414Z Test Case 'CapabilityExperienceLedgerTests.testPrivateFilePermissions' started at 2026-10-07 16:02:11.009
2026-10-07T16:02:11.0228876Z Test Case 'CapabilityExperienceLedgerTests.testPrivateFilePermissions' passed (0.001 seconds)
2026-10-07T16:02:11.0230939Z Test Case 'CapabilityExperienceLedgerTests.testSymlinkDataAndLockFilesAreRejectedWithoutChangingTarget' started at 2026-10-07 16:02:11.010
2026-10-07T16:02:11.0233072Z Test Case 'CapabilityExperienceLedgerTests.testSymlinkDataAndLockFilesAreRejectedWithoutChangingTarget' passed (0.002 seconds)
2026-10-07T16:02:11.0235207Z Test Case 'CapabilityExperienceLedgerTests.testSymlinkDirectoryIsRejected' started at 2026-10-07 16:02:11.012
2026-10-07T16:02:11.0236714Z Test Case 'CapabilityExperienceLedgerTests.testSymlinkDirectoryIsRejected' passed (0.0 seconds)
2026-10-07T16:02:11.0238439Z Test Case 'CapabilityExperienceLedgerTests.testTwoInstancesDoNotOverwriteEachOthersEvidence' started at 2026-10-07 16:02:11.012
2026-10-07T16:02:11.0240828Z Test Case 'CapabilityExperienceLedgerTests.testTwoInstancesDoNotOverwriteEachOthersEvidence' passed (0.002 seconds)
2026-10-07T16:02:11.0242806Z Test Case 'CapabilityExperienceLedgerTests.testUnknownVersionAndDuplicateExecutionIDsAreRejected' started at 2026-10-07 16:02:11.015
2026-10-07T16:02:11.0244830Z Test Case 'CapabilityExperienceLedgerTests.testUnknownVersionAndDuplicateExecutionIDsAreRejected' passed (0.003 seconds)
2026-10-07T16:02:11.0246732Z Test Case 'CapabilityExperienceLedgerTests.testUnsafeDirectoryPermissionsAreRejected' started at 2026-10-07 16:02:11.017
2026-10-07T16:02:11.0248125Z Test Case 'CapabilityExperienceLedgerTests.testUnsafeDirectoryPermissionsAreRejected' passed (0.0 seconds)
2026-10-07T16:02:11.0249425Z Test Case 'CapabilityExperienceLedgerTests.testVerificationReplacesAcceptanceRatherThanAddingSuccess' started at 2026-10-07 16:02:11.017
2026-10-07T16:02:11.0250502Z Test Case 'CapabilityExperienceLedgerTests.testVerificationReplacesAcceptanceRatherThanAddingSuccess' passed (0.0 seconds)
2026-10-07T16:02:11.0251280Z Test Suite 'CapabilityExperienceLedgerTests' passed at 2026-10-07 16:02:11.018
2026-10-07T16:02:11.0251784Z 	 Executed 24 tests, with 0 failures (0 unexpected) in 0.123 (0.123) seconds
2026-10-07T16:02:11.0252255Z Test Suite 'CapabilityExperienceTests' started at 2026-10-07 16:02:11.018
2026-10-07T16:02:11.0252987Z Test Case 'CapabilityExperienceTests.testContractKeyChangesWithAuthoritySchemaRouteAndPolicy' started at 2026-10-07 16:02:11.018
2026-10-07T16:02:11.0253946Z Test Case 'CapabilityExperienceTests.testContractKeyChangesWithAuthoritySchemaRouteAndPolicy' passed (0.001 seconds)
2026-10-07T16:02:11.0254806Z Test Case 'CapabilityExperienceTests.testDisabledExperienceDoesNotAddHints' started at 2026-10-07 16:02:11.019
2026-10-07T16:02:11.0255582Z Test Case 'CapabilityExperienceTests.testDisabledExperienceDoesNotAddHints' passed (0.001 seconds)
2026-10-07T16:02:11.0256496Z Test Case 'CapabilityExperienceTests.testEmptyFailedOrUnevaluatedPredicatesNeverTeachVerifiedSuccess' started at 2026-10-07 16:02:11.019
2026-10-07T16:02:11.0257587Z Test Case 'CapabilityExperienceTests.testEmptyFailedOrUnevaluatedPredicatesNeverTeachVerifiedSuccess' passed (0.001 seconds)
2026-10-07T16:02:11.0258538Z Test Case 'CapabilityExperienceTests.testGatedAndMismatchedResultsAreNotRecorded' started at 2026-10-07 16:02:11.020
2026-10-07T16:02:11.0259618Z Test Case 'CapabilityExperienceTests.testGatedAndMismatchedResultsAreNotRecorded' passed (0.001 seconds)
2026-10-07T16:02:11.0260397Z Test Case 'CapabilityExperienceTests.testNamespaceSeparatesExperience' started at 2026-10-07 16:02:11.021
2026-10-07T16:02:11.0261112Z Test Case 'CapabilityExperienceTests.testNamespaceSeparatesExperience' passed (0.001 seconds)
2026-10-07T16:02:11.0261864Z Test Case 'CapabilityExperienceTests.testNoCapabilitiesAreResurrectedByRecall' started at 2026-10-07 16:02:11.021
2026-10-07T16:02:11.0262648Z Test Case 'CapabilityExperienceTests.testNoCapabilitiesAreResurrectedByRecall' passed (0.0 seconds)
2026-10-07T16:02:11.2166933Z Test Case 'CapabilityExperienceTests.testOnlyFingerprintsAndOutcomesPersistNotUserData' started at 2026-10-07 16:02:11.021
2026-10-07T16:02:11.2168789Z Test Case 'CapabilityExperienceTests.testOnlyFingerprintsAndOutcomesPersistNotUserData' passed (0.002 seconds)
2026-10-07T16:02:11.2170759Z Test Case 'CapabilityExperienceTests.testProviderCannotForgeExperienceMetadata' started at 2026-10-07 16:02:11.023
2026-10-07T16:02:11.2172371Z Test Case 'CapabilityExperienceTests.testProviderCannotForgeExperienceMetadata' passed (0.001 seconds)
2026-10-07T16:02:11.2174654Z Test Case 'CapabilityExperienceTests.testProviderExperienceKeysCannotBlockFreshDispatchOrForgeHints' started at 2026-10-07 16:02:11.024
2026-10-07T16:02:11.2176797Z Test Case 'CapabilityExperienceTests.testProviderExperienceKeysCannotBlockFreshDispatchOrForgeHints' passed (0.001 seconds)
2026-10-07T16:02:11.2178742Z Test Case 'CapabilityExperienceTests.testRemovalSchemaDriftAndRevokedAuthorityRemainEnforced' started at 2026-10-07 16:02:11.025
2026-10-07T16:02:11.2181191Z Test Case 'CapabilityExperienceTests.testRemovalSchemaDriftAndRevokedAuthorityRemainEnforced' passed (0.102 seconds)
2026-10-07T16:02:11.2183089Z Test Case 'CapabilityExperienceTests.testRepeatedRunAndBeginRemainUsableWithAdvisoryHistory' started at 2026-10-07 16:02:11.127
2026-10-07T16:02:11.2184931Z Test Case 'CapabilityExperienceTests.testRepeatedRunAndBeginRemainUsableWithAdvisoryHistory' passed (0.004 seconds)
2026-10-07T16:02:11.2187015Z Test Case 'CapabilityExperienceTests.testRuntimeBeginLearnsVerifiedPredicatesButNextRunIsNotVerifiedByHistory' started at 2026-10-07 16:02:11.130
2026-10-07T16:02:11.2189538Z Test Case 'CapabilityExperienceTests.testRuntimeBeginLearnsVerifiedPredicatesButNextRunIsNotVerifiedByHistory' passed (0.001 seconds)
2026-10-07T16:02:11.2191667Z Test Case 'CapabilityExperienceTests.testRuntimeRunLearnsAcceptanceWithoutSkippingConfirmation' started at 2026-10-07 16:02:11.131
2026-10-07T16:02:11.2193595Z Test Case 'CapabilityExperienceTests.testRuntimeRunLearnsAcceptanceWithoutSkippingConfirmation' passed (0.001 seconds)
2026-10-07T16:02:11.2195342Z Test Case 'CapabilityExperienceTests.testRuntimeRunLearnsGenericVerification' started at 2026-10-07 16:02:11.132
2026-10-07T16:02:11.2196861Z Test Case 'CapabilityExperienceTests.testRuntimeRunLearnsGenericVerification' passed (0.001 seconds)
2026-10-07T16:02:11.2198524Z Test Case 'CapabilityExperienceTests.testVerifiedBooleanAloneNeverTeachesVerifiedSuccess' started at 2026-10-07 16:02:11.133
2026-10-07T16:02:11.2200574Z Test Case 'CapabilityExperienceTests.testVerifiedBooleanAloneNeverTeachesVerifiedSuccess' passed (0.0 seconds)
2026-10-07T16:02:11.2201885Z Test Suite 'CapabilityExperienceTests' passed at 2026-10-07 16:02:11.133
2026-10-07T16:02:11.2202737Z 	 Executed 15 tests, with 0 failures (0 unexpected) in 0.116 (0.116) seconds
2026-10-07T16:02:11.2203598Z Test Suite 'CapabilityInterfaceTests' started at 2026-10-07 16:02:11.133
2026-10-07T16:02:11.2204867Z Test Case 'CapabilityInterfaceTests.testBoundedExecutorAbstainsForOfflineTool' started at 2026-10-07 16:02:11.133
2026-10-07T16:02:11.2206448Z Test Case 'CapabilityInterfaceTests.testBoundedExecutorAbstainsForOfflineTool' passed (0.0 seconds)
2026-10-07T16:02:11.2208331Z Test Case 'CapabilityInterfaceTests.testBoundedExecutorRejectsInvalidLimitsAndEnforcesMonotonicDeadline' started at 2026-10-07 16:02:11.134
2026-10-07T16:02:11.2210573Z Test Case 'CapabilityInterfaceTests.testBoundedExecutorRejectsInvalidLimitsAndEnforcesMonotonicDeadline' passed (0.073 seconds)
2026-10-07T16:02:11.2211662Z Test Case 'CapabilityInterfaceTests.testBoundedExecutorUsesBoundedStdinWithoutShellInterpolation' started at 2026-10-07 16:02:11.206
2026-10-07T16:02:11.2213054Z Test Case 'CapabilityInterfaceTests.testBoundedExecutorUsesBoundedStdinWithoutShellInterpolation' passed (0.006 seconds)
2026-10-07T16:02:11.2214367Z Test Case 'CapabilityInterfaceTests.testCompilerSelectedObserverReachesDefaultSharedHostAndCannotIgnoreCallerConstraint' started at 2026-10-07 16:02:11.212
2026-10-07T16:02:11.2216983Z Test Case 'CapabilityInterfaceTests.testCompilerSelectedObserverReachesDefaultSharedHostAndCannotIgnoreCallerConstraint' passed (0.003 seconds)
2026-10-07T16:02:11.2219258Z Test Case 'CapabilityInterfaceTests.testDuplicateInterfaceNamesFailClosed' started at 2026-10-07 16:02:11.216
2026-10-07T16:02:11.2220769Z Test Case 'CapabilityInterfaceTests.testDuplicateInterfaceNamesFailClosed' passed (0.0 seconds)
2026-10-07T16:02:11.2221749Z Test Case 'CapabilityInterfaceTests.testImporterPreservesTypedResultAndDoesNotCoerceLegacyStrings' started at 2026-10-07 16:02:11.216
2026-10-07T16:02:11.2223270Z Test Case 'CapabilityInterfaceTests.testImporterPreservesTypedResultAndDoesNotCoerceLegacyStrings' passed (0.0 seconds)
2026-10-07T16:02:11.2225099Z Test Case 'CapabilityInterfaceTests.testImporterRejectsUnsupportedConstraintsAndOpenObjects' started at 2026-10-07 16:02:11.216
2026-10-07T16:02:11.2340061Z Test Case 'CapabilityInterfaceTests.testImporterRejectsUnsupportedConstraintsAndOpenObjects' passed (0.0 seconds)
2026-10-07T16:02:11.2341722Z Test Case 'CapabilityInterfaceTests.testPreflightReturnCannotClaimConsumedLeaseOrSemanticSuccess' started at 2026-10-07 16:02:11.216
2026-10-07T16:02:11.2343605Z Test Case 'CapabilityInterfaceTests.testPreflightReturnCannotClaimConsumedLeaseOrSemanticSuccess' passed (0.004 seconds)
2026-10-07T16:02:11.2345806Z Test Case 'CapabilityInterfaceTests.testPrivateSnapshotDoesNotFollowSourceReplacementAndWithdrawsStaleIdentity' started at 2026-10-07 16:02:11.221
2026-10-07T16:02:11.2347969Z Test Case 'CapabilityInterfaceTests.testPrivateSnapshotDoesNotFollowSourceReplacementAndWithdrawsStaleIdentity' passed (0.003 seconds)
2026-10-07T16:02:11.2350319Z Test Case 'CapabilityInterfaceTests.testProtectedReferenceRejectsReadableAndSymlinkedCredentialFiles' started at 2026-10-07 16:02:11.223
2026-10-07T16:02:11.2351845Z Test Case 'CapabilityInterfaceTests.testProtectedReferenceRejectsReadableAndSymlinkedCredentialFiles' passed (0.001 seconds)
2026-10-07T16:02:11.2353492Z Test Case 'CapabilityInterfaceTests.testRealWASMComponentWhenProvisioned' started at 2026-10-07 16:02:11.224
2026-10-07T16:02:11.2355289Z /__w/rightclick/rightclick/Tests/RightClickCoreTests/CapabilityInterfaceTests.swift:192: CapabilityInterfaceTests.testRealWASMComponentWhenProvisioned : Test skipped - Real component toolchain not provisioned; no WASM GREEN claimed by this skip.
2026-10-07T16:02:11.2357595Z Test Case 'CapabilityInterfaceTests.testRealWASMComponentWhenProvisioned' skipped (0.0 seconds)
2026-10-07T16:02:11.2358710Z Test Case 'CapabilityInterfaceTests.testSharedHostPreservesAcceptedVersusVerifiedAndExactPolicyDenial' started at 2026-10-07 16:02:11.224
2026-10-07T16:02:11.2360084Z Test Case 'CapabilityInterfaceTests.testSharedHostPreservesAcceptedVersusVerifiedAndExactPolicyDenial' passed (0.006 seconds)
2026-10-07T16:02:11.2361122Z Test Case 'CapabilityInterfaceTests.testTypedBridgeRejectsOutOfRangeIntegersAndDeepValues' started at 2026-10-07 16:02:11.230
2026-10-07T16:02:11.2362077Z Test Case 'CapabilityInterfaceTests.testTypedBridgeRejectsOutOfRangeIntegersAndDeepValues' passed (0.001 seconds)
2026-10-07T16:02:11.2363059Z Test Case 'CapabilityInterfaceTests.testWASMSourceReplacementCannotExecuteNewBytesUnderOldCapability' started at 2026-10-07 16:02:11.231
2026-10-07T16:02:11.2364622Z /__w/rightclick/rightclick/Tests/RightClickCoreTests/CapabilityInterfaceTests.swift:162: CapabilityInterfaceTests.testWASMSourceReplacementCannotExecuteNewBytesUnderOldCapability : Test skipped - Real component not provisioned; no source-race GREEN claimed by this skip.
2026-10-07T16:02:11.2366148Z Test Case 'CapabilityInterfaceTests.testWASMSourceReplacementCannotExecuteNewBytesUnderOldCapability' skipped (0.0 seconds)
2026-10-07T16:02:11.2366878Z Test Suite 'CapabilityInterfaceTests' passed at 2026-10-07 16:02:11.231
2026-10-07T16:02:11.2367406Z 	 Executed 14 tests, with 2 tests skipped and 0 failures (0 unexpected) in 0.098 (0.098) seconds
2026-10-07T16:02:11.2367975Z Test Suite 'CapabilityReflectorSourceTests' started at 2026-10-07 16:02:11.231
2026-10-07T16:02:11.2369480Z Test Case 'CapabilityReflectorSourceTests.testDynamicSourceStillUsesReflectorOwnershipForExecution' started at 2026-10-07 16:02:11.231
2026-10-07T16:02:11.2370759Z Test Case 'CapabilityReflectorSourceTests.testDynamicSourceStillUsesReflectorOwnershipForExecution' passed (0.001 seconds)
2026-10-07T16:02:11.2371715Z Test Case 'CapabilityReflectorSourceTests.testDynamicSourceUsesExistingGenericVerifier' started at 2026-10-07 16:02:11.232
2026-10-07T16:02:11.2372620Z Test Case 'CapabilityReflectorSourceTests.testDynamicSourceUsesExistingGenericVerifier' passed (0.0 seconds)
2026-10-07T16:02:11.2373714Z Test Case 'CapabilityReflectorSourceTests.testSameEngineGainsAndLosesDynamicReflector' started at 2026-10-07 16:02:11.233
2026-10-07T16:02:11.2374586Z Test Case 'CapabilityReflectorSourceTests.testSameEngineGainsAndLosesDynamicReflector' passed (0.0 seconds)
2026-10-07T16:02:11.2375258Z Test Suite 'CapabilityReflectorSourceTests' passed at 2026-10-07 16:02:11.233
2026-10-07T16:02:11.2375855Z 	 Executed 3 tests, with 0 failures (0 unexpected) in 0.001 (0.001) seconds
2026-10-07T16:02:11.2376347Z Test Suite 'CapabilityRuntimeDefaultsTests' started at 2026-10-07 16:02:11.233
2026-10-07T16:02:11.2377126Z Test Case 'CapabilityRuntimeDefaultsTests.testDefaultSourceRegistryContainsDynamicProtocolSources' started at 2026-10-07 16:02:11.233
2026-10-07T16:02:11.2378128Z Test Case 'CapabilityRuntimeDefaultsTests.testDefaultSourceRegistryContainsDynamicProtocolSources' passed (0.0 seconds)
2026-10-07T16:02:11.2379235Z Test Case 'CapabilityRuntimeDefaultsTests.testRuntimeDefaultsConsumeLiveSuppliedSource' started at 2026-10-07 16:02:11.233
2026-10-07T16:02:11.2380589Z Test Case 'CapabilityRuntimeDefaultsTests.testRuntimeDefaultsConsumeLiveSuppliedSource' passed (0.0 seconds)
2026-10-07T16:02:11.2381275Z Test Suite 'CapabilityRuntimeDefaultsTests' passed at 2026-10-07 16:02:11.234
2026-10-07T16:02:11.2425643Z 	 Executed 2 tests, with 0 failures (0 unexpected) in 0.001 (0.001) seconds
2026-10-07T16:02:11.2426564Z Test Suite 'CapabilitySnapshotBoundaryTests' started at 2026-10-07 16:02:11.234
2026-10-07T16:02:11.2428216Z Test Case 'CapabilitySnapshotBoundaryTests.testConcurrentObserversShareOneAcquisition' started at 2026-10-07 16:02:11.234
2026-10-07T16:02:11.2429969Z Test Case 'CapabilitySnapshotBoundaryTests.testConcurrentObserversShareOneAcquisition' passed (0.001 seconds)
2026-10-07T16:02:11.2431829Z Test Case 'CapabilitySnapshotBoundaryTests.testEngineRefreshInvalidatesGenericSourcesWithoutNewOperations' started at 2026-10-07 16:02:11.234
2026-10-07T16:02:11.2433632Z Test Case 'CapabilitySnapshotBoundaryTests.testEngineRefreshInvalidatesGenericSourcesWithoutNewOperations' passed (0.0 seconds)
2026-10-07T16:02:11.2435427Z Test Case 'CapabilitySnapshotBoundaryTests.testExpiryWithdrawsProviderAndAllowsChangedReappearance' started at 2026-10-07 16:02:11.234
2026-10-07T16:02:11.2437143Z Test Case 'CapabilitySnapshotBoundaryTests.testExpiryWithdrawsProviderAndAllowsChangedReappearance' passed (0.0 seconds)
2026-10-07T16:02:11.2439041Z Test Case 'CapabilitySnapshotBoundaryTests.testHostCannotRaiseSnapshotLifetimeAboveFiveMinutes' started at 2026-10-07 16:02:11.235
2026-10-07T16:02:11.2440723Z Test Case 'CapabilitySnapshotBoundaryTests.testHostCannotRaiseSnapshotLifetimeAboveFiveMinutes' passed (0.0 seconds)
2026-10-07T16:02:11.2442445Z Test Case 'CapabilitySnapshotBoundaryTests.testInvalidTimesAndLifetimesNeverCreateImmortalSnapshots' started at 2026-10-07 16:02:11.235
2026-10-07T16:02:11.2444066Z Test Case 'CapabilitySnapshotBoundaryTests.testInvalidTimesAndLifetimesNeverCreateImmortalSnapshots' passed (0.0 seconds)
2026-10-07T16:02:11.2445799Z Test Case 'CapabilitySnapshotBoundaryTests.testInvalidationCannotBeOverwrittenByAnInFlightAcquisition' started at 2026-10-07 16:02:11.235
2026-10-07T16:02:11.2447439Z Test Case 'CapabilitySnapshotBoundaryTests.testInvalidationCannotBeOverwrittenByAnInFlightAcquisition' passed (0.0 seconds)
2026-10-07T16:02:11.2449175Z Test Case 'CapabilitySnapshotBoundaryTests.testRegressedClockCannotExtendOldSnapshot' started at 2026-10-07 16:02:11.236
2026-10-07T16:02:11.2450711Z Test Case 'CapabilitySnapshotBoundaryTests.testRegressedClockCannotExtendOldSnapshot' passed (0.0 seconds)
2026-10-07T16:02:11.2451876Z Test Suite 'CapabilitySnapshotBoundaryTests' passed at 2026-10-07 16:02:11.236
2026-10-07T16:02:11.2452929Z 	 Executed 7 tests, with 0 failures (0 unexpected) in 0.002 (0.002) seconds
2026-10-07T16:02:11.2453994Z Test Suite 'CapabilityStringConstraintTests' started at 2026-10-07 16:02:11.236
2026-10-07T16:02:11.2455304Z Test Case 'CapabilityStringConstraintTests.testActualChallengeDeclarationAcceptsExactBoundsAndCharacterSet' started at 2026-10-07 16:02:11.236
2026-10-07T16:02:11.2456420Z Test Case 'CapabilityStringConstraintTests.testActualChallengeDeclarationAcceptsExactBoundsAndCharacterSet' passed (0.001 seconds)
2026-10-07T16:02:11.2457628Z Test Case 'CapabilityStringConstraintTests.testChangingBoundOrCharacterSetChangesContractIdentity' started at 2026-10-07 16:02:11.237
2026-10-07T16:02:11.2458733Z Test Case 'CapabilityStringConstraintTests.testChangingBoundOrCharacterSetChangesContractIdentity' passed (0.001 seconds)
2026-10-07T16:02:11.2460545Z Test Case 'CapabilityStringConstraintTests.testEquivalentCharacterClassesAndEnumOrderHaveCanonicalIdentity' started at 2026-10-07 16:02:11.238
2026-10-07T16:02:11.2461659Z Test Case 'CapabilityStringConstraintTests.testEquivalentCharacterClassesAndEnumOrderHaveCanonicalIdentity' passed (0.001 seconds)
2026-10-07T16:02:11.2462705Z Test Case 'CapabilityStringConstraintTests.testLengthUsesUnicodeScalarsRatherThanGraphemesOrBytes' started at 2026-10-07 16:02:11.239
2026-10-07T16:02:11.2463707Z Test Case 'CapabilityStringConstraintTests.testLengthUsesUnicodeScalarsRatherThanGraphemesOrBytes' passed (0.0 seconds)
2026-10-07T16:02:11.2464657Z Test Case 'CapabilityStringConstraintTests.testMalformedLengthsAndEmptyIntersectionAbstain' started at 2026-10-07 16:02:11.239
2026-10-07T16:02:11.2465945Z Test Case 'CapabilityStringConstraintTests.testMalformedLengthsAndEmptyIntersectionAbstain' passed (0.001 seconds)
2026-10-07T16:02:11.2466949Z Test Case 'CapabilityStringConstraintTests.testNestedImportKeepsRequiredClosedObjectAndStringConstraint' started at 2026-10-07 16:02:11.239
2026-10-07T16:02:11.2468009Z Test Case 'CapabilityStringConstraintTests.testNestedImportKeepsRequiredClosedObjectAndStringConstraint' passed (0.001 seconds)
2026-10-07T16:02:11.2470060Z Test Case 'CapabilityStringConstraintTests.testOpenAPIOmitsUnsupportedPatternRatherThanErasingIt' started at 2026-10-07 16:02:11.240
2026-10-07T16:02:11.2471074Z Test Case 'CapabilityStringConstraintTests.testOpenAPIOmitsUnsupportedPatternRatherThanErasingIt' passed (0.001 seconds)
2026-10-07T16:02:11.2472131Z Test Case 'CapabilityStringConstraintTests.testOpenAPIPreservesActualProviderPatternInDiscoveredContract' started at 2026-10-07 16:02:11.241
2026-10-07T16:02:11.4694238Z Test Case 'CapabilityStringConstraintTests.testOpenAPIPreservesActualProviderPatternInDiscoveredContract' passed (0.001 seconds)
2026-10-07T16:02:11.4696579Z Test Case 'CapabilityStringConstraintTests.testOpenAPIRejectsInvalidValueBeforeTransport' started at 2026-10-07 16:02:11.242
2026-10-07T16:02:11.4698612Z Test Case 'CapabilityStringConstraintTests.testOpenAPIRejectsInvalidValueBeforeTransport' passed (0.004 seconds)
2026-10-07T16:02:11.4700176Z Test Case 'CapabilityStringConstraintTests.testPatternLengthAndEnumAreIntersectedWithoutWidening' started at 2026-10-07 16:02:11.246
2026-10-07T16:02:11.4701593Z Test Case 'CapabilityStringConstraintTests.testPatternLengthAndEnumAreIntersectedWithoutWidening' passed (0.001 seconds)
2026-10-07T16:02:11.4703071Z Test Case 'CapabilityStringConstraintTests.testUnsupportedRegexGrammarAndUnboundedRepetitionAbstain' started at 2026-10-07 16:02:11.247
2026-10-07T16:02:11.4704545Z Test Case 'CapabilityStringConstraintTests.testUnsupportedRegexGrammarAndUnboundedRepetitionAbstain' passed (0.0 seconds)
2026-10-07T16:02:11.4705873Z Test Case 'CapabilityStringConstraintTests.testZeroAndExactQuantifierRemainExact' started at 2026-10-07 16:02:11.247
2026-10-07T16:02:11.4707041Z Test Case 'CapabilityStringConstraintTests.testZeroAndExactQuantifierRemainExact' passed (0.0 seconds)
2026-10-07T16:02:11.4707853Z Test Suite 'CapabilityStringConstraintTests' passed at 2026-10-07 16:02:11.247
2026-10-07T16:02:11.4708355Z 	 Executed 12 tests, with 0 failures (0 unexpected) in 0.011 (0.011) seconds
2026-10-07T16:02:11.4709257Z Test Suite 'ConfiguredOpenAPISourceTests' started at 2026-10-07 16:02:11.247
2026-10-07T16:02:11.4710266Z Test Case 'ConfiguredOpenAPISourceTests.testCredentialLikeUnknownFieldFailsClosed' started at 2026-10-07 16:02:11.247
2026-10-07T16:02:11.4711405Z Test Case 'ConfiguredOpenAPISourceTests.testCredentialLikeUnknownFieldFailsClosed' passed (0.001 seconds)
2026-10-07T16:02:11.4712205Z Test Case 'ConfiguredOpenAPISourceTests.testDuplicateProviderIDsFailClosed' started at 2026-10-07 16:02:11.249
2026-10-07T16:02:11.4713102Z Test Case 'ConfiguredOpenAPISourceTests.testDuplicateProviderIDsFailClosed' passed (0.0 seconds)
2026-10-07T16:02:11.4714019Z Test Case 'ConfiguredOpenAPISourceTests.testLongLivedEngineObservesConfiguredAddReplaceAndRemove' started at 2026-10-07 16:02:11.249
2026-10-07T16:02:11.4715018Z Test Case 'ConfiguredOpenAPISourceTests.testLongLivedEngineObservesConfiguredAddReplaceAndRemove' passed (0.005 seconds)
2026-10-07T16:02:11.4716024Z Test Case 'ConfiguredOpenAPISourceTests.testMalformedConfigurationRemovesPreviouslyVisibleReflector' started at 2026-10-07 16:02:11.254
2026-10-07T16:02:11.4717054Z Test Case 'ConfiguredOpenAPISourceTests.testMalformedConfigurationRemovesPreviouslyVisibleReflector' passed (0.103 seconds)
2026-10-07T16:02:11.4718037Z Test Case 'ConfiguredOpenAPISourceTests.testRegistryRejectsNonHTTPSAndCredentialBearingURLs' started at 2026-10-07 16:02:11.358
2026-10-07T16:02:11.4719109Z Test Case 'ConfiguredOpenAPISourceTests.testRegistryRejectsNonHTTPSAndCredentialBearingURLs' passed (0.001 seconds)
2026-10-07T16:02:11.4720007Z Test Case 'ConfiguredOpenAPISourceTests.testRegistryWriteIsDeterministicAndPrivate' started at 2026-10-07 16:02:11.359
2026-10-07T16:02:11.4720860Z Test Case 'ConfiguredOpenAPISourceTests.testRegistryWriteIsDeterministicAndPrivate' passed (0.003 seconds)
2026-10-07T16:02:11.4721760Z Test Case 'ConfiguredOpenAPISourceTests.testUnchangedConfigurationDoesNotRefetchSpecification' started at 2026-10-07 16:02:11.361
2026-10-07T16:02:11.4722709Z Test Case 'ConfiguredOpenAPISourceTests.testUnchangedConfigurationDoesNotRefetchSpecification' passed (0.003 seconds)
2026-10-07T16:02:11.4723416Z Test Suite 'ConfiguredOpenAPISourceTests' passed at 2026-10-07 16:02:11.364
2026-10-07T16:02:11.4723885Z 	 Executed 7 tests, with 0 failures (0 unexpected) in 0.117 (0.117) seconds
2026-10-07T16:02:11.4724588Z Test Suite 'DispatchContractBindingTests' started at 2026-10-07 16:02:11.364
2026-10-07T16:02:11.4725769Z Test Case 'DispatchContractBindingTests.testChangedAuthorityOriginIsNotDispatched' started at 2026-10-07 16:02:11.364
2026-10-07T16:02:11.4726640Z Test Case 'DispatchContractBindingTests.testChangedAuthorityOriginIsNotDispatched' passed (0.001 seconds)
2026-10-07T16:02:11.4727442Z Test Case 'DispatchContractBindingTests.testChangedEndpointIsNotDispatched' started at 2026-10-07 16:02:11.365
2026-10-07T16:02:11.4728210Z Test Case 'DispatchContractBindingTests.testChangedEndpointIsNotDispatched' passed (0.001 seconds)
2026-10-07T16:02:11.4729208Z Test Case 'DispatchContractBindingTests.testChangedInvocationOrProviderIsNotDispatched' started at 2026-10-07 16:02:11.366
2026-10-07T16:02:11.4730108Z Test Case 'DispatchContractBindingTests.testChangedInvocationOrProviderIsNotDispatched' passed (0.001 seconds)
2026-10-07T16:02:11.4731150Z Test Case 'DispatchContractBindingTests.testChangedSchemaOrMethodIsNotDispatched' started at 2026-10-07 16:02:11.367
2026-10-07T16:02:11.4732426Z Test Case 'DispatchContractBindingTests.testChangedSchemaOrMethodIsNotDispatched' passed (0.102 seconds)
2026-10-07T16:02:12.7091190Z Test Case 'DispatchContractBindingTests.testConfirmationStillStopsBeforeRevalidationOrDispatch' started at 2026-10-07 16:02:11.469
2026-10-07T16:02:12.7093299Z Test Case 'DispatchContractBindingTests.testConfirmationStillStopsBeforeRevalidationOrDispatch' passed (0.001 seconds)
2026-10-07T16:02:12.7095153Z Test Case 'DispatchContractBindingTests.testConflictingDuplicateCannotHideBehindFirstMatch' started at 2026-10-07 16:02:11.470
2026-10-07T16:02:12.7096900Z Test Case 'DispatchContractBindingTests.testConflictingDuplicateCannotHideBehindFirstMatch' passed (0.001 seconds)
2026-10-07T16:02:12.7099216Z Test Case 'DispatchContractBindingTests.testDelegatedVerificationCannotBypassBinding' started at 2026-10-07 16:02:11.471
2026-10-07T16:02:12.7100838Z Test Case 'DispatchContractBindingTests.testDelegatedVerificationCannotBypassBinding' passed (0.002 seconds)
2026-10-07T16:02:12.7102519Z Test Case 'DispatchContractBindingTests.testDistinctUnicodeAuthorityBytesAreNotConflated' started at 2026-10-07 16:02:11.472
2026-10-07T16:02:12.7104489Z Test Case 'DispatchContractBindingTests.testDistinctUnicodeAuthorityBytesAreNotConflated' passed (0.001 seconds)
2026-10-07T16:02:12.7106453Z Test Case 'DispatchContractBindingTests.testEngineAssignedOwnershipStillWinsOverProviderMetadata' started at 2026-10-07 16:02:11.473
2026-10-07T16:02:12.7108519Z Test Case 'DispatchContractBindingTests.testEngineAssignedOwnershipStillWinsOverProviderMetadata' passed (0.001 seconds)
2026-10-07T16:02:12.7110616Z Test Case 'DispatchContractBindingTests.testEquivalentRecreatedReflectorRemainsUsable' started at 2026-10-07 16:02:11.474
2026-10-07T16:02:12.7112359Z Test Case 'DispatchContractBindingTests.testEquivalentRecreatedReflectorRemainsUsable' passed (0.001 seconds)
2026-10-07T16:02:12.7114008Z Test Case 'DispatchContractBindingTests.testFailedRevalidationIsNotDispatched' started at 2026-10-07 16:02:11.475
2026-10-07T16:02:12.7115624Z Test Case 'DispatchContractBindingTests.testFailedRevalidationIsNotDispatched' passed (0.001 seconds)
2026-10-07T16:02:12.7117416Z Test Case 'DispatchContractBindingTests.testIdenticalDuplicateDoesNotBreakExistingProviders' started at 2026-10-07 16:02:11.476
2026-10-07T16:02:12.7119460Z Test Case 'DispatchContractBindingTests.testIdenticalDuplicateDoesNotBreakExistingProviders' passed (0.001 seconds)
2026-10-07T16:02:12.7121275Z Test Case 'DispatchContractBindingTests.testMetadataKeyOrderDoesNotInvalidateContract' started at 2026-10-07 16:02:11.477
2026-10-07T16:02:12.7122293Z Test Case 'DispatchContractBindingTests.testMetadataKeyOrderDoesNotInvalidateContract' passed (0.001 seconds)
2026-10-07T16:02:12.7123230Z Test Case 'DispatchContractBindingTests.testSafetyEscalationCannotInheritUnconfirmedRead' started at 2026-10-07 16:02:11.478
2026-10-07T16:02:12.7124151Z Test Case 'DispatchContractBindingTests.testSafetyEscalationCannotInheritUnconfirmedRead' passed (0.001 seconds)
2026-10-07T16:02:12.7125205Z Test Case 'DispatchContractBindingTests.testWithdrawnCapabilityIsNotDispatched' started at 2026-10-07 16:02:11.478
2026-10-07T16:02:12.7126027Z Test Case 'DispatchContractBindingTests.testWithdrawnCapabilityIsNotDispatched' passed (0.001 seconds)
2026-10-07T16:02:12.7126662Z Test Suite 'DispatchContractBindingTests' passed at 2026-10-07 16:02:11.479
2026-10-07T16:02:12.7127145Z 	 Executed 15 tests, with 0 failures (0 unexpected) in 0.114 (0.114) seconds
2026-10-07T16:02:12.7127804Z Test Suite 'ExecutionCapacityAdmissionTests' started at 2026-10-07 16:02:11.479
2026-10-07T16:02:12.7128685Z Test Case 'ExecutionCapacityAdmissionTests.testFullActiveHistoryRefusesBothEngineEntryPointsBeforeProviderStart' started at 2026-10-07 16:02:11.479
2026-10-07T16:02:12.7130104Z Test Case 'ExecutionCapacityAdmissionTests.testFullActiveHistoryRefusesBothEngineEntryPointsBeforeProviderStart' passed (1.177 seconds)
2026-10-07T16:02:12.7131373Z Test Case 'ExecutionCapacityAdmissionTests.testThrowingBeginReleasesReservationForBothEngineEntryPoints' started at 2026-10-07 16:02:12.656
2026-10-07T16:02:12.7132483Z Test Case 'ExecutionCapacityAdmissionTests.testThrowingBeginReleasesReservationForBothEngineEntryPoints' passed (0.013 seconds)
2026-10-07T16:02:12.7133270Z Test Suite 'ExecutionCapacityAdmissionTests' passed at 2026-10-07 16:02:12.669
2026-10-07T16:02:12.7133901Z 	 Executed 2 tests, with 0 failures (0 unexpected) in 1.19 (1.19) seconds
2026-10-07T16:02:12.7134363Z Test Suite 'ExecutionRetentionTests' started at 2026-10-07 16:02:12.669
2026-10-07T16:02:12.7135105Z Test Case 'ExecutionRetentionTests.testActualLargeEvidenceAndRecordFloodRespectIndependentBounds' started at 2026-10-07 16:02:12.669
2026-10-07T16:02:12.7136308Z Test Case 'ExecutionRetentionTests.testActualLargeEvidenceAndRecordFloodRespectIndependentBounds' passed (0.038 seconds)
2026-10-07T16:02:12.7137481Z Test Case 'ExecutionRetentionTests.testByteCapacityRefusalPreservesEveryExistingActiveReservation' started at 2026-10-07 16:02:12.707
2026-10-07T16:02:13.0254094Z Test Case 'ExecutionRetentionTests.testByteCapacityRefusalPreservesEveryExistingActiveReservation' passed (0.002 seconds)
2026-10-07T16:02:13.0257566Z Test Case 'ExecutionRetentionTests.testBytePressureEvictsOldestTerminalAndReadsNeverRefreshOrder' started at 2026-10-07 16:02:12.709
2026-10-07T16:02:13.0260958Z Test Case 'ExecutionRetentionTests.testBytePressureEvictsOldestTerminalAndReadsNeverRefreshOrder' passed (0.0 seconds)
2026-10-07T16:02:13.0264144Z Test Case 'ExecutionRetentionTests.testCompactedRCIRAcceptedTaskRetainsPendingOwnershipUntilTerminalSnapshot' started at 2026-10-07 16:02:12.709
2026-10-07T16:02:13.0267180Z Test Case 'ExecutionRetentionTests.testCompactedRCIRAcceptedTaskRetainsPendingOwnershipUntilTerminalSnapshot' passed (0.001 seconds)
2026-10-07T16:02:13.0269700Z Test Case 'ExecutionRetentionTests.testConcurrentUpdatesKeepSynchronizedAccountingAndActiveCallbacks' started at 2026-10-07 16:02:12.711
2026-10-07T16:02:13.0271750Z Test Case 'ExecutionRetentionTests.testConcurrentUpdatesKeepSynchronizedAccountingAndActiveCallbacks' passed (0.096 seconds)
2026-10-07T16:02:13.0273959Z Test Case 'ExecutionRetentionTests.testLargeActualSignedReceiptCompactionRetainsDigestWithoutInventingReceipt' started at 2026-10-07 16:02:12.806
2026-10-07T16:02:13.0276270Z Test Case 'ExecutionRetentionTests.testLargeActualSignedReceiptCompactionRetainsDigestWithoutInventingReceipt' passed (0.011 seconds)
2026-10-07T16:02:13.0278465Z Test Case 'ExecutionRetentionTests.testMonotonicExpiryIgnoresRegressionAndUpdatesReadsDoNotExtendTTL' started at 2026-10-07 16:02:12.817
2026-10-07T16:02:13.0280672Z Test Case 'ExecutionRetentionTests.testMonotonicExpiryIgnoresRegressionAndUpdatesReadsDoNotExtendTTL' passed (0.0 seconds)
2026-10-07T16:02:13.0282738Z Test Case 'ExecutionRetentionTests.testStartedReservationsSurviveExpiryAndFloodThenReleaseAtTerminalCallback' started at 2026-10-07 16:02:12.817
2026-10-07T16:02:13.0284864Z Test Case 'ExecutionRetentionTests.testStartedReservationsSurviveExpiryAndFloodThenReleaseAtTerminalCallback' passed (0.004 seconds)
2026-10-07T16:02:13.0286869Z Test Case 'ExecutionRetentionTests.testUnconfirmedAwaitingUserDoesNotReserveActiveCapacity' started at 2026-10-07 16:02:12.821
2026-10-07T16:02:13.0288749Z Test Case 'ExecutionRetentionTests.testUnconfirmedAwaitingUserDoesNotReserveActiveCapacity' passed (0.0 seconds)
2026-10-07T16:02:13.0290945Z Test Case 'ExecutionRetentionTests.testUpdateReaccountsLargeAndShrinkingOutputsAndCannotMoveIdentity' started at 2026-10-07 16:02:12.822
2026-10-07T16:02:13.0293061Z Test Case 'ExecutionRetentionTests.testUpdateReaccountsLargeAndShrinkingOutputsAndCannotMoveIdentity' passed (0.002 seconds)
2026-10-07T16:02:13.0294491Z Test Suite 'ExecutionRetentionTests' passed at 2026-10-07 16:02:12.824
2026-10-07T16:02:13.0295353Z 	 Executed 10 tests, with 0 failures (0 unexpected) in 0.155 (0.155) seconds
2026-10-07T16:02:13.0296285Z Test Suite 'GRPCRealProviderAcceptanceTests' started at 2026-10-07 16:02:12.824
2026-10-07T16:02:13.0297814Z Test Case 'GRPCRealProviderAcceptanceTests.testRealServerReflectionDiscoversProviderCapabilities' started at 2026-10-07 16:02:12.824
2026-10-07T16:02:13.0301123Z /__w/rightclick/rightclick/Tests/RightClickCoreTests/GRPCRealProviderAcceptanceTests.swift:21: GRPCRealProviderAcceptanceTests.testRealServerReflectionDiscoversProviderCapabilities : Test skipped - RIGHTCLICK_GRPC_REAL_HOST required for real gRPC reflection acceptance.
2026-10-07T16:02:13.0304186Z Test Case 'GRPCRealProviderAcceptanceTests.testRealServerReflectionDiscoversProviderCapabilities' skipped (0.0 seconds)
2026-10-07T16:02:13.0305706Z Test Suite 'GRPCRealProviderAcceptanceTests' passed at 2026-10-07 16:02:12.824
2026-10-07T16:02:13.0306704Z 	 Executed 1 test, with 1 test skipped and 0 failures (0 unexpected) in 0.0 (0.0) seconds
2026-10-07T16:02:13.0307958Z Test Suite 'GRPCReflectionTransportTests' started at 2026-10-07 16:02:12.824
2026-10-07T16:02:13.0309662Z Test Case 'GRPCReflectionTransportTests.testFileDescriptorResponseReturnsRawDescriptorBytes' started at 2026-10-07 16:02:12.824
2026-10-07T16:02:13.0311755Z Test Case 'GRPCReflectionTransportTests.testFileDescriptorResponseReturnsRawDescriptorBytes' passed (0.1 seconds)
2026-10-07T16:02:13.0313717Z Test Case 'GRPCReflectionTransportTests.testListServicesResponseParsesStandardReflectionEnvelope' started at 2026-10-07 16:02:12.924
2026-10-07T16:02:13.0315690Z Test Case 'GRPCReflectionTransportTests.testListServicesResponseParsesStandardReflectionEnvelope' passed (0.1 seconds)
2026-10-07T16:02:13.0317621Z Test Case 'GRPCReflectionTransportTests.testReflectionRequestsUseStandardWireFieldNumbers' started at 2026-10-07 16:02:13.025
2026-10-07T16:02:13.0319664Z Test Case 'GRPCReflectionTransportTests.testReflectionRequestsUseStandardWireFieldNumbers' passed (0.0 seconds)
2026-10-07T16:02:13.0321019Z Test Suite 'GRPCReflectionTransportTests' passed at 2026-10-07 16:02:13.025
2026-10-07T16:02:13.0321909Z 	 Executed 3 tests, with 0 failures (0 unexpected) in 0.201 (0.201) seconds
2026-10-07T16:02:13.0322725Z Test Suite 'GRPCReflectorTests' started at 2026-10-07 16:02:13.025
2026-10-07T16:02:14.4024759Z Test Case 'GRPCReflectorTests.testDescriptorReflectsUnaryAndStreamingMethodsWithoutGeneratedStubs' started at 2026-10-07 16:02:13.025
2026-10-07T16:02:14.4026034Z Test Case 'GRPCReflectorTests.testDescriptorReflectsUnaryAndStreamingMethodsWithoutGeneratedStubs' passed (0.004 seconds)
2026-10-07T16:02:14.4027703Z Test Case 'GRPCReflectorTests.testStreamingMethodFailsClosedBeforeTransport' started at 2026-10-07 16:02:13.029
2026-10-07T16:02:14.4028756Z Test Case 'GRPCReflectorTests.testStreamingMethodFailsClosedBeforeTransport' passed (0.002 seconds)
2026-10-07T16:02:14.4029978Z Test Case 'GRPCReflectorTests.testUnaryExecutionEncodesAndDecodesDynamicProtobuf' started at 2026-10-07 16:02:13.031
2026-10-07T16:02:14.4031192Z Test Case 'GRPCReflectorTests.testUnaryExecutionEncodesAndDecodesDynamicProtobuf' passed (0.008 seconds)
2026-10-07T16:02:14.4032087Z Test Case 'GRPCReflectorTests.testUnknownArgumentFailsBeforeTransport' started at 2026-10-07 16:02:13.038
2026-10-07T16:02:14.4032905Z Test Case 'GRPCReflectorTests.testUnknownArgumentFailsBeforeTransport' passed (0.003 seconds)
2026-10-07T16:02:14.4033514Z Test Suite 'GRPCReflectorTests' passed at 2026-10-07 16:02:13.042
2026-10-07T16:02:14.4033997Z 	 Executed 4 tests, with 0 failures (0 unexpected) in 0.017 (0.017) seconds
2026-10-07T16:02:14.4034500Z Test Suite 'GraphQLReflectorTests' started at 2026-10-07 16:02:13.042
2026-10-07T16:02:14.4035225Z Test Case 'GraphQLReflectorTests.testExecutesMutationWithJSONEncodedInputObject' started at 2026-10-07 16:02:13.042
2026-10-07T16:02:14.4036141Z Test Case 'GraphQLReflectorTests.testExecutesMutationWithJSONEncodedInputObject' passed (0.01 seconds)
2026-10-07T16:02:14.4037320Z Test Case 'GraphQLReflectorTests.testExecutesQueryWithVariablesAndSynthesizedSelection' started at 2026-10-07 16:02:13.051
2026-10-07T16:02:14.4038457Z Test Case 'GraphQLReflectorTests.testExecutesQueryWithVariablesAndSynthesizedSelection' passed (0.009 seconds)
2026-10-07T16:02:14.4039625Z Test Case 'GraphQLReflectorTests.testGraphQLErrorsFailEvenWhenPartialDataExists' started at 2026-10-07 16:02:13.060
2026-10-07T16:02:14.4040549Z Test Case 'GraphQLReflectorTests.testGraphQLErrorsFailEvenWhenPartialDataExists' passed (0.01 seconds)
2026-10-07T16:02:14.4041431Z Test Case 'GraphQLReflectorTests.testInvalidNestedEnumFailsBeforeTransport' started at 2026-10-07 16:02:13.070
2026-10-07T16:02:14.4042528Z Test Case 'GraphQLReflectorTests.testInvalidNestedEnumFailsBeforeTransport' passed (0.006 seconds)
2026-10-07T16:02:14.4043477Z Test Case 'GraphQLReflectorTests.testMutationRequiresConfirmationBeforeTransport' started at 2026-10-07 16:02:13.076
2026-10-07T16:02:14.4045030Z Test Case 'GraphQLReflectorTests.testMutationRequiresConfirmationBeforeTransport' passed (0.002 seconds)
2026-10-07T16:02:14.4045909Z Test Case 'GraphQLReflectorTests.testReflectsQueriesAndMutationsBehindGenericCapabilities' started at 2026-10-07 16:02:13.078
2026-10-07T16:02:14.4047094Z Test Case 'GraphQLReflectorTests.testReflectsQueriesAndMutationsBehindGenericCapabilities' passed (0.002 seconds)
2026-10-07T16:02:14.4048014Z Test Suite 'GraphQLReflectorTests' passed at 2026-10-07 16:02:13.080
2026-10-07T16:02:14.4048555Z 	 Executed 6 tests, with 0 failures (0 unexpected) in 0.038 (0.038) seconds
2026-10-07T16:02:14.4049307Z Test Suite 'HostProtectedReferenceTests' started at 2026-10-07 16:02:13.080
2026-10-07T16:02:14.4049992Z Test Case 'HostProtectedReferenceTests.testBroaderNativeReadAuthorityIsDenied' started at 2026-10-07 16:02:13.080
2026-10-07T16:02:14.4050816Z Test Case 'HostProtectedReferenceTests.testBroaderNativeReadAuthorityIsDenied' passed (0.001 seconds)
2026-10-07T16:02:14.4051800Z Test Case 'HostProtectedReferenceTests.testConfiguredPolicySigningAndObserverReferencesUseOneProtectedBackend' started at 2026-10-07 16:02:13.081
2026-10-07T16:02:14.4052946Z Test Case 'HostProtectedReferenceTests.testConfiguredPolicySigningAndObserverReferencesUseOneProtectedBackend' passed (0.002 seconds)
2026-10-07T16:02:14.4054012Z Test Case 'HostProtectedReferenceTests.testDirectoriesAndOversizedFilesNeverBecomeReferences' started at 2026-10-07 16:02:13.083
2026-10-07T16:02:14.4054996Z Test Case 'HostProtectedReferenceTests.testDirectoriesAndOversizedFilesNeverBecomeReferences' passed (0.001 seconds)
2026-10-07T16:02:14.4055995Z Test Case 'HostProtectedReferenceTests.testPrivateSnapshotRetainsExactBytesWhenSelectedSourceChanges' started at 2026-10-07 16:02:13.084
2026-10-07T16:02:14.4057033Z Test Case 'HostProtectedReferenceTests.testPrivateSnapshotRetainsExactBytesWhenSelectedSourceChanges' passed (0.002 seconds)
2026-10-07T16:02:14.4057780Z Test Suite 'HostProtectedReferenceTests' passed at 2026-10-07 16:02:13.086
2026-10-07T16:02:14.4058262Z 	 Executed 4 tests, with 0 failures (0 unexpected) in 0.006 (0.006) seconds
2026-10-07T16:02:14.4058721Z Test Suite 'InvocationBindingTests' started at 2026-10-07 16:02:13.086
2026-10-07T16:02:14.4059596Z Test Case 'InvocationBindingTests.testFreshMarkersVerifyForBothTransports' started at 2026-10-07 16:02:13.086
2026-10-07T16:02:14.4060411Z Test Case 'InvocationBindingTests.testFreshMarkersVerifyForBothTransports' passed (1.316 seconds)
2026-10-07T16:02:15.7247511Z Test Case 'InvocationBindingTests.testMatchingStaleKafkaRecordCannotVerifyCurrentAppend' started at 2026-10-07 16:02:14.402
2026-10-07T16:02:15.7249218Z Test Case 'InvocationBindingTests.testMatchingStaleKafkaRecordCannotVerifyCurrentAppend' passed (0.514 seconds)
2026-10-07T16:02:15.7250922Z Test Case 'InvocationBindingTests.testMatchingStaleKubernetesResourceCannotVerifyCurrentCreate' started at 2026-10-07 16:02:14.916
2026-10-07T16:02:15.7253219Z Test Case 'InvocationBindingTests.testMatchingStaleKubernetesResourceCannotVerifyCurrentCreate' passed (0.803 seconds)
2026-10-07T16:02:15.7255045Z Test Suite 'InvocationBindingTests' passed at 2026-10-07 16:02:15.719
2026-10-07T16:02:15.7256159Z 	 Executed 3 tests, with 0 failures (0 unexpected) in 2.633 (2.633) seconds
2026-10-07T16:02:15.7256884Z Test Suite 'KafkaCapabilityTests' started at 2026-10-07 16:02:15.719
2026-10-07T16:02:15.7257640Z Test Case 'KafkaCapabilityTests.testObserverCannotReuseWriterPrincipalAndCredentials' started at 2026-10-07 16:02:15.719
2026-10-07T16:02:15.7259461Z /__w/rightclick/rightclick/Tests/RightClickCoreTests/KafkaCapabilityTests.swift:19: KafkaCapabilityTests.testObserverCannotReuseWriterPrincipalAndCredentials : Test skipped - Genuine scoped Kafka broker not provisioned; no Kafka GREEN claimed.
2026-10-07T16:02:15.7261045Z Test Case 'KafkaCapabilityTests.testObserverCannotReuseWriterPrincipalAndCredentials' skipped (0.0 seconds)
2026-10-07T16:02:15.7262081Z Test Case 'KafkaCapabilityTests.testRealScopedKafkaHasUnverifiedACKThenIndependentArgumentBoundConsumerReceipt' started at 2026-10-07 16:02:15.719
2026-10-07T16:02:15.7264050Z /__w/rightclick/rightclick/Tests/RightClickCoreTests/KafkaCapabilityTests.swift:19: KafkaCapabilityTests.testRealScopedKafkaHasUnverifiedACKThenIndependentArgumentBoundConsumerReceipt : Test skipped - Genuine scoped Kafka broker not provisioned; no Kafka GREEN claimed.
2026-10-07T16:02:15.7265871Z Test Case 'KafkaCapabilityTests.testRealScopedKafkaHasUnverifiedACKThenIndependentArgumentBoundConsumerReceipt' skipped (0.0 seconds)
2026-10-07T16:02:15.7266684Z Test Suite 'KafkaCapabilityTests' passed at 2026-10-07 16:02:15.719
2026-10-07T16:02:15.7267186Z 	 Executed 2 tests, with 2 tests skipped and 0 failures (0 unexpected) in 0.0 (0.0) seconds
2026-10-07T16:02:15.7267736Z Test Suite 'KubernetesCapabilityArtifactTests' started at 2026-10-07 16:02:15.719
2026-10-07T16:02:15.7268578Z Test Case 'KubernetesCapabilityArtifactTests.testCredentialPluginsAndTLSBypassAreRejectedBeforeAcquisition' started at 2026-10-07 16:02:15.719
2026-10-07T16:02:15.7270222Z Test Case 'KubernetesCapabilityArtifactTests.testCredentialPluginsAndTLSBypassAreRejectedBeforeAcquisition' passed (0.004 seconds)
2026-10-07T16:02:15.7271368Z Test Case 'KubernetesCapabilityArtifactTests.testProviderDescriptorCannotSelectExecutableCredentialOrNamespace' started at 2026-10-07 16:02:15.724
2026-10-07T16:02:15.7272525Z Test Case 'KubernetesCapabilityArtifactTests.testProviderDescriptorCannotSelectExecutableCredentialOrNamespace' passed (0.0 seconds)
2026-10-07T16:02:15.7273709Z Test Case 'KubernetesCapabilityArtifactTests.testRealNamespaceResourceIsVerifiedThroughIndependentGETIdentity' started at 2026-10-07 16:02:15.724
2026-10-07T16:02:15.7275930Z /__w/rightclick/rightclick/Tests/RightClickCoreTests/KubernetesCapabilityArtifactTests.swift:45: KubernetesCapabilityArtifactTests.testRealNamespaceResourceIsVerifiedThroughIndependentGETIdentity : Test skipped - Genuine scoped Kubernetes provider not provisioned; this skip is not substrate GREEN.
2026-10-07T16:02:15.7277775Z Test Case 'KubernetesCapabilityArtifactTests.testRealNamespaceResourceIsVerifiedThroughIndependentGETIdentity' skipped (0.0 seconds)
2026-10-07T16:02:15.7278606Z Test Suite 'KubernetesCapabilityArtifactTests' passed at 2026-10-07 16:02:15.724
2026-10-07T16:02:15.7279431Z 	 Executed 3 tests, with 1 test skipped and 0 failures (0 unexpected) in 0.005 (0.005) seconds
2026-10-07T16:02:15.7279964Z Test Suite 'MOAT004G1AcquisitionTests' started at 2026-10-07 16:02:15.724
2026-10-07T16:02:15.7280757Z Test Case 'MOAT004G1AcquisitionTests.testExactFrozenGitHubSpecificationLoadsThroughOpenAPISpecificBound' started at 2026-10-07 16:02:15.724
2026-10-07T16:02:15.7282282Z /__w/rightclick/rightclick/Tests/RightClickCoreTests/MOAT004G1AcquisitionTests.swift:320: MOAT004G1AcquisitionTests.testExactFrozenGitHubSpecificationLoadsThroughOpenAPISpecificBound : Test skipped - MOAT004_G1_SPEC_URL and MOAT004_G1_SPEC_SHA256 required.
2026-10-07T16:02:15.7283767Z Test Case 'MOAT004G1AcquisitionTests.testExactFrozenGitHubSpecificationLoadsThroughOpenAPISpecificBound' skipped (0.0 seconds)
2026-10-07T16:02:15.7284649Z Test Case 'MOAT004G1AcquisitionTests.testFrozenBoundsRemainExplicit' started at 2026-10-07 16:02:15.724
2026-10-07T16:02:15.7285333Z Test Case 'MOAT004G1AcquisitionTests.testFrozenBoundsRemainExplicit' passed (0.0 seconds)
2026-10-07T16:02:15.7393023Z Test Case 'MOAT004G1AcquisitionTests.testGenericDefaultLoaderStillRejectsOneByteOverOneMiB' started at 2026-10-07 16:02:15.724
2026-10-07T16:02:15.7394301Z Test Case 'MOAT004G1AcquisitionTests.testGenericDefaultLoaderStillRejectsOneByteOverOneMiB' passed (0.001 seconds)
2026-10-07T16:02:15.7395316Z Test Case 'MOAT004G1AcquisitionTests.testOpenAPISpecificationLoaderAcceptsFrozenGitHubSize' started at 2026-10-07 16:02:15.726
2026-10-07T16:02:15.7396309Z Test Case 'MOAT004G1AcquisitionTests.testOpenAPISpecificationLoaderAcceptsFrozenGitHubSize' passed (0.004 seconds)
2026-10-07T16:02:15.7397394Z Test Case 'MOAT004G1AcquisitionTests.testOpenAPISpecificationLoaderRejectsOneByteOverSixteenMiB' started at 2026-10-07 16:02:15.730
2026-10-07T16:02:15.7399174Z Test Case 'MOAT004G1AcquisitionTests.testOpenAPISpecificationLoaderRejectsOneByteOverSixteenMiB' passed (0.002 seconds)
2026-10-07T16:02:15.7400301Z Test Case 'MOAT004G1AcquisitionTests.testOpenAPISpecificationLoaderRejectsRedirectResponse' started at 2026-10-07 16:02:15.732
2026-10-07T16:02:15.7401589Z Test Case 'MOAT004G1AcquisitionTests.testOpenAPISpecificationLoaderRejectsRedirectResponse' passed (0.001 seconds)
2026-10-07T16:02:15.7402763Z Test Suite 'MOAT004G1AcquisitionTests' passed at 2026-10-07 16:02:15.732
2026-10-07T16:02:15.7403353Z 	 Executed 6 tests, with 1 test skipped and 0 failures (0 unexpected) in 0.008 (0.008) seconds
2026-10-07T16:02:15.7403938Z Test Suite 'MOAT004G2SplitOriginTests' started at 2026-10-07 16:02:15.732
2026-10-07T16:02:15.7404925Z Test Case 'MOAT004G2SplitOriginTests.testAbsoluteHTTPSModeLoadsSpecificationFromIndependentOriginAndReflectsBaseOrigin' started at 2026-10-07 16:02:15.732
2026-10-07T16:02:15.7406352Z Test Case 'MOAT004G2SplitOriginTests.testAbsoluteHTTPSModeLoadsSpecificationFromIndependentOriginAndReflectsBaseOrigin' passed (0.001 seconds)
2026-10-07T16:02:15.7407546Z Test Case 'MOAT004G2SplitOriginTests.testAbsoluteModeRequiresBothSpecificationAndBaseURLs' started at 2026-10-07 16:02:15.734
2026-10-07T16:02:15.7408469Z Test Case 'MOAT004G2SplitOriginTests.testAbsoluteModeRequiresBothSpecificationAndBaseURLs' passed (0.001 seconds)
2026-10-07T16:02:15.7409550Z Test Case 'MOAT004G2SplitOriginTests.testAbsoluteModeRequiresHTTPS' started at 2026-10-07 16:02:15.734
2026-10-07T16:02:15.7410233Z Test Case 'MOAT004G2SplitOriginTests.testAbsoluteModeRequiresHTTPS' passed (0.001 seconds)
2026-10-07T16:02:15.7411045Z Test Case 'MOAT004G2SplitOriginTests.testDeclaredLiteralServerMustMatchAdvertisedExecutionBase' started at 2026-10-07 16:02:15.735
2026-10-07T16:02:15.7412259Z Test Case 'MOAT004G2SplitOriginTests.testDeclaredLiteralServerMustMatchAdvertisedExecutionBase' passed (0.0 seconds)
2026-10-07T16:02:15.7413774Z Test Case 'MOAT004G2SplitOriginTests.testExactFrozenGitHubContractAcceptsSplitOriginButTargetRemainsOutsideG2' started at 2026-10-07 16:02:15.735
2026-10-07T16:02:15.7416107Z /__w/rightclick/rightclick/Tests/RightClickCoreTests/MOAT004G2SplitOriginTests.swift:646: MOAT004G2SplitOriginTests.testExactFrozenGitHubContractAcceptsSplitOriginButTargetRemainsOutsideG2 : Test skipped - MOAT004_G2_SPEC_PATH and MOAT004_G2_SPEC_URL required.
2026-10-07T16:02:15.7417693Z Test Case 'MOAT004G2SplitOriginTests.testExactFrozenGitHubContractAcceptsSplitOriginButTargetRemainsOutsideG2' skipped (0.0 seconds)
2026-10-07T16:02:15.7418701Z Test Case 'MOAT004G2SplitOriginTests.testLegacyRelativeAdvertisementModeRemainsSupported' started at 2026-10-07 16:02:15.735
2026-10-07T16:02:15.7419846Z Test Case 'MOAT004G2SplitOriginTests.testLegacyRelativeAdvertisementModeRemainsSupported' passed (0.001 seconds)
2026-10-07T16:02:15.7420791Z Test Case 'MOAT004G2SplitOriginTests.testLiteralServerAndExecutionBaseCanonicalizeBeforeComparison' started at 2026-10-07 16:02:15.736
2026-10-07T16:02:15.7421801Z Test Case 'MOAT004G2SplitOriginTests.testLiteralServerAndExecutionBaseCanonicalizeBeforeComparison' passed (0.001 seconds)
2026-10-07T16:02:15.7423053Z Test Case 'MOAT004G2SplitOriginTests.testMixedLegacyAndAbsoluteAdvertisementModesAreRejected' started at 2026-10-07 16:02:15.737
2026-10-07T16:02:15.7424366Z Test Case 'MOAT004G2SplitOriginTests.testMixedLegacyAndAbsoluteAdvertisementModesAreRejected' passed (0.0 seconds)
2026-10-07T16:02:15.7425204Z Test Case 'MOAT004G2SplitOriginTests.testServerVariablesRemainUnsupported' started at 2026-10-07 16:02:15.737
2026-10-07T16:02:15.7425940Z Test Case 'MOAT004G2SplitOriginTests.testServerVariablesRemainUnsupported' passed (0.0 seconds)
2026-10-07T16:02:15.7426520Z Test Suite 'MOAT004G2SplitOriginTests' passed at 2026-10-07 16:02:15.738
2026-10-07T16:02:15.7427037Z 	 Executed 9 tests, with 1 test skipped and 0 failures (0 unexpected) in 0.005 (0.005) seconds
2026-10-07T16:02:15.7427749Z Test Suite 'MOAT004G3ZeroArgumentGETTests' started at 2026-10-07 16:02:15.738
2026-10-07T16:02:15.7428609Z Test Case 'MOAT004G3ZeroArgumentGETTests.testAbsentOperationParametersReflectsZeroArgumentGETWithoutArgumentsSchema' started at 2026-10-07 16:02:15.738
2026-10-07T16:02:15.7623735Z Test Case 'MOAT004G3ZeroArgumentGETTests.testAbsentOperationParametersReflectsZeroArgumentGETWithoutArgumentsSchema' passed (0.001 seconds)
2026-10-07T16:02:15.7626019Z Test Case 'MOAT004G3ZeroArgumentGETTests.testExistingRequiredStringPathGETRemainsSupported' started at 2026-10-07 16:02:15.739
2026-10-07T16:02:15.7627886Z Test Case 'MOAT004G3ZeroArgumentGETTests.testExistingRequiredStringPathGETRemainsSupported' passed (0.001 seconds)
2026-10-07T16:02:15.7629938Z Test Case 'MOAT004G3ZeroArgumentGETTests.testExplicitEmptyOperationParametersAlsoReflectZeroArgumentGET' started at 2026-10-07 16:02:15.740
2026-10-07T16:02:15.7631490Z Test Case 'MOAT004G3ZeroArgumentGETTests.testExplicitEmptyOperationParametersAlsoReflectZeroArgumentGET' passed (0.001 seconds)
2026-10-07T16:02:15.7633028Z Test Case 'MOAT004G3ZeroArgumentGETTests.testFrozenGitHubAuthenticatedUserStillDoesNotReflectUntilG4' started at 2026-10-07 16:02:15.741
2026-10-07T16:02:15.7635103Z /__w/rightclick/rightclick/Tests/RightClickCoreTests/MOAT004G3ZeroArgumentGETTests.swift:704: MOAT004G3ZeroArgumentGETTests.testFrozenGitHubAuthenticatedUserStillDoesNotReflectUntilG4 : Test skipped - MOAT004_G3_SPEC_PATH required.
2026-10-07T16:02:15.7637119Z Test Case 'MOAT004G3ZeroArgumentGETTests.testFrozenGitHubAuthenticatedUserStillDoesNotReflectUntilG4' skipped (0.0 seconds)
2026-10-07T16:02:15.7638331Z Test Case 'MOAT004G3ZeroArgumentGETTests.testGETWithRequestBodyDoesNotBecomeZeroArgumentGET' started at 2026-10-07 16:02:15.741
2026-10-07T16:02:15.7639637Z Test Case 'MOAT004G3ZeroArgumentGETTests.testGETWithRequestBodyDoesNotBecomeZeroArgumentGET' passed (0.001 seconds)
2026-10-07T16:02:15.7640576Z Test Case 'MOAT004G3ZeroArgumentGETTests.testPathLevelParametersDoNotBecomeZeroArgumentGET' started at 2026-10-07 16:02:15.742
2026-10-07T16:02:15.7641497Z Test Case 'MOAT004G3ZeroArgumentGETTests.testPathLevelParametersDoNotBecomeZeroArgumentGET' passed (0.001 seconds)
2026-10-07T16:02:15.7642411Z Test Case 'MOAT004G3ZeroArgumentGETTests.testQueryParameterGETDoesNotBecomeZeroArgumentGET' started at 2026-10-07 16:02:15.743
2026-10-07T16:02:15.7643319Z Test Case 'MOAT004G3ZeroArgumentGETTests.testQueryParameterGETDoesNotBecomeZeroArgumentGET' passed (0.001 seconds)
2026-10-07T16:02:15.7644255Z Test Case 'MOAT004G3ZeroArgumentGETTests.testZeroArgumentGETExecutesWithoutBodyOrContentType' started at 2026-10-07 16:02:15.744
2026-10-07T16:02:15.7651346Z Test Case 'MOAT004G3ZeroArgumentGETTests.testZeroArgumentGETExecutesWithoutBodyOrContentType' passed (0.006 seconds)
2026-10-07T16:02:15.7652395Z Test Case 'MOAT004G3ZeroArgumentGETTests.testZeroArgumentGETRejectsUnexpectedArgumentsBeforeTransport' started at 2026-10-07 16:02:15.750
2026-10-07T16:02:15.7653451Z Test Case 'MOAT004G3ZeroArgumentGETTests.testZeroArgumentGETRejectsUnexpectedArgumentsBeforeTransport' passed (0.003 seconds)
2026-10-07T16:02:15.7654239Z Test Suite 'MOAT004G3ZeroArgumentGETTests' passed at 2026-10-07 16:02:15.753
2026-10-07T16:02:15.7654799Z 	 Executed 9 tests, with 1 test skipped and 0 failures (0 unexpected) in 0.015 (0.015) seconds
2026-10-07T16:02:15.7655353Z Test Suite 'MOAT004G4JSONSyntaxFallbackTests' started at 2026-10-07 16:02:15.753
2026-10-07T16:02:15.7656221Z Test Case 'MOAT004G4JSONSyntaxFallbackTests.testFrozenGitHubUserReflectsForFirstTimeButHasNoExternalAuthorityYet' started at 2026-10-07 16:02:15.753
2026-10-07T16:02:15.7657818Z /__w/rightclick/rightclick/Tests/RightClickCoreTests/MOAT004G4JSONSyntaxFallbackTests.swift:749: MOAT004G4JSONSyntaxFallbackTests.testFrozenGitHubUserReflectsForFirstTimeButHasNoExternalAuthorityYet : Test skipped - MOAT004_G4_SPEC_PATH required.
2026-10-07T16:02:15.7659978Z Test Case 'MOAT004G4JSONSyntaxFallbackTests.testFrozenGitHubUserReflectsForFirstTimeButHasNoExternalAuthorityYet' skipped (0.0 seconds)
2026-10-07T16:02:15.7661223Z Test Case 'MOAT004G4JSONSyntaxFallbackTests.testGETWithoutDeclaredJSONSchemaStillAbstains' started at 2026-10-07 16:02:15.753
2026-10-07T16:02:15.7662129Z Test Case 'MOAT004G4JSONSyntaxFallbackTests.testGETWithoutDeclaredJSONSchemaStillAbstains' passed (0.001 seconds)
2026-10-07T16:02:15.7663282Z Test Case 'MOAT004G4JSONSyntaxFallbackTests.testMutatingOperationWithUnsupportedJSONResponseUsesSyntaxOnlyMetadata' started at 2026-10-07 16:02:15.754
2026-10-07T16:02:15.7664457Z Test Case 'MOAT004G4JSONSyntaxFallbackTests.testMutatingOperationWithUnsupportedJSONResponseUsesSyntaxOnlyMetadata' passed (0.001 seconds)
2026-10-07T16:02:15.7665510Z Test Case 'MOAT004G4JSONSyntaxFallbackTests.testStrongClosedResponseSchemaRemainsPreferred' started at 2026-10-07 16:02:15.755
2026-10-07T16:02:15.7666877Z Test Case 'MOAT004G4JSONSyntaxFallbackTests.testStrongClosedResponseSchemaRemainsPreferred' passed (0.001 seconds)
2026-10-07T16:02:15.7668233Z Test Case 'MOAT004G4JSONSyntaxFallbackTests.testSyntaxOnlyGETAcceptsAndCanonicalizesValidJSON' started at 2026-10-07 16:02:15.756
2026-10-07T16:02:15.9943205Z Test Case 'MOAT004G4JSONSyntaxFallbackTests.testSyntaxOnlyGETAcceptsAndCanonicalizesValidJSON' passed (0.006 seconds)
2026-10-07T16:02:15.9945057Z Test Case 'MOAT004G4JSONSyntaxFallbackTests.testSyntaxOnlyGETRejectsInvalidJSON' started at 2026-10-07 16:02:15.762
2026-10-07T16:02:15.9946363Z Test Case 'MOAT004G4JSONSyntaxFallbackTests.testSyntaxOnlyGETRejectsInvalidJSON' passed (0.006 seconds)
2026-10-07T16:02:15.9947836Z Test Case 'MOAT004G4JSONSyntaxFallbackTests.testSyntaxOnlyGETStillRequiresApplicationJSONContentType' started at 2026-10-07 16:02:15.768
2026-10-07T16:02:15.9949688Z Test Case 'MOAT004G4JSONSyntaxFallbackTests.testSyntaxOnlyGETStillRequiresApplicationJSONContentType' passed (0.006 seconds)
2026-10-07T16:02:15.9951421Z Test Case 'MOAT004G4JSONSyntaxFallbackTests.testUnsupportedDeclaredJSONSchemaReflectsGETWithSyntaxOnlyMetadata' started at 2026-10-07 16:02:15.774
2026-10-07T16:02:15.9953265Z Test Case 'MOAT004G4JSONSyntaxFallbackTests.testUnsupportedDeclaredJSONSchemaReflectsGETWithSyntaxOnlyMetadata' passed (0.001 seconds)
2026-10-07T16:02:15.9954543Z Test Suite 'MOAT004G4JSONSyntaxFallbackTests' passed at 2026-10-07 16:02:15.774
2026-10-07T16:02:15.9955373Z 	 Executed 8 tests, with 1 test skipped and 0 failures (0 unexpected) in 0.021 (0.021) seconds
2026-10-07T16:02:15.9956349Z Test Suite 'MOAT004G6RealGitHubAuthenticatedCompatibilityTests' started at 2026-10-07 16:02:15.775
2026-10-07T16:02:15.9957994Z Test Case 'MOAT004G6RealGitHubAuthenticatedCompatibilityTests.testFrozenOfficialContractDiscoversExactAuthenticatedUserCapability' started at 2026-10-07 16:02:15.775
2026-10-07T16:02:15.9961047Z /__w/rightclick/rightclick/Tests/RightClickCoreTests/MOAT004G6RealGitHubAuthenticatedCompatibilityTests.swift:21: MOAT004G6RealGitHubAuthenticatedCompatibilityTests.testFrozenOfficialContractDiscoversExactAuthenticatedUserCapability : Test skipped - MOAT004_G6_SPEC_URL required.
2026-10-07T16:02:15.9963404Z Test Case 'MOAT004G6RealGitHubAuthenticatedCompatibilityTests.testFrozenOfficialContractDiscoversExactAuthenticatedUserCapability' skipped (0.1 seconds)
2026-10-07T16:02:15.9964776Z Test Case 'MOAT004G6RealGitHubAuthenticatedCompatibilityTests.testRealAuthenticatedGitHubUserMatchesIndependentControl' started at 2026-10-07 16:02:15.875
2026-10-07T16:02:15.9966627Z /__w/rightclick/rightclick/Tests/RightClickCoreTests/MOAT004G6RealGitHubAuthenticatedCompatibilityTests.swift:21: MOAT004G6RealGitHubAuthenticatedCompatibilityTests.testRealAuthenticatedGitHubUserMatchesIndependentControl : Test skipped - MOAT004_G6_EXPECTED_LOGIN required.
2026-10-07T16:02:15.9968436Z Test Case 'MOAT004G6RealGitHubAuthenticatedCompatibilityTests.testRealAuthenticatedGitHubUserMatchesIndependentControl' skipped (0.0 seconds)
2026-10-07T16:02:15.9969544Z Test Suite 'MOAT004G6RealGitHubAuthenticatedCompatibilityTests' passed at 2026-10-07 16:02:15.875
2026-10-07T16:02:15.9970198Z 	 Executed 2 tests, with 2 tests skipped and 0 failures (0 unexpected) in 0.101 (0.101) seconds
2026-10-07T16:02:15.9971088Z Test Suite 'MOAT005G1PathAndJSONBodyTests' started at 2026-10-07 16:02:15.875
2026-10-07T16:02:15.9971910Z Test Case 'MOAT005G1PathAndJSONBodyTests.testCombinedContractRejectsUnknownArgumentBeforeTransport' started at 2026-10-07 16:02:15.875
2026-10-07T16:02:15.9973110Z Test Case 'MOAT005G1PathAndJSONBodyTests.testCombinedContractRejectsUnknownArgumentBeforeTransport' passed (0.005 seconds)
2026-10-07T16:02:15.9974066Z Test Case 'MOAT005G1PathAndJSONBodyTests.testPathAndBodyNameCollisionAbstains' started at 2026-10-07 16:02:15.880
2026-10-07T16:02:15.9974888Z Test Case 'MOAT005G1PathAndJSONBodyTests.testPathAndBodyNameCollisionAbstains' passed (0.001 seconds)
2026-10-07T16:02:15.9975808Z Test Case 'MOAT005G1PathAndJSONBodyTests.testPathAndJSONBodyPartitionsArgumentsBeforeTransport' started at 2026-10-07 16:02:15.881
2026-10-07T16:02:15.9976820Z Test Case 'MOAT005G1PathAndJSONBodyTests.testPathAndJSONBodyPartitionsArgumentsBeforeTransport' passed (0.009 seconds)
2026-10-07T16:02:15.9977873Z Test Case 'MOAT005G1PathAndJSONBodyTests.testPathAndJSONBodyReflectOneCombinedClosedArgumentSchema' started at 2026-10-07 16:02:15.890
2026-10-07T16:02:15.9979015Z Test Case 'MOAT005G1PathAndJSONBodyTests.testPathAndJSONBodyReflectOneCombinedClosedArgumentSchema' passed (0.002 seconds)
2026-10-07T16:02:15.9979938Z Test Suite 'MOAT005G1PathAndJSONBodyTests' passed at 2026-10-07 16:02:15.892
2026-10-07T16:02:15.9980406Z 	 Executed 4 tests, with 0 failures (0 unexpected) in 0.017 (0.017) seconds
2026-10-07T16:02:15.9980897Z Test Suite 'MOAT005G2MultiplePathArgumentsTests' started at 2026-10-07 16:02:15.892
2026-10-07T16:02:15.9981618Z Test Case 'MOAT005G2MultiplePathArgumentsTests.testDuplicatePathParameterNamesAbstain' started at 2026-10-07 16:02:15.892
2026-10-07T16:02:15.9982480Z Test Case 'MOAT005G2MultiplePathArgumentsTests.testDuplicatePathParameterNamesAbstain' passed (0.102 seconds)
2026-10-07T16:02:19.3326450Z Test Case 'MOAT005G2MultiplePathArgumentsTests.testMissingOneRequiredPathArgumentFailsBeforeTransport' started at 2026-10-07 16:02:15.994
2026-10-07T16:02:19.3329373Z Test Case 'MOAT005G2MultiplePathArgumentsTests.testMissingOneRequiredPathArgumentFailsBeforeTransport' passed (0.005 seconds)
2026-10-07T16:02:19.3331659Z Test Case 'MOAT005G2MultiplePathArgumentsTests.testMultiplePathArgumentsReflectInCombinedSchema' started at 2026-10-07 16:02:15.999
2026-10-07T16:02:19.3333514Z Test Case 'MOAT005G2MultiplePathArgumentsTests.testMultiplePathArgumentsReflectInCombinedSchema' passed (0.002 seconds)
2026-10-07T16:02:19.3335487Z Test Case 'MOAT005G2MultiplePathArgumentsTests.testMultiplePathArgumentsSubstituteAndPartition' started at 2026-10-07 16:02:16.001
2026-10-07T16:02:19.3337249Z Test Case 'MOAT005G2MultiplePathArgumentsTests.testMultiplePathArgumentsSubstituteAndPartition' passed (0.01 seconds)
2026-10-07T16:02:19.3338596Z Test Suite 'MOAT005G2MultiplePathArgumentsTests' passed at 2026-10-07 16:02:16.011
2026-10-07T16:02:19.3339807Z 	 Executed 4 tests, with 0 failures (0 unexpected) in 0.118 (0.118) seconds
2026-10-07T16:02:19.3340712Z Test Suite 'MOAT005G3GitHubRequestSchemaTests' started at 2026-10-07 16:02:16.011
2026-10-07T16:02:19.3342551Z Test Case 'MOAT005G3GitHubRequestSchemaTests.testFrozenGitHubRequestSchemaReflectsThroughSafeNarrowing' started at 2026-10-07 16:02:16.011
2026-10-07T16:02:19.3344831Z Test Case 'MOAT005G3GitHubRequestSchemaTests.testFrozenGitHubRequestSchemaReflectsThroughSafeNarrowing' passed (0.002 seconds)
2026-10-07T16:02:19.3345897Z Test Case 'MOAT005G3GitHubRequestSchemaTests.testNarrowedSchemaRetainsRequiredTitleAndOptionalBody' started at 2026-10-07 16:02:16.012
2026-10-07T16:02:19.3346917Z Test Case 'MOAT005G3GitHubRequestSchemaTests.testNarrowedSchemaRetainsRequiredTitleAndOptionalBody' passed (0.002 seconds)
2026-10-07T16:02:19.3347854Z Test Case 'MOAT005G3GitHubRequestSchemaTests.testTitleOneOfIsSafelyNarrowedToString' started at 2026-10-07 16:02:16.014
2026-10-07T16:02:19.3349336Z Test Case 'MOAT005G3GitHubRequestSchemaTests.testTitleOneOfIsSafelyNarrowedToString' passed (0.002 seconds)
2026-10-07T16:02:19.3350468Z Test Case 'MOAT005G3GitHubRequestSchemaTests.testUnsupportedOptionalProviderFieldIsRejectedBeforeTransport' started at 2026-10-07 16:02:16.016
2026-10-07T16:02:19.3351847Z Test Case 'MOAT005G3GitHubRequestSchemaTests.testUnsupportedOptionalProviderFieldIsRejectedBeforeTransport' passed (0.004 seconds)
2026-10-07T16:02:19.3352867Z Test Suite 'MOAT005G3GitHubRequestSchemaTests' passed at 2026-10-07 16:02:16.020
2026-10-07T16:02:19.3353374Z 	 Executed 4 tests, with 0 failures (0 unexpected) in 0.01 (0.01) seconds
2026-10-07T16:02:19.3353900Z Test Suite 'MOAT005G4MutationJSONResponseFallbackTests' started at 2026-10-07 16:02:16.020
2026-10-07T16:02:19.3354730Z Test Case 'MOAT005G4MutationJSONResponseFallbackTests.testMalformed201JSONFailsProviderContract' started at 2026-10-07 16:02:16.020
2026-10-07T16:02:19.3355692Z Test Case 'MOAT005G4MutationJSONResponseFallbackTests.testMalformed201JSONFailsProviderContract' passed (0.009 seconds)
2026-10-07T16:02:19.3356776Z Test Case 'MOAT005G4MutationJSONResponseFallbackTests.testRealMutationResponseReflectsWithJSONSyntaxFallback' started at 2026-10-07 16:02:16.029
2026-10-07T16:02:19.3357886Z Test Case 'MOAT005G4MutationJSONResponseFallbackTests.testRealMutationResponseReflectsWithJSONSyntaxFallback' passed (0.002 seconds)
2026-10-07T16:02:19.3359197Z Test Case 'MOAT005G4MutationJSONResponseFallbackTests.testValidRealStyle201JSONIsAcceptedButUnverified' started at 2026-10-07 16:02:16.031
2026-10-07T16:02:19.3360273Z Test Case 'MOAT005G4MutationJSONResponseFallbackTests.testValidRealStyle201JSONIsAcceptedButUnverified' passed (0.009 seconds)
2026-10-07T16:02:19.3361087Z Test Suite 'MOAT005G4MutationJSONResponseFallbackTests' passed at 2026-10-07 16:02:16.040
2026-10-07T16:02:19.3361620Z 	 Executed 3 tests, with 0 failures (0 unexpected) in 0.02 (0.02) seconds
2026-10-07T16:02:19.3362126Z Test Suite 'MOAT005G5FullFrozenGitHubContractTests' started at 2026-10-07 16:02:16.040
2026-10-07T16:02:19.3362911Z Test Case 'MOAT005G5FullFrozenGitHubContractTests.testFullContractExposesExactClosedArguments' started at 2026-10-07 16:02:16.040
2026-10-07T16:02:19.3363849Z Test Case 'MOAT005G5FullFrozenGitHubContractTests.testFullContractExposesExactClosedArguments' passed (1.89 seconds)
2026-10-07T16:02:19.3364827Z Test Case 'MOAT005G5FullFrozenGitHubContractTests.testFullContractUsesOriginBoundExternalAuthority' started at 2026-10-07 16:02:17.930
2026-10-07T16:02:19.3365825Z Test Case 'MOAT005G5FullFrozenGitHubContractTests.testFullContractUsesOriginBoundExternalAuthority' passed (0.711 seconds)
2026-10-07T16:02:19.3366874Z Test Case 'MOAT005G5FullFrozenGitHubContractTests.testFullContractUsesUnverifiedJSONSyntaxResponseFallback' started at 2026-10-07 16:02:18.641
2026-10-07T16:02:19.3368503Z Test Case 'MOAT005G5FullFrozenGitHubContractTests.testFullContractUsesUnverifiedJSONSyntaxResponseFallback' passed (0.691 seconds)
2026-10-07T16:02:21.4768301Z Test Case 'MOAT005G5FullFrozenGitHubContractTests.testFullFrozenOfficialContractDiscoversIssuesCreate' started at 2026-10-07 16:02:19.332
2026-10-07T16:02:21.4770729Z Test Case 'MOAT005G5FullFrozenGitHubContractTests.testFullFrozenOfficialContractDiscoversIssuesCreate' passed (0.686 seconds)
2026-10-07T16:02:21.4771976Z Test Suite 'MOAT005G5FullFrozenGitHubContractTests' passed at 2026-10-07 16:02:20.019
2026-10-07T16:02:21.4772797Z 	 Executed 4 tests, with 0 failures (0 unexpected) in 3.978 (3.978) seconds
2026-10-07T16:02:21.4773529Z Test Suite 'MOAT005G6MultiSegmentPathTests' started at 2026-10-07 16:02:20.019
2026-10-07T16:02:21.4774889Z Test Case 'MOAT005G6MultiSegmentPathTests.testDeclaredMultiSegmentPathPreservesHierarchyButOrdinaryArgumentsDoNot' started at 2026-10-07 16:02:20.019
2026-10-07T16:02:21.4776495Z Test Case 'MOAT005G6MultiSegmentPathTests.testDeclaredMultiSegmentPathPreservesHierarchyButOrdinaryArgumentsDoNot' passed (0.012 seconds)
2026-10-07T16:02:21.4778119Z Test Case 'MOAT005G6MultiSegmentPathTests.testDeclaredMultiSegmentPathReflectsAsOrdinaryClosedStringArgument' started at 2026-10-07 16:02:20.031
2026-10-07T16:02:21.4780561Z Test Case 'MOAT005G6MultiSegmentPathTests.testDeclaredMultiSegmentPathReflectsAsOrdinaryClosedStringArgument' passed (0.002 seconds)
2026-10-07T16:02:21.4781996Z Test Case 'MOAT005G6MultiSegmentPathTests.testFullFrozenGitHubContractDiscoversCreateOrUpdateContents' started at 2026-10-07 16:02:20.033
2026-10-07T16:02:21.4783879Z Test Case 'MOAT005G6MultiSegmentPathTests.testFullFrozenGitHubContractDiscoversCreateOrUpdateContents' passed (0.689 seconds)
2026-10-07T16:02:21.4785770Z Test Case 'MOAT005G6MultiSegmentPathTests.testMalformedMultiSegmentExtensionAbstains' started at 2026-10-07 16:02:20.723
2026-10-07T16:02:21.4786685Z Test Case 'MOAT005G6MultiSegmentPathTests.testMalformedMultiSegmentExtensionAbstains' passed (0.102 seconds)
2026-10-07T16:02:21.4787681Z Test Case 'MOAT005G6MultiSegmentPathTests.testMultiSegmentPathTraversalAndEmptySegmentsFailBeforeTransport' started at 2026-10-07 16:02:20.825
2026-10-07T16:02:21.4788821Z Test Case 'MOAT005G6MultiSegmentPathTests.testMultiSegmentPathTraversalAndEmptySegmentsFailBeforeTransport' passed (0.02 seconds)
2026-10-07T16:02:21.4790737Z Test Case 'MOAT005G6MultiSegmentPathTests.testUndeclaredMultiSegmentPathKeepsSlashEncodedAsData' started at 2026-10-07 16:02:20.844
2026-10-07T16:02:21.4792482Z Test Case 'MOAT005G6MultiSegmentPathTests.testUndeclaredMultiSegmentPathKeepsSlashEncodedAsData' passed (0.011 seconds)
2026-10-07T16:02:21.4793247Z Test Suite 'MOAT005G6MultiSegmentPathTests' passed at 2026-10-07 16:02:20.855
2026-10-07T16:02:21.4793744Z 	 Executed 6 tests, with 0 failures (0 unexpected) in 0.837 (0.837) seconds
2026-10-07T16:02:21.4794203Z Test Suite 'NativeBoundedHTTPTests' started at 2026-10-07 16:02:20.855
2026-10-07T16:02:21.4794863Z Test Case 'NativeBoundedHTTPTests.testDeadlineCancelsNativeExchangeWithinBound' started at 2026-10-07 16:02:20.855
2026-10-07T16:02:21.4795690Z Test Case 'NativeBoundedHTTPTests.testDeadlineCancelsNativeExchangeWithinBound' passed (0.203 seconds)
2026-10-07T16:02:21.4796576Z Test Case 'NativeBoundedHTTPTests.testDeclaredAndChunkedOversizeNeverReturnAnAdmittedPrefix' started at 2026-10-07 16:02:21.059
2026-10-07T16:02:21.4797505Z Test Case 'NativeBoundedHTTPTests.testDeclaredAndChunkedOversizeNeverReturnAnAdmittedPrefix' passed (0.104 seconds)
2026-10-07T16:02:21.4798421Z Test Case 'NativeBoundedHTTPTests.testNativeCompletionReleasesWaiterAndReturnsExactCap' started at 2026-10-07 16:02:21.163
2026-10-07T16:02:21.4799438Z Test Case 'NativeBoundedHTTPTests.testNativeCompletionReleasesWaiterAndReturnsExactCap' passed (0.105 seconds)
2026-10-07T16:02:21.4800354Z Test Case 'NativeBoundedHTTPTests.testNativeErrorAndPrematureConnectionCloseRemainFailures' started at 2026-10-07 16:02:21.268
2026-10-07T16:02:21.4801292Z Test Case 'NativeBoundedHTTPTests.testNativeErrorAndPrematureConnectionCloseRemainFailures' passed (0.104 seconds)
2026-10-07T16:02:21.4802107Z Test Case 'NativeBoundedHTTPTests.testRedirectNeverReachesNewTarget' started at 2026-10-07 16:02:21.372
2026-10-07T16:02:21.4802806Z Test Case 'NativeBoundedHTTPTests.testRedirectNeverReachesNewTarget' passed (0.103 seconds)
2026-10-07T16:02:21.4803355Z Test Suite 'NativeBoundedHTTPTests' passed at 2026-10-07 16:02:21.476
2026-10-07T16:02:21.4803793Z 	 Executed 5 tests, with 0 failures (0 unexpected) in 0.62 (0.62) seconds
2026-10-07T16:02:21.4804261Z Test Suite 'NetworkOriginAuthorityTests' started at 2026-10-07 16:02:21.476
2026-10-07T16:02:21.4805004Z Test Case 'NetworkOriginAuthorityTests.testInvocationRedirectCannotEscapeDiscoveredOrigin' started at 2026-10-07 16:02:21.476
2026-10-07T16:02:21.4806391Z /__w/rightclick/rightclick/Tests/RightClickCoreTests/NetworkOriginAuthorityTests.swift:33: NetworkOriginAuthorityTests.testInvocationRedirectCannotEscapeDiscoveredOrigin : Test skipped - NS007_SOURCE_PORT and NS007_SINK_PORT required.
2026-10-07T16:02:21.4807740Z Test Case 'NetworkOriginAuthorityTests.testInvocationRedirectCannotEscapeDiscoveredOrigin' skipped (0.0 seconds)
2026-10-07T16:02:22.6641561Z Test Case 'NetworkOriginAuthorityTests.testSpecificationRedirectCannotEscapeDiscoveredOrigin' started at 2026-10-07 16:02:21.476
2026-10-07T16:02:22.6644402Z /__w/rightclick/rightclick/Tests/RightClickCoreTests/NetworkOriginAuthorityTests.swift:33: NetworkOriginAuthorityTests.testSpecificationRedirectCannotEscapeDiscoveredOrigin : Test skipped - NS007_SOURCE_PORT and NS007_SINK_PORT required.
2026-10-07T16:02:22.6647448Z Test Case 'NetworkOriginAuthorityTests.testSpecificationRedirectCannotEscapeDiscoveredOrigin' skipped (0.0 seconds)
2026-10-07T16:02:22.6649125Z Test Suite 'NetworkOriginAuthorityTests' passed at 2026-10-07 16:02:21.477
2026-10-07T16:02:22.6650575Z 	 Executed 2 tests, with 2 tests skipped and 0 failures (0 unexpected) in 0.001 (0.001) seconds
2026-10-07T16:02:22.6651649Z Test Suite 'OAuthOIDCAuthorityTests' started at 2026-10-07 16:02:21.477
2026-10-07T16:02:22.6653044Z Test Case 'OAuthOIDCAuthorityTests.testAuthorizationURLUsesPKCES256AndNeverVerifier' started at 2026-10-07 16:02:21.477
2026-10-07T16:02:22.6655294Z Test Case 'OAuthOIDCAuthorityTests.testAuthorizationURLUsesPKCES256AndNeverVerifier' passed (0.001 seconds)
2026-10-07T16:02:22.6657644Z Test Case 'OAuthOIDCAuthorityTests.testBindingIsExactAcrossIssuerResourceClientAndScopes' started at 2026-10-07 16:02:21.478
2026-10-07T16:02:22.6659677Z Test Case 'OAuthOIDCAuthorityTests.testBindingIsExactAcrossIssuerResourceClientAndScopes' passed (0.0 seconds)
2026-10-07T16:02:22.6661320Z Test Case 'OAuthOIDCAuthorityTests.testKeychainRoundTripIsBoundToExactAuthorityLease' started at 2026-10-07 16:02:21.478
2026-10-07T16:02:22.6663692Z /__w/rightclick/rightclick/Tests/RightClickCoreTests/OAuthOIDCAuthorityTests.swift:357: OAuthOIDCAuthorityTests.testKeychainRoundTripIsBoundToExactAuthorityLease : Test skipped - Native Keychain adapter requires macOS
2026-10-07T16:02:22.6666051Z Test Case 'OAuthOIDCAuthorityTests.testKeychainRoundTripIsBoundToExactAuthorityLease' skipped (0.0 seconds)
2026-10-07T16:02:22.6667703Z Test Case 'OAuthOIDCAuthorityTests.testLoopbackRedirectAndSecretValidationFailClosed' started at 2026-10-07 16:02:21.478
2026-10-07T16:02:22.6669541Z Test Case 'OAuthOIDCAuthorityTests.testLoopbackRedirectAndSecretValidationFailClosed' passed (0.0 seconds)
2026-10-07T16:02:22.6671209Z Test Case 'OAuthOIDCAuthorityTests.testMetadataDiscoveryURLsPreserveIssuerPathSemantics' started at 2026-10-07 16:02:21.479
2026-10-07T16:02:22.6672895Z Test Case 'OAuthOIDCAuthorityTests.testMetadataDiscoveryURLsPreserveIssuerPathSemantics' passed (0.0 seconds)
2026-10-07T16:02:22.6674470Z Test Case 'OAuthOIDCAuthorityTests.testMetadataRequiresExactIssuerHTTPSAndS256' started at 2026-10-07 16:02:21.479
2026-10-07T16:02:22.6675965Z Test Case 'OAuthOIDCAuthorityTests.testMetadataRequiresExactIssuerHTTPSAndS256' passed (0.101 seconds)
2026-10-07T16:02:22.6677244Z Test Case 'OAuthOIDCAuthorityTests.testRFC7636S256Vector' started at 2026-10-07 16:02:21.580
2026-10-07T16:02:22.6678297Z Test Case 'OAuthOIDCAuthorityTests.testRFC7636S256Vector' passed (0.0 seconds)
2026-10-07T16:02:22.6679703Z Test Case 'OAuthOIDCAuthorityTests.testTokenBundleScopeAndExpiryLease' started at 2026-10-07 16:02:21.581
2026-10-07T16:02:22.6681041Z Test Case 'OAuthOIDCAuthorityTests.testTokenBundleScopeAndExpiryLease' passed (0.0 seconds)
2026-10-07T16:02:22.6682068Z Test Suite 'OAuthOIDCAuthorityTests' passed at 2026-10-07 16:02:21.581
2026-10-07T16:02:22.6682981Z 	 Executed 8 tests, with 1 test skipped and 0 failures (0 unexpected) in 0.104 (0.104) seconds
2026-10-07T16:02:22.6683940Z Test Suite 'OpenAPIAcknowledgementTests' started at 2026-10-07 16:02:21.581
2026-10-07T16:02:22.6685470Z Test Case 'OpenAPIAcknowledgementTests.testAcknowledgementCannotSatisfyCallerReturnedValuePostcondition' started at 2026-10-07 16:02:21.581
2026-10-07T16:02:22.6687556Z Test Case 'OpenAPIAcknowledgementTests.testAcknowledgementCannotSatisfyCallerReturnedValuePostcondition' passed (0.216 seconds)
2026-10-07T16:02:22.6689747Z Test Case 'OpenAPIAcknowledgementTests.testAcknowledgementHasNoTypedOutputAndRemainsUnverified' started at 2026-10-07 16:02:21.797
2026-10-07T16:02:22.6691929Z Test Case 'OpenAPIAcknowledgementTests.testAcknowledgementHasNoTypedOutputAndRemainsUnverified' passed (0.216 seconds)
2026-10-07T16:02:22.6693883Z Test Case 'OpenAPIAcknowledgementTests.testConfirmationAndCurrentHostPolicyStopAcknowledgementMutation' started at 2026-10-07 16:02:22.013
2026-10-07T16:02:22.6696177Z Test Case 'OpenAPIAcknowledgementTests.testConfirmationAndCurrentHostPolicyStopAcknowledgementMutation' passed (0.212 seconds)
2026-10-07T16:02:22.6698364Z Test Case 'OpenAPIAcknowledgementTests.testIndependentStructuredObservationVerifiesActualEffectAndSignsReceipt' started at 2026-10-07 16:02:22.224
2026-10-07T16:02:22.6700927Z Test Case 'OpenAPIAcknowledgementTests.testIndependentStructuredObservationVerifiesActualEffectAndSignsReceipt' passed (0.222 seconds)
2026-10-07T16:02:22.6703059Z Test Case 'OpenAPIAcknowledgementTests.testUndeclared2xxStatusRemainsUnknownDespiteActualEffect' started at 2026-10-07 16:02:22.446
2026-10-07T16:02:22.9073399Z Test Case 'OpenAPIAcknowledgementTests.testUndeclared2xxStatusRemainsUnknownDespiteActualEffect' passed (0.218 seconds)
2026-10-07T16:02:22.9075980Z Test Case 'OpenAPIAcknowledgementTests.testWrongOrMissingExternalEffectNeverBecomesSuccess' started at 2026-10-07 16:02:22.664
2026-10-07T16:02:22.9077746Z Test Case 'OpenAPIAcknowledgementTests.testWrongOrMissingExternalEffectNeverBecomesSuccess' passed (0.232 seconds)
2026-10-07T16:02:22.9078843Z Test Suite 'OpenAPIAcknowledgementTests' passed at 2026-10-07 16:02:22.896
2026-10-07T16:02:22.9079753Z 	 Executed 6 tests, with 0 failures (0 unexpected) in 1.314 (1.314) seconds
2026-10-07T16:02:22.9080476Z Test Suite 'OpenAPIAcquisitionBoundsTests' started at 2026-10-07 16:02:22.896
2026-10-07T16:02:22.9081477Z Test Case 'OpenAPIAcquisitionBoundsTests.testSmallSpecificationIsAccepted' started at 2026-10-07 16:02:22.896
2026-10-07T16:02:22.9082964Z /__w/rightclick/rightclick/Tests/RightClickCoreTests/OpenAPIAcquisitionBoundsTests.swift:27: OpenAPIAcquisitionBoundsTests.testSmallSpecificationIsAccepted : Test skipped - NS008_FIXTURE_PORT required.
2026-10-07T16:02:22.9084256Z Test Case 'OpenAPIAcquisitionBoundsTests.testSmallSpecificationIsAccepted' skipped (0.0 seconds)
2026-10-07T16:02:22.9085220Z Test Case 'OpenAPIAcquisitionBoundsTests.testSpecificationAcquisitionHasFiveSecondDeadline' started at 2026-10-07 16:02:22.896
2026-10-07T16:02:22.9086749Z /__w/rightclick/rightclick/Tests/RightClickCoreTests/OpenAPIAcquisitionBoundsTests.swift:27: OpenAPIAcquisitionBoundsTests.testSpecificationAcquisitionHasFiveSecondDeadline : Test skipped - NS008_FIXTURE_PORT required.
2026-10-07T16:02:22.9088219Z Test Case 'OpenAPIAcquisitionBoundsTests.testSpecificationAcquisitionHasFiveSecondDeadline' skipped (0.0 seconds)
2026-10-07T16:02:22.9089538Z Test Case 'OpenAPIAcquisitionBoundsTests.testSpecificationExactlyAtByteLimitIsAccepted' started at 2026-10-07 16:02:22.896
2026-10-07T16:02:22.9091036Z /__w/rightclick/rightclick/Tests/RightClickCoreTests/OpenAPIAcquisitionBoundsTests.swift:27: OpenAPIAcquisitionBoundsTests.testSpecificationExactlyAtByteLimitIsAccepted : Test skipped - NS008_FIXTURE_PORT required.
2026-10-07T16:02:22.9092433Z Test Case 'OpenAPIAcquisitionBoundsTests.testSpecificationExactlyAtByteLimitIsAccepted' skipped (0.0 seconds)
2026-10-07T16:02:22.9093481Z Test Case 'OpenAPIAcquisitionBoundsTests.testSpecificationOneByteOverLegacyGenericLimitIsAcceptedByOpenAPISource' started at 2026-10-07 16:02:22.896
2026-10-07T16:02:22.9095052Z /__w/rightclick/rightclick/Tests/RightClickCoreTests/OpenAPIAcquisitionBoundsTests.swift:27: OpenAPIAcquisitionBoundsTests.testSpecificationOneByteOverLegacyGenericLimitIsAcceptedByOpenAPISource : Test skipped - NS008_FIXTURE_PORT required.
2026-10-07T16:02:22.9096600Z Test Case 'OpenAPIAcquisitionBoundsTests.testSpecificationOneByteOverLegacyGenericLimitIsAcceptedByOpenAPISource' skipped (0.0 seconds)
2026-10-07T16:02:22.9097421Z Test Suite 'OpenAPIAcquisitionBoundsTests' passed at 2026-10-07 16:02:22.897
2026-10-07T16:02:22.9098242Z 	 Executed 4 tests, with 4 tests skipped and 0 failures (0 unexpected) in 0.001 (0.001) seconds
2026-10-07T16:02:22.9098760Z Test Suite 'OpenAPIAuthorityTests' started at 2026-10-07 16:02:22.897
2026-10-07T16:02:22.9099740Z Test Case 'OpenAPIAuthorityTests.testBearerAuthorityDoesNotCrossOrigin' started at 2026-10-07 16:02:22.897
2026-10-07T16:02:22.9101082Z /__w/rightclick/rightclick/Tests/RightClickCoreTests/OpenAPIAuthorityTests.swift:316: OpenAPIAuthorityTests.testBearerAuthorityDoesNotCrossOrigin : Test skipped - Native Keychain credential tests require macOS
2026-10-07T16:02:22.9102212Z Test Case 'OpenAPIAuthorityTests.testBearerAuthorityDoesNotCrossOrigin' skipped (0.0 seconds)
2026-10-07T16:02:22.9103141Z Test Case 'OpenAPIAuthorityTests.testBearerAuthorityIsInjectedFromOriginBoundKeychainWithoutSecretDisclosure' started at 2026-10-07 16:02:22.897
2026-10-07T16:02:22.9104680Z /__w/rightclick/rightclick/Tests/RightClickCoreTests/OpenAPIAuthorityTests.swift:316: OpenAPIAuthorityTests.testBearerAuthorityIsInjectedFromOriginBoundKeychainWithoutSecretDisclosure : Test skipped - Native Keychain credential tests require macOS
2026-10-07T16:02:22.9106202Z Test Case 'OpenAPIAuthorityTests.testBearerAuthorityIsInjectedFromOriginBoundKeychainWithoutSecretDisclosure' skipped (0.0 seconds)
2026-10-07T16:02:22.9107614Z Test Case 'OpenAPIAuthorityTests.testBearerSecurityRequirementReflectsGenericAuthorityMetadataWithoutSecret' started at 2026-10-07 16:02:22.897
2026-10-07T16:02:22.9108757Z Test Case 'OpenAPIAuthorityTests.testBearerSecurityRequirementReflectsGenericAuthorityMetadataWithoutSecret' passed (0.002 seconds)
2026-10-07T16:02:22.9109970Z Test Case 'OpenAPIAuthorityTests.testExplicitEmptyOperationSecurityOverridesRootSecurityAsPublic' started at 2026-10-07 16:02:22.899
2026-10-07T16:02:23.1666252Z Test Case 'OpenAPIAuthorityTests.testExplicitEmptyOperationSecurityOverridesRootSecurityAsPublic' passed (0.008 seconds)
2026-10-07T16:02:23.1668105Z Test Case 'OpenAPIAuthorityTests.testMissingBearerAuthorityFailsBeforeTransport' started at 2026-10-07 16:02:22.907
2026-10-07T16:02:23.1669896Z Test Case 'OpenAPIAuthorityTests.testMissingBearerAuthorityFailsBeforeTransport' passed (0.104 seconds)
2026-10-07T16:02:23.1671312Z Test Case 'OpenAPIAuthorityTests.testRootLevelSecurityIsNotSilentlyIgnored' started at 2026-10-07 16:02:23.011
2026-10-07T16:02:23.1672705Z Test Case 'OpenAPIAuthorityTests.testRootLevelSecurityIsNotSilentlyIgnored' passed (0.004 seconds)
2026-10-07T16:02:23.1674262Z Test Case 'OpenAPIAuthorityTests.testUnsupportedSecurityRequirementsAbstainRatherThanGuessing' started at 2026-10-07 16:02:23.015
2026-10-07T16:02:23.1675975Z Test Case 'OpenAPIAuthorityTests.testUnsupportedSecurityRequirementsAbstainRatherThanGuessing' passed (0.006 seconds)
2026-10-07T16:02:23.1677085Z Test Suite 'OpenAPIAuthorityTests' passed at 2026-10-07 16:02:23.022
2026-10-07T16:02:23.1677721Z 	 Executed 7 tests, with 2 tests skipped and 0 failures (0 unexpected) in 0.125 (0.125) seconds
2026-10-07T16:02:23.1678443Z Test Suite 'OpenAPIRealProviderAcceptanceTests' started at 2026-10-07 16:02:23.022
2026-10-07T16:02:23.1679733Z Test Case 'OpenAPIRealProviderAcceptanceTests.testRealLocalhostProviderThroughUniversalRuntime' started at 2026-10-07 16:02:23.022
2026-10-07T16:02:23.1681744Z /__w/rightclick/rightclick/Tests/RightClickCoreTests/OpenAPIRealProviderAcceptanceTests.swift:62: OpenAPIRealProviderAcceptanceTests.testRealLocalhostProviderThroughUniversalRuntime : Test skipped - NS004_OPENAPI_BASE_URL is required for the real-provider gate.
2026-10-07T16:02:23.1683758Z Test Case 'OpenAPIRealProviderAcceptanceTests.testRealLocalhostProviderThroughUniversalRuntime' skipped (0.0 seconds)
2026-10-07T16:02:23.1684744Z Test Suite 'OpenAPIRealProviderAcceptanceTests' passed at 2026-10-07 16:02:23.022
2026-10-07T16:02:23.1685435Z 	 Executed 1 test, with 1 test skipped and 0 failures (0 unexpected) in 0.0 (0.0) seconds
2026-10-07T16:02:23.1686049Z Test Suite 'OpenAPIReflectorTests' started at 2026-10-07 16:02:23.022
2026-10-07T16:02:23.1687110Z Test Case 'OpenAPIReflectorTests.testCapabilityIdentityBindsEndpointAndSpecification' started at 2026-10-07 16:02:23.022
2026-10-07T16:02:23.1688032Z Test Case 'OpenAPIReflectorTests.testCapabilityIdentityBindsEndpointAndSpecification' passed (0.002 seconds)
2026-10-07T16:02:23.1689190Z Test Case 'OpenAPIReflectorTests.testExistingVerifierCanVerifyOpenAPIResult' started at 2026-10-07 16:02:23.024
2026-10-07T16:02:23.1690047Z Test Case 'OpenAPIReflectorTests.testExistingVerifierCanVerifyOpenAPIResult' passed (0.006 seconds)
2026-10-07T16:02:23.1690909Z Test Case 'OpenAPIReflectorTests.testExistingVerifierRejectsWrongOpenAPIResult' started at 2026-10-07 16:02:23.030
2026-10-07T16:02:23.1691771Z Test Case 'OpenAPIReflectorTests.testExistingVerifierRejectsWrongOpenAPIResult' passed (0.006 seconds)
2026-10-07T16:02:23.1692684Z Test Case 'OpenAPIReflectorTests.testGETPathParameterArgumentsFailClosedBeforeTransport' started at 2026-10-07 16:02:23.036
2026-10-07T16:02:23.1693652Z Test Case 'OpenAPIReflectorTests.testGETPathParameterArgumentsFailClosedBeforeTransport' passed (0.007 seconds)
2026-10-07T16:02:23.1694700Z Test Case 'OpenAPIReflectorTests.testGETPathParameterUsesGenericArgumentsPercentEncodesAndSendsNoBody' started at 2026-10-07 16:02:23.043
2026-10-07T16:02:23.1695834Z Test Case 'OpenAPIReflectorTests.testGETPathParameterUsesGenericArgumentsPercentEncodesAndSendsNoBody' passed (0.007 seconds)
2026-10-07T16:02:23.1696905Z Test Case 'OpenAPIReflectorTests.testGETUnsupportedParameterShapesAbstainRatherThanGuessing' started at 2026-10-07 16:02:23.049
2026-10-07T16:02:23.1697841Z Test Case 'OpenAPIReflectorTests.testGETUnsupportedParameterShapesAbstainRatherThanGuessing' passed (0.002 seconds)
2026-10-07T16:02:23.1698820Z Test Case 'OpenAPIReflectorTests.testGETWithRequiredStringPathParameterReflectsGenericArgumentSchema' started at 2026-10-07 16:02:23.051
2026-10-07T16:02:23.1699973Z Test Case 'OpenAPIReflectorTests.testGETWithRequiredStringPathParameterReflectsGenericArgumentSchema' passed (0.001 seconds)
2026-10-07T16:02:23.1700864Z Test Case 'OpenAPIReflectorTests.testHTTPAcceptanceIsNotSemanticSuccess' started at 2026-10-07 16:02:23.053
2026-10-07T16:02:23.1701599Z Test Case 'OpenAPIReflectorTests.testHTTPAcceptanceIsNotSemanticSuccess' passed (0.006 seconds)
2026-10-07T16:02:23.1702295Z Test Case 'OpenAPIReflectorTests.testMissingOperationIDAbstains' started at 2026-10-07 16:02:23.058
2026-10-07T16:02:23.1702950Z Test Case 'OpenAPIReflectorTests.testMissingOperationIDAbstains' passed (0.001 seconds)
2026-10-07T16:02:23.1703740Z Test Case 'OpenAPIReflectorTests.testStructuredJSONObjectArgumentsFailClosedBeforeTransport' started at 2026-10-07 16:02:23.059
2026-10-07T16:02:23.1704678Z Test Case 'OpenAPIReflectorTests.testStructuredJSONObjectArgumentsFailClosedBeforeTransport' passed (0.107 seconds)
2026-10-07T16:02:23.1813006Z Test Case 'OpenAPIReflectorTests.testStructuredJSONObjectOperationUsesGenericArgumentsAndReturnsCanonicalJSON' started at 2026-10-07 16:02:23.166
2026-10-07T16:02:23.1814315Z Test Case 'OpenAPIReflectorTests.testStructuredJSONObjectOperationUsesGenericArgumentsAndReturnsCanonicalJSON' passed (0.008 seconds)
2026-10-07T16:02:23.1816000Z Test Case 'OpenAPIReflectorTests.testSupportedStructuredJSONObjectOperationReflectsGenericArgumentSchema' started at 2026-10-07 16:02:23.174
2026-10-07T16:02:23.1817280Z Test Case 'OpenAPIReflectorTests.testSupportedStructuredJSONObjectOperationReflectsGenericArgumentSchema' passed (0.001 seconds)
2026-10-07T16:02:23.1818596Z Test Case 'OpenAPIReflectorTests.testUnknownOpenAPISpecReflectsTextOperation' started at 2026-10-07 16:02:23.175
2026-10-07T16:02:23.1819969Z Test Case 'OpenAPIReflectorTests.testUnknownOpenAPISpecReflectsTextOperation' passed (0.001 seconds)
2026-10-07T16:02:23.1821561Z Test Case 'OpenAPIReflectorTests.testUnsupportedSchemaAbstainsRatherThanGuessing' started at 2026-10-07 16:02:23.176
2026-10-07T16:02:23.1822955Z Test Case 'OpenAPIReflectorTests.testUnsupportedSchemaAbstainsRatherThanGuessing' passed (0.001 seconds)
2026-10-07T16:02:23.1823883Z Test Suite 'OpenAPIReflectorTests' passed at 2026-10-07 16:02:23.177
2026-10-07T16:02:23.1824374Z 	 Executed 14 tests, with 0 failures (0 unexpected) in 0.155 (0.155) seconds
2026-10-07T16:02:23.1824826Z Test Suite 'PolicyTests' started at 2026-10-07 16:02:23.177
2026-10-07T16:02:23.1825489Z Test Case 'PolicyTests.testActionExtensionIsNotInvokable' started at 2026-10-07 16:02:23.177
2026-10-07T16:02:23.1826376Z Test Case 'PolicyTests.testActionExtensionIsNotInvokable' passed (0.0 seconds)
2026-10-07T16:02:23.1827158Z Test Case 'PolicyTests.testCodeExecutionRequiresConfirmationEvenWithTextOutput' started at 2026-10-07 16:02:23.177
2026-10-07T16:02:23.1827966Z Test Case 'PolicyTests.testCodeExecutionRequiresConfirmationEvenWithTextOutput' passed (0.0 seconds)
2026-10-07T16:02:23.1828855Z Test Case 'PolicyTests.testContentClassification' started at 2026-10-07 16:02:23.177
2026-10-07T16:02:23.1830144Z Test Case 'PolicyTests.testContentClassification' passed (0.0 seconds)
2026-10-07T16:02:23.1831211Z Test Case 'PolicyTests.testDedupeKeepsFirstIdentifier' started at 2026-10-07 16:02:23.178
2026-10-07T16:02:23.1832288Z Test Case 'PolicyTests.testDedupeKeepsFirstIdentifier' passed (0.0 seconds)
2026-10-07T16:02:23.1833372Z Test Case 'PolicyTests.testDestructiveRequiresConfirmation' started at 2026-10-07 16:02:23.178
2026-10-07T16:02:23.1834602Z Test Case 'PolicyTests.testDestructiveRequiresConfirmation' passed (0.0 seconds)
2026-10-07T16:02:23.1835794Z Test Case 'PolicyTests.testExternalShareRequiresConfirmation' started at 2026-10-07 16:02:23.178
2026-10-07T16:02:23.1837006Z Test Case 'PolicyTests.testExternalShareRequiresConfirmation' passed (0.0 seconds)
2026-10-07T16:02:23.1838395Z Test Case 'PolicyTests.testSecurityChangeRequiresConfirmationEvenWithTextOutput' started at 2026-10-07 16:02:23.178
2026-10-07T16:02:23.1840254Z Test Case 'PolicyTests.testSecurityChangeRequiresConfirmationEvenWithTextOutput' passed (0.0 seconds)
2026-10-07T16:02:23.1841662Z Test Case 'PolicyTests.testServiceIdentifierPrefersMessage' started at 2026-10-07 16:02:23.178
2026-10-07T16:02:23.1842845Z Test Case 'PolicyTests.testServiceIdentifierPrefersMessage' passed (0.0 seconds)
2026-10-07T16:02:23.1844060Z Test Case 'PolicyTests.testSharingIdentifierFallsBackToTitleSlug' started at 2026-10-07 16:02:23.178
2026-10-07T16:02:23.1845350Z Test Case 'PolicyTests.testSharingIdentifierFallsBackToTitleSlug' passed (0.0 seconds)
2026-10-07T16:02:23.1846597Z Test Case 'PolicyTests.testSharingIdentifierUsesPublicName' started at 2026-10-07 16:02:23.178
2026-10-07T16:02:23.1847765Z Test Case 'PolicyTests.testSharingIdentifierUsesPublicName' passed (0.0 seconds)
2026-10-07T16:02:23.1849319Z Test Case 'PolicyTests.testTextTransformContractStillRequiresConfirmation' started at 2026-10-07 16:02:23.179
2026-10-07T16:02:23.1850783Z Test Case 'PolicyTests.testTextTransformContractStillRequiresConfirmation' passed (0.0 seconds)
2026-10-07T16:02:23.1852345Z Test Case 'PolicyTests.testUntrustedTextReturnContractCannotGrantReadOnlyPermission' started at 2026-10-07 16:02:23.179
2026-10-07T16:02:23.1853794Z Test Case 'PolicyTests.testUntrustedTextReturnContractCannotGrantReadOnlyPermission' passed (0.0 seconds)
2026-10-07T16:02:23.1854945Z Test Suite 'PolicyTests' passed at 2026-10-07 16:02:23.179
2026-10-07T16:02:23.1855372Z 	 Executed 12 tests, with 0 failures (0 unexpected) in 0.002 (0.002) seconds
2026-10-07T16:02:23.1855844Z Test Suite 'PortableRuntimeTests' started at 2026-10-07 16:02:23.179
2026-10-07T16:02:23.1856479Z Test Case 'PortableRuntimeTests.testFilesAndUnknownExtensionsAreConservative' started at 2026-10-07 16:02:23.179
2026-10-07T16:02:23.1857282Z Test Case 'PortableRuntimeTests.testFilesAndUnknownExtensionsAreConservative' passed (0.001 seconds)
2026-10-07T16:02:23.1858107Z Test Case 'PortableRuntimeTests.testHostStorageDoesNotAcceptRelativeEnvironmentPaths' started at 2026-10-07 16:02:23.180
2026-10-07T16:02:23.1859289Z Test Case 'PortableRuntimeTests.testHostStorageDoesNotAcceptRelativeEnvironmentPaths' passed (0.0 seconds)
2026-10-07T16:02:23.1860334Z Test Case 'PortableRuntimeTests.testNativeCatalogIsAbsentOnOtherHosts' started at 2026-10-07 16:02:23.181
2026-10-07T16:02:24.3522566Z Test Case 'PortableRuntimeTests.testNativeCatalogIsAbsentOnOtherHosts' passed (0.0 seconds)
2026-10-07T16:02:24.3524928Z Test Case 'PortableRuntimeTests.testNativeJSONBooleanIdentityCannotBecomeNumericLength' started at 2026-10-07 16:02:23.181
2026-10-07T16:02:24.3527296Z Test Case 'PortableRuntimeTests.testNativeJSONBooleanIdentityCannotBecomeNumericLength' passed (0.001 seconds)
2026-10-07T16:02:24.3529365Z Test Case 'PortableRuntimeTests.testPKCEUsesPortableCryptographicRandomness' started at 2026-10-07 16:02:23.182
2026-10-07T16:02:24.3530924Z Test Case 'PortableRuntimeTests.testPKCEUsesPortableCryptographicRandomness' passed (0.0 seconds)
2026-10-07T16:02:24.3532121Z Test Case 'PortableRuntimeTests.testStableTextAndURLClassification' started at 2026-10-07 16:02:23.182
2026-10-07T16:02:24.3533256Z Test Case 'PortableRuntimeTests.testStableTextAndURLClassification' passed (0.0 seconds)
2026-10-07T16:02:24.3534353Z Test Case 'PortableRuntimeTests.testUnavailableSecureStorageAbstains' started at 2026-10-07 16:02:23.182
2026-10-07T16:02:24.3535349Z Test Case 'PortableRuntimeTests.testUnavailableSecureStorageAbstains' passed (0.0 seconds)
2026-10-07T16:02:24.3536117Z Test Suite 'PortableRuntimeTests' passed at 2026-10-07 16:02:23.182
2026-10-07T16:02:24.3536868Z 	 Executed 7 tests, with 0 failures (0 unexpected) in 0.003 (0.003) seconds
2026-10-07T16:02:24.3537511Z Test Suite 'ProductSurfaceRuntimeTests' started at 2026-10-07 16:02:23.182
2026-10-07T16:02:24.3538489Z Test Case 'ProductSurfaceRuntimeTests.testRuntimeIdentityReportsExactExecutableBytes' started at 2026-10-07 16:02:23.182
2026-10-07T16:02:24.3539838Z Test Case 'ProductSurfaceRuntimeTests.testRuntimeIdentityReportsExactExecutableBytes' passed (0.001 seconds)
2026-10-07T16:02:24.3540573Z Test Suite 'ProductSurfaceRuntimeTests' passed at 2026-10-07 16:02:23.183
2026-10-07T16:02:24.3541068Z 	 Executed 1 test, with 0 failures (0 unexpected) in 0.001 (0.001) seconds
2026-10-07T16:02:24.3541517Z Test Suite 'RCIRBoundaryTests' started at 2026-10-07 16:02:23.183
2026-10-07T16:02:24.3542093Z Test Case 'RCIRBoundaryTests.testConcurrentConsumptionHasOneWinner' started at 2026-10-07 16:02:23.183
2026-10-07T16:02:24.3542802Z Test Case 'RCIRBoundaryTests.testConcurrentConsumptionHasOneWinner' passed (0.002 seconds)
2026-10-07T16:02:24.3543621Z Test Case 'RCIRBoundaryTests.testFailedProviderResultStillDoesNotVerifyAnExternalFailure' started at 2026-10-07 16:02:23.185
2026-10-07T16:02:24.3544546Z Test Case 'RCIRBoundaryTests.testFailedProviderResultStillDoesNotVerifyAnExternalFailure' passed (0.101 seconds)
2026-10-07T16:02:24.3545398Z Test Case 'RCIRBoundaryTests.testInvalidObservationCannotSetSemanticSuccess' started at 2026-10-07 16:02:23.287
2026-10-07T16:02:24.3546187Z Test Case 'RCIRBoundaryTests.testInvalidObservationCannotSetSemanticSuccess' passed (0.001 seconds)
2026-10-07T16:02:24.3547017Z Test Case 'RCIRBoundaryTests.testRejectedArgumentsDoNotSpendAnOtherwiseValidLease' started at 2026-10-07 16:02:23.288
2026-10-07T16:02:24.3547866Z Test Case 'RCIRBoundaryTests.testRejectedArgumentsDoNotSpendAnOtherwiseValidLease' passed (0.001 seconds)
2026-10-07T16:02:24.3548583Z Test Case 'RCIRBoundaryTests.testTaskCannotPredateLease' started at 2026-10-07 16:02:23.289
2026-10-07T16:02:24.3549450Z Test Case 'RCIRBoundaryTests.testTaskCannotPredateLease' passed (0.001 seconds)
2026-10-07T16:02:24.3549931Z Test Suite 'RCIRBoundaryTests' passed at 2026-10-07 16:02:23.289
2026-10-07T16:02:24.3550360Z 	 Executed 5 tests, with 0 failures (0 unexpected) in 0.106 (0.106) seconds
2026-10-07T16:02:24.3550833Z Test Suite 'RCIRDeferredCapacityTests' started at 2026-10-07 16:02:23.289
2026-10-07T16:02:24.3551608Z Test Case 'RCIRDeferredCapacityTests.testExpiredPendingTasksAreReceiptedAndReapedBeforeNewAdmission' started at 2026-10-07 16:02:23.289
2026-10-07T16:02:24.3552994Z Test Case 'RCIRDeferredCapacityTests.testExpiredPendingTasksAreReceiptedAndReapedBeforeNewAdmission' passed (0.562 seconds)
2026-10-07T16:02:24.3554028Z Test Case 'RCIRDeferredCapacityTests.testInFlightReservationsCannotOverrunTheBoundedSessionCapacity' started at 2026-10-07 16:02:23.852
2026-10-07T16:02:24.3555057Z Test Case 'RCIRDeferredCapacityTests.testInFlightReservationsCannotOverrunTheBoundedSessionCapacity' passed (0.393 seconds)
2026-10-07T16:02:24.3555895Z Test Suite 'RCIRDeferredCapacityTests' passed at 2026-10-07 16:02:24.245
2026-10-07T16:02:24.3556374Z 	 Executed 2 tests, with 0 failures (0 unexpected) in 0.955 (0.955) seconds
2026-10-07T16:02:24.3556850Z Test Suite 'RCIRDeferredProductionTests' started at 2026-10-07 16:02:24.245
2026-10-07T16:02:24.3557608Z Test Case 'RCIRDeferredProductionTests.testAcceptedRemoteTaskRemainsPendingUntilLaterObservation' started at 2026-10-07 16:02:24.245
2026-10-07T16:02:24.3558630Z Test Case 'RCIRDeferredProductionTests.testAcceptedRemoteTaskRemainsPendingUntilLaterObservation' passed (0.107 seconds)
2026-10-07T16:02:24.3559635Z Test Suite 'RCIRDeferredProductionTests' passed at 2026-10-07 16:02:24.352
2026-10-07T16:02:24.3560137Z 	 Executed 1 test, with 0 failures (0 unexpected) in 0.107 (0.107) seconds
2026-10-07T16:02:24.3560622Z Test Suite 'RCIRHTTPJSONObservationTests' started at 2026-10-07 16:02:24.352
2026-10-07T16:02:37.2417444Z Test Case 'RCIRHTTPJSONObservationTests.testAmbientCookiesCannotEnterObservationOrPersistResponseCookie' started at 2026-10-07 16:02:24.352
2026-10-07T16:02:37.2420174Z Test Case 'RCIRHTTPJSONObservationTests.testAmbientCookiesCannotEnterObservationOrPersistResponseCookie' passed (0.323 seconds)
2026-10-07T16:02:37.2422619Z Test Case 'RCIRHTTPJSONObservationTests.testAmbiguousProjectionOrMissingCallerDigestFailsBeforeMutation' started at 2026-10-07 16:02:24.674
2026-10-07T16:02:37.2425272Z Test Case 'RCIRHTTPJSONObservationTests.testAmbiguousProjectionOrMissingCallerDigestFailsBeforeMutation' passed (0.314 seconds)
2026-10-07T16:02:37.2427639Z Test Case 'RCIRHTTPJSONObservationTests.testDefaultCredentialStorageCannotSupplyObserverAuthority' started at 2026-10-07 16:02:24.988
2026-10-07T16:02:37.2430062Z Test Case 'RCIRHTTPJSONObservationTests.testDefaultCredentialStorageCannotSupplyObserverAuthority' passed (5.32 seconds)
2026-10-07T16:02:37.2431933Z Test Case 'RCIRHTTPJSONObservationTests.testMismatchMissingAndUndeclaredObservationFieldsNeverSucceed' started at 2026-10-07 16:02:30.308
2026-10-07T16:02:37.2433015Z Test Case 'RCIRHTTPJSONObservationTests.testMismatchMissingAndUndeclaredObservationFieldsNeverSucceed' passed (0.341 seconds)
2026-10-07T16:02:37.2434103Z Test Case 'RCIRHTTPJSONObservationTests.testPinnedOriginAndRevokedReferenceAbstainWithoutObserverRead' started at 2026-10-07 16:02:30.649
2026-10-07T16:02:37.2435169Z Test Case 'RCIRHTTPJSONObservationTests.testPinnedOriginAndRevokedReferenceAbstainWithoutObserverRead' passed (0.32 seconds)
2026-10-07T16:02:37.2436269Z Test Case 'RCIRHTTPJSONObservationTests.testPrintableJSONSegmentEncodesOnceWithoutTraversalOrAuthorityChange' started at 2026-10-07 16:02:30.969
2026-10-07T16:02:37.2437428Z Test Case 'RCIRHTTPJSONObservationTests.testPrintableJSONSegmentEncodesOnceWithoutTraversalOrAuthorityChange' passed (0.308 seconds)
2026-10-07T16:02:37.2438575Z Test Case 'RCIRHTTPJSONObservationTests.testRealJSONObservationRetainsFullMetadataAndMatchesIndependentDigest' started at 2026-10-07 16:02:31.277
2026-10-07T16:02:37.2439893Z Test Case 'RCIRHTTPJSONObservationTests.testRealJSONObservationRetainsFullMetadataAndMatchesIndependentDigest' passed (0.32 seconds)
2026-10-07T16:02:37.2440980Z Test Case 'RCIRHTTPJSONObservationTests.testRedirectNeverSendsObserverCredentialToAnotherOrigin' started at 2026-10-07 16:02:31.597
2026-10-07T16:02:37.2441994Z Test Case 'RCIRHTTPJSONObservationTests.testRedirectNeverSendsObserverCredentialToAnotherOrigin' passed (0.319 seconds)
2026-10-07T16:02:37.2442937Z Test Case 'RCIRHTTPJSONObservationTests.testWriterCredentialCannotActAsReadonlyObserver' started at 2026-10-07 16:02:31.916
2026-10-07T16:02:37.2444158Z Test Case 'RCIRHTTPJSONObservationTests.testWriterCredentialCannotActAsReadonlyObserver' passed (5.318 seconds)
2026-10-07T16:02:37.2444844Z Test Suite 'RCIRHTTPJSONObservationTests' passed at 2026-10-07 16:02:37.235
2026-10-07T16:02:37.2445326Z 	 Executed 9 tests, with 0 failures (0 unexpected) in 12.883 (12.883) seconds
2026-10-07T16:02:37.2445915Z Test Suite 'RCIRIntegrationTests' started at 2026-10-07 16:02:37.235
2026-10-07T16:02:37.2446539Z Test Case 'RCIRIntegrationTests.testBackendSignatureRejectionIsNotIgnored' started at 2026-10-07 16:02:37.235
2026-10-07T16:02:37.2447295Z Test Case 'RCIRIntegrationTests.testBackendSignatureRejectionIsNotIgnored' passed (0.001 seconds)
2026-10-07T16:02:37.2448023Z Test Case 'RCIRIntegrationTests.testEmbeddedKeyCannotEstablishTrust' started at 2026-10-07 16:02:37.236
2026-10-07T16:02:37.2448717Z Test Case 'RCIRIntegrationTests.testEmbeddedKeyCannotEstablishTrust' passed (0.001 seconds)
2026-10-07T16:02:37.2449715Z Test Case 'RCIRIntegrationTests.testEmptyTerminalPageIsDistinguishableFromLiveIdle' started at 2026-10-07 16:02:37.237
2026-10-07T16:02:37.2450781Z Test Case 'RCIRIntegrationTests.testEmptyTerminalPageIsDistinguishableFromLiveIdle' passed (0.002 seconds)
2026-10-07T16:02:37.2451555Z Test Case 'RCIRIntegrationTests.testEnvelopeRejectsNonReceiptPayload' started at 2026-10-07 16:02:37.239
2026-10-07T16:02:37.2452259Z Test Case 'RCIRIntegrationTests.testEnvelopeRejectsNonReceiptPayload' passed (0.0 seconds)
2026-10-07T16:02:37.2453004Z Test Case 'RCIRIntegrationTests.testEnvelopeRejectsWrongSignatureAndKeyLengths' started at 2026-10-07 16:02:37.239
2026-10-07T16:02:37.2453804Z Test Case 'RCIRIntegrationTests.testEnvelopeRejectsWrongSignatureAndKeyLengths' passed (0.001 seconds)
2026-10-07T16:02:37.2454566Z Test Case 'RCIRIntegrationTests.testEventPagesHaveBoundedStableCursors' started at 2026-10-07 16:02:37.240
2026-10-07T16:02:37.2455287Z Test Case 'RCIRIntegrationTests.testEventPagesHaveBoundedStableCursors' passed (0.001 seconds)
2026-10-07T16:02:37.2456039Z Test Case 'RCIRIntegrationTests.testObserverReceivesExactArgumentsAndBinding' started at 2026-10-07 16:02:37.240
2026-10-07T16:02:37.2456814Z Test Case 'RCIRIntegrationTests.testObserverReceivesExactArgumentsAndBinding' passed (0.001 seconds)
2026-10-07T16:02:37.5632329Z Test Case 'RCIRIntegrationTests.testPagesRejectInvalidCursorsAndLimits' started at 2026-10-07 16:02:37.241
2026-10-07T16:02:37.5633767Z Test Case 'RCIRIntegrationTests.testPagesRejectInvalidCursorsAndLimits' passed (0.001 seconds)
2026-10-07T16:02:37.5635186Z Test Case 'RCIRIntegrationTests.testRealCryptoKitSignatureAndPinnedKey' started at 2026-10-07 16:02:37.242
2026-10-07T16:02:37.5636214Z Test Case 'RCIRIntegrationTests.testRealCryptoKitSignatureAndPinnedKey' passed (0.103 seconds)
2026-10-07T16:02:37.5637232Z Test Case 'RCIRIntegrationTests.testRealCryptoKitSignatureDetectsPayloadTampering' started at 2026-10-07 16:02:37.345
2026-10-07T16:02:37.5638686Z Test Case 'RCIRIntegrationTests.testRealCryptoKitSignatureDetectsPayloadTampering' passed (0.003 seconds)
2026-10-07T16:02:37.5640648Z Test Case 'RCIRIntegrationTests.testUnsignedFixtureIsExplicitlyNotCryptographicEvidence' started at 2026-10-07 16:02:37.348
2026-10-07T16:02:37.5642477Z Test Case 'RCIRIntegrationTests.testUnsignedFixtureIsExplicitlyNotCryptographicEvidence' passed (0.001 seconds)
2026-10-07T16:02:37.5644409Z Test Case 'RCIRIntegrationTests.testWireTransportPreservesExactPayload' started at 2026-10-07 16:02:37.349
2026-10-07T16:02:37.5646061Z Test Case 'RCIRIntegrationTests.testWireTransportPreservesExactPayload' passed (0.001 seconds)
2026-10-07T16:02:37.5647273Z Test Suite 'RCIRIntegrationTests' passed at 2026-10-07 16:02:37.350
2026-10-07T16:02:37.5648163Z 	 Executed 12 tests, with 0 failures (0 unexpected) in 0.115 (0.115) seconds
2026-10-07T16:02:37.5649251Z Test Suite 'RCIRInvocationBindingTests' started at 2026-10-07 16:02:37.350
2026-10-07T16:02:37.5650862Z Test Case 'RCIRInvocationBindingTests.testInvocationBindingRejectsNoncanonicalIdentityAndUnboundedOrWildcardPaths' started at 2026-10-07 16:02:37.350
2026-10-07T16:02:37.5653487Z Test Case 'RCIRInvocationBindingTests.testInvocationBindingRejectsNoncanonicalIdentityAndUnboundedOrWildcardPaths' passed (0.001 seconds)
2026-10-07T16:02:37.5655856Z Test Case 'RCIRInvocationBindingTests.testMatchingOldMarkerIsRetainedInSignedFailureInsteadOfVerifyingCurrentInvocation' started at 2026-10-07 16:02:37.351
2026-10-07T16:02:37.5658675Z Test Case 'RCIRInvocationBindingTests.testMatchingOldMarkerIsRetainedInSignedFailureInsteadOfVerifyingCurrentInvocation' passed (0.003 seconds)
2026-10-07T16:02:37.5660819Z Test Case 'RCIRInvocationBindingTests.testOnlyHostTaskIdentityCanVerifyMatchingObservation' started at 2026-10-07 16:02:37.354
2026-10-07T16:02:37.5662561Z Test Case 'RCIRInvocationBindingTests.testOnlyHostTaskIdentityCanVerifyMatchingObservation' passed (0.001 seconds)
2026-10-07T16:02:37.5663882Z Test Suite 'RCIRInvocationBindingTests' passed at 2026-10-07 16:02:37.356
2026-10-07T16:02:37.5664747Z 	 Executed 3 tests, with 0 failures (0 unexpected) in 0.005 (0.005) seconds
2026-10-07T16:02:37.5665634Z Test Suite 'RCIRInvocationIsolationTests' started at 2026-10-07 16:02:37.356
2026-10-07T16:02:37.5667080Z Test Case 'RCIRInvocationIsolationTests.testCompilerCannotMixProviderIdentityOrArgumentTypes' started at 2026-10-07 16:02:37.356
2026-10-07T16:02:37.5669254Z Test Case 'RCIRInvocationIsolationTests.testCompilerCannotMixProviderIdentityOrArgumentTypes' passed (0.101 seconds)
2026-10-07T16:02:37.5671147Z Test Case 'RCIRInvocationIsolationTests.testDiscoveryDriftInvalidatesOutstandingInvocation' started at 2026-10-07 16:02:37.457
2026-10-07T16:02:37.5672994Z Test Case 'RCIRInvocationIsolationTests.testDiscoveryDriftInvalidatesOutstandingInvocation' passed (0.001 seconds)
2026-10-07T16:02:37.5674848Z Test Case 'RCIRInvocationIsolationTests.testEffectKindDriftInvalidatesOutstandingInvocation' started at 2026-10-07 16:02:37.458
2026-10-07T16:02:37.5676700Z Test Case 'RCIRInvocationIsolationTests.testEffectKindDriftInvalidatesOutstandingInvocation' passed (0.001 seconds)
2026-10-07T16:02:37.5678589Z Test Case 'RCIRInvocationIsolationTests.testInvocationDoesNotTurnUnknownEffectsIntoAuthority' started at 2026-10-07 16:02:37.458
2026-10-07T16:02:37.5680735Z Test Case 'RCIRInvocationIsolationTests.testInvocationDoesNotTurnUnknownEffectsIntoAuthority' passed (0.101 seconds)
2026-10-07T16:02:37.5682689Z Test Case 'RCIRInvocationIsolationTests.testPrincipalReplacementInvalidatesOutstandingInvocation' started at 2026-10-07 16:02:37.559
2026-10-07T16:02:37.5684689Z Test Case 'RCIRInvocationIsolationTests.testPrincipalReplacementInvalidatesOutstandingInvocation' passed (0.001 seconds)
2026-10-07T16:02:37.5686692Z Test Case 'RCIRInvocationIsolationTests.testResourcesAndPostconditionsAreBoundToIndependentLeases' started at 2026-10-07 16:02:37.560
2026-10-07T16:02:37.5688721Z Test Case 'RCIRInvocationIsolationTests.testResourcesAndPostconditionsAreBoundToIndependentLeases' passed (0.002 seconds)
2026-10-07T16:02:37.5690963Z Test Case 'RCIRInvocationIsolationTests.testTaskBudgetDriftInvalidatesOutstandingInvocation' started at 2026-10-07 16:02:37.562
2026-10-07T16:02:37.5692821Z Test Case 'RCIRInvocationIsolationTests.testTaskBudgetDriftInvalidatesOutstandingInvocation' passed (0.001 seconds)
2026-10-07T16:02:38.9644554Z Test Case 'RCIRInvocationIsolationTests.testWithdrawalAndReappearanceCannotReviveOldLease' started at 2026-10-07 16:02:37.563
2026-10-07T16:02:38.9646890Z Test Case 'RCIRInvocationIsolationTests.testWithdrawalAndReappearanceCannotReviveOldLease' passed (0.001 seconds)
2026-10-07T16:02:38.9648363Z Test Suite 'RCIRInvocationIsolationTests' passed at 2026-10-07 16:02:37.564
2026-10-07T16:02:38.9649581Z 	 Executed 8 tests, with 0 failures (0 unexpected) in 0.208 (0.208) seconds
2026-10-07T16:02:38.9650463Z Test Suite 'RCIRNoOutputTests' started at 2026-10-07 16:02:37.564
2026-10-07T16:02:38.9651963Z Test Case 'RCIRNoOutputTests.testExactUnchangedWindowsDeclarationAcquiresAcknowledgementCapability' started at 2026-10-07 16:02:37.564
2026-10-07T16:02:38.9653894Z Test Case 'RCIRNoOutputTests.testExactUnchangedWindowsDeclarationAcquiresAcknowledgementCapability' passed (0.002 seconds)
2026-10-07T16:02:38.9655044Z Test Case 'RCIRNoOutputTests.testInheritedSecurityUsesStrictSchemeResolutionAndOperationOverrides' started at 2026-10-07 16:02:37.566
2026-10-07T16:02:38.9656224Z Test Case 'RCIRNoOutputTests.testInheritedSecurityUsesStrictSchemeResolutionAndOperationOverrides' passed (0.01 seconds)
2026-10-07T16:02:38.9657226Z Test Case 'RCIRNoOutputTests.testUnknownOrUndeclaredOutputCannotBeRecategorizedAsAcknowledgement' started at 2026-10-07 16:02:37.576
2026-10-07T16:02:38.9658222Z Test Case 'RCIRNoOutputTests.testUnknownOrUndeclaredOutputCannotBeRecategorizedAsAcknowledgement' passed (0.002 seconds)
2026-10-07T16:02:38.9659180Z Test Suite 'RCIRNoOutputTests' passed at 2026-10-07 16:02:37.578
2026-10-07T16:02:38.9659643Z 	 Executed 3 tests, with 0 failures (0 unexpected) in 0.015 (0.015) seconds
2026-10-07T16:02:38.9660124Z Test Suite 'RCIRProductionDispatchTests' started at 2026-10-07 16:02:37.578
2026-10-07T16:02:38.9660915Z Test Case 'RCIRProductionDispatchTests.testActualArtifactSchemaDriftRejectsOldInvocationAndReacquires' started at 2026-10-07 16:02:37.578
2026-10-07T16:02:38.9661969Z Test Case 'RCIRProductionDispatchTests.testActualArtifactSchemaDriftRejectsOldInvocationAndReacquires' passed (0.125 seconds)
2026-10-07T16:02:38.9663055Z Test Case 'RCIRProductionDispatchTests.testActualContractDisappearanceDeniesEffectsAndRecoversNewLease' started at 2026-10-07 16:02:37.704
2026-10-07T16:02:38.9664127Z Test Case 'RCIRProductionDispatchTests.testActualContractDisappearanceDeniesEffectsAndRecoversNewLease' passed (0.134 seconds)
2026-10-07T16:02:38.9665161Z Test Case 'RCIRProductionDispatchTests.testActualSchemaChangeAfterDispatchRemainsUnknownWithoutRetry' started at 2026-10-07 16:02:37.838
2026-10-07T16:02:38.9666180Z Test Case 'RCIRProductionDispatchTests.testActualSchemaChangeAfterDispatchRemainsUnknownWithoutRetry' passed (0.116 seconds)
2026-10-07T16:02:38.9667160Z Test Case 'RCIRProductionDispatchTests.testBonjourReappearanceAfterDispatchPreservesUnknown' started at 2026-10-07 16:02:37.954
2026-10-07T16:02:38.9668091Z Test Case 'RCIRProductionDispatchTests.testBonjourReappearanceAfterDispatchPreservesUnknown' passed (0.117 seconds)
2026-10-07T16:02:38.9669354Z Test Case 'RCIRProductionDispatchTests.testBonjourReappearanceCannotReviveLeaseWithoutIntermediateDiscovery' started at 2026-10-07 16:02:38.071
2026-10-07T16:02:38.9670477Z Test Case 'RCIRProductionDispatchTests.testBonjourReappearanceCannotReviveLeaseWithoutIntermediateDiscovery' passed (0.117 seconds)
2026-10-07T16:02:38.9671487Z Test Case 'RCIRProductionDispatchTests.testBoundedLargeArgumentIsNotDuplicatedIntoContract' started at 2026-10-07 16:02:38.188
2026-10-07T16:02:38.9672404Z Test Case 'RCIRProductionDispatchTests.testBoundedLargeArgumentIsNotDuplicatedIntoContract' passed (0.129 seconds)
2026-10-07T16:02:38.9673375Z Test Case 'RCIRProductionDispatchTests.testCallerPostconditionCannotBeSilentlyIgnoredByHostObserver' started at 2026-10-07 16:02:38.318
2026-10-07T16:02:38.9674408Z Test Case 'RCIRProductionDispatchTests.testCallerPostconditionCannotBeSilentlyIgnoredByHostObserver' passed (0.113 seconds)
2026-10-07T16:02:38.9675330Z Test Case 'RCIRProductionDispatchTests.testChangedArgumentsCannotUseOriginalLease' started at 2026-10-07 16:02:38.430
2026-10-07T16:02:38.9676168Z Test Case 'RCIRProductionDispatchTests.testChangedArgumentsCannotUseOriginalLease' passed (0.109 seconds)
2026-10-07T16:02:38.9677100Z Test Case 'RCIRProductionDispatchTests.testChangedEndpointBeforeDispatchProducesZeroProviderEffects' started at 2026-10-07 16:02:38.539
2026-10-07T16:02:38.9678120Z Test Case 'RCIRProductionDispatchTests.testChangedEndpointBeforeDispatchProducesZeroProviderEffects' passed (0.209 seconds)
2026-10-07T16:02:38.9679316Z Test Case 'RCIRProductionDispatchTests.testCompetingConsumersStartAtMostOneRealRequest' started at 2026-10-07 16:02:38.749
2026-10-07T16:02:38.9680363Z Test Case 'RCIRProductionDispatchTests.testCompetingConsumersStartAtMostOneRealRequest' passed (0.111 seconds)
2026-10-07T16:02:38.9681257Z Test Case 'RCIRProductionDispatchTests.testConfirmationDenialProducesZeroProviderEffects' started at 2026-10-07 16:02:38.859
2026-10-07T16:02:40.8494724Z Test Case 'RCIRProductionDispatchTests.testConfirmationDenialProducesZeroProviderEffects' passed (0.105 seconds)
2026-10-07T16:02:40.8497421Z Test Case 'RCIRProductionDispatchTests.testCredentialFreeObserverCannotInheritInvocationCookie' started at 2026-10-07 16:02:38.964
2026-10-07T16:02:40.8499605Z Test Case 'RCIRProductionDispatchTests.testCredentialFreeObserverCannotInheritInvocationCookie' passed (0.115 seconds)
2026-10-07T16:02:40.8500981Z Test Case 'RCIRProductionDispatchTests.testCrossOriginObserverBlocksBeforeAnyEffect' started at 2026-10-07 16:02:39.079
2026-10-07T16:02:40.8502218Z Test Case 'RCIRProductionDispatchTests.testCrossOriginObserverBlocksBeforeAnyEffect' passed (0.106 seconds)
2026-10-07T16:02:40.8503561Z Test Case 'RCIRProductionDispatchTests.testCurrentPolicyRevocationProducesZeroProviderEffects' started at 2026-10-07 16:02:39.185
2026-10-07T16:02:40.8504994Z Test Case 'RCIRProductionDispatchTests.testCurrentPolicyRevocationProducesZeroProviderEffects' passed (0.108 seconds)
2026-10-07T16:02:40.8506306Z Test Case 'RCIRProductionDispatchTests.testExpiredLeaseProducesZeroProviderEffects' started at 2026-10-07 16:02:39.293
2026-10-07T16:02:40.8507527Z Test Case 'RCIRProductionDispatchTests.testExpiredLeaseProducesZeroProviderEffects' passed (0.108 seconds)
2026-10-07T16:02:40.8509111Z Test Case 'RCIRProductionDispatchTests.testIndependentInvocationsDoNotReplaceTheDiscoveredProviderGeneration' started at 2026-10-07 16:02:39.402
2026-10-07T16:02:40.8510446Z Test Case 'RCIRProductionDispatchTests.testIndependentInvocationsDoNotReplaceTheDiscoveredProviderGeneration' passed (0.118 seconds)
2026-10-07T16:02:40.8511437Z Test Case 'RCIRProductionDispatchTests.testInvalidSignerBlocksBeforeAnyEffect' started at 2026-10-07 16:02:39.520
2026-10-07T16:02:40.8512264Z Test Case 'RCIRProductionDispatchTests.testInvalidSignerBlocksBeforeAnyEffect' passed (0.107 seconds)
2026-10-07T16:02:40.8513121Z Test Case 'RCIRProductionDispatchTests.testLostResponseRetainsSignedUnknownAndDoesNotRetry' started at 2026-10-07 16:02:39.627
2026-10-07T16:02:40.8514047Z Test Case 'RCIRProductionDispatchTests.testLostResponseRetainsSignedUnknownAndDoesNotRetry' passed (0.113 seconds)
2026-10-07T16:02:40.8515003Z Test Case 'RCIRProductionDispatchTests.testMissingExactOriginAuthorityProducesZeroProviderEffects' started at 2026-10-07 16:02:39.740
2026-10-07T16:02:40.8516004Z Test Case 'RCIRProductionDispatchTests.testMissingExactOriginAuthorityProducesZeroProviderEffects' passed (0.107 seconds)
2026-10-07T16:02:40.8516942Z Test Case 'RCIRProductionDispatchTests.testNotYetValidLeaseProducesZeroProviderEffects' started at 2026-10-07 16:02:39.847
2026-10-07T16:02:40.8517849Z Test Case 'RCIRProductionDispatchTests.testNotYetValidLeaseProducesZeroProviderEffects' passed (0.108 seconds)
2026-10-07T16:02:40.8518773Z Test Case 'RCIRProductionDispatchTests.testObserverTraversalAndDoubleEncodingCannotDispatch' started at 2026-10-07 16:02:39.955
2026-10-07T16:02:40.8519850Z Test Case 'RCIRProductionDispatchTests.testObserverTraversalAndDoubleEncodingCannotDispatch' passed (0.122 seconds)
2026-10-07T16:02:40.8520830Z Test Case 'RCIRProductionDispatchTests.testPublicBeginConsumesOneLeaseAndRetainsTaskEvidence' started at 2026-10-07 16:02:40.077
2026-10-07T16:02:40.8521784Z Test Case 'RCIRProductionDispatchTests.testPublicBeginConsumesOneLeaseAndRetainsTaskEvidence' passed (0.111 seconds)
2026-10-07T16:02:40.8522721Z Test Case 'RCIRProductionDispatchTests.testRemovalAfterDispatchPreservesUnknownWithoutRetry' started at 2026-10-07 16:02:40.188
2026-10-07T16:02:40.8523648Z Test Case 'RCIRProductionDispatchTests.testRemovalAfterDispatchPreservesUnknownWithoutRetry' passed (0.111 seconds)
2026-10-07T16:02:40.8524625Z Test Case 'RCIRProductionDispatchTests.testRemovalAtTransportAdmissionProducesZeroProviderEffects' started at 2026-10-07 16:02:40.299
2026-10-07T16:02:40.8525907Z Test Case 'RCIRProductionDispatchTests.testRemovalAtTransportAdmissionProducesZeroProviderEffects' passed (0.108 seconds)
2026-10-07T16:02:40.8526869Z Test Case 'RCIRProductionDispatchTests.testRemovalBeforeDispatchProducesZeroProviderEffects' started at 2026-10-07 16:02:40.407
2026-10-07T16:02:40.8527900Z Test Case 'RCIRProductionDispatchTests.testRemovalBeforeDispatchProducesZeroProviderEffects' passed (0.108 seconds)
2026-10-07T16:02:40.8529008Z Test Case 'RCIRProductionDispatchTests.testRemovedInFlightBonjourAcquisitionCannotRestoreInvocation' started at 2026-10-07 16:02:40.515
2026-10-07T16:02:40.8530254Z Test Case 'RCIRProductionDispatchTests.testRemovedInFlightBonjourAcquisitionCannotRestoreInvocation' passed (0.11 seconds)
2026-10-07T16:02:40.8531230Z Test Case 'RCIRProductionDispatchTests.testSameProviderReappearingCannotReviveOldGeneration' started at 2026-10-07 16:02:40.625
2026-10-07T16:02:40.8532174Z Test Case 'RCIRProductionDispatchTests.testSameProviderReappearingCannotReviveOldGeneration' passed (0.116 seconds)
2026-10-07T16:02:40.8533135Z Test Case 'RCIRProductionDispatchTests.testSchemaDriftBeforeDispatchProducesZeroProviderEffects' started at 2026-10-07 16:02:40.740
2026-10-07T16:02:41.0916777Z Test Case 'RCIRProductionDispatchTests.testSchemaDriftBeforeDispatchProducesZeroProviderEffects' passed (0.109 seconds)
2026-10-07T16:02:41.0918784Z Test Case 'RCIRProductionDispatchTests.testSeparateRepeatIssuesNewLeaseThroughBothEntryPoints' started at 2026-10-07 16:02:40.849
2026-10-07T16:02:41.0920571Z Test Case 'RCIRProductionDispatchTests.testSeparateRepeatIssuesNewLeaseThroughBothEntryPoints' passed (0.118 seconds)
2026-10-07T16:02:41.0921973Z Test Case 'RCIRProductionDispatchTests.testSpentLeaseCannotDispatchAgain' started at 2026-10-07 16:02:40.967
2026-10-07T16:02:41.0923169Z Test Case 'RCIRProductionDispatchTests.testSpentLeaseCannotDispatchAgain' passed (0.111 seconds)
2026-10-07T16:02:41.0924133Z Test Suite 'RCIRProductionDispatchTests' passed at 2026-10-07 16:02:41.077
2026-10-07T16:02:41.0924737Z 	 Executed 30 tests, with 0 failures (0 unexpected) in 3.498 (3.498) seconds
2026-10-07T16:02:41.0925354Z Test Suite 'RCIRStructuredObservationTests' started at 2026-10-07 16:02:41.078
2026-10-07T16:02:41.0926487Z Test Case 'RCIRStructuredObservationTests.testArgumentBoundFieldsVerifyWhileAssignedMetadataRemainsInSignedBytes' started at 2026-10-07 16:02:41.078
2026-10-07T16:02:41.0928038Z Test Case 'RCIRStructuredObservationTests.testArgumentBoundFieldsVerifyWhileAssignedMetadataRemainsInSignedBytes' passed (0.002 seconds)
2026-10-07T16:02:41.0929634Z Test Case 'RCIRStructuredObservationTests.testExistingUnaryEvidenceInitializerDoesNotRequireTaskEvents' started at 2026-10-07 16:02:41.080
2026-10-07T16:02:41.0931050Z Test Case 'RCIRStructuredObservationTests.testExistingUnaryEvidenceInitializerDoesNotRequireTaskEvents' passed (0.0 seconds)
2026-10-07T16:02:41.0932439Z Test Case 'RCIRStructuredObservationTests.testFullObservationSchemaCannotBeDiscardedByProjection' started at 2026-10-07 16:02:41.080
2026-10-07T16:02:41.0933774Z Test Case 'RCIRStructuredObservationTests.testFullObservationSchemaCannotBeDiscardedByProjection' passed (0.001 seconds)
2026-10-07T16:02:41.0934837Z Test Case 'RCIRStructuredObservationTests.testIndependentMismatchIsVerifiedFailure' started at 2026-10-07 16:02:41.081
2026-10-07T16:02:41.0935693Z Test Case 'RCIRStructuredObservationTests.testIndependentMismatchIsVerifiedFailure' passed (0.001 seconds)
2026-10-07T16:02:41.0936664Z Test Case 'RCIRStructuredObservationTests.testObserverReceivesProviderCoordinatesAsUntrustedLocatorOnly' started at 2026-10-07 16:02:41.083
2026-10-07T16:02:41.0937776Z Test Case 'RCIRStructuredObservationTests.testObserverReceivesProviderCoordinatesAsUntrustedLocatorOnly' passed (0.001 seconds)
2026-10-07T16:02:41.0938829Z Test Case 'RCIRStructuredObservationTests.testProjectionRejectsWildcardMissingAndUnboundedContracts' started at 2026-10-07 16:02:41.084
2026-10-07T16:02:41.0940287Z Test Case 'RCIRStructuredObservationTests.testProjectionRejectsWildcardMissingAndUnboundedContracts' passed (0.001 seconds)
2026-10-07T16:02:41.0941050Z Test Suite 'RCIRStructuredObservationTests' passed at 2026-10-07 16:02:41.085
2026-10-07T16:02:41.0941558Z 	 Executed 6 tests, with 0 failures (0 unexpected) in 0.007 (0.007) seconds
2026-10-07T16:02:41.0942197Z Test Suite 'RCIRTests' started at 2026-10-07 16:02:41.085
2026-10-07T16:02:41.0942759Z Test Case 'RCIRTests.testAcceptanceAndCompletionAreNotSemanticSuccess' started at 2026-10-07 16:02:41.085
2026-10-07T16:02:41.0943491Z Test Case 'RCIRTests.testAcceptanceAndCompletionAreNotSemanticSuccess' passed (0.001 seconds)
2026-10-07T16:02:41.0944141Z Test Case 'RCIRTests.testArgumentTamperingRejected' started at 2026-10-07 16:02:41.085
2026-10-07T16:02:41.0944681Z Test Case 'RCIRTests.testArgumentTamperingRejected' passed (0.001 seconds)
2026-10-07T16:02:41.0945285Z Test Case 'RCIRTests.testBufferOverflowNeverSilentlyDropsEvents' started at 2026-10-07 16:02:41.086
2026-10-07T16:02:41.0945949Z Test Case 'RCIRTests.testBufferOverflowNeverSilentlyDropsEvents' passed (0.001 seconds)
2026-10-07T16:02:41.0946574Z Test Case 'RCIRTests.testByteBudgetEnforcedBeforeMutation' started at 2026-10-07 16:02:41.087
2026-10-07T16:02:41.0947175Z Test Case 'RCIRTests.testByteBudgetEnforcedBeforeMutation' passed (0.001 seconds)
2026-10-07T16:02:41.0947810Z Test Case 'RCIRTests.testCancellationRequestIsNotAcknowledgement' started at 2026-10-07 16:02:41.088
2026-10-07T16:02:41.0948474Z Test Case 'RCIRTests.testCancellationRequestIsNotAcknowledgement' passed (0.001 seconds)
2026-10-07T16:02:41.0949266Z Test Case 'RCIRTests.testCannotIssueFinalReceiptForRunningTask' started at 2026-10-07 16:02:41.089
2026-10-07T16:02:41.0949922Z Test Case 'RCIRTests.testCannotIssueFinalReceiptForRunningTask' passed (0.001 seconds)
2026-10-07T16:02:41.0950543Z Test Case 'RCIRTests.testChangedContractInvalidatesLease' started at 2026-10-07 16:02:41.089
2026-10-07T16:02:41.0951136Z Test Case 'RCIRTests.testChangedContractInvalidatesLease' passed (0.001 seconds)
2026-10-07T16:02:41.0951684Z Test Case 'RCIRTests.testClockRegressionRejected' started at 2026-10-07 16:02:41.090
2026-10-07T16:02:41.0952200Z Test Case 'RCIRTests.testClockRegressionRejected' passed (0.001 seconds)
2026-10-07T16:02:41.0952695Z Test Case 'RCIRTests.testContractBindsEffects' started at 2026-10-07 16:02:41.091
2026-10-07T16:02:41.2080177Z Test Case 'RCIRTests.testContractBindsEffects' passed (0.0 seconds)
2026-10-07T16:02:41.2081187Z Test Case 'RCIRTests.testContractBindsTaskShape' started at 2026-10-07 16:02:41.091
2026-10-07T16:02:41.2082172Z Test Case 'RCIRTests.testContractBindsTaskShape' passed (0.0 seconds)
2026-10-07T16:02:41.2083157Z Test Case 'RCIRTests.testContractBindsVerification' started at 2026-10-07 16:02:41.092
2026-10-07T16:02:41.2084180Z Test Case 'RCIRTests.testContractBindsVerification' passed (0.101 seconds)
2026-10-07T16:02:41.2085255Z Test Case 'RCIRTests.testContractRejectsUnboundedStream' started at 2026-10-07 16:02:41.192
2026-10-07T16:02:41.2086366Z Test Case 'RCIRTests.testContractRejectsUnboundedStream' passed (0.0 seconds)
2026-10-07T16:02:41.2087581Z Test Case 'RCIRTests.testDeadlineProducesUnknownNotSuccessOrRetry' started at 2026-10-07 16:02:41.193
2026-10-07T16:02:41.2089169Z Test Case 'RCIRTests.testDeadlineProducesUnknownNotSuccessOrRetry' passed (0.001 seconds)
2026-10-07T16:02:41.2090616Z Test Case 'RCIRTests.testExistingABIStillDistinguishesIntegerNumberAndString' started at 2026-10-07 16:02:41.193
2026-10-07T16:02:41.2092120Z Test Case 'RCIRTests.testExistingABIStillDistinguishesIntegerNumberAndString' passed (0.0 seconds)
2026-10-07T16:02:41.2093508Z Test Case 'RCIRTests.testExternalMismatchIsSemanticFailure' started at 2026-10-07 16:02:41.194
2026-10-07T16:02:41.2094720Z Test Case 'RCIRTests.testExternalMismatchIsSemanticFailure' passed (0.001 seconds)
2026-10-07T16:02:41.2095874Z Test Case 'RCIRTests.testIncorrectTypedArgumentsRejected' started at 2026-10-07 16:02:41.194
2026-10-07T16:02:41.2097352Z Test Case 'RCIRTests.testIncorrectTypedArgumentsRejected' passed (0.001 seconds)
2026-10-07T16:02:41.2098410Z Test Case 'RCIRTests.testInvalidScopeFailsClosed' started at 2026-10-07 16:02:41.195
2026-10-07T16:02:41.2099607Z Test Case 'RCIRTests.testInvalidScopeFailsClosed' passed (0.0 seconds)
2026-10-07T16:02:41.2100918Z Test Case 'RCIRTests.testLeaseCannotCrossAdmissionInstances' started at 2026-10-07 16:02:41.196
2026-10-07T16:02:41.2102155Z Test Case 'RCIRTests.testLeaseCannotCrossAdmissionInstances' passed (0.001 seconds)
2026-10-07T16:02:41.2103276Z Test Case 'RCIRTests.testLeaseConsumesOnce' started at 2026-10-07 16:02:41.197
2026-10-07T16:02:41.2104168Z Test Case 'RCIRTests.testLeaseConsumesOnce' passed (0.001 seconds)
2026-10-07T16:02:41.2105097Z Test Case 'RCIRTests.testLeaseExpiryBoundary' started at 2026-10-07 16:02:41.198
2026-10-07T16:02:41.2106059Z Test Case 'RCIRTests.testLeaseExpiryBoundary' passed (0.001 seconds)
2026-10-07T16:02:41.2107091Z Test Case 'RCIRTests.testLeaseInvalidTimesAndTTLRejected' started at 2026-10-07 16:02:41.198
2026-10-07T16:02:41.2108223Z Test Case 'RCIRTests.testLeaseInvalidTimesAndTTLRejected' passed (0.001 seconds)
2026-10-07T16:02:41.2109593Z Test Case 'RCIRTests.testLeastAuthorityIsExactRequiredSubset' started at 2026-10-07 16:02:41.199
2026-10-07T16:02:41.2110797Z Test Case 'RCIRTests.testLeastAuthorityIsExactRequiredSubset' passed (0.001 seconds)
2026-10-07T16:02:41.2111903Z Test Case 'RCIRTests.testMissingAuthorityRejected' started at 2026-10-07 16:02:41.200
2026-10-07T16:02:41.2112892Z Test Case 'RCIRTests.testMissingAuthorityRejected' passed (0.001 seconds)
2026-10-07T16:02:41.2114050Z Test Case 'RCIRTests.testMissingVerificationContractCannotSucceed' started at 2026-10-07 16:02:41.201
2026-10-07T16:02:41.2115357Z Test Case 'RCIRTests.testMissingVerificationContractCannotSucceed' passed (0.001 seconds)
2026-10-07T16:02:41.2116740Z Test Case 'RCIRTests.testObserverTransportFailureDoesNotBecomeSuccess' started at 2026-10-07 16:02:41.201
2026-10-07T16:02:41.2118163Z Test Case 'RCIRTests.testObserverTransportFailureDoesNotBecomeSuccess' passed (0.001 seconds)
2026-10-07T16:02:41.2119674Z Test Case 'RCIRTests.testOnlyBoundIndependentObserverCanVerify' started at 2026-10-07 16:02:41.202
2026-10-07T16:02:41.2120911Z Test Case 'RCIRTests.testOnlyBoundIndependentObserverCanVerify' passed (0.001 seconds)
2026-10-07T16:02:41.2122209Z Test Case 'RCIRTests.testPolicyChangeAndAuthorityRevocationRejected' started at 2026-10-07 16:02:41.203
2026-10-07T16:02:41.2123561Z Test Case 'RCIRTests.testPolicyChangeAndAuthorityRevocationRejected' passed (0.001 seconds)
2026-10-07T16:02:41.2124751Z Test Case 'RCIRTests.testPolicyDenyOverridesAuthority' started at 2026-10-07 16:02:41.204
2026-10-07T16:02:41.2125825Z Test Case 'RCIRTests.testPolicyDenyOverridesAuthority' passed (0.001 seconds)
2026-10-07T16:02:41.2126851Z Test Case 'RCIRTests.testPrincipalBoundToSnapshot' started at 2026-10-07 16:02:41.205
2026-10-07T16:02:41.2127868Z Test Case 'RCIRTests.testPrincipalBoundToSnapshot' passed (0.001 seconds)
2026-10-07T16:02:41.2129149Z Test Case 'RCIRTests.testProviderLossDuringWorkIsUnknown' started at 2026-10-07 16:02:41.205
2026-10-07T16:02:41.2130296Z Test Case 'RCIRTests.testProviderLossDuringWorkIsUnknown' passed (0.001 seconds)
2026-10-07T16:02:41.2131436Z Test Case 'RCIRTests.testPureOperationNeedsNoAuthority' started at 2026-10-07 16:02:41.206
2026-10-07T16:02:41.2132596Z Test Case 'RCIRTests.testPureOperationNeedsNoAuthority' passed (0.001 seconds)
2026-10-07T16:02:41.2133791Z Test Case 'RCIRTests.testReappearanceCannotResurrectOldLease' started at 2026-10-07 16:02:41.207
2026-10-07T16:02:41.2135076Z Test Case 'RCIRTests.testReappearanceCannotResurrectOldLease' passed (0.001 seconds)
2026-10-07T16:02:41.2485357Z Test Case 'RCIRTests.testReceiptBindsObservedOutcomeAndHasDomainSeparator' started at 2026-10-07 16:02:41.208
2026-10-07T16:02:41.2486423Z Test Case 'RCIRTests.testReceiptBindsObservedOutcomeAndHasDomainSeparator' passed (0.002 seconds)
2026-10-07T16:02:41.2487624Z Test Case 'RCIRTests.testRemovedProviderDisappearsAndOldBindingRejected' started at 2026-10-07 16:02:41.209
2026-10-07T16:02:41.2488603Z Test Case 'RCIRTests.testRemovedProviderDisappearsAndOldBindingRejected' passed (0.001 seconds)
2026-10-07T16:02:41.2489667Z Test Case 'RCIRTests.testResultShapeCheckedWithoutPromotion' started at 2026-10-07 16:02:41.210
2026-10-07T16:02:41.2491003Z Test Case 'RCIRTests.testResultShapeCheckedWithoutPromotion' passed (0.001 seconds)
2026-10-07T16:02:41.2492059Z Test Case 'RCIRTests.testSamePublicationDoesNotInvalidateBinding' started at 2026-10-07 16:02:41.212
2026-10-07T16:02:41.2492930Z Test Case 'RCIRTests.testSamePublicationDoesNotInvalidateBinding' passed (0.001 seconds)
2026-10-07T16:02:41.2493662Z Test Case 'RCIRTests.testScopesUseExactUTF8' started at 2026-10-07 16:02:41.213
2026-10-07T16:02:41.2494264Z Test Case 'RCIRTests.testScopesUseExactUTF8' passed (0.0 seconds)
2026-10-07T16:02:41.2494976Z Test Case 'RCIRTests.testStreamElementAndUnaryChunkValidation' started at 2026-10-07 16:02:41.213
2026-10-07T16:02:41.2495830Z Test Case 'RCIRTests.testStreamElementAndUnaryChunkValidation' passed (0.001 seconds)
2026-10-07T16:02:41.2496660Z Test Case 'RCIRTests.testStreamSequenceReplayAndGapRejected' started at 2026-10-07 16:02:41.215
2026-10-07T16:02:41.2497344Z Test Case 'RCIRTests.testStreamSequenceReplayAndGapRejected' passed (0.001 seconds)
2026-10-07T16:02:41.2497973Z Test Case 'RCIRTests.testTaskDeadlineMustBeFiniteAndForward' started at 2026-10-07 16:02:41.216
2026-10-07T16:02:41.2498607Z Test Case 'RCIRTests.testTaskDeadlineMustBeFiniteAndForward' passed (0.001 seconds)
2026-10-07T16:02:41.2499387Z Test Case 'RCIRTests.testTerminalTaskCannotBeReopened' started at 2026-10-07 16:02:41.216
2026-10-07T16:02:41.2499956Z Test Case 'RCIRTests.testTerminalTaskCannotBeReopened' passed (0.001 seconds)
2026-10-07T16:02:41.2500529Z Test Case 'RCIRTests.testUnknownArgumentSchemaRejected' started at 2026-10-07 16:02:41.217
2026-10-07T16:02:41.2501100Z Test Case 'RCIRTests.testUnknownArgumentSchemaRejected' passed (0.0 seconds)
2026-10-07T16:02:41.2501631Z Test Case 'RCIRTests.testUnknownEffectsRejected' started at 2026-10-07 16:02:41.217
2026-10-07T16:02:41.2502139Z Test Case 'RCIRTests.testUnknownEffectsRejected' passed (0.001 seconds)
2026-10-07T16:02:41.2502690Z Test Case 'RCIRTests.testUnsupportedCancellationRejected' started at 2026-10-07 16:02:41.218
2026-10-07T16:02:41.2503291Z Test Case 'RCIRTests.testUnsupportedCancellationRejected' passed (0.001 seconds)
2026-10-07T16:02:41.2503924Z Test Case 'RCIRTests.testUnsupportedClientAndDuplexStreamsAbstain' started at 2026-10-07 16:02:41.219
2026-10-07T16:02:41.2504597Z Test Case 'RCIRTests.testUnsupportedClientAndDuplexStreamsAbstain' passed (0.001 seconds)
2026-10-07T16:02:41.2505278Z Test Case 'RCIRTests.testVerifierCannotRunBeforeProviderCompletion' started at 2026-10-07 16:02:41.220
2026-10-07T16:02:41.2505957Z Test Case 'RCIRTests.testVerifierCannotRunBeforeProviderCompletion' passed (0.001 seconds)
2026-10-07T16:02:41.2506468Z Test Suite 'RCIRTests' passed at 2026-10-07 16:02:41.220
2026-10-07T16:02:41.2506861Z 	 Executed 46 tests, with 0 failures (0 unexpected) in 0.135 (0.135) seconds
2026-10-07T16:02:41.2507312Z Test Suite 'RCIRUnaryAdmissionTests' started at 2026-10-07 16:02:41.221
2026-10-07T16:02:41.2508082Z Test Case 'RCIRUnaryAdmissionTests.testAcceptedLegacyUnaryConsumesOneLeaseAndRetainsUnverifiedReceipt' started at 2026-10-07 16:02:41.221
2026-10-07T16:02:41.2509244Z Test Case 'RCIRUnaryAdmissionTests.testAcceptedLegacyUnaryConsumesOneLeaseAndRetainsUnverifiedReceipt' passed (0.007 seconds)
2026-10-07T16:02:41.2510232Z Test Case 'RCIRUnaryAdmissionTests.testChangedArgumentsAtAdmissionStopLegacyUnaryTransport' started at 2026-10-07 16:02:41.228
2026-10-07T16:02:41.2511153Z Test Case 'RCIRUnaryAdmissionTests.testChangedArgumentsAtAdmissionStopLegacyUnaryTransport' passed (0.006 seconds)
2026-10-07T16:02:41.2512062Z Test Case 'RCIRUnaryAdmissionTests.testCurrentHostPolicyDenialStopsLegacyUnaryTransport' started at 2026-10-07 16:02:41.234
2026-10-07T16:02:41.2513106Z Test Case 'RCIRUnaryAdmissionTests.testCurrentHostPolicyDenialStopsLegacyUnaryTransport' passed (0.005 seconds)
2026-10-07T16:02:41.2513991Z Test Case 'RCIRUnaryAdmissionTests.testLostUnaryResponsePreservesUnknownWithoutReplay' started at 2026-10-07 16:02:41.239
2026-10-07T16:02:41.2514961Z Test Case 'RCIRUnaryAdmissionTests.testLostUnaryResponsePreservesUnknownWithoutReplay' passed (0.007 seconds)
2026-10-07T16:02:41.2515611Z Test Suite 'RCIRUnaryAdmissionTests' passed at 2026-10-07 16:02:41.246
2026-10-07T16:02:41.2516063Z 	 Executed 4 tests, with 0 failures (0 unexpected) in 0.026 (0.026) seconds
2026-10-07T16:02:41.2516526Z Test Suite 'RCIRUnitCompletionTests' started at 2026-10-07 16:02:41.246
2026-10-07T16:02:41.2517256Z Test Case 'RCIRUnitCompletionTests.testNoOutputCompletionCannotBypassDeclaredOrUnknownOutput' started at 2026-10-07 16:02:41.246
2026-10-07T16:02:41.4527559Z Test Case 'RCIRUnitCompletionTests.testNoOutputCompletionCannotBypassDeclaredOrUnknownOutput' passed (0.002 seconds)
2026-10-07T16:02:41.4529705Z Test Case 'RCIRUnitCompletionTests.testNoOutputCompletionCarriesNoProviderValueAndRemainsUnverified' started at 2026-10-07 16:02:41.248
2026-10-07T16:02:41.4531553Z Test Case 'RCIRUnitCompletionTests.testNoOutputCompletionCarriesNoProviderValueAndRemainsUnverified' passed (0.001 seconds)
2026-10-07T16:02:41.4533335Z Test Case 'RCIRUnitCompletionTests.testNoOutputHasCanonicalIdentityDistinctFromJSONNull' started at 2026-10-07 16:02:41.249
2026-10-07T16:02:41.4535041Z Test Case 'RCIRUnitCompletionTests.testNoOutputHasCanonicalIdentityDistinctFromJSONNull' passed (0.1 seconds)
2026-10-07T16:02:41.4536791Z Test Case 'RCIRUnitCompletionTests.testOnlyIndependentObserverCanPromoteNoOutputOutcome' started at 2026-10-07 16:02:41.349
2026-10-07T16:02:41.4538545Z Test Case 'RCIRUnitCompletionTests.testOnlyIndependentObserverCanPromoteNoOutputOutcome' passed (0.001 seconds)
2026-10-07T16:02:41.4540078Z Test Suite 'RCIRUnitCompletionTests' passed at 2026-10-07 16:02:41.350
2026-10-07T16:02:41.4540900Z 	 Executed 4 tests, with 0 failures (0 unexpected) in 0.104 (0.104) seconds
2026-10-07T16:02:41.4541725Z Test Suite 'ServiceOutcomeTests' started at 2026-10-07 16:02:41.350
2026-10-07T16:02:41.4543026Z Test Case 'ServiceOutcomeTests.testChangedCounterWithoutDeclaredOutputIsNotVerification' started at 2026-10-07 16:02:41.350
2026-10-07T16:02:41.4544787Z Test Case 'ServiceOutcomeTests.testChangedCounterWithoutDeclaredOutputIsNotVerification' passed (0.1 seconds)
2026-10-07T16:02:41.4546420Z Test Case 'ServiceOutcomeTests.testEchoedInputWithChangedCounterIsNotSemanticProof' started at 2026-10-07 16:02:41.451
2026-10-07T16:02:41.4548046Z Test Case 'ServiceOutcomeTests.testEchoedInputWithChangedCounterIsNotSemanticProof' passed (0.0 seconds)
2026-10-07T16:02:41.4550206Z Test Case 'ServiceOutcomeTests.testExactPostconditionChecksEmptyUnicodeAndWhitespaceWithoutNormalization' started at 2026-10-07 16:02:41.451
2026-10-07T16:02:41.4552339Z Test Case 'ServiceOutcomeTests.testExactPostconditionChecksEmptyUnicodeAndWhitespaceWithoutNormalization' passed (0.0 seconds)
2026-10-07T16:02:41.4554229Z Test Case 'ServiceOutcomeTests.testRejectionAndDeadlineCannotSucceedOrLeakEchoedInput' started at 2026-10-07 16:02:41.451
2026-10-07T16:02:41.4555916Z Test Case 'ServiceOutcomeTests.testRejectionAndDeadlineCannotSucceedOrLeakEchoedInput' passed (0.0 seconds)
2026-10-07T16:02:41.4557642Z Test Case 'ServiceOutcomeTests.testReturnedOutputWithoutPostconditionIsNotSemanticSuccess' started at 2026-10-07 16:02:41.451
2026-10-07T16:02:41.4559722Z Test Case 'ServiceOutcomeTests.testReturnedOutputWithoutPostconditionIsNotSemanticSuccess' passed (0.0 seconds)
2026-10-07T16:02:41.4561358Z Test Case 'ServiceOutcomeTests.testUnchangedInputIsNotReturnedOrVerified' started at 2026-10-07 16:02:41.451
2026-10-07T16:02:41.4562814Z Test Case 'ServiceOutcomeTests.testUnchangedInputIsNotReturnedOrVerified' passed (0.0 seconds)
2026-10-07T16:02:41.4563900Z Test Suite 'ServiceOutcomeTests' passed at 2026-10-07 16:02:41.451
2026-10-07T16:02:41.4565032Z 	 Executed 6 tests, with 0 failures (0 unexpected) in 0.101 (0.101) seconds
2026-10-07T16:02:41.4565851Z Test Suite 'SharingExecutionTests' started at 2026-10-07 16:02:41.452
2026-10-07T16:02:41.4567048Z Test Case 'SharingExecutionTests.testDeadlineDoesNotOverrideATerminalCallback' started at 2026-10-07 16:02:41.452
2026-10-07T16:02:41.4568740Z Test Case 'SharingExecutionTests.testDeadlineDoesNotOverrideATerminalCallback' passed (0.0 seconds)
2026-10-07T16:02:41.4570407Z Test Case 'SharingExecutionTests.testDeadlineWithoutCallbackIsUnknown' started at 2026-10-07 16:02:41.452
2026-10-07T16:02:41.4571750Z Test Case 'SharingExecutionTests.testDeadlineWithoutCallbackIsUnknown' passed (0.0 seconds)
2026-10-07T16:02:41.4573046Z Test Case 'SharingExecutionTests.testDidFailToShareItemsFails' started at 2026-10-07 16:02:41.452
2026-10-07T16:02:41.4574240Z Test Case 'SharingExecutionTests.testDidFailToShareItemsFails' passed (0.0 seconds)
2026-10-07T16:02:41.4575779Z Test Case 'SharingExecutionTests.testDidShareItemsReportsAcceptanceWithoutIndependentOutcome' started at 2026-10-07 16:02:41.452
2026-10-07T16:02:41.4577609Z Test Case 'SharingExecutionTests.testDidShareItemsReportsAcceptanceWithoutIndependentOutcome' passed (0.0 seconds)
2026-10-07T16:02:41.4587463Z Test Case 'SharingExecutionTests.testPerformReturnWithoutCallbackStaysStarted' started at 2026-10-07 16:02:41.452
2026-10-07T16:02:41.4589289Z Test Case 'SharingExecutionTests.testPerformReturnWithoutCallbackStaysStarted' passed (0.0 seconds)
2026-10-07T16:02:41.4590825Z Test Case 'SharingExecutionTests.testWillShareItemsDoesNotFailTheExecution' started at 2026-10-07 16:02:41.452
2026-10-07T16:02:41.4592300Z Test Case 'SharingExecutionTests.testWillShareItemsDoesNotFailTheExecution' passed (0.0 seconds)
2026-10-07T16:02:41.4593449Z Test Suite 'SharingExecutionTests' passed at 2026-10-07 16:02:41.452
2026-10-07T16:02:41.4594106Z 	 Executed 6 tests, with 0 failures (0 unexpected) in 0.001 (0.001) seconds
2026-10-07T16:02:41.4594948Z Test Suite 'UniversalReflectorContractTests' started at 2026-10-07 16:02:41.452
2026-10-07T16:02:41.5050251Z Test Case 'UniversalReflectorContractTests.testEngineRoutesByReflectorOwnershipNotCapabilitySource' started at 2026-10-07 16:02:41.452
2026-10-07T16:02:41.5051519Z Test Case 'UniversalReflectorContractTests.testEngineRoutesByReflectorOwnershipNotCapabilitySource' passed (0.003 seconds)
2026-10-07T16:02:41.5052732Z Test Case 'UniversalReflectorContractTests.testGenericVerificationRemainsAboveReflectorBoundary' started at 2026-10-07 16:02:41.456
2026-10-07T16:02:41.5054577Z Test Case 'UniversalReflectorContractTests.testGenericVerificationRemainsAboveReflectorBoundary' passed (0.003 seconds)
2026-10-07T16:02:41.5055823Z Test Case 'UniversalReflectorContractTests.testRemovingReflectorRemovesCapability' started at 2026-10-07 16:02:41.459
2026-10-07T16:02:41.5056845Z Test Case 'UniversalReflectorContractTests.testRemovingReflectorRemovesCapability' passed (0.0 seconds)
2026-10-07T16:02:41.5057555Z Test Suite 'UniversalReflectorContractTests' passed at 2026-10-07 16:02:41.459
2026-10-07T16:02:41.5058272Z 	 Executed 3 tests, with 0 failures (0 unexpected) in 0.007 (0.007) seconds
2026-10-07T16:02:41.5058701Z Test Suite 'debug.xctest' passed at 2026-10-07 16:02:41.459
2026-10-07T16:02:41.5059473Z 	 Executed 496 tests, with 22 tests skipped and 0 failures (0 unexpected) in 51.123 (51.123) seconds
2026-10-07T16:02:41.5059969Z Test Suite 'All tests' passed at 2026-10-07 16:02:41.460
2026-10-07T16:02:41.5060614Z 	 Executed 496 tests, with 22 tests skipped and 0 failures (0 unexpected) in 51.123 (51.123) seconds
2026-10-07T16:02:41.5061302Z ◇ Test run started.
2026-10-07T16:02:41.5061616Z ↳ Testing Library Version: 6.2.4 (5ee435b15ad40ec)
2026-10-07T16:02:41.5062004Z ↳ Target Platform: x86_64-unknown-linux-gnu
2026-10-07T16:02:41.5062412Z ✔ Test run with 0 tests in 0 suites passed after 0.001 seconds.
2026-10-07T16:02:41.5177165Z ##[group]Run swift build -c release --product rightclick --force-resolved-versions
2026-10-07T16:02:41.5177964Z [36;1mswift build -c release --product rightclick --force-resolved-versions[0m
2026-10-07T16:02:41.5178445Z shell: sh -e {0}
2026-10-07T16:02:41.5178648Z ##[endgroup]
2026-10-07T16:02:52.5664398Z Building for production...
2026-10-07T16:02:52.6452986Z [0/824] Write sources
2026-10-07T16:02:52.6700413Z [30/824] Compiling _AtomicsShims.c
2026-10-07T16:02:52.7034843Z [31/824] Compiling SimpleFIPS202.c
2026-10-07T16:02:52.7135026Z [32/824] Compiling RightClickHostFiles HostFiles.c
2026-10-07T16:02:52.7296265Z [33/824] Write swift-version-24593BA9C3E375BF.txt
2026-10-07T16:02:52.7434328Z [34/824] Compiling CXKCPShims shims.c
2026-10-07T16:02:52.7904836Z [35/824] Compiling KeccakSponge.c
2026-10-07T16:02:52.8072306Z [36/824] Compiling KeccakHash.c
2026-10-07T16:02:54.0448763Z [38/827] Compiling _NIOBase64 Base64.swift
2026-10-07T16:02:55.3643247Z [39/828] Compiling _NIODataStructures Heap.swift
2026-10-07T16:02:58.9469869Z [40/829] Compiling RightClickARD ARD.swift
2026-10-07T16:03:00.4006766Z [40/830] Compiling KeccakP-1600-opt64.c
2026-10-07T16:03:00.5188441Z [41/830] Compiling CSystem shims.c
2026-10-07T16:03:00.5606165Z [42/830] Compiling CNIOWindows shim.c
2026-10-07T16:03:01.3664193Z [44/831] Compiling Logging MultiplexLogHandler.swift
2026-10-07T16:03:01.3955335Z [44/831] Compiling CNIOWindows WSAStartup.c
2026-10-07T16:03:01.4155259Z [45/831] Compiling CNIOWASI CNIOWASI.c
2026-10-07T16:03:01.4415712Z [46/831] Compiling CNIOPosix event_loop_id.c
2026-10-07T16:03:01.4645058Z [47/831] Compiling CNIOOpenBSD shim.c
2026-10-07T16:03:01.5967993Z [48/831] Compiling CNIOLinux shim.c
2026-10-07T16:03:01.6215356Z [49/831] Compiling CNIOLinux liburing_shims.c
2026-10-07T16:03:02.3005971Z [51/831] Compiling InternalCollectionsUtilities BorrowingIteratorProtocol+Equality.swift
2026-10-07T16:03:02.4309190Z [52/832] Compiling SpanPreview InputSpan.swift
2026-10-07T16:03:03.3901403Z [52/833] Compiling CNIOLLHTTP c_nio_llhttp.c
2026-10-07T16:03:03.4495559Z [53/833] Compiling CNIOLLHTTP c_nio_http.c
2026-10-07T16:03:03.6186367Z [54/833] Compiling CNIOLLHTTP c_nio_api.c
2026-10-07T16:03:03.6414874Z [55/833] Compiling CNIOFreeBSD shim.c
2026-10-07T16:03:03.6613985Z [56/833] Compiling CNIODarwin shim.c
2026-10-07T16:03:03.9908671Z [57/833] Compiling CNIOBoringSSLShims shims.c
2026-10-07T16:03:04.0445702Z [58/833] Compiling fiat_p256_adx_sqr.S
2026-10-07T16:03:04.0965184Z [59/833] Compiling fiat_p256_adx_mul.S
2026-10-07T16:03:04.1465697Z [60/833] Compiling fiat_curve25519_adx_square.S
2026-10-07T16:03:04.1935237Z [61/833] Compiling fiat_curve25519_adx_mul.S
2026-10-07T16:03:05.6710375Z [62/833] Compiling tls_record.cc
2026-10-07T16:03:07.3010045Z [63/833] Compiling tls_method.cc
2026-10-07T16:03:08.7936483Z [65/833] Compiling DequeModule Deque+Codable.swift
2026-10-07T16:03:09.5716449Z [65/833] Compiling tls13_server.cc
2026-10-07T16:03:10.5910332Z [66/833] Compiling tls13_enc.cc
2026-10-07T16:03:11.5223480Z [67/833] Compiling tls13_client.cc
2026-10-07T16:03:13.2399998Z [68/833] Compiling tls13_both.cc
2026-10-07T16:03:13.7599907Z [69/833] Compiling t1_enc.cc
2026-10-07T16:03:14.0867660Z [71/833] Compiling SystemPackage Errno.swift
2026-10-07T16:03:15.3997281Z [71/833] Compiling ssl_x509.cc
2026-10-07T16:03:15.4404798Z [72/833] Compiling ssl_versions.cc
2026-10-07T16:03:15.8311492Z [73/834] Compiling ssl_transcript.cc
2026-10-07T16:03:17.0349964Z [74/834] Compiling ssl_stat.cc
2026-10-07T16:03:18.1291610Z [75/834] Compiling ssl_session.cc
2026-10-07T16:03:19.1170989Z [76/834] Compiling ssl_privkey.cc
2026-10-07T16:03:21.1391042Z [77/834] Compiling ssl_key_share.cc
2026-10-07T16:03:21.4721275Z [78/834] Compiling ssl_lib.cc
2026-10-07T16:03:22.9070687Z [79/834] Compiling ssl_file.cc
2026-10-07T16:03:23.5042142Z [80/834] Compiling ssl_credential.cc
2026-10-07T16:03:25.0061336Z [81/834] Compiling ssl_cipher.cc
2026-10-07T16:03:25.5720861Z [82/834] Compiling ssl_cert.cc
2026-10-07T16:03:26.6429833Z [83/834] Compiling ssl_buffer.cc
2026-10-07T16:03:27.5031254Z [84/834] Compiling ssl_asn1.cc
2026-10-07T16:03:28.4270706Z [85/834] Compiling ssl_aead_ctx.cc
2026-10-07T16:03:29.2311335Z [86/834] Compiling s3_pkt.cc
2026-10-07T16:03:30.1991395Z [87/834] Compiling s3_lib.cc
2026-10-07T16:03:31.0721537Z [88/834] Compiling s3_both.cc
2026-10-07T16:03:32.8611410Z [89/834] Compiling handshake_server.cc
2026-10-07T16:03:33.5209921Z [90/834] Compiling handshake_client.cc
2026-10-07T16:03:34.8971145Z [91/834] Compiling handshake.cc
2026-10-07T16:03:35.7930812Z [92/834] Compiling handoff.cc
2026-10-07T16:03:38.0503511Z [93/834] Compiling encrypted_client_hello.cc
2026-10-07T16:03:38.2030466Z [94/834] Compiling extensions.cc
2026-10-07T16:03:41.2591417Z [95/834] Compiling dtls_method.cc
2026-10-07T16:03:41.3890436Z [96/834] Compiling dtls_record.cc
2026-10-07T16:03:43.2570463Z [97/834] Compiling d1_srtp.cc
2026-10-07T16:03:44.4078875Z [98/834] Compiling d1_pkt.cc
2026-10-07T16:03:46.0448444Z [99/834] Compiling d1_lib.cc
2026-10-07T16:03:47.4110410Z [100/834] Compiling bio_ssl.cc
2026-10-07T16:03:47.4626101Z [101/834] Compiling md5-x86_64-linux.S
2026-10-07T16:03:47.5104067Z [102/834] Compiling md5-x86_64-apple.S
2026-10-07T16:03:47.5746905Z [103/834] Compiling md5-586-linux.S
2026-10-07T16:03:47.6216915Z [104/834] Compiling md5-586-apple.S
2026-10-07T16:03:47.8540749Z [105/834] Compiling d1_both.cc
2026-10-07T16:03:47.9504741Z [106/834] Compiling err_data.cc
2026-10-07T16:03:47.9583958Z [107/834] Compiling chacha20_poly1305_x86_64-linux.S
2026-10-07T16:03:47.9964863Z [108/834] Compiling chacha20_poly1305_x86_64-apple.S
2026-10-07T16:03:48.0033968Z [109/834] Compiling chacha20_poly1305_armv8-win.S
2026-10-07T16:03:48.0375554Z [110/834] Compiling chacha20_poly1305_armv8-linux.S
2026-10-07T16:03:48.0474366Z [111/834] Compiling chacha20_poly1305_armv8-apple.S
2026-10-07T16:03:48.0905056Z [112/834] Compiling chacha-x86_64-linux.S
2026-10-07T16:03:48.0922886Z [113/834] Compiling chacha-x86_64-apple.S
2026-10-07T16:03:48.1345157Z [114/834] Compiling chacha-x86-linux.S
2026-10-07T16:03:48.1353450Z [114/834] Compiling chacha-x86-apple.S
2026-10-07T16:03:48.1795230Z [116/834] Compiling chacha-armv8-linux.S
2026-10-07T16:03:48.1803010Z [116/834] Compiling chacha-armv8-win.S
2026-10-07T16:03:48.2234862Z [118/834] Compiling chacha-armv8-apple.S
2026-10-07T16:03:48.2252612Z [119/834] Compiling chacha-armv4-linux.S
2026-10-07T16:03:48.2685455Z [120/834] Compiling aes128gcmsiv-x86_64-apple.S
2026-10-07T16:03:48.2793145Z [121/834] Compiling aes128gcmsiv-x86_64-linux.S
2026-10-07T16:03:48.3245161Z [122/834] Compiling x86_64-mont5-apple.S
2026-10-07T16:03:48.3293593Z [123/834] Compiling x86_64-mont5-linux.S
2026-10-07T16:03:48.3715116Z [124/834] Compiling x86_64-mont-apple.S
2026-10-07T16:03:48.3763824Z [125/834] Compiling x86_64-mont-linux.S
2026-10-07T16:03:48.4154740Z [126/834] Compiling x86-mont-linux.S
2026-10-07T16:03:48.4182989Z [127/834] Compiling x86-mont-apple.S
2026-10-07T16:03:48.4604976Z [128/834] Compiling vpaes-x86_64-apple.S
2026-10-07T16:03:48.4613534Z [128/834] Compiling vpaes-x86_64-linux.S
2026-10-07T16:03:48.5046470Z [130/834] Compiling vpaes-x86-linux.S
2026-10-07T16:03:48.5049071Z [130/834] Compiling vpaes-x86-apple.S
2026-10-07T16:03:48.5505080Z [132/834] Compiling vpaes-armv8-linux.S
2026-10-07T16:03:48.5541789Z [133/834] Compiling vpaes-armv8-win.S
2026-10-07T16:03:48.6074857Z [134/834] Compiling vpaes-armv7-linux.S
2026-10-07T16:03:48.6312931Z [135/834] Compiling vpaes-armv8-apple.S
2026-10-07T16:03:48.7194804Z [136/834] Compiling sha512-x86_64-linux.S
2026-10-07T16:03:48.7206660Z [137/834] Compiling sha512-x86_64-apple.S
2026-10-07T16:03:48.7785403Z [138/834] Compiling sha512-armv8-linux.S
2026-10-07T16:03:48.7991344Z [139/834] Compiling sha512-armv8-win.S
2026-10-07T16:03:48.8224627Z [140/834] Compiling sha512-armv8-apple.S
2026-10-07T16:03:48.8505780Z [141/834] Compiling sha512-armv4-linux.S
2026-10-07T16:03:48.8645162Z [142/834] Compiling sha512-586-linux.S
2026-10-07T16:03:48.8965184Z [143/834] Compiling sha512-586-apple.S
2026-10-07T16:03:48.9226048Z [144/834] Compiling sha256-x86_64-linux.S
2026-10-07T16:03:48.9416351Z [145/834] Compiling sha256-x86_64-apple.S
2026-10-07T16:03:48.9645993Z [146/834] Compiling sha256-armv8-win.S
2026-10-07T16:03:48.9885808Z [147/834] Compiling sha256-armv8-linux.S
2026-10-07T16:03:49.0044836Z [148/834] Compiling sha256-armv8-apple.S
2026-10-07T16:03:49.0358600Z [149/834] Compiling sha256-armv4-linux.S
2026-10-07T16:03:49.0483987Z [150/834] Compiling sha256-586-linux.S
2026-10-07T16:03:49.0836793Z [151/834] Compiling sha256-586-apple.S
2026-10-07T16:03:49.1224888Z [152/834] Compiling sha1-x86_64-linux.S
2026-10-07T16:03:49.1344522Z [153/834] Compiling sha1-x86_64-apple.S
2026-10-07T16:03:49.1654832Z [154/834] Compiling sha1-armv8-win.S
2026-10-07T16:03:49.1805493Z [155/834] Compiling sha1-armv8-linux.S
2026-10-07T16:03:49.2114945Z [156/834] Compiling sha1-armv8-apple.S
2026-10-07T16:03:49.2275240Z [157/834] Compiling sha1-armv4-large-linux.S
2026-10-07T16:03:49.2554843Z [158/834] Compiling sha1-586-linux.S
2026-10-07T16:03:49.2764733Z [159/834] Compiling sha1-586-apple.S
2026-10-07T16:03:49.3075300Z [160/834] Compiling rsaz-avx2-linux.S
2026-10-07T16:03:49.3266476Z [161/834] Compiling rsaz-avx2-apple.S
2026-10-07T16:03:49.3544920Z [162/834] Compiling rdrand-x86_64-linux.S
2026-10-07T16:03:49.3755286Z [163/834] Compiling rdrand-x86_64-apple.S
2026-10-07T16:03:49.3964596Z [164/834] Compiling p256_beeu-x86_64-asm-linux.S
2026-10-07T16:03:49.4246012Z [165/834] Compiling p256_beeu-x86_64-asm-apple.S
2026-10-07T16:03:49.4425483Z [166/834] Compiling p256_beeu-armv8-asm-win.S
2026-10-07T16:03:49.4726249Z [167/834] Compiling p256_beeu-armv8-asm-linux.S
2026-10-07T16:03:49.4905678Z [168/834] Compiling p256_beeu-armv8-asm-apple.S
2026-10-07T16:03:49.5386003Z [169/834] Compiling p256-x86_64-asm-apple.S
2026-10-07T16:03:49.5434169Z [170/834] Compiling p256-x86_64-asm-linux.S
2026-10-07T16:03:49.5885171Z [171/834] Compiling p256-armv8-asm-win.S
2026-10-07T16:03:49.5894822Z [171/834] Compiling p256-armv8-asm-linux.S
2026-10-07T16:03:49.6355438Z [173/834] Compiling ghashv8-armv8-win.S
2026-10-07T16:03:49.6363919Z [173/834] Compiling p256-armv8-asm-apple.S
2026-10-07T16:03:49.6855919Z [175/834] Compiling ghashv8-armv8-linux.S
2026-10-07T16:03:49.6857462Z [175/834] Compiling ghashv8-armv8-apple.S
2026-10-07T16:03:49.7345893Z [177/834] Compiling ghashv8-armv7-linux.S
2026-10-07T16:03:49.7403871Z [178/834] Compiling ghash-x86_64-linux.S
2026-10-07T16:03:49.7843733Z [179/834] Compiling ghash-x86_64-apple.S
2026-10-07T16:03:49.7883943Z [180/834] Compiling ghash-x86-linux.S
2026-10-07T16:03:49.8330599Z [181/834] Compiling ghash-x86-apple.S
2026-10-07T16:03:49.8383658Z [182/834] Compiling ghash-ssse3-x86_64-linux.S
2026-10-07T16:03:49.8776411Z [183/834] Compiling ghash-ssse3-x86_64-apple.S
2026-10-07T16:03:49.8853852Z [184/834] Compiling ghash-ssse3-x86-linux.S
2026-10-07T16:03:49.9261665Z [185/834] Compiling ghash-ssse3-x86-apple.S
2026-10-07T16:03:49.9304395Z [186/834] Compiling ghash-neon-armv8-win.S
2026-10-07T16:03:49.9766776Z [187/834] Compiling ghash-neon-armv8-apple.S
2026-10-07T16:03:49.9767868Z [187/834] Compiling ghash-neon-armv8-linux.S
2026-10-07T16:03:50.0233259Z [189/834] Compiling ghash-armv4-linux.S
2026-10-07T16:03:50.0283779Z [190/834] Compiling co-586-linux.S
2026-10-07T16:03:50.0695879Z [191/834] Compiling co-586-apple.S
2026-10-07T16:03:50.0764452Z [192/834] Compiling bsaes-armv7-linux.S
2026-10-07T16:03:50.1145527Z [193/834] Compiling bn-armv8-win.S
2026-10-07T16:03:50.1264721Z [194/834] Compiling bn-armv8-linux.S
2026-10-07T16:03:50.1606531Z [195/834] Compiling bn-armv8-apple.S
2026-10-07T16:03:50.1766274Z [196/834] Compiling bn-586-linux.S
2026-10-07T16:03:50.2085627Z [197/834] Compiling bn-586-apple.S
2026-10-07T16:03:50.2323477Z [198/834] Compiling armv8-mont-win.S
2026-10-07T16:03:50.2584219Z [199/834] Compiling armv8-mont-linux.S
2026-10-07T16:03:50.2785102Z [200/834] Compiling armv8-mont-apple.S
2026-10-07T16:03:50.3075685Z [201/834] Compiling armv4-mont-linux.S
2026-10-07T16:03:50.3245551Z [202/834] Compiling aesv8-gcm-armv8-win.S
2026-10-07T16:03:50.3576346Z [203/834] Compiling aesv8-gcm-armv8-linux.S
2026-10-07T16:03:50.3734916Z [204/834] Compiling aesv8-gcm-armv8-apple.S
2026-10-07T16:03:50.4056425Z [205/834] Compiling aesv8-armv8-win.S
2026-10-07T16:03:50.4215210Z [206/834] Compiling aesv8-armv8-linux.S
2026-10-07T16:03:50.4536846Z [207/834] Compiling aesv8-armv8-apple.S
2026-10-07T16:03:50.4695513Z [208/834] Compiling aesv8-armv7-linux.S
2026-10-07T16:03:50.5165718Z [209/834] Compiling aesni-x86_64-apple.S
2026-10-07T16:03:50.5166912Z [209/834] Compiling aesni-x86_64-linux.S
2026-10-07T16:03:50.5655057Z [211/834] Compiling aesni-x86-linux.S
2026-10-07T16:03:50.5665499Z [212/834] Compiling aesni-x86-apple.S
2026-10-07T16:03:50.6135548Z [213/834] Compiling aesni-gcm-x86_64-apple.S
2026-10-07T16:03:50.6173848Z [214/834] Compiling aesni-gcm-x86_64-linux.S
2026-10-07T16:03:50.6625321Z [215/834] Compiling aes-gcm-avx2-x86_64-apple.S
2026-10-07T16:03:50.6694203Z [216/834] Compiling aes-gcm-avx2-x86_64-linux.S
2026-10-07T16:03:50.7165527Z [217/834] Compiling aes-gcm-avx10-x86_64-linux.S
2026-10-07T16:03:50.7175879Z [218/834] Compiling aes-gcm-avx10-x86_64-apple.S
2026-10-07T16:03:51.9203629Z [219/834] Compiling x_x509a.cc
2026-10-07T16:03:51.9276371Z [220/834] Compiling x_x509.cc
2026-10-07T16:03:53.2110158Z [221/834] Compiling x_val.cc
2026-10-07T16:03:53.7859313Z [222/834] Compiling x_spki.cc
2026-10-07T16:03:54.3094452Z [223/834] Compiling x_sig.cc
2026-10-07T16:03:55.4668349Z [224/834] Compiling x_req.cc
2026-10-07T16:03:56.0797633Z [225/834] Compiling x_pubkey.cc
2026-10-07T16:03:56.9400008Z [226/834] Compiling x_name.cc
2026-10-07T16:03:57.4553209Z [227/834] Compiling x_exten.cc
2026-10-07T16:03:58.4724010Z [228/834] Compiling x_crl.cc
2026-10-07T16:03:59.0233289Z [229/834] Compiling x_attrib.cc
2026-10-07T16:04:00.7430192Z [230/834] Compiling x_all.cc
2026-10-07T16:04:00.7823682Z [231/834] Compiling x_algor.cc
2026-10-07T16:04:02.2397017Z [232/834] Compiling x509spki.cc
2026-10-07T16:04:02.4244782Z [233/834] Compiling x509rset.cc
2026-10-07T16:04:02.9909766Z [235/834] Compiling SwiftProtobuf AnyMessageStorage.swift
2026-10-07T16:04:03.4480810Z [235/834] Compiling x509name.cc
2026-10-07T16:04:03.4888466Z [236/834] Compiling x509cset.cc
2026-10-07T16:04:04.1537136Z [237/834] Compiling x509_vpm.cc
2026-10-07T16:04:04.3898798Z [238/834] Compiling x509_v3.cc
2026-10-07T16:04:04.8116222Z [239/834] Compiling x509_vfy.cc
2026-10-07T16:04:04.9858196Z [240/834] Compiling x509_txt.cc
2026-10-07T16:04:05.2608589Z [241/834] Compiling x509_trs.cc
2026-10-07T16:04:05.4430634Z [243/834] Compiling MCP OAuthAuthorizationCodeFlow.swift
2026-10-07T16:04:05.7870883Z [243/834] Compiling x509_set.cc
2026-10-07T16:04:06.0193471Z [244/834] Compiling x509_req.cc
2026-10-07T16:04:06.1670728Z [245/834] Compiling x509_obj.cc
2026-10-07T16:04:06.5502308Z [246/834] Compiling x509_lu.cc
2026-10-07T16:04:06.7400127Z [247/834] Compiling x509_ext.cc
2026-10-07T16:04:06.8630054Z [248/834] Compiling x509_def.cc
2026-10-07T16:04:07.0260120Z [249/834] Compiling x509_d2.cc
2026-10-07T16:04:07.5625330Z [250/834] Compiling x509_cmp.cc
2026-10-07T16:04:07.7044817Z [251/834] Compiling x509_att.cc
2026-10-07T16:04:07.7370651Z [252/834] Compiling x509.cc
2026-10-07T16:04:08.3910672Z [253/834] Compiling v3_utl.cc
2026-10-07T16:04:08.5147516Z [254/834] Compiling v3_skey.cc
2026-10-07T16:04:08.6340122Z [255/834] Compiling v3_prn.cc
2026-10-07T16:04:08.7893863Z [256/834] Compiling v3_purp.cc
2026-10-07T16:04:09.3559807Z [257/834] Compiling v3_pmaps.cc
2026-10-07T16:04:09.4526289Z [258/834] Compiling v3_pcons.cc
2026-10-07T16:04:09.4799518Z [259/834] Compiling v3_ocsp.cc
2026-10-07T16:04:09.8635539Z [260/834] Compiling v3_ncons.cc
2026-10-07T16:04:10.3085639Z [261/834] Compiling v3_int.cc
2026-10-07T16:04:10.3670005Z [262/834] Compiling v3_lib.cc
2026-10-07T16:04:10.4370549Z [263/834] Compiling v3_info.cc
2026-10-07T16:04:10.7844089Z [264/834] Compiling v3_ia5.cc
2026-10-07T16:04:11.2730009Z [265/834] Compiling v3_genn.cc
2026-10-07T16:04:11.3080807Z [266/834] Compiling v3_extku.cc
2026-10-07T16:04:11.3560741Z [267/834] Compiling v3_enum.cc
2026-10-07T16:04:11.8640540Z [268/834] Compiling v3_crld.cc
2026-10-07T16:04:12.3060231Z [269/834] Compiling v3_bitst.cc
2026-10-07T16:04:12.3310029Z [270/834] Compiling v3_conf.cc
2026-10-07T16:04:12.3559558Z [271/834] Compiling v3_cpols.cc
2026-10-07T16:04:12.8050201Z [272/834] Compiling v3_bcons.cc
2026-10-07T16:04:13.2720331Z [273/834] Compiling v3_akeya.cc
2026-10-07T16:04:13.3080346Z [274/834] Compiling v3_akey.cc
2026-10-07T16:04:13.3489838Z [275/834] Compiling v3_alt.cc
2026-10-07T16:04:13.7519807Z [276/834] Compiling t_x509a.cc
2026-10-07T16:04:14.2299255Z [277/834] Compiling t_crl.cc
2026-10-07T16:04:14.2509382Z [278/834] Compiling t_x509.cc
2026-10-07T16:04:14.2819807Z [279/834] Compiling t_req.cc
2026-10-07T16:04:14.7660401Z [280/834] Compiling rsa_pss.cc
2026-10-07T16:04:14.8177518Z [281/834] Compiling i2d_pr.cc
2026-10-07T16:04:15.1763993Z [282/834] Compiling name_print.cc
2026-10-07T16:04:15.4010361Z [283/834] Compiling policy.cc
2026-10-07T16:04:15.7509941Z [284/834] Compiling by_file.cc
2026-10-07T16:04:15.8399951Z [285/834] Compiling by_dir.cc
2026-10-07T16:04:16.2150128Z [286/834] Compiling asn1_gen.cc
2026-10-07T16:04:16.3280093Z [287/834] Compiling algorithm.cc
2026-10-07T16:04:16.6800764Z [288/834] Compiling a_verify.cc
2026-10-07T16:04:16.7809635Z [289/834] Compiling a_sign.cc
2026-10-07T16:04:17.0660018Z [290/834] Compiling a_digest.cc
2026-10-07T16:04:17.3130963Z [291/834] Compiling voprf.cc
2026-10-07T16:04:17.4509061Z [292/834] Compiling trust_token.cc
2026-10-07T16:04:17.4628560Z [293/834] Compiling thread_win.cc
2026-10-07T16:04:17.7688493Z [294/834] Compiling thread_pthread.cc
2026-10-07T16:04:17.8288697Z [295/834] Compiling thread.cc
2026-10-07T16:04:17.8467660Z [296/834] Compiling thread_none.cc
2026-10-07T16:04:17.8798413Z [297/834] Compiling pmbtoken.cc
2026-10-07T16:04:18.3158747Z [298/834] Compiling slhdsa.cc
2026-10-07T16:04:18.3387458Z [299/834] Compiling siphash.cc
2026-10-07T16:04:18.3577582Z [300/834] Compiling stack.cc
2026-10-07T16:04:18.5909576Z [301/834] Compiling spake2plus.cc
2026-10-07T16:04:18.7007733Z [302/834] Compiling sha512.cc
2026-10-07T16:04:18.7146606Z [303/834] Compiling sha1.cc
2026-10-07T16:04:18.7174616Z [304/834] Compiling sha256.cc
2026-10-07T16:04:19.0278878Z [305/834] Compiling rsa_print.cc
2026-10-07T16:04:19.0989336Z [306/834] Compiling rsa_extra.cc
2026-10-07T16:04:19.3608724Z [307/834] Compiling rsa_asn1.cc
2026-10-07T16:04:19.3886300Z [308/834] Compiling rsa_crypt.cc
2026-10-07T16:04:19.4598454Z [309/834] Compiling refcount.cc
2026-10-07T16:04:19.4676146Z [310/834] Compiling rc4.cc
2026-10-07T16:04:19.7908432Z [311/834] Compiling windows.cc
2026-10-07T16:04:19.8257559Z [312/834] Compiling trusty.cc
2026-10-07T16:04:19.8578069Z [313/834] Compiling rand.cc
2026-10-07T16:04:19.8748033Z [314/834] Compiling urandom.cc
2026-10-07T16:04:20.1868769Z [315/834] Compiling ios.cc
2026-10-07T16:04:20.2257338Z [316/834] Compiling passive.cc
2026-10-07T16:04:20.2366487Z [317/834] Compiling getentropy.cc
2026-10-07T16:04:20.3289395Z [318/834] Compiling forkunsafe.cc
2026-10-07T16:04:20.5878269Z [319/834] Compiling deterministic.cc
2026-10-07T16:04:20.6285938Z [320/834] Compiling poly1305_arm_asm.S
2026-10-07T16:04:20.6457261Z [321/834] Compiling fork_detect.cc
2026-10-07T16:04:20.8339188Z [322/834] Compiling pool.cc
2026-10-07T16:04:21.0527836Z [323/834] Compiling poly1305.cc
2026-10-07T16:04:21.1168322Z [324/834] Compiling poly1305_vec.cc
2026-10-07T16:04:21.1407367Z [325/834] Compiling poly1305_arm.cc
2026-10-07T16:04:22.0241174Z [326/834] Compiling pkcs8_x509.cc
2026-10-07T16:04:22.0857715Z [327/834] Compiling p5_pbev2.cc
2026-10-07T16:04:22.0916804Z [328/834] Compiling pkcs8.cc
2026-10-07T16:04:22.1599529Z [329/834] Compiling pkcs7_x509.cc
2026-10-07T16:04:22.5648222Z [330/834] Compiling pkcs7.cc
2026-10-07T16:04:22.9458767Z [331/834] Compiling pem_xaux.cc
2026-10-07T16:04:22.9466406Z [331/834] Compiling pem_x509.cc
2026-10-07T16:04:23.0498511Z [333/834] Compiling pem_pkey.cc
2026-10-07T16:04:23.4950889Z [334/834] Compiling pem_pk8.cc
2026-10-07T16:04:23.8070011Z [335/834] Compiling pem_oth.cc
2026-10-07T16:04:23.9709344Z [336/834] Compiling pem_info.cc
2026-10-07T16:04:24.0529465Z [337/834] Compiling pem_lib.cc
2026-10-07T16:04:24.3329523Z [338/834] Compiling obj_xref.cc
2026-10-07T16:04:24.4318562Z [339/834] Compiling mlkem.cc
2026-10-07T16:04:24.5000050Z [340/834] Compiling pem_all.cc
2026-10-07T16:04:24.7068733Z [341/834] Compiling mldsa.cc
2026-10-07T16:04:24.8129525Z [342/834] Compiling obj.cc
2026-10-07T16:04:24.9278159Z [343/834] Compiling md5.cc
2026-10-07T16:04:25.0378273Z [344/834] Compiling mem.cc
2026-10-07T16:04:25.2429195Z [345/834] Compiling md4.cc
2026-10-07T16:04:25.3137854Z [346/834] Compiling lhash.cc
2026-10-07T16:04:25.3506401Z [347/834] Compiling poly_rq_mul.S
2026-10-07T16:04:25.3735171Z [348/834] Compiling fips_shared_support.cc
2026-10-07T16:04:25.9989506Z [349/834] Compiling kyber.cc
2026-10-07T16:04:26.1580315Z [350/834] Compiling hpke.cc
2026-10-07T16:04:26.4648039Z [351/834] Compiling ex_data.cc
2026-10-07T16:04:26.5929184Z [352/834] Compiling hrss.cc
2026-10-07T16:04:26.6228106Z [353/834] Compiling sign.cc
2026-10-07T16:04:27.0668115Z [354/834] Compiling scrypt.cc
2026-10-07T16:04:27.1098104Z [355/834] Compiling pbkdf.cc
2026-10-07T16:04:27.2069205Z [356/834] Compiling print.cc
2026-10-07T16:04:27.5808622Z [357/834] Compiling p_x25519.cc
2026-10-07T16:04:27.7148849Z [358/834] Compiling p_x25519_asn1.cc
2026-10-07T16:04:27.8688571Z [359/834] Compiling p_rsa_asn1.cc
2026-10-07T16:04:28.2979515Z [360/834] Compiling p_rsa.cc
2026-10-07T16:04:28.3509186Z [361/834] Compiling p_hkdf.cc
2026-10-07T16:04:28.4859391Z [362/834] Compiling p_ed25519_asn1.cc
2026-10-07T16:04:28.7678767Z [363/834] Compiling p_ed25519.cc
2026-10-07T16:04:29.0098377Z [364/834] Compiling p_ec.cc
2026-10-07T16:04:29.0168754Z [365/834] Compiling p_ec_asn1.cc
2026-10-07T16:04:29.5218848Z [366/834] Compiling p_dh.cc
2026-10-07T16:04:29.5438999Z [367/834] Compiling p_dh_asn1.cc
2026-10-07T16:04:29.5629082Z [368/834] Compiling p_dsa_asn1.cc
2026-10-07T16:04:30.1379303Z [369/834] Compiling evp_ctx.cc
2026-10-07T16:04:30.1919577Z [370/834] Compiling evp.cc
2026-10-07T16:04:30.4049367Z [371/834] Compiling evp_asn1.cc
2026-10-07T16:04:30.7138568Z [372/834] Compiling engine.cc
2026-10-07T16:04:30.8219560Z [373/834] Compiling err.cc
2026-10-07T16:04:31.0849470Z [374/834] Compiling ecdsa_asn1.cc
2026-10-07T16:04:31.2178091Z [375/834] Compiling ecdh.cc
2026-10-07T16:04:31.4789695Z [376/834] Compiling hash_to_curve.cc
2026-10-07T16:04:31.5317700Z [377/834] Compiling ec_derive.cc
2026-10-07T16:04:31.9689855Z [378/834] Compiling ec_asn1.cc
2026-10-07T16:04:32.1429314Z [379/834] Compiling dsa_asn1.cc
2026-10-07T16:04:32.1585994Z [380/834] Compiling dsa.cc
2026-10-07T16:04:32.6529507Z [381/834] Compiling digest_extra.cc
2026-10-07T16:04:32.6697458Z [382/834] Compiling params.cc
2026-10-07T16:04:32.6715955Z [383/834] Compiling dh_asn1.cc
2026-10-07T16:04:33.2658098Z [384/834] Compiling spake25519.cc
2026-10-07T16:04:33.6725987Z [385/834] Compiling des.cc
2026-10-07T16:04:33.7094803Z [386/834] Compiling x25519-asm-arm.S
2026-10-07T16:04:34.1457752Z [387/834] Compiling crypto.cc
2026-10-07T16:04:34.1599140Z [388/834] Compiling curve25519_64_adx.cc
2026-10-07T16:04:34.5537938Z [389/834] Compiling cpu_arm_linux.cc
2026-10-07T16:04:34.5747154Z [390/834] Compiling cpu_intel.cc
2026-10-07T16:04:34.9288304Z [391/834] Compiling cpu_arm_freebsd.cc
2026-10-07T16:04:34.9486911Z [392/834] Compiling cpu_aarch64_win.cc
2026-10-07T16:04:34.9729643Z [393/834] Compiling curve25519.cc
2026-10-07T16:04:35.3038309Z [394/834] Compiling cpu_aarch64_openbsd.cc
2026-10-07T16:04:35.3467900Z [395/834] Compiling cpu_aarch64_sysreg.cc
2026-10-07T16:04:35.3968183Z [396/834] Compiling cpu_aarch64_linux.cc
2026-10-07T16:04:35.7229190Z [397/834] Compiling cpu_aarch64_fuchsia.cc
2026-10-07T16:04:35.7607826Z [398/834] Compiling cpu_aarch64_apple.cc
2026-10-07T16:04:36.0809981Z [399/834] Compiling conf.cc
2026-10-07T16:04:36.1889929Z [400/834] Compiling get_cipher.cc
2026-10-07T16:04:36.3628753Z [401/834] Compiling tls_cbc.cc
2026-10-07T16:04:36.6360078Z [402/834] Compiling e_tls.cc
2026-10-07T16:04:36.6430027Z [403/834] Compiling e_rc4.cc
2026-10-07T16:04:36.9438768Z [404/834] Compiling e_rc2.cc
2026-10-07T16:04:37.0758643Z [405/834] Compiling e_null.cc
2026-10-07T16:04:37.1168742Z [406/834] Compiling e_des.cc
2026-10-07T16:04:37.4728969Z [407/834] Compiling e_chacha20poly1305.cc
2026-10-07T16:04:37.6009385Z [408/834] Compiling e_aesctrhmac.cc
2026-10-07T16:04:37.7279550Z [409/834] Compiling e_aesgcmsiv.cc
2026-10-07T16:04:37.8509542Z [410/834] Compiling derive_key.cc
2026-10-07T16:04:38.0807290Z [411/834] Compiling chacha.cc
2026-10-07T16:04:38.2319515Z [412/834] Compiling unicode.cc
2026-10-07T16:04:38.7338746Z [413/834] Compiling ber.cc
2026-10-07T16:04:38.7768132Z [414/834] Compiling cbs.cc
2026-10-07T16:04:38.7815740Z [415/834] Compiling cbb.cc
2026-10-07T16:04:39.2517082Z [416/834] Compiling buf.cc
2026-10-07T16:04:39.2522210Z [417/834] Compiling asn1_compat.cc
2026-10-07T16:04:39.4339521Z [418/834] Compiling convert.cc
2026-10-07T16:04:39.7247839Z [419/834] Compiling bn_asn1.cc
2026-10-07T16:04:39.7532002Z [420/834] Compiling blake2.cc
2026-10-07T16:04:39.9018381Z [421/834] Compiling socket_helper.cc
2026-10-07T16:04:40.1767133Z [422/834] Compiling socket.cc
2026-10-07T16:04:40.1805063Z [423/834] Compiling printf.cc
2026-10-07T16:04:40.3999428Z [424/834] Compiling pair.cc
2026-10-07T16:04:40.6906829Z [425/834] Compiling hexdump.cc
2026-10-07T16:04:40.6935071Z [426/834] Compiling file.cc
2026-10-07T16:04:40.8718472Z [427/834] Compiling fd.cc
2026-10-07T16:04:41.0949511Z [428/834] Compiling errno.cc
2026-10-07T16:04:41.2329749Z [429/834] Compiling connect.cc
2026-10-07T16:04:41.3518688Z [430/834] Compiling bio_mem.cc
2026-10-07T16:04:41.8028114Z [431/834] Compiling bio.cc
2026-10-07T16:04:41.8248373Z [432/834] Compiling base64.cc
2026-10-07T16:04:41.9799436Z [433/834] Compiling tasn_utl.cc
2026-10-07T16:04:42.3418313Z [434/834] Compiling tasn_typ.cc
2026-10-07T16:04:42.4438220Z [435/834] Compiling tasn_fre.cc
2026-10-07T16:04:42.4749897Z [436/834] Compiling tasn_new.cc
2026-10-07T16:04:42.9778502Z [437/834] Compiling tasn_enc.cc
2026-10-07T16:04:42.9928616Z [438/834] Compiling posix_time.cc
2026-10-07T16:04:43.1887803Z [439/834] Compiling tasn_dec.cc
2026-10-07T16:04:43.4347388Z [440/834] Compiling f_string.cc
2026-10-07T16:04:43.4507853Z [441/834] Compiling f_int.cc
2026-10-07T16:04:43.5988479Z [442/834] Compiling asn_pack.cc
2026-10-07T16:04:43.8838454Z [443/834] Compiling asn1_par.cc
2026-10-07T16:04:44.1197764Z [444/834] Compiling a_utctm.cc
2026-10-07T16:04:44.1699490Z [445/834] Compiling asn1_lib.cc
2026-10-07T16:04:44.5319806Z [446/834] Compiling a_type.cc
2026-10-07T16:04:44.6767724Z [447/834] Compiling a_time.cc
2026-10-07T16:04:44.8249998Z [448/834] Compiling a_strnid.cc
2026-10-07T16:04:45.0878596Z [449/834] Compiling a_octet.cc
2026-10-07T16:04:45.2548796Z [450/834] Compiling a_strex.cc
2026-10-07T16:04:45.4730044Z [451/834] Compiling a_object.cc
2026-10-07T16:04:45.6338822Z [452/834] Compiling a_mbstr.cc
2026-10-07T16:04:45.9329718Z [453/834] Compiling a_i2d_fp.cc
2026-10-07T16:04:45.9889381Z [454/834] Compiling a_int.cc
2026-10-07T16:04:46.1367564Z [455/834] Compiling a_gentm.cc
2026-10-07T16:04:46.3759337Z [456/834] Compiling a_dup.cc
2026-10-07T16:04:46.4388495Z [457/834] Compiling a_d2i_fp.cc
2026-10-07T16:04:46.6119208Z [458/834] Compiling a_bool.cc
2026-10-07T16:04:46.8518450Z [459/834] Compiling a_bitstr.cc
2026-10-07T16:04:46.8744952Z [460/834] Compiling CGRPCZlib empty.c
2026-10-07T16:04:47.1368069Z [461/834] Compiling CCryptoBoringSSLShims shims.c
2026-10-07T16:04:47.1845422Z [462/834] Compiling fiat_p256_adx_sqr.S
2026-10-07T16:04:47.2306301Z [463/834] Compiling fiat_p256_adx_mul.S
2026-10-07T16:04:47.2776308Z [464/834] Compiling fiat_curve25519_adx_square.S
2026-10-07T16:04:47.3246460Z [465/834] Compiling fiat_curve25519_adx_mul.S
2026-10-07T16:04:47.3726141Z [466/834] Compiling md5-x86_64-linux.S
2026-10-07T16:04:47.4216933Z [467/834] Compiling md5-x86_64-apple.S
2026-10-07T16:04:47.4727014Z [468/834] Compiling md5-586-linux.S
2026-10-07T16:04:47.5245382Z [469/834] Compiling md5-586-apple.S
2026-10-07T16:04:47.5274779Z [470/834] Compiling c-nioatomics.c
2026-10-07T16:04:47.6327189Z [471/834] Compiling chacha20_poly1305_x86_64-linux.S
2026-10-07T16:04:47.6888237Z [472/834] Compiling chacha20_poly1305_x86_64-apple.S
2026-10-07T16:04:47.7427241Z [473/834] Compiling chacha20_poly1305_armv8-win.S
2026-10-07T16:04:47.7957064Z [474/834] Compiling chacha20_poly1305_armv8-linux.S
2026-10-07T16:04:47.8427112Z [475/834] Compiling chacha20_poly1305_armv8-apple.S
2026-10-07T16:04:47.8437371Z [476/834] Compiling bcm.cc
2026-10-07T16:04:47.8482982Z [477/834] Compiling err_data.cc
2026-10-07T16:04:47.8905855Z [478/834] Compiling chacha-x86-linux.S
2026-10-07T16:04:47.8934053Z [479/834] Compiling chacha-x86_64-apple.S
2026-10-07T16:04:47.8962532Z [480/834] Compiling chacha-x86_64-linux.S
2026-10-07T16:04:47.9168049Z [481/834] Compiling c-atomics.c
2026-10-07T16:04:47.9329939Z [482/834] Compiling chacha-x86-apple.S
2026-10-07T16:04:47.9364093Z [483/834] Compiling chacha-armv8-win.S
2026-10-07T16:04:47.9410714Z [484/834] Compiling chacha-armv8-linux.S
2026-10-07T16:04:47.9755096Z [485/834] Compiling chacha-armv8-apple.S
2026-10-07T16:04:47.9804970Z [486/835] Compiling chacha-armv4-linux.S
2026-10-07T16:04:47.9995703Z [487/835] Compiling aes128gcmsiv-x86_64-linux.S
2026-10-07T16:04:48.0224784Z [488/835] Compiling aes128gcmsiv-x86_64-apple.S
2026-10-07T16:04:48.0407243Z [489/835] Compiling x86_64-mont5-apple.S
2026-10-07T16:04:48.0407945Z [489/835] Compiling x86_64-mont5-linux.S
2026-10-07T16:04:48.0706889Z [491/835] Compiling x86_64-mont-linux.S
2026-10-07T16:04:48.0853726Z [492/835] Compiling x86-mont-linux.S
2026-10-07T16:04:48.0854681Z [493/835] Compiling x86_64-mont-apple.S
2026-10-07T16:04:48.1143140Z [494/835] Compiling x86-mont-apple.S
2026-10-07T16:04:48.1275362Z [495/835] Compiling vpaes-x86_64-apple.S
2026-10-07T16:04:48.1333256Z [496/835] Compiling vpaes-x86_64-linux.S
2026-10-07T16:04:48.1545802Z [497/835] Compiling vpaes-x86-linux.S
2026-10-07T16:04:48.1695523Z [498/835] Compiling vpaes-x86-apple.S
2026-10-07T16:04:48.1795719Z [499/835] Compiling vpaes-armv8-win.S
2026-10-07T16:04:48.1985720Z [500/835] Compiling vpaes-armv8-linux.S
2026-10-07T16:04:48.2116177Z [501/835] Compiling vpaes-armv8-apple.S
2026-10-07T16:04:48.2256057Z [502/835] Compiling vpaes-armv7-linux.S
2026-10-07T16:04:48.2543645Z [503/835] Compiling sha512-x86_64-linux.S
2026-10-07T16:04:48.2553036Z [504/835] Compiling sha512-x86_64-apple.S
2026-10-07T16:04:48.2726208Z [505/835] Compiling sha512-armv8-win.S
2026-10-07T16:04:48.2940721Z [506/835] Compiling sha512-armv8-linux.S
2026-10-07T16:04:48.2994103Z [507/835] Compiling sha512-armv8-apple.S
2026-10-07T16:04:48.3200108Z [508/835] Compiling sha512-armv4-linux.S
2026-10-07T16:04:48.3374902Z [509/835] Compiling sha512-586-linux.S
2026-10-07T16:04:48.3464130Z [510/835] Compiling sha512-586-apple.S
2026-10-07T16:04:48.3825366Z [511/835] Compiling sha256-x86_64-apple.S
2026-10-07T16:04:48.3843231Z [512/835] Compiling sha256-x86_64-linux.S
2026-10-07T16:04:48.3883572Z [513/835] Compiling sha256-armv8-win.S
2026-10-07T16:04:48.4285079Z [514/835] Compiling sha256-armv8-linux.S
2026-10-07T16:04:48.4286384Z [514/835] Compiling sha256-armv8-apple.S
2026-10-07T16:04:48.4287453Z [514/835] Compiling sha256-armv4-linux.S
2026-10-07T16:04:48.4700663Z [517/835] Compiling sha256-586-apple.S
2026-10-07T16:04:48.4722598Z [518/835] Compiling sha256-586-linux.S
2026-10-07T16:04:48.4985069Z [519/835] Compiling sha1-x86_64-linux.S
2026-10-07T16:04:48.5155480Z [520/835] Compiling sha1-x86_64-apple.S
2026-10-07T16:04:48.5163711Z [520/835] Compiling sha1-armv8-win.S
2026-10-07T16:04:48.5405246Z [522/835] Compiling sha1-armv8-linux.S
2026-10-07T16:04:48.5573414Z [523/835] Compiling sha1-armv8-apple.S
2026-10-07T16:04:48.5603256Z [524/835] Compiling sha1-armv4-large-linux.S
2026-10-07T16:04:48.5825541Z [525/835] Compiling sha1-586-linux.S
2026-10-07T16:04:48.6025861Z [526/835] Compiling sha1-586-apple.S
2026-10-07T16:04:48.6151838Z [527/835] Compiling rsaz-avx2-linux.S
2026-10-07T16:04:48.6254947Z [528/835] Compiling rsaz-avx2-apple.S
2026-10-07T16:04:48.6453057Z [529/835] Compiling rdrand-x86_64-linux.S
2026-10-07T16:04:48.6612049Z [530/835] Compiling rdrand-x86_64-apple.S
2026-10-07T16:04:48.6692881Z [531/835] Compiling p256_beeu-x86_64-asm-linux.S
2026-10-07T16:04:48.6855977Z [532/835] Compiling p256_beeu-x86_64-asm-apple.S
2026-10-07T16:04:48.7045800Z [533/835] Compiling p256_beeu-armv8-asm-win.S
2026-10-07T16:04:48.7103628Z [534/835] Compiling p256_beeu-armv8-asm-linux.S
2026-10-07T16:04:48.7285262Z [535/835] Compiling p256_beeu-armv8-asm-apple.S
2026-10-07T16:04:48.7525765Z [536/835] Compiling p256-x86_64-asm-apple.S
2026-10-07T16:04:48.7675101Z [537/835] Compiling p256-x86_64-asm-linux.S
2026-10-07T16:04:48.7703176Z [538/835] Compiling p256-armv8-asm-win.S
2026-10-07T16:04:48.7955125Z [539/835] Compiling p256-armv8-asm-linux.S
2026-10-07T16:04:48.8125225Z [540/835] Compiling ghashv8-armv8-win.S
2026-10-07T16:04:48.8133357Z [540/835] Compiling p256-armv8-asm-apple.S
2026-10-07T16:04:48.8395719Z [542/835] Compiling ghashv8-armv8-linux.S
2026-10-07T16:04:48.8565578Z [543/835] Compiling ghashv8-armv7-linux.S
2026-10-07T16:04:48.8582879Z [544/835] Compiling ghashv8-armv8-apple.S
2026-10-07T16:04:48.8894721Z [545/835] Compiling ghash-x86_64-linux.S
2026-10-07T16:04:48.9012972Z [546/835] Compiling ghash-x86_64-apple.S
2026-10-07T16:04:48.9013875Z [547/835] Compiling ghash-x86-linux.S
2026-10-07T16:04:48.9355466Z [548/835] Compiling ghash-x86-apple.S
2026-10-07T16:04:48.9442416Z [549/835] Compiling ghash-ssse3-x86_64-apple.S
2026-10-07T16:04:48.9451821Z [550/835] Compiling ghash-ssse3-x86_64-linux.S
2026-10-07T16:04:48.9806010Z [551/835] Compiling ghash-ssse3-x86-linux.S
2026-10-07T16:04:48.9862362Z [552/835] Compiling ghash-neon-armv8-win.S
2026-10-07T16:04:48.9870345Z [553/835] Compiling ghash-ssse3-x86-apple.S
2026-10-07T16:04:49.0232689Z [554/835] Compiling ghash-neon-armv8-linux.S
2026-10-07T16:04:49.0250803Z [555/835] Compiling ghash-armv4-linux.S
2026-10-07T16:04:49.0304040Z [556/835] Compiling ghash-neon-armv8-apple.S
2026-10-07T16:04:49.0685924Z [557/835] Compiling co-586-linux.S
2026-10-07T16:04:49.0692780Z [557/835] Compiling co-586-apple.S
2026-10-07T16:04:49.0701759Z [559/835] Compiling bsaes-armv7-linux.S
2026-10-07T16:04:49.1105292Z [560/835] Compiling bn-armv8-apple.S
2026-10-07T16:04:49.1113001Z [561/835] Compiling bn-armv8-linux.S
2026-10-07T16:04:49.1134173Z [562/835] Compiling bn-armv8-win.S
2026-10-07T16:04:49.1511637Z [563/835] Compiling bn-586-linux.S
2026-10-07T16:04:49.1532170Z [564/835] Compiling bn-586-apple.S
2026-10-07T16:04:49.1605159Z [565/835] Compiling armv8-mont-win.S
2026-10-07T16:04:49.1911208Z [566/835] Compiling armv8-mont-linux.S
2026-10-07T16:04:49.1962915Z [567/835] Compiling armv8-mont-apple.S
2026-10-07T16:04:49.2045342Z [568/835] Compiling armv4-mont-linux.S
2026-10-07T16:04:49.2355362Z [569/835] Compiling aesv8-gcm-armv8-win.S
2026-10-07T16:04:49.2364083Z [570/835] Compiling aesv8-gcm-armv8-linux.S
2026-10-07T16:04:49.2474259Z [571/835] Compiling aesv8-gcm-armv8-apple.S
2026-10-07T16:04:49.2803514Z [572/835] Compiling aesv8-armv8-win.S
2026-10-07T16:04:49.2813343Z [573/835] Compiling aesv8-armv8-linux.S
2026-10-07T16:04:49.2883917Z [574/835] Compiling aesv8-armv8-apple.S
2026-10-07T16:04:49.3235562Z [575/835] Compiling aesv8-armv7-linux.S
2026-10-07T16:04:49.3315741Z [576/835] Compiling aesni-x86_64-apple.S
2026-10-07T16:04:49.3373591Z [577/835] Compiling aesni-x86_64-linux.S
2026-10-07T16:04:49.3695291Z [578/835] Compiling aesni-x86-linux.S
2026-10-07T16:04:49.3785381Z [579/835] Compiling aesni-x86-apple.S
2026-10-07T16:04:49.3834315Z [580/835] Compiling aesni-gcm-x86_64-linux.S
2026-10-07T16:04:49.4155665Z [581/835] Compiling aesni-gcm-x86_64-apple.S
2026-10-07T16:04:49.4251965Z [582/835] Compiling aes-gcm-avx512-x86_64-apple.S
2026-10-07T16:04:49.4290930Z [583/835] Compiling aes-gcm-avx512-x86_64-linux.S
2026-10-07T16:04:49.4686258Z [584/835] Compiling aes-gcm-avx2-x86_64-linux.S
2026-10-07T16:04:49.4703821Z [585/835] Compiling aes-gcm-avx2-x86_64-apple.S
2026-10-07T16:04:50.0133140Z [586/835] Compiling xwing.cc
2026-10-07T16:04:50.2809224Z [588/835] Compiling NIOConcurrencyHelpers NIOAtomic.swift
2026-10-07T16:04:50.6028596Z [588/835] Compiling x_x509a.cc
2026-10-07T16:04:50.8113642Z [589/835] Compiling x_x509.cc
2026-10-07T16:04:51.0282565Z [590/835] Compiling x_spki.cc
2026-10-07T16:04:51.1637308Z [591/835] Compiling x_sig.cc
2026-10-07T16:04:51.5610958Z [592/835] Compiling x_req.cc
2026-10-07T16:04:51.9480321Z [593/835] Compiling x_pubkey.cc
2026-10-07T16:04:52.0870949Z [594/835] Compiling x_name.cc
2026-10-07T16:04:52.1028096Z [595/835] Compiling x_exten.cc
2026-10-07T16:04:52.5910040Z [596/835] Compiling x_crl.cc
2026-10-07T16:04:52.8820565Z [597/835] Compiling x_attrib.cc
2026-10-07T16:04:53.2460650Z [598/835] Compiling x_algor.cc
2026-10-07T16:04:53.2621559Z [599/835] Compiling x_all.cc
2026-10-07T16:04:53.4630455Z [600/835] Compiling x509spki.cc
2026-10-07T16:04:53.8140641Z [601/835] Compiling x509rset.cc
2026-10-07T16:04:54.2400876Z [602/835] Compiling x509cset.cc
2026-10-07T16:04:54.2790515Z [603/835] Compiling x509name.cc
2026-10-07T16:04:54.4780611Z [604/835] Compiling x509_vpm.cc
2026-10-07T16:04:55.1180441Z [605/835] Compiling x509_txt.cc
2026-10-07T16:04:55.1788983Z [606/835] Compiling x509_vfy.cc
2026-10-07T16:04:55.2199816Z [607/835] Compiling x509_v3.cc
2026-10-07T16:04:55.4330964Z [608/835] Compiling x509_trs.cc
2026-10-07T16:04:56.0740844Z [609/835] Compiling x509_set.cc
2026-10-07T16:04:56.1849564Z [610/835] Compiling x509_req.cc
2026-10-07T16:04:56.2159954Z [611/835] Compiling x509_obj.cc
2026-10-07T16:04:56.5380322Z [612/835] Compiling x509_lu.cc
2026-10-07T16:04:57.0250509Z [613/835] Compiling x509_def.cc
2026-10-07T16:04:57.0459935Z [614/835] Compiling x509_ext.cc
2026-10-07T16:04:57.0780304Z [615/835] Compiling x509_d2.cc
2026-10-07T16:04:57.5590278Z [616/835] Compiling x509_cmp.cc
2026-10-07T16:04:57.9040280Z [617/835] Compiling x509.cc
2026-10-07T16:04:57.9830846Z [618/835] Compiling x509_att.cc
2026-10-07T16:04:58.4210481Z [619/835] Compiling v3_utl.cc
2026-10-07T16:04:58.5150303Z [620/835] Compiling v3_skey.cc
2026-10-07T16:04:58.8669860Z [621/835] Compiling v3_prn.cc
2026-10-07T16:04:58.9840259Z [622/835] Compiling v3_purp.cc
2026-10-07T16:04:59.3750931Z [623/835] Compiling v3_pmaps.cc
2026-10-07T16:04:59.4580355Z [624/835] Compiling v3_pcons.cc
2026-10-07T16:04:59.7909555Z [625/835] Compiling v3_ocsp.cc
2026-10-07T16:05:00.0611546Z [626/835] Compiling v3_ncons.cc
2026-10-07T16:05:00.3770619Z [627/835] Compiling v3_lib.cc
2026-10-07T16:05:00.3868580Z [628/835] Compiling v3_int.cc
2026-10-07T16:05:00.8730048Z [629/835] Compiling v3_info.cc
2026-10-07T16:05:01.0020380Z [630/835] Compiling v3_ia5.cc
2026-10-07T16:05:01.3300202Z [631/835] Compiling v3_extku.cc
2026-10-07T16:05:01.3550686Z [632/835] Compiling v3_genn.cc
2026-10-07T16:05:01.8059927Z [633/835] Compiling v3_enum.cc
2026-10-07T16:05:02.0720357Z [634/835] Compiling v3_crld.cc
2026-10-07T16:05:02.4009974Z [635/835] Compiling v3_cpols.cc
2026-10-07T16:05:02.4899863Z [636/835] Compiling v3_conf.cc
2026-10-07T16:05:02.7480399Z [637/835] Compiling v3_bitst.cc
2026-10-07T16:05:03.0130476Z [638/835] Compiling v3_bcons.cc
2026-10-07T16:05:03.4260689Z [639/835] Compiling v3_akeya.cc
2026-10-07T16:05:03.4629913Z [640/835] Compiling v3_alt.cc
2026-10-07T16:05:03.7139853Z [641/835] Compiling v3_akey.cc
2026-10-07T16:05:03.9570071Z [642/835] Compiling t_x509a.cc
2026-10-07T16:05:04.4311851Z [643/835] Compiling t_x509.cc
2026-10-07T16:05:04.4469119Z [644/835] Compiling t_req.cc
2026-10-07T16:05:04.5839557Z [645/835] Compiling t_crl.cc
2026-10-07T16:05:04.9741178Z [646/835] Compiling rsa_pss.cc
2026-10-07T16:05:05.1489123Z [647/835] Compiling i2d_pr.cc
2026-10-07T16:05:05.3609687Z [648/835] Compiling name_print.cc
2026-10-07T16:05:05.6260381Z [649/835] Compiling policy.cc
2026-10-07T16:05:05.9529751Z [650/835] Compiling by_file.cc
2026-10-07T16:05:06.1942302Z [651/835] Compiling by_dir.cc
2026-10-07T16:05:06.4270195Z [652/835] Compiling asn1_gen.cc
2026-10-07T16:05:06.5700015Z [653/835] Compiling algorithm.cc
2026-10-07T16:05:06.9335922Z [654/835] Compiling a_verify.cc
2026-10-07T16:05:07.2290014Z [655/835] Compiling a_sign.cc
2026-10-07T16:05:07.2910326Z [656/835] Compiling a_digest.cc
2026-10-07T16:05:07.5680495Z [657/835] Compiling voprf.cc
2026-10-07T16:05:07.7180012Z [658/835] Compiling thread_win.cc
2026-10-07T16:05:07.9060757Z [659/835] Compiling trust_token.cc
2026-10-07T16:05:08.0298231Z [660/835] Compiling thread_pthread.cc
2026-10-07T16:05:08.1378091Z [661/835] Compiling thread_none.cc
2026-10-07T16:05:08.2788628Z [662/835] Compiling thread.cc
2026-10-07T16:05:08.3229761Z [663/835] Compiling pmbtoken.cc
2026-10-07T16:05:08.5998605Z [664/835] Compiling stack.cc
2026-10-07T16:05:08.7698865Z [665/835] Compiling slhdsa.cc
2026-10-07T16:05:08.7816926Z [666/835] Compiling siphash.cc
2026-10-07T16:05:08.9040216Z [667/835] Compiling spake2plus.cc
2026-10-07T16:05:08.9828239Z [668/835] Compiling sha512.cc
2026-10-07T16:05:09.1408416Z [669/835] Compiling sha256.cc
2026-10-07T16:05:09.1527027Z [670/835] Compiling sha1.cc
2026-10-07T16:05:09.3429312Z [671/835] Compiling rsa_print.cc
2026-10-07T16:05:09.3672775Z [672/835] Compiling rsa_extra.cc
2026-10-07T16:05:09.7468027Z [673/835] Compiling rc4.cc
2026-10-07T16:05:09.7827702Z [674/835] Compiling refcount.cc
2026-10-07T16:05:09.8640241Z [675/835] Compiling rsa_crypt.cc
2026-10-07T16:05:10.1877658Z [676/835] Compiling windows.cc
2026-10-07T16:05:10.2149976Z [677/835] Compiling rsa_asn1.cc
2026-10-07T16:05:10.2347515Z [678/835] Compiling trusty.cc
2026-10-07T16:05:10.2611533Z [679/835] Compiling urandom.cc
2026-10-07T16:05:10.5808792Z [680/835] Compiling rand.cc
2026-10-07T16:05:10.5947348Z [681/835] Compiling ios.cc
2026-10-07T16:05:10.6267568Z [682/835] Compiling getentropy.cc
2026-10-07T16:05:10.6527811Z [683/835] Compiling passive.cc
2026-10-07T16:05:10.9948232Z [684/835] Compiling deterministic.cc
2026-10-07T16:05:11.0419271Z [685/835] Compiling forkunsafe.cc
2026-10-07T16:05:11.0427625Z [685/835] Compiling fork_detect.cc
2026-10-07T16:05:11.0804716Z [687/835] Compiling poly1305_arm_asm.S
2026-10-07T16:05:11.2609153Z [688/835] Compiling pool.cc
2026-10-07T16:05:11.4628813Z [689/835] Compiling poly1305_arm.cc
2026-10-07T16:05:11.5137816Z [690/835] Compiling poly1305.cc
2026-10-07T16:05:11.7768822Z [691/835] Compiling poly1305_vec.cc
2026-10-07T16:05:12.4599547Z [692/835] Compiling p5_pbev2.cc
2026-10-07T16:05:12.4798517Z [693/835] Compiling pkcs8_x509.cc
2026-10-07T16:05:12.5109436Z [694/835] Compiling pkcs8.cc
2026-10-07T16:05:12.8559485Z [695/835] Compiling pkcs7_x509.cc
2026-10-07T16:05:13.0559750Z [696/835] Compiling pkcs7.cc
2026-10-07T16:05:13.3399704Z [697/835] Compiling pem_xaux.cc
2026-10-07T16:05:13.3798565Z [698/835] Compiling pem_x509.cc
2026-10-07T16:05:13.7530405Z [699/835] Compiling pem_pkey.cc
2026-10-07T16:05:13.9780419Z [700/835] Compiling pem_pk8.cc
2026-10-07T16:05:14.1918851Z [701/835] Compiling pem_oth.cc
2026-10-07T16:05:14.5180057Z [702/835] Compiling pem_lib.cc
2026-10-07T16:05:14.6799350Z [703/835] Compiling pem_info.cc
2026-10-07T16:05:14.7409601Z [704/835] Compiling obj_xref.cc
2026-10-07T16:05:15.0160031Z [705/835] Compiling pem_all.cc
2026-10-07T16:05:15.0576998Z [706/835] Compiling mlkem.cc
2026-10-07T16:05:15.1767638Z [707/835] Compiling mldsa.cc
2026-10-07T16:05:15.5280610Z [708/835] Compiling obj.cc
2026-10-07T16:05:15.6127138Z [709/835] Compiling mem.cc
2026-10-07T16:05:15.6166070Z [710/835] Compiling md5.cc
2026-10-07T16:05:15.7908703Z [711/835] Compiling md4.cc
2026-10-07T16:05:15.8966341Z [712/835] Compiling poly_rq_mul.S
2026-10-07T16:05:15.9918045Z [713/835] Compiling lhash.cc
2026-10-07T16:05:16.4258796Z [714/835] Compiling fuzzer_mode.cc
2026-10-07T16:05:16.4516800Z [715/835] Compiling fips_shared_support.cc
2026-10-07T16:05:16.6598466Z [716/835] Compiling kyber.cc
2026-10-07T16:05:16.7769947Z [717/835] Compiling hpke.cc
2026-10-07T16:05:17.1048769Z [718/835] Compiling ex_data.cc
2026-10-07T16:05:17.4029826Z [719/835] Compiling hrss.cc
2026-10-07T16:05:17.4288724Z [720/835] Compiling sign.cc
2026-10-07T16:05:17.6689369Z [721/835] Compiling scrypt.cc
2026-10-07T16:05:17.9349455Z [722/835] Compiling pbkdf.cc
2026-10-07T16:05:18.0458602Z [723/835] Compiling print.cc
2026-10-07T16:05:18.2988841Z [724/835] Compiling p_x25519_asn1.cc
2026-10-07T16:05:18.4900020Z [725/835] Compiling p_x25519.cc
2026-10-07T16:05:18.7569525Z [726/835] Compiling p_rsa_asn1.cc
2026-10-07T16:05:19.1396020Z [727/835] Compiling p_hkdf.cc
2026-10-07T16:05:19.2098885Z [728/835] Compiling p_rsa.cc
2026-10-07T16:05:19.3838538Z [729/835] Compiling p_ed25519_asn1.cc
2026-10-07T16:05:19.6917803Z [730/835] Compiling p_ed25519.cc
2026-10-07T16:05:19.9470296Z [731/835] Compiling p_ec_asn1.cc
2026-10-07T16:05:20.0519474Z [732/835] Compiling p_ec.cc
2026-10-07T16:05:20.3418782Z [733/835] Compiling p_dsa_asn1.cc
2026-10-07T16:05:20.5779885Z [734/835] Compiling p_dh_asn1.cc
2026-10-07T16:05:20.6798472Z [735/835] Compiling p_dh.cc
2026-10-07T16:05:20.9947981Z [736/835] Compiling evp_ctx.cc
2026-10-07T16:05:21.3778624Z [737/835] Compiling evp.cc
2026-10-07T16:05:21.6130211Z [738/835] Compiling evp_asn1.cc
2026-10-07T16:05:21.6263151Z [739/835] Compiling err.cc
2026-10-07T16:05:21.8589551Z [740/835] Compiling engine.cc
2026-10-07T16:05:22.0988521Z [741/835] Compiling ecdsa_p1363.cc
2026-10-07T16:05:22.3019962Z [742/835] Compiling ecdsa_asn1.cc
2026-10-07T16:05:22.3589778Z [743/835] Compiling ecdh.cc
2026-10-07T16:05:22.8268621Z [744/835] Compiling ec_derive.cc
2026-10-07T16:05:22.8477963Z [745/835] Compiling hash_to_curve.cc
2026-10-07T16:05:23.3480334Z [746/835] Compiling ec_asn1.cc
2026-10-07T16:05:23.5293613Z [747/835] Compiling dsa_asn1.cc
2026-10-07T16:05:23.6478702Z [748/835] Compiling dsa.cc
2026-10-07T16:05:24.0430133Z [749/835] Compiling digest_extra.cc
2026-10-07T16:05:24.0968033Z [750/835] Compiling params.cc
2026-10-07T16:05:24.3179236Z [751/835] Compiling dh_asn1.cc
2026-10-07T16:05:24.7818604Z [752/835] Compiling spake25519.cc
2026-10-07T16:05:25.0908929Z [753/835] Compiling des.cc
2026-10-07T16:05:25.1326797Z [754/835] Compiling x25519-asm-arm.S
2026-10-07T16:05:25.6018746Z [755/835] Compiling crypto.cc
2026-10-07T16:05:25.8100148Z [756/835] Compiling curve25519_64_adx.cc
2026-10-07T16:05:26.0239158Z [757/835] Compiling cpu_intel.cc
2026-10-07T16:05:26.2298297Z [758/835] Compiling cpu_arm_linux.cc
2026-10-07T16:05:26.3598329Z [759/835] Compiling curve25519.cc
2026-10-07T16:05:26.4469848Z [760/835] Compiling cpu_arm_freebsd.cc
2026-10-07T16:05:26.6508053Z [761/835] Compiling cpu_aarch64_win.cc
2026-10-07T16:05:26.7227653Z [762/835] Compiling cpu_aarch64_sysreg.cc
2026-10-07T16:05:26.8007804Z [763/835] Compiling cpu_aarch64_openbsd.cc
2026-10-07T16:05:27.0758763Z [764/835] Compiling cpu_aarch64_linux.cc
2026-10-07T16:05:27.0805720Z [765/835] Compiling cpu_aarch64_fuchsia.cc
2026-10-07T16:05:27.2198095Z [766/835] Compiling cpu_aarch64_apple.cc
2026-10-07T16:05:27.7438060Z [767/835] Compiling conf.cc
2026-10-07T16:05:27.8629158Z [768/835] Compiling tls_cbc.cc
2026-10-07T16:05:27.8696482Z [769/835] Compiling cms.cc
2026-10-07T16:05:28.1988451Z [770/835] Compiling get_cipher.cc
2026-10-07T16:05:28.2586955Z [771/835] Compiling e_rc4.cc
2026-10-07T16:05:28.4398446Z [772/835] Compiling e_tls.cc
2026-10-07T16:05:28.6647148Z [773/835] Compiling e_null.cc
2026-10-07T16:05:28.7888625Z [774/835] Compiling e_rc2.cc
2026-10-07T16:05:28.9129527Z [775/835] Compiling e_des.cc
2026-10-07T16:05:29.2020441Z [776/835] Compiling e_chacha20poly1305.cc
2026-10-07T16:05:29.4459551Z [777/835] Compiling e_aeseax.cc
2026-10-07T16:05:29.4909704Z [778/835] Compiling e_aesgcmsiv.cc
2026-10-07T16:05:29.7207263Z [779/835] Compiling e_aesctrhmac.cc
2026-10-07T16:05:29.8388539Z [780/835] Compiling derive_key.cc
2026-10-07T16:05:29.9798310Z [781/835] Compiling chacha.cc
2026-10-07T16:05:30.2729177Z [782/835] Compiling unicode.cc
2026-10-07T16:05:30.7778271Z [783/835] Compiling cbs.cc
2026-10-07T16:05:30.7785286Z [783/835] Compiling cbb.cc
2026-10-07T16:05:30.8008688Z [785/835] Compiling ber.cc
2026-10-07T16:05:31.1548095Z [786/835] Compiling sqrt.cc
2026-10-07T16:05:31.2548342Z [787/835] Compiling buf.cc
2026-10-07T16:05:31.3788512Z [788/835] Compiling asn1_compat.cc
2026-10-07T16:05:31.7202943Z [789/835] Compiling exponentiation.cc
2026-10-07T16:05:31.7256344Z [790/835] Compiling div.cc
2026-10-07T16:05:32.1599555Z [791/835] Compiling convert.cc
2026-10-07T16:05:32.1849834Z [792/835] Compiling bn_asn1.cc
2026-10-07T16:05:32.4599756Z [793/835] Compiling blake2.cc
2026-10-07T16:05:32.5769014Z [794/835] Compiling printf.cc
2026-10-07T16:05:32.7198667Z [795/835] Compiling pair.cc
2026-10-07T16:05:32.9688835Z [796/835] Compiling hexdump.cc
2026-10-07T16:05:33.0970409Z [797/835] Compiling file.cc
2026-10-07T16:05:33.1837571Z [798/835] Compiling fd.cc
2026-10-07T16:05:33.4458998Z [799/835] Compiling errno.cc
2026-10-07T16:05:33.6288716Z [800/835] Compiling bio_mem.cc
2026-10-07T16:05:33.8228551Z [801/835] Compiling bio.cc
2026-10-07T16:05:34.0399204Z [802/835] Compiling base64.cc
2026-10-07T16:05:34.2827596Z [803/835] Compiling tasn_typ.cc
2026-10-07T16:05:34.2987895Z [804/835] Compiling tasn_utl.cc
2026-10-07T16:05:34.7059963Z [805/835] Compiling tasn_new.cc
2026-10-07T16:05:34.7488240Z [806/835] Compiling tasn_fre.cc
2026-10-07T16:05:34.9318647Z [807/835] Compiling tasn_enc.cc
2026-10-07T16:05:35.2398110Z [808/835] Compiling posix_time.cc
2026-10-07T16:05:35.3898652Z [809/835] Compiling f_string.cc
2026-10-07T16:05:35.5330156Z [810/835] Compiling tasn_dec.cc
2026-10-07T16:05:35.6668102Z [811/835] Compiling f_int.cc
2026-10-07T16:05:35.8308973Z [812/835] Compiling asn_pack.cc
2026-10-07T16:05:35.9798299Z [813/835] Compiling asn1_par.cc
2026-10-07T16:05:36.3579125Z [814/835] Compiling asn1_lib.cc
2026-10-07T16:05:36.4118961Z [815/835] Compiling a_utctm.cc
2026-10-07T16:05:36.6828840Z [816/835] Compiling a_type.cc
2026-10-07T16:05:36.9388540Z [817/835] Compiling a_time.cc
2026-10-07T16:05:37.2530085Z [818/835] Compiling a_strnid.cc
2026-10-07T16:05:37.3748462Z [819/835] Compiling a_octet.cc
2026-10-07T16:05:37.4158875Z [820/835] Compiling a_strex.cc
2026-10-07T16:05:37.9357863Z [821/835] Compiling a_mbstr.cc
2026-10-07T16:05:37.9779703Z [822/835] Compiling a_object.cc
2026-10-07T16:05:38.1968334Z [823/835] Compiling a_int.cc
2026-10-07T16:05:38.3777594Z [824/835] Compiling a_i2d_fp.cc
2026-10-07T16:05:38.5519361Z [825/835] Compiling a_gentm.cc
2026-10-07T16:05:38.6458487Z [826/835] Compiling a_dup.cc
2026-10-07T16:05:38.8267684Z [827/835] Compiling a_d2i_fp.cc
2026-10-07T16:05:39.1018665Z [828/835] Compiling a_bool.cc
2026-10-07T16:05:39.1029200Z [829/835] Write sources
2026-10-07T16:05:39.2007831Z [830/836] Compiling aes.cc
2026-10-07T16:05:39.3075092Z [831/836] Compiling a_bitstr.cc
2026-10-07T16:05:43.1617220Z [833/836] Compiling Atomics OptionalRawRepresentable.swift
2026-10-07T16:05:45.8585064Z [833/837] Compiling bcm.cc
2026-10-07T16:05:48.0960308Z [835/838] Compiling CryptoBoringWrapper BoringSSLAEAD.swift
2026-10-07T16:06:06.7200740Z [836/839] Compiling Crypto AES-GCM.swift
2026-10-07T16:06:07.3772791Z [837/839] Compiling NIOCore AddressedEnvelope.swift
2026-10-07T16:06:09.0205997Z [838/842] Compiling NIOFoundationEssentialsCompat ByteBuffer-foundation.swift
2026-10-07T16:06:11.9539683Z [839/842] Compiling NIOEmbedded AsyncTestingChannel.swift
2026-10-07T16:06:29.6972117Z [840/842] Compiling NIOPosix BSDSocketAPICommon.swift
2026-10-07T16:06:29.7866382Z [841/843] Compiling NIO Exports.swift
2026-10-07T16:06:30.3423599Z [842/846] Compiling NIOFoundationCompat Exports.swift
2026-10-07T16:06:31.7128539Z [843/846] Compiling NIOTLS ApplicationProtocolNegotiationHandler.swift
2026-10-07T16:06:32.8564760Z [844/848] Compiling NIOTransportServices AcceptHandler.swift
2026-10-07T16:06:41.1283454Z [845/848] Compiling NIOHTTP1 ByteCollectionUtils.swift
2026-10-07T16:06:43.6706704Z [846/850] Compiling NIOSSL AndroidCABundle.swift
2026-10-07T16:06:47.9969827Z [847/850] Compiling NIOExtras DebugInboundEventsHandler.swift
2026-10-07T16:06:48.0202792Z [848/850] Compiling NIOHPACK DynamicHeaderTable.swift
2026-10-07T16:07:08.9806628Z [849/851] Compiling NIOHTTP2 ConnectionStateMachine.swift
2026-10-07T16:07:31.5182252Z [850/852] Compiling GRPC Array+BoundsCheck.swift
2026-10-07T16:08:17.4720141Z [851/853] Compiling RightClickCore A2AReflector.swift
2026-10-07T16:08:17.4723092Z /__w/rightclick/rightclick/Sources/RightClickCore/CapabilityEngine.swift:427:33: warning: result of call to 'run(mode:before:)' is unused [#no-usage]
2026-10-07T16:08:17.4732692Z  425 |                 }
2026-10-07T16:08:17.4733094Z  426 | 
2026-10-07T16:08:17.4733448Z  427 |                 RunLoop.current.run(
2026-10-07T16:08:17.4734200Z      |                                 `- warning: result of call to 'run(mode:before:)' is unused [#no-usage]
2026-10-07T16:08:17.4734943Z  428 |                     mode: .default,
2026-10-07T16:08:17.4735398Z  429 |                     before:
2026-10-07T16:08:17.4735674Z 
2026-10-07T16:08:17.4737102Z /__w/rightclick/rightclick/Sources/RightClickCore/OriginPinnedHTTP.swift:45:19: warning: non-final class 'RedirectRejectingDelegate' cannot conform to 'Sendable'; use '@unchecked Sendable'; this is an error in the Swift 6 language mode
2026-10-07T16:08:17.4738796Z  43 |     }
2026-10-07T16:08:17.4739356Z  44 | 
2026-10-07T16:08:17.4739803Z  45 |     private class RedirectRejectingDelegate:
2026-10-07T16:08:17.4741108Z     |                   `- warning: non-final class 'RedirectRejectingDelegate' cannot conform to 'Sendable'; use '@unchecked Sendable'; this is an error in the Swift 6 language mode
2026-10-07T16:08:17.4742337Z  46 |         NSObject,
2026-10-07T16:08:17.4742733Z  47 |         URLSessionTaskDelegate
2026-10-07T16:08:17.4743045Z 
2026-10-07T16:08:17.4744396Z /__w/rightclick/rightclick/Sources/RightClickCore/OriginPinnedHTTP.swift:86:21: warning: stored property 'storedData' of 'Sendable'-conforming class 'BoundedLoadDelegate' is mutable; this is an error in the Swift 6 language mode
2026-10-07T16:08:17.4746035Z  84 |             Int
2026-10-07T16:08:17.4746380Z  85 | 
2026-10-07T16:08:17.4746726Z  86 |         private var storedData =
2026-10-07T16:08:17.4747898Z     |                     `- warning: stored property 'storedData' of 'Sendable'-conforming class 'BoundedLoadDelegate' is mutable; this is an error in the Swift 6 language mode
2026-10-07T16:08:17.4749381Z  87 |             Data()
2026-10-07T16:08:17.4749761Z  88 | 
2026-10-07T16:08:23.4501276Z [852/854] Compiling RightClickMCP Federation.swift
2026-10-07T16:08:23.4503924Z /__w/rightclick/rightclick/Sources/RightClickMCP/Federation.swift:965:29: warning: reference to captured var 'request' in concurrently-executing code; this is an error in the Swift 6 language mode [#SendableClosureCaptures]
2026-10-07T16:08:23.4506194Z  963 |                     .data(
2026-10-07T16:08:23.4506879Z  964 |                         for:
2026-10-07T16:08:23.4507363Z  965 |                             request
2026-10-07T16:08:23.4508619Z      |                             `- warning: reference to captured var 'request' in concurrently-executing code; this is an error in the Swift 6 language mode [#SendableClosureCaptures]
2026-10-07T16:08:23.4510091Z  966 |                     )
2026-10-07T16:08:23.4510456Z  967 | 
2026-10-07T16:08:23.4510623Z 
2026-10-07T16:08:23.4511579Z /__w/rightclick/rightclick/Sources/RightClickMCP/Server.swift:316:37: warning: 'text(_:metadata:)' is deprecated: Use .text(text:annotations:_meta:) instead. [#DeprecatedDeclaration]
2026-10-07T16:08:23.4512777Z 314 |                 transport: transport
2026-10-07T16:08:23.4513167Z 315 |             )
2026-10-07T16:08:23.4513579Z 316 |             return .init(content: [.text(text)], isError: false)
2026-10-07T16:08:23.4514557Z     |                                     `- warning: 'text(_:metadata:)' is deprecated: Use .text(text:annotations:_meta:) instead. [#DeprecatedDeclaration]
2026-10-07T16:08:23.4515492Z 317 |         } catch {
2026-10-07T16:08:23.4516084Z 318 |             return .init(content: [.text(String(describing: error))], isError: true)
2026-10-07T16:08:23.4516637Z 
2026-10-07T16:08:23.4517946Z /__w/rightclick/rightclick/Sources/RightClickMCP/Server.swift:318:37: warning: 'text(_:metadata:)' is deprecated: Use .text(text:annotations:_meta:) instead. [#DeprecatedDeclaration]
2026-10-07T16:08:23.4519832Z 316 |             return .init(content: [.text(text)], isError: false)
2026-10-07T16:08:23.4520394Z 317 |         } catch {
2026-10-07T16:08:23.4520969Z 318 |             return .init(content: [.text(String(describing: error))], isError: true)
2026-10-07T16:08:23.4522147Z     |                                     `- warning: 'text(_:metadata:)' is deprecated: Use .text(text:annotations:_meta:) instead. [#DeprecatedDeclaration]
2026-10-07T16:08:23.4523103Z 319 |         }
2026-10-07T16:08:23.4523407Z 320 |     }
2026-10-07T16:08:23.4523578Z 
2026-10-07T16:08:23.4524192Z [#DeprecatedDeclaration]: <https://docs.swift.org/compiler/documentation/diagnostics/deprecated-declaration>
2026-10-07T16:08:23.4525550Z [#SendableClosureCaptures]: <https://docs.swift.org/compiler/documentation/diagnostics/sendable-closure-captures>
2026-10-07T16:08:25.6301945Z [853/855] Compiling RightClickCLI AuthorityConfigurationCLI.swift
2026-10-07T16:08:25.6353813Z [853/855] Write Objects.LinkFileList
2026-10-07T16:08:26.9888247Z [854/855] Linking rightclick
2026-10-07T16:08:26.9934988Z Build of product 'rightclick' complete! (344.29s)
2026-10-07T16:08:27.0048630Z ##[group]Run python3 scripts/acceptance-portable.py .build/release/rightclick
2026-10-07T16:08:27.0049556Z [36;1mpython3 scripts/acceptance-portable.py .build/release/rightclick[0m
2026-10-07T16:08:27.0050068Z shell: sh -e {0}
2026-10-07T16:08:27.0050286Z ##[endgroup]
2026-10-07T16:08:28.3978397Z stdio: PASS (seven operations, runtime provenance, real provider invocation, confirmation and argument gates, unverified acceptance, retained status)
2026-10-07T16:08:28.3980464Z http: PASS (seven operations, runtime provenance, real provider invocation, confirmation and argument gates, unverified acceptance, retained status)
2026-10-07T16:08:28.4223043Z Post job cleanup.
2026-10-07T16:08:28.4230584Z ##[command]/usr/bin/docker exec  dde7c0755823d7e05195b302f209c7ab245516add05d04aa3f2f83ea4ec38a86 sh -c "cat /etc/*release | grep ^ID"
2026-10-07T16:08:28.6020169Z [command]/usr/bin/git version
2026-10-07T16:08:28.6044129Z git version 2.43.0
2026-10-07T16:08:28.6093624Z Temporarily overriding HOME='/__w/_temp/f81d24c0-dc84-4c39-92bf-6da5df629916' before making global git config changes
2026-10-07T16:08:28.6095126Z Adding repository directory to the temporary git global config as a safe directory
2026-10-07T16:08:28.6097579Z [command]/usr/bin/git config --global --add safe.directory /__w/rightclick/rightclick
2026-10-07T16:08:28.6136660Z Removing SSH command configuration
2026-10-07T16:08:28.6137400Z [command]/usr/bin/git config --local --name-only --get-regexp core\.sshCommand
2026-10-07T16:08:28.6178492Z [command]/usr/bin/git submodule foreach --recursive sh -c "git config --local --name-only --get-regexp 'core\.sshCommand' && git config --local --unset-all 'core.sshCommand' || :"
2026-10-07T16:08:28.6460887Z Removing HTTP extra header
2026-10-07T16:08:28.6472871Z [command]/usr/bin/git config --local --name-only --get-regexp http\.https\:\/\/github\.com\/\.extraheader
2026-10-07T16:08:28.6514778Z [command]/usr/bin/git submodule foreach --recursive sh -c "git config --local --name-only --get-regexp 'http\.https\:\/\/github\.com\/\.extraheader' && git config --local --unset-all 'http.https://github.com/.extraheader' || :"
2026-10-07T16:08:28.6758017Z Removing includeIf entries pointing to credentials config files
2026-10-07T16:08:28.6769334Z [command]/usr/bin/git config --local --name-only --get-regexp ^includeIf\.gitdir:
2026-10-07T16:08:28.6795733Z includeif.gitdir:/__w/rightclick/rightclick/.git.path
2026-10-07T16:08:28.6796801Z includeif.gitdir:/__w/rightclick/rightclick/.git/worktrees/*.path
2026-10-07T16:08:28.6797657Z includeif.gitdir:/github/workspace/.git.path
2026-10-07T16:08:28.6798300Z includeif.gitdir:/github/workspace/.git/worktrees/*.path
2026-10-07T16:08:28.6813045Z [command]/usr/bin/git config --local --get-all includeif.gitdir:/__w/rightclick/rightclick/.git.path
2026-10-07T16:08:28.6836413Z /__w/_temp/git-credentials-d138a634-6e08-47b4-adcd-b8fbae87d3b2.config
2026-10-07T16:08:28.6872350Z [command]/usr/bin/git config --local --unset includeif.gitdir:/__w/rightclick/rightclick/.git.path /__w/_temp/git-credentials-d138a634-6e08-47b4-adcd-b8fbae87d3b2.config
2026-10-07T16:08:28.6953640Z [command]/usr/bin/git config --local --get-all includeif.gitdir:/__w/rightclick/rightclick/.git/worktrees/*.path
2026-10-07T16:08:28.6955082Z /__w/_temp/git-credentials-d138a634-6e08-47b4-adcd-b8fbae87d3b2.config
2026-10-07T16:08:28.6963073Z [command]/usr/bin/git config --local --unset includeif.gitdir:/__w/rightclick/rightclick/.git/worktrees/*.path /__w/_temp/git-credentials-d138a634-6e08-47b4-adcd-b8fbae87d3b2.config
2026-10-07T16:08:28.7022511Z [command]/usr/bin/git config --local --get-all includeif.gitdir:/github/workspace/.git.path
2026-10-07T16:08:28.7066285Z /github/runner_temp/git-credentials-d138a634-6e08-47b4-adcd-b8fbae87d3b2.config
2026-10-07T16:08:28.7084158Z [command]/usr/bin/git config --local --unset includeif.gitdir:/github/workspace/.git.path /github/runner_temp/git-credentials-d138a634-6e08-47b4-adcd-b8fbae87d3b2.config
2026-10-07T16:08:28.7136962Z [command]/usr/bin/git config --local --get-all includeif.gitdir:/github/workspace/.git/worktrees/*.path
2026-10-07T16:08:28.7169777Z /github/runner_temp/git-credentials-d138a634-6e08-47b4-adcd-b8fbae87d3b2.config
2026-10-07T16:08:28.7181504Z [command]/usr/bin/git config --local --unset includeif.gitdir:/github/workspace/.git/worktrees/*.path /github/runner_temp/git-credentials-d138a634-6e08-47b4-adcd-b8fbae87d3b2.config
2026-10-07T16:08:28.7234790Z [command]/usr/bin/git submodule foreach --recursive git config --local --show-origin --name-only --get-regexp remote.origin.url
2026-10-07T16:08:28.7541141Z Removing credentials config '/__w/_temp/git-credentials-d138a634-6e08-47b4-adcd-b8fbae87d3b2.config'
2026-10-07T16:08:28.7707705Z Stop and remove container: f00bdbf9b5de40e6a2e0b5348e0ed1ea_swift62_c65235
2026-10-07T16:08:28.7712935Z ##[command]/usr/bin/docker rm --force dde7c0755823d7e05195b302f209c7ab245516add05d04aa3f2f83ea4ec38a86
2026-10-07T16:08:28.9705441Z dde7c0755823d7e05195b302f209c7ab245516add05d04aa3f2f83ea4ec38a86
2026-10-07T16:08:28.9745118Z Remove container network: github_network_2f17ba99d9844e50bb20ddeaaf547465
2026-10-07T16:08:28.9749700Z ##[command]/usr/bin/docker network rm github_network_2f17ba99d9844e50bb20ddeaaf547465
2026-10-07T16:08:29.0844794Z github_network_2f17ba99d9844e50bb20ddeaaf547465
2026-10-07T16:08:29.0915994Z Cleaning up orphan processes
