Fetching https://github.com/apple/swift-numerics.git from cache
Fetching https://github.com/modelcontextprotocol/swift-sdk.git from cache
Fetching https://github.com/apple/swift-crypto.git from cache
Fetching https://github.com/apple/swift-nio-extras.git from cache
Fetching https://github.com/apple/swift-nio-http2.git from cache
Fetching https://github.com/grpc/grpc-swift.git from cache
Fetching https://github.com/apple/swift-atomics.git from cache
Fetched https://github.com/modelcontextprotocol/swift-sdk.git from cache (0.04s)
Fetched https://github.com/apple/swift-atomics.git from cache (0.05s)
Fetched https://github.com/grpc/grpc-swift.git from cache (0.05s)
Fetched https://github.com/apple/swift-nio-extras.git from cache (0.05s)
Fetched https://github.com/apple/swift-nio-http2.git from cache (0.06s)
Fetching https://github.com/apple/swift-asn1.git from cache
Fetching https://github.com/apple/swift-certificates.git from cache
Fetching https://github.com/apple/swift-nio.git from cache
Fetching https://github.com/apple/swift-algorithms.git from cache
Fetched https://github.com/apple/swift-crypto.git from cache (0.08s)
Fetching https://github.com/apple/swift-log.git from cache
Fetching https://github.com/apple/swift-async-algorithms.git from cache
Fetched https://github.com/apple/swift-algorithms.git from cache (0.05s)
Fetched https://github.com/apple/swift-certificates.git from cache (0.06s)
Fetched https://github.com/apple/swift-numerics.git from cache (0.12s)
Fetched https://github.com/apple/swift-asn1.git from cache (0.06s)
Fetching https://github.com/apple/swift-collections.git from cache
Fetching https://github.com/apple/swift-http-structured-headers.git from cache
Fetching https://github.com/apple/swift-nio-transport-services.git from cache
Fetching https://github.com/apple/swift-nio-ssl.git from cache
Fetched https://github.com/apple/swift-async-algorithms.git from cache (0.05s)
Fetched https://github.com/apple/swift-log.git from cache (0.08s)
Fetching https://github.com/swift-server/swift-service-lifecycle.git from cache
Fetched https://github.com/apple/swift-nio-transport-services.git from cache (0.03s)
Fetching https://github.com/apple/swift-protobuf.git from cache
Fetched https://github.com/apple/swift-http-structured-headers.git from cache (0.04s)
Fetched https://github.com/apple/swift-collections.git from cache (0.05s)
Fetched https://github.com/apple/swift-nio-ssl.git from cache (0.04s)
Fetching https://github.com/apple/swift-http-types.git from cache
Fetching https://github.com/mattt/eventsource.git from cache
Fetching https://github.com/apple/swift-system.git from cache
Fetched https://github.com/swift-server/swift-service-lifecycle.git from cache (0.05s)
Fetched https://github.com/apple/swift-http-types.git from cache (0.03s)
Fetched https://github.com/mattt/eventsource.git from cache (0.03s)
Fetched https://github.com/apple/swift-nio.git from cache (0.17s)
Fetched https://github.com/apple/swift-protobuf.git from cache (0.06s)
Fetched https://github.com/apple/swift-system.git from cache (0.09s)
Creating working copy for https://github.com/apple/swift-nio-extras.git
Creating working copy for https://github.com/apple/swift-numerics.git
Creating working copy for https://github.com/apple/swift-log.git
Creating working copy for https://github.com/grpc/grpc-swift.git
Creating working copy for https://github.com/apple/swift-nio-http2.git
Creating working copy for https://github.com/modelcontextprotocol/swift-sdk.git
Creating working copy for https://github.com/apple/swift-certificates.git
Creating working copy for https://github.com/apple/swift-async-algorithms.git
Working copy of https://github.com/modelcontextprotocol/swift-sdk.git resolved at 0.12.1
Creating working copy for https://github.com/apple/swift-algorithms.git
Working copy of https://github.com/apple/swift-numerics.git resolved at 1.1.1
Creating working copy for https://github.com/apple/swift-asn1.git
Working copy of https://github.com/apple/swift-log.git resolved at 1.15.1
Creating working copy for https://github.com/apple/swift-nio.git
Working copy of https://github.com/apple/swift-nio-extras.git resolved at 1.35.1
Creating working copy for https://github.com/apple/swift-collections.git
Creating working copy for https://github.com/swift-server/swift-service-lifecycle.git
Working copy of https://github.com/apple/swift-async-algorithms.git resolved at 1.1.7
Creating working copy for https://github.com/apple/swift-http-structured-headers.git
Working copy of https://github.com/apple/swift-certificates.git resolved at 1.21.0
Working copy of https://github.com/apple/swift-algorithms.git resolved at 1.2.1
Creating working copy for https://github.com/apple/swift-protobuf.git
Creating working copy for https://github.com/apple/swift-crypto.git
Working copy of https://github.com/apple/swift-asn1.git resolved at 1.7.3
Creating working copy for https://github.com/mattt/eventsource.git
Working copy of https://github.com/swift-server/swift-service-lifecycle.git resolved at 2.12.1
Creating working copy for https://github.com/apple/swift-nio-ssl.git
Creating working copy for https://github.com/apple/swift-system.git
Working copy of https://github.com/apple/swift-http-structured-headers.git resolved at 1.7.0
Creating working copy for https://github.com/apple/swift-http-types.git
Working copy of https://github.com/apple/swift-nio-http2.git resolved at 1.46.0
Creating working copy for https://github.com/apple/swift-atomics.git
Working copy of https://github.com/apple/swift-system.git resolved at 1.8.1
Creating working copy for https://github.com/apple/swift-nio-transport-services.git
Working copy of https://github.com/apple/swift-atomics.git resolved at 1.3.1
Working copy of https://github.com/grpc/grpc-swift.git resolved at 1.26.2
Working copy of https://github.com/apple/swift-nio-transport-services.git resolved at 1.28.0
Working copy of https://github.com/apple/swift-nio.git resolved at 2.103.0
Working copy of https://github.com/apple/swift-collections.git resolved at 1.7.1
Working copy of https://github.com/apple/swift-http-types.git resolved at 1.8.0
Working copy of https://github.com/mattt/eventsource.git resolved at 1.5.1
Working copy of https://github.com/apple/swift-crypto.git resolved at 5.0.0
Working copy of https://github.com/apple/swift-nio-ssl.git resolved at 2.37.5
Working copy of https://github.com/apple/swift-protobuf.git resolved at 1.38.1
warning: 'rightclick-nested': found 2 file(s) which are unhandled; explicitly declare them as resources or exclude from the target
    /Users/ross/Documents/Codex/2026-10-08/files-pasted-by-the-user-you/work/rightclick-nested/Tests/RightClickCoreTests/Fixtures/MOAT005G3IssuesCreateRequest.json
    /Users/ross/Documents/Codex/2026-10-08/files-pasted-by-the-user-you/work/rightclick-nested/Tests/RightClickCoreTests/Fixtures/MOAT005G4IssuesCreateRealResponse.json
[1/1] Compiling plugin SwiftProtobufPlugin
[2/2] Compiling plugin GRPCSwiftPlugin
Building for debugging...
[2/481] /Users/ross/Documents/Codex/2026-10-08/files-pasted-by-the-user-you/work/rightclick-nested/.build/arm64-apple-macosx/debug/rightclick-mcpPackageTests.derived/runner.swift
[3/481] Write sources
[8/481] Copying PrivacyInfo.xcprivacy
[8/481] Write sources
[10/481] Copying PrivacyInfo.xcprivacy
[11/481] Write sources
[14/481] Write rightclick-ard-probe-entitlement.plist
[15/481] Write sources
[15/481] Write rightclick-marker-entitlement.plist
[15/481] Write rightclick-probe-entitlement.plist
[15/481] Write rightclick-entitlement.plist
[19/481] Write sources
[20/481] Copying PrivacyInfo.xcprivacy
[22/481] Write sources
[47/481] Compiling CNIOWASI CNIOWASI.c
[48/481] Compiling CNIOWindows shim.c
[48/481] Compiling CNIOWindows WSAStartup.c
[50/481] Compiling CNIOLinux shim.c
[51/481] Compiling CNIOOpenBSD shim.c
[52/481] Write swift-version--58304C5D6DBC2206.txt
[53/481] Compiling CNIOLinux liburing_shims.c
[54/481] Compiling CNIOFreeBSD shim.c
[55/481] Compiling CSystem shims.c
[56/487] Compiling _AtomicsShims.c
[57/487] Compiling CNIOPosix event_loop_id.c
[58/539] Compiling CNIOLLHTTP c_nio_api.c
[59/563] Compiling CNIOLLHTTP c_nio_http.c
[61/623] Emitting module _NIOBase64
[61/623] Compiling CNIODarwin shim.c
[62/623] Compiling CNIOLLHTTP c_nio_llhttp.c
[64/656] Compiling InternalCollectionsUtilities TemporaryAllocation.swift
[65/656] Compiling InternalCollectionsUtilities _UnsafeBitSet+Index.swift
[66/656] Compiling InternalCollectionsUtilities _UnsafeBitSet+_Word.swift
[67/659] Compiling _NIOBase64 Base64.swift
[68/659] Compiling InternalCollectionsUtilities BorrowingIteratorProtocol+Equality.swift
[69/659] Compiling InternalCollectionsUtilities BorrowingIteratorProtocol+Extras.swift
[70/659] Compiling InternalCollectionsUtilities Debugging.swift
[71/659] Compiling InternalCollectionsUtilities UnsafeRawBufferPointer+Extras.swift
[72/659] Compiling InternalCollectionsUtilities _SortedCollection.swift
[73/659] Compiling InternalCollectionsUtilities _UniqueCollection.swift
[74/659] Compiling Logging LoggingSystem.swift
[75/660] Compiling InternalCollectionsUtilities UnsafeMutablePointer+Extras.swift
[76/660] Compiling InternalCollectionsUtilities UnsafeMutableRawBufferPointer+Extras.swift
[77/660] Compiling InternalCollectionsUtilities UnsafePointer+Extras.swift
[78/660] Compiling SystemPackage PlatformString.swift
[79/660] Compiling SystemPackage SystemString.swift
[80/660] Compiling SystemPackage Util+StringArray.swift
[81/663] Compiling InternalCollectionsUtilities _UnsafeBitSet.swift
[82/663] Compiling InternalCollectionsUtilities UnsafeBufferPointer+Extras.swift
[83/663] Compiling InternalCollectionsUtilities UnsafeMutableBufferPointer+Extras.swift
[84/663] Compiling InternalCollectionsUtilities Span+Extras.swift
[85/663] Compiling InternalCollectionsUtilities Strideable+LimitHelpers.swift
[86/663] Compiling InternalCollectionsUtilities String+Padding.swift
[87/663] Compiling InternalCollectionsUtilities Iterable+Equality.swift
[88/663] Compiling InternalCollectionsUtilities LifetimeOverride.swift
[89/663] Compiling InternalCollectionsUtilities MutableRef.swift
[90/663] Compiling InternalCollectionsUtilities UInt+first and last set bit.swift
[91/663] Compiling InternalCollectionsUtilities UInt+reversed.swift
[92/663] Compiling InternalCollectionsUtilities Iterable+CopyContents.swift
[94/663] Compiling InternalCollectionsUtilities Descriptions.swift
[95/663] Compiling InternalCollectionsUtilities FixedWidthInteger+roundUpToPowerOfTwo.swift
[96/663] Compiling InternalCollectionsUtilities Integer rank.swift
[101/663] Compiling Logging Logger.swift
[102/663] Compiling Logging Logger+With.swift
[103/663] Compiling Logging MetadataProvider.swift
[104/663] Compiling InternalCollectionsUtilities MutableSpan+Extras.swift
[105/663] Compiling InternalCollectionsUtilities OutputSpan+Extras.swift
[106/663] Compiling InternalCollectionsUtilities RandomAccessCollection+Offsets.swift
[107/663] Compiling Logging LogHandler.swift
[108/663] Compiling Logging Logger+Attributes.swift
[109/663] Compiling Logging LogEvent.swift
[127/663] Compiling Logging SwiftLogNoOpLogHandler.swift
[128/663] Compiling Logging Locks.swift
[129/663] Emitting module Logging
[133/663] Emitting module InternalCollectionsUtilities
[134/663] Compiling _NIODataStructures PriorityQueue.swift
[135/663] Emitting module _NIODataStructures
[136/663] Compiling _NIODataStructures Heap.swift
[137/663] Compiling _NIODataStructures _TinyArray.swift
[137/663] Compiling fiat_p256_adx_sqr.S
[138/663] Compiling fiat_p256_adx_mul.S
[138/663] Compiling fiat_curve25519_adx_square.S
[143/663] Compiling fiat_curve25519_adx_mul.S
[144/667] Compiling RightClickProbePrivate RCPrivateExtensionProbe.m
[145/667] Compiling CNIOBoringSSLShims shims.c
[147/667] Compiling SpanPreview OutputSpan+InputSpanHelpers.swift
[148/667] Emitting module SpanPreview
[149/667] Compiling SpanPreview MutableSpan+InputSpanHelpers.swift
[150/667] Compiling SpanPreview InputSpan.swift
[151/667] Emitting module SystemPackage
[152/667] Compiling SystemPackage Util.swift
[153/667] Compiling SystemPackage UtilConsumers.swift
[154/667] Compiling SystemPackage WinSDK+Overlay.swift
[154/669] Compiling tls_record.cc
[155/669] Compiling tls_method.cc
[156/669] Compiling tls13_enc.cc
[157/669] Compiling tls13_server.cc
[159/712] Compiling DequeModule UniqueDeque+Iterable.swift
[160/712] Compiling DequeModule UniqueDeque+Prepend.swift
[161/712] Compiling DequeModule UniqueDeque+Removals.swift
[162/712] Compiling DequeModule UniqueDeque+Replacements.swift
[163/716] Compiling DequeModule RigidDeque+Hashable.swift
[164/716] Compiling DequeModule RigidDeque+Initializers.swift
[165/716] Compiling DequeModule RigidDeque+Insertions.swift
[166/716] Compiling DequeModule RigidDeque+Iterable.swift
[167/716] Compiling DequeModule RigidDeque+Prepend.swift
[168/716] Compiling DequeModule UniqueDeque+Equatable.swift
[169/716] Compiling DequeModule UniqueDeque+Hashable.swift
[170/716] Compiling DequeModule UniqueDeque+Initializers.swift
[171/716] Compiling DequeModule UniqueDeque+Insertions.swift
[172/716] Compiling DequeModule RigidDeque+Removals.swift
[173/716] Compiling DequeModule RigidDeque+Replacements.swift
[174/716] Compiling DequeModule RigidDeque+Testing.swift
[175/716] Compiling DequeModule RigidDeque.swift
[176/716] Compiling DequeModule UniqueDeque+Append.swift
[177/716] Emitting module EventSource
[178/716] Compiling EventSource AsyncEventsSequence.swift
[179/716] Compiling DequeModule Deque+ExpressibleByArrayLiteral.swift
[180/716] Compiling DequeModule Deque+Extras.swift
[181/716] Compiling DequeModule Deque+Hashable.swift
[182/716] Compiling DequeModule Deque+Testing.swift
[183/716] Compiling DequeModule Deque._Storage.swift
[184/716] Compiling DequeModule UniqueDeque+Consumption.swift
[185/716] Compiling DequeModule UniqueDeque+ContainerOperations.swift
[186/716] Compiling DequeModule UniqueDeque+Deprecations.swift
[187/716] Compiling DequeModule UniqueDeque+Descriptions.swift
[188/716] Compiling DequeModule Deque+Codable.swift
[189/716] Compiling DequeModule Deque+Collection.swift
[190/716] Compiling DequeModule Deque+CustomReflectable.swift
[191/716] Compiling DequeModule Deque+Descriptions.swift
[192/716] Compiling DequeModule Deque+Equatable.swift
[193/716] Compiling DequeModule RigidDeque+Consumption.swift
[194/716] Compiling DequeModule RigidDeque+ContainerOperations.swift
[195/716] Compiling DequeModule RigidDeque+Deprecations.swift
[196/716] Compiling DequeModule RigidDeque+Descriptions.swift
[197/716] Compiling DequeModule RigidDeque+Equatable.swift
[198/716] Compiling DequeModule Deque._UnsafeHandle.swift
[199/716] Compiling DequeModule Deque.swift
[200/716] Compiling DequeModule _DequeBuffer.swift
[201/716] Compiling DequeModule _DequeBufferHeader.swift
[202/716] Compiling DequeModule RigidDeque+Append.swift
[202/716] Compiling t1_enc.cc
[203/716] Compiling tls13_both.cc
[204/716] Compiling tls13_client.cc
[210/716] Compiling RightClickARD ARD.swift
[211/716] Emitting module RightClickARD
[220/725] Compiling ssl_versions.cc
[222/727] Compiling SwiftProtobuf Message+JSONAdditions.swift
[223/727] Compiling SwiftProtobuf Message+JSONAdditions_Data.swift
[224/727] Compiling SwiftProtobuf Message+JSONArrayAdditions.swift
[225/727] Compiling SwiftProtobuf Message+JSONArrayAdditions_Data.swift
[226/727] Compiling SwiftProtobuf Message+TextFormatAdditions.swift
[227/727] Compiling SwiftProtobuf Message.swift
[228/727] Compiling SwiftProtobuf MessageExtension.swift
[229/727] Compiling SwiftProtobuf NameMap.swift
[230/727] Compiling SwiftProtobuf PathDecoder.swift
[230/727] Compiling ssl_x509.cc
[232/727] Emitting module SwiftProtobuf
[232/727] Compiling ssl_transcript.cc
[233/729] Compiling ssl_stat.cc
[245/729] Emitting module RightClickARDProbe
[246/729] Compiling RightClickARDProbe main.swift
[246/729] Compiling ssl_session.cc
[247/729] Write Objects.LinkFileList
[249/729] Compiling DequeModule UniqueDeque.swift
[250/729] Compiling DequeModule _DequeSlot.swift
[251/729] Compiling DequeModule _UnsafeDequeHandle.swift
[252/729] Compiling DequeModule _UnsafeDequeSegments.swift
[253/729] Emitting module DequeModule
[254/729] Compiling EventSource EventSource+AsyncHTTPClient.swift
[255/729] Compiling EventSource EventSource.swift
[256/729] Compiling EventSource AsyncSequence+Events.swift
[256/729] Linking rightclick-ard-probe
[257/773] Compiling ssl_privkey.cc
[258/773] Applying rightclick-ard-probe
[260/773] Compiling SwiftProtobuf ExtensionFields.swift
[261/773] Compiling SwiftProtobuf ExtensionMap.swift
[262/773] Compiling SwiftProtobuf FieldTag.swift
[263/773] Compiling SwiftProtobuf FieldTypes.swift
[264/773] Compiling SwiftProtobuf Google_Protobuf_Any+Extensions.swift
[265/773] Compiling SwiftProtobuf Google_Protobuf_Any+Registry.swift
[266/773] Compiling SwiftProtobuf Google_Protobuf_Duration+Extensions.swift
[267/773] Compiling SwiftProtobuf Google_Protobuf_FieldMask+Extensions.swift
[268/773] Compiling SwiftProtobuf Google_Protobuf_ListValue+Extensions.swift
[269/773] Compiling SwiftProtobuf Google_Protobuf_NullValue+Extensions.swift
[270/773] Compiling SwiftProtobuf Google_Protobuf_Struct+Extensions.swift
[271/773] Compiling SwiftProtobuf Google_Protobuf_Timestamp+Extensions.swift
[272/773] Compiling SwiftProtobuf Google_Protobuf_Value+Extensions.swift
[273/773] Compiling SwiftProtobuf Google_Protobuf_Wrappers+Extensions.swift
[274/773] Compiling SwiftProtobuf HashVisitor.swift
[275/773] Compiling SwiftProtobuf Internal.swift
[276/773] Compiling SwiftProtobuf JSONDecoder.swift
[277/773] Compiling SwiftProtobuf JSONDecodingError.swift
[278/773] Compiling SwiftProtobuf JSONDecodingOptions.swift
[279/773] Compiling SwiftProtobuf JSONEncoder.swift
[280/773] Compiling MCP OAuthDiscovery.swift
[281/773] Compiling MCP OAuthDiscoveryClient.swift
[282/773] Compiling MCP OAuthErrors.swift
[283/773] Compiling MCP OAuthModels.swift
[284/773] Compiling MCP OAuthTokenEndpointClient.swift
[285/773] Compiling MCP Transport.swift
[286/773] Compiling MCP HTTPClientTransport.swift
[287/773] Compiling MCP HTTPRequestValidation.swift
[288/773] Compiling MCP HTTPServerTypes.swift
[289/773] Compiling MCP StatefulHTTPServerTransport.swift
[289/773] Compiling ssl_key_share.cc
[290/773] Compiling ssl_file.cc
[291/773] Compiling ssl_lib.cc
[292/773] Compiling ssl_credential.cc
[294/773] Compiling SwiftProtobuf duration.pb.swift
[295/773] Compiling SwiftProtobuf empty.pb.swift
[296/773] Compiling SwiftProtobuf field_mask.pb.swift
[297/773] Compiling SwiftProtobuf source_context.pb.swift
[298/773] Compiling SwiftProtobuf struct.pb.swift
[299/773] Compiling SwiftProtobuf timestamp.pb.swift
[300/773] Compiling SwiftProtobuf type.pb.swift
[301/773] Compiling SwiftProtobuf wrappers.pb.swift
[302/773] Compiling SwiftProtobuf resource_bundle_accessor.swift
[302/773] Compiling ssl_cipher.cc
[303/773] Compiling ssl_cert.cc
[304/773] Compiling ssl_buffer.cc
[306/773] Emitting module RightClickMarker
[307/773] Compiling RightClickMarker main.swift
[308/773] Compiling MCP UnitInterval.swift
[309/773] Compiling MCP Sampling.swift
[310/773] Compiling MCP Data+Extensions.swift
[311/773] Compiling MCP Completion.swift
[312/773] Compiling MCP Logging.swift
[316/773] Compiling SwiftProtobuf UnknownStorage.swift
[316/773] Compiling ssl_asn1.cc
[317/773] Write Objects.LinkFileList
[318/773] Compiling ssl_aead_ctx.cc
[319/773] Compiling s3_pkt.cc
[320/773] Linking rightclick-marker
[321/773] Compiling s3_lib.cc
[322/773] Applying rightclick-marker
[323/773] Compiling s3_both.cc
[324/773] Compiling handshake_server.cc
[325/773] Compiling handshake_client.cc
[326/773] Compiling handshake.cc
[327/773] Compiling handoff.cc
[328/773] Compiling encrypted_client_hello.cc
[329/773] Compiling extensions.cc
[330/773] Compiling dtls_method.cc
[332/773] Compiling MCP Error.swift
[333/773] Compiling MCP Versioning.swift
[334/773] Compiling MCP Client.swift
[335/773] Compiling MCP Elicitation.swift
[336/773] Compiling MCP Roots.swift
[337/773] Compiling MCP StatelessHTTPServerTransport.swift
[338/773] Compiling MCP InMemoryTransport.swift
[339/773] Compiling MCP NetworkTransport.swift
[340/773] Compiling MCP StdioTransport.swift
[341/773] Compiling SwiftProtobuf BinaryEncodingSizeVisitor.swift
[342/773] Compiling SwiftProtobuf BinaryEncodingVisitor.swift
[343/773] Compiling SwiftProtobuf BytecodeInterpreter.swift
[344/773] Compiling SwiftProtobuf BytecodeReader.swift
[345/773] Compiling SwiftProtobuf CustomJSONCodable.swift
[346/773] Compiling SwiftProtobuf Decoder.swift
[347/773] Compiling SwiftProtobuf DoubleParser.swift
[348/773] Compiling SwiftProtobuf Enum.swift
[349/773] Compiling SwiftProtobuf ExtensibleMessage.swift
[350/773] Compiling SwiftProtobuf ExtensionFieldValueSet.swift
[350/773] Compiling d1_srtp.cc
[351/773] Compiling md5-x86_64-linux.S
[352/773] Compiling dtls_record.cc
[353/773] Compiling md5-x86_64-apple.S
[354/773] Compiling md5-586-apple.S
[355/773] Compiling md5-586-linux.S
[356/773] Compiling chacha20_poly1305_x86_64-apple.S
[357/773] Compiling chacha20_poly1305_x86_64-linux.S
[358/773] Compiling chacha20_poly1305_armv8-win.S
[359/773] Compiling chacha20_poly1305_armv8-linux.S
[360/773] Compiling chacha-x86_64-linux.S
[361/773] Compiling chacha20_poly1305_armv8-apple.S
[362/773] Compiling chacha-x86_64-apple.S
[363/773] Compiling chacha-x86-linux.S
[364/773] Compiling chacha-x86-apple.S
[365/773] Compiling chacha-armv8-win.S
[366/773] Compiling chacha-armv8-linux.S
[367/773] Compiling chacha-armv4-linux.S
[368/773] Compiling chacha-armv8-apple.S
[369/773] Compiling d1_pkt.cc
[370/773] Compiling aes128gcmsiv-x86_64-linux.S
[371/773] Compiling aes128gcmsiv-x86_64-apple.S
[372/773] Compiling x86_64-mont5-linux.S
[373/773] Compiling x86_64-mont5-apple.S
[374/773] Compiling x86_64-mont-linux.S
[375/773] Compiling x86_64-mont-apple.S
[376/773] Compiling x86-mont-apple.S
[377/773] Compiling x86-mont-linux.S
[378/773] Compiling vpaes-x86_64-linux.S
[379/773] Compiling vpaes-x86_64-apple.S
[380/773] Compiling vpaes-x86-linux.S
[381/773] Compiling err_data.cc
[382/773] Compiling vpaes-x86-apple.S
[383/773] Compiling vpaes-armv8-win.S
[384/773] Compiling vpaes-armv8-linux.S
[385/773] Compiling vpaes-armv8-apple.S
[386/773] Compiling vpaes-armv7-linux.S
[387/773] Compiling sha512-x86_64-linux.S
[388/773] Compiling sha512-x86_64-apple.S
[389/773] Compiling sha512-armv8-linux.S
[390/773] Compiling sha512-armv8-win.S
[391/773] Compiling sha512-armv4-linux.S
[392/773] Compiling sha512-armv8-apple.S
[393/773] Compiling sha512-586-linux.S
[394/773] Compiling sha512-586-apple.S
[395/773] Compiling sha256-x86_64-linux.S
[396/773] Compiling sha256-x86_64-apple.S
[397/773] Compiling sha256-armv8-win.S
[398/773] Compiling sha256-armv8-linux.S
[399/773] Compiling sha256-armv4-linux.S
[400/773] Compiling sha256-armv8-apple.S
[401/773] Compiling sha256-586-linux.S
[402/773] Compiling sha256-586-apple.S
[403/773] Compiling sha1-x86_64-linux.S
[404/773] Compiling sha1-x86_64-apple.S
[405/773] Compiling sha1-armv8-win.S
[406/773] Compiling sha1-armv8-linux.S
[407/773] Compiling sha1-586-linux.S
[408/773] Compiling sha1-armv4-large-linux.S
[409/773] Compiling sha1-armv8-apple.S
[410/773] Compiling sha1-586-apple.S
[411/773] Compiling rsaz-avx2-linux.S
[412/773] Compiling rsaz-avx2-apple.S
[413/773] Compiling rdrand-x86_64-linux.S
[414/773] Compiling rdrand-x86_64-apple.S
[415/773] Compiling p256_beeu-x86_64-asm-linux.S
[416/773] Compiling p256_beeu-x86_64-asm-apple.S
[417/773] Compiling p256_beeu-armv8-asm-win.S
[418/773] Compiling p256_beeu-armv8-asm-linux.S
[419/773] Compiling p256_beeu-armv8-asm-apple.S
[420/773] Compiling p256-x86_64-asm-linux.S
[420/773] Compiling p256-armv8-asm-win.S
[420/773] Compiling bio_ssl.cc
[423/773] Compiling p256-x86_64-asm-apple.S
[424/773] Compiling p256-armv8-asm-linux.S
[425/773] Compiling ghashv8-armv8-win.S
[426/773] Compiling ghashv8-armv8-apple.S
[426/773] Compiling ghashv8-armv8-linux.S
[428/773] Compiling p256-armv8-asm-apple.S
[429/773] Compiling ghashv8-armv7-linux.S
[430/773] Compiling ghash-x86_64-linux.S
[431/773] Compiling ghash-x86-linux.S
[432/773] Compiling ghash-x86_64-apple.S
[433/773] Compiling ghash-x86-apple.S
[434/773] Compiling ghash-ssse3-x86_64-linux.S
[435/773] Compiling ghash-ssse3-x86_64-apple.S
[436/773] Compiling ghash-ssse3-x86-linux.S
[437/773] Compiling ghash-ssse3-x86-apple.S
[438/773] Compiling ghash-neon-armv8-win.S
[439/773] Compiling ghash-armv4-linux.S
[440/773] Compiling ghash-neon-armv8-linux.S
[441/773] Compiling ghash-neon-armv8-apple.S
[442/773] Compiling co-586-linux.S
[443/773] Compiling co-586-apple.S
[444/773] Compiling bsaes-armv7-linux.S
[445/773] Compiling bn-armv8-linux.S
[446/773] Compiling bn-armv8-apple.S
[447/773] Compiling bn-armv8-win.S
[448/773] Compiling bn-586-linux.S
[449/773] Compiling bn-586-apple.S
[450/773] Compiling armv8-mont-win.S
[451/773] Compiling armv8-mont-linux.S
[452/773] Compiling armv4-mont-linux.S
[453/773] Compiling armv8-mont-apple.S
[454/773] Compiling aesv8-gcm-armv8-win.S
[455/773] Compiling aesv8-gcm-armv8-linux.S
[456/773] Compiling aesv8-gcm-armv8-apple.S
[457/773] Compiling aesv8-armv8-win.S
[458/773] Compiling aesv8-armv8-linux.S
[459/773] Compiling aesv8-armv7-linux.S
[460/773] Compiling aesv8-armv8-apple.S
[461/773] Compiling aesni-x86_64-linux.S
[462/773] Compiling aesni-x86-linux.S
[463/773] Compiling aesni-x86_64-apple.S
[464/773] Compiling aesni-x86-apple.S
[465/773] Compiling aesni-gcm-x86_64-linux.S
[466/773] Compiling aesni-gcm-x86_64-apple.S
[467/773] Compiling aes-gcm-avx2-x86_64-linux.S
[468/773] Compiling aes-gcm-avx2-x86_64-apple.S
[469/773] Compiling d1_lib.cc
[470/773] Compiling aes-gcm-avx10-x86_64-linux.S
[471/773] Compiling aes-gcm-avx10-x86_64-apple.S
[473/773] Compiling MCP ID.swift
[474/773] Compiling MCP Icon.swift
[475/773] Compiling MCP Lifecycle.swift
[476/773] Compiling MCP Messages.swift
[477/773] Compiling MCP PendingRequest.swift
[478/773] Compiling MCP Cancellation.swift
[479/773] Compiling MCP Ping.swift
[480/773] Compiling MCP Progress.swift
[481/773] Compiling MCP RequestContext.swift
[482/773] Compiling MCP Value.swift
[483/773] Compiling MCP OAuthAuthorizationCodeFlow.swift
[484/773] Compiling MCP OAuthAuthorizer.swift
[485/773] Compiling MCP OAuthClientRegistrar.swift
[486/773] Compiling MCP OAuthConfiguration.swift
[487/773] Compiling MCP OAuthConstants.swift
[488/773] Compiling MCP OAuthURLValidator.swift
[489/773] Compiling MCP OAuthWWWAuthenticateParser.swift
[490/773] Compiling MCP PKCE.swift
[491/773] Compiling MCP TokenStorage.swift
[492/777] Compiling d1_both.cc
[503/777] Compiling x_sig.cc
[504/777] Compiling x_val.cc
[505/777] Compiling x_x509.cc
[506/777] Compiling x_x509a.cc
[507/777] Compiling x_spki.cc
[508/777] Compiling x_req.cc
[509/777] Compiling x_pubkey.cc
[511/777] Compiling RightClickARDTests ARDPortableTests.swift
[512/777] Emitting module RightClickARDTests
[513/777] Emitting module MCP
[514/777] Compiling RightClickProbe main.swift
/Users/ross/Documents/Codex/2026-10-08/files-pasted-by-the-user-you/work/rightclick-nested/Sources/RightClickProbe/main.swift:231:27: warning: 'postOnFacebook' was deprecated in macOS 10.14: This service is no longer included with the system. [#DeprecatedDeclaration]
 229 |     KnownShareName(name: .useAsDesktopPicture, status: "PUBLIC_SUPPORTED"),
 230 |     KnownShareName(name: .cloudSharing, status: "PUBLIC_SUPPORTED"),
 231 |     KnownShareName(name: .postOnFacebook, status: "PUBLIC_DEPRECATED"),
     |                           `- warning: 'postOnFacebook' was deprecated in macOS 10.14: This service is no longer included with the system. [#DeprecatedDeclaration]
 232 |     KnownShareName(name: .postOnTwitter, status: "PUBLIC_DEPRECATED"),
 233 |     KnownShareName(name: .postOnSinaWeibo, status: "PUBLIC_DEPRECATED"),

/Users/ross/Documents/Codex/2026-10-08/files-pasted-by-the-user-you/work/rightclick-nested/Sources/RightClickProbe/main.swift:232:27: warning: 'postOnTwitter' was deprecated in macOS 10.14: This service is no longer included with the system. [#DeprecatedDeclaration]
 230 |     KnownShareName(name: .cloudSharing, status: "PUBLIC_SUPPORTED"),
 231 |     KnownShareName(name: .postOnFacebook, status: "PUBLIC_DEPRECATED"),
 232 |     KnownShareName(name: .postOnTwitter, status: "PUBLIC_DEPRECATED"),
     |                           `- warning: 'postOnTwitter' was deprecated in macOS 10.14: This service is no longer included with the system. [#DeprecatedDeclaration]
 233 |     KnownShareName(name: .postOnSinaWeibo, status: "PUBLIC_DEPRECATED"),
 234 |     KnownShareName(name: .postOnTencentWeibo, status: "PUBLIC_DEPRECATED"),

/Users/ross/Documents/Codex/2026-10-08/files-pasted-by-the-user-you/work/rightclick-nested/Sources/RightClickProbe/main.swift:233:27: warning: 'postOnSinaWeibo' was deprecated in macOS 10.14: This service is no longer included with the system. [#DeprecatedDeclaration]
 231 |     KnownShareName(name: .postOnFacebook, status: "PUBLIC_DEPRECATED"),
 232 |     KnownShareName(name: .postOnTwitter, status: "PUBLIC_DEPRECATED"),
 233 |     KnownShareName(name: .postOnSinaWeibo, status: "PUBLIC_DEPRECATED"),
     |                           `- warning: 'postOnSinaWeibo' was deprecated in macOS 10.14: This service is no longer included with the system. [#DeprecatedDeclaration]
 234 |     KnownShareName(name: .postOnTencentWeibo, status: "PUBLIC_DEPRECATED"),
 235 |     KnownShareName(name: .postOnLinkedIn, status: "PUBLIC_DEPRECATED"),

/Users/ross/Documents/Codex/2026-10-08/files-pasted-by-the-user-you/work/rightclick-nested/Sources/RightClickProbe/main.swift:234:27: warning: 'postOnTencentWeibo' was deprecated in macOS 10.14: This service is no longer included with the system. [#DeprecatedDeclaration]
 232 |     KnownShareName(name: .postOnTwitter, status: "PUBLIC_DEPRECATED"),
 233 |     KnownShareName(name: .postOnSinaWeibo, status: "PUBLIC_DEPRECATED"),
 234 |     KnownShareName(name: .postOnTencentWeibo, status: "PUBLIC_DEPRECATED"),
     |                           `- warning: 'postOnTencentWeibo' was deprecated in macOS 10.14: This service is no longer included with the system. [#DeprecatedDeclaration]
 235 |     KnownShareName(name: .postOnLinkedIn, status: "PUBLIC_DEPRECATED"),
 236 |     KnownShareName(name: .postImageOnFlickr, status: "PUBLIC_DEPRECATED"),

/Users/ross/Documents/Codex/2026-10-08/files-pasted-by-the-user-you/work/rightclick-nested/Sources/RightClickProbe/main.swift:235:27: warning: 'postOnLinkedIn' was deprecated in macOS 10.14: This service is no longer included with the system. [#DeprecatedDeclaration]
 233 |     KnownShareName(name: .postOnSinaWeibo, status: "PUBLIC_DEPRECATED"),
 234 |     KnownShareName(name: .postOnTencentWeibo, status: "PUBLIC_DEPRECATED"),
 235 |     KnownShareName(name: .postOnLinkedIn, status: "PUBLIC_DEPRECATED"),
     |                           `- warning: 'postOnLinkedIn' was deprecated in macOS 10.14: This service is no longer included with the system. [#DeprecatedDeclaration]
 236 |     KnownShareName(name: .postImageOnFlickr, status: "PUBLIC_DEPRECATED"),
 237 |     KnownShareName(name: .postVideoOnVimeo, status: "PUBLIC_DEPRECATED"),

/Users/ross/Documents/Codex/2026-10-08/files-pasted-by-the-user-you/work/rightclick-nested/Sources/RightClickProbe/main.swift:236:27: warning: 'postImageOnFlickr' was deprecated in macOS 10.14: This service is no longer included with the system. [#DeprecatedDeclaration]
 234 |     KnownShareName(name: .postOnTencentWeibo, status: "PUBLIC_DEPRECATED"),
 235 |     KnownShareName(name: .postOnLinkedIn, status: "PUBLIC_DEPRECATED"),
 236 |     KnownShareName(name: .postImageOnFlickr, status: "PUBLIC_DEPRECATED"),
     |                           `- warning: 'postImageOnFlickr' was deprecated in macOS 10.14: This service is no longer included with the system. [#DeprecatedDeclaration]
 237 |     KnownShareName(name: .postVideoOnVimeo, status: "PUBLIC_DEPRECATED"),
 238 |     KnownShareName(name: .postVideoOnYouku, status: "PUBLIC_DEPRECATED"),

/Users/ross/Documents/Codex/2026-10-08/files-pasted-by-the-user-you/work/rightclick-nested/Sources/RightClickProbe/main.swift:237:27: warning: 'postVideoOnVimeo' was deprecated in macOS 10.14: This service is no longer included with the system. [#DeprecatedDeclaration]
 235 |     KnownShareName(name: .postOnLinkedIn, status: "PUBLIC_DEPRECATED"),
 236 |     KnownShareName(name: .postImageOnFlickr, status: "PUBLIC_DEPRECATED"),
 237 |     KnownShareName(name: .postVideoOnVimeo, status: "PUBLIC_DEPRECATED"),
     |                           `- warning: 'postVideoOnVimeo' was deprecated in macOS 10.14: This service is no longer included with the system. [#DeprecatedDeclaration]
 238 |     KnownShareName(name: .postVideoOnYouku, status: "PUBLIC_DEPRECATED"),
 239 |     KnownShareName(name: .postVideoOnTudou, status: "PUBLIC_DEPRECATED"),

/Users/ross/Documents/Codex/2026-10-08/files-pasted-by-the-user-you/work/rightclick-nested/Sources/RightClickProbe/main.swift:238:27: warning: 'postVideoOnYouku' was deprecated in macOS 10.14: This service is no longer included with the system. [#DeprecatedDeclaration]
 236 |     KnownShareName(name: .postImageOnFlickr, status: "PUBLIC_DEPRECATED"),
 237 |     KnownShareName(name: .postVideoOnVimeo, status: "PUBLIC_DEPRECATED"),
 238 |     KnownShareName(name: .postVideoOnYouku, status: "PUBLIC_DEPRECATED"),
     |                           `- warning: 'postVideoOnYouku' was deprecated in macOS 10.14: This service is no longer included with the system. [#DeprecatedDeclaration]
 239 |     KnownShareName(name: .postVideoOnTudou, status: "PUBLIC_DEPRECATED"),
 240 | ]

/Users/ross/Documents/Codex/2026-10-08/files-pasted-by-the-user-you/work/rightclick-nested/Sources/RightClickProbe/main.swift:239:27: warning: 'postVideoOnTudou' was deprecated in macOS 10.14: This service is no longer included with the system. [#DeprecatedDeclaration]
 237 |     KnownShareName(name: .postVideoOnVimeo, status: "PUBLIC_DEPRECATED"),
 238 |     KnownShareName(name: .postVideoOnYouku, status: "PUBLIC_DEPRECATED"),
 239 |     KnownShareName(name: .postVideoOnTudou, status: "PUBLIC_DEPRECATED"),
     |                           `- warning: 'postVideoOnTudou' was deprecated in macOS 10.14: This service is no longer included with the system. [#DeprecatedDeclaration]
 240 | ]
 241 | 

/Users/ross/Documents/Codex/2026-10-08/files-pasted-by-the-user-you/work/rightclick-nested/Sources/RightClickProbe/main.swift:582:30: warning: 'sharingServices(forItems:)' was deprecated in macOS 13.0: Use -[NSSharingServicePicker standardShareMenuItem] instead. [#DeprecatedDeclaration]
 580 |         var errors: [String] = []
 581 |         let deprecated = safeShares {
 582 |             NSSharingService.sharingServices(forItems: items).map {
     |                              `- warning: 'sharingServices(forItems:)' was deprecated in macOS 13.0: Use -[NSSharingServicePicker standardShareMenuItem] instead. [#DeprecatedDeclaration]
 583 |                 record(for: $0, items: items, sourceAPI: "NSSharingService.sharingServices(forItems:) PUBLIC_DEPRECATED")
 584 |             }

/Users/ross/Documents/Codex/2026-10-08/files-pasted-by-the-user-you/work/rightclick-nested/Sources/RightClickProbe/main.swift:748:39: warning: 'sharingServices(forItems:)' was deprecated in macOS 13.0: Use -[NSSharingServicePicker standardShareMenuItem] instead. [#DeprecatedDeclaration]
 746 | func executeHarmlessShare(fixtures: FixtureSet) -> SharingExecution {
 747 |     let items: [Any] = [fixtures.webURL as NSURL]
 748 |     let discovered = NSSharingService.sharingServices(forItems: items)
     |                                       `- warning: 'sharingServices(forItems:)' was deprecated in macOS 13.0: Use -[NSSharingServicePicker standardShareMenuItem] instead. [#DeprecatedDeclaration]
 749 |     let titles = discovered.map(\.title)
 750 |     let readingListName = NSSharingService.Name.addToSafariReadingList

[#DeprecatedDeclaration]: <https://docs.swift.org/compiler/documentation/diagnostics/deprecated-declaration>
[515/777] Emitting module RightClickProbe
/Users/ross/Documents/Codex/2026-10-08/files-pasted-by-the-user-you/work/rightclick-nested/Sources/RightClickProbe/main.swift:231:27: warning: 'postOnFacebook' was deprecated in macOS 10.14: This service is no longer included with the system. [#DeprecatedDeclaration]
 229 |     KnownShareName(name: .useAsDesktopPicture, status: "PUBLIC_SUPPORTED"),
 230 |     KnownShareName(name: .cloudSharing, status: "PUBLIC_SUPPORTED"),
 231 |     KnownShareName(name: .postOnFacebook, status: "PUBLIC_DEPRECATED"),
     |                           `- warning: 'postOnFacebook' was deprecated in macOS 10.14: This service is no longer included with the system. [#DeprecatedDeclaration]
 232 |     KnownShareName(name: .postOnTwitter, status: "PUBLIC_DEPRECATED"),
 233 |     KnownShareName(name: .postOnSinaWeibo, status: "PUBLIC_DEPRECATED"),

/Users/ross/Documents/Codex/2026-10-08/files-pasted-by-the-user-you/work/rightclick-nested/Sources/RightClickProbe/main.swift:232:27: warning: 'postOnTwitter' was deprecated in macOS 10.14: This service is no longer included with the system. [#DeprecatedDeclaration]
 230 |     KnownShareName(name: .cloudSharing, status: "PUBLIC_SUPPORTED"),
 231 |     KnownShareName(name: .postOnFacebook, status: "PUBLIC_DEPRECATED"),
 232 |     KnownShareName(name: .postOnTwitter, status: "PUBLIC_DEPRECATED"),
     |                           `- warning: 'postOnTwitter' was deprecated in macOS 10.14: This service is no longer included with the system. [#DeprecatedDeclaration]
 233 |     KnownShareName(name: .postOnSinaWeibo, status: "PUBLIC_DEPRECATED"),
 234 |     KnownShareName(name: .postOnTencentWeibo, status: "PUBLIC_DEPRECATED"),

/Users/ross/Documents/Codex/2026-10-08/files-pasted-by-the-user-you/work/rightclick-nested/Sources/RightClickProbe/main.swift:233:27: warning: 'postOnSinaWeibo' was deprecated in macOS 10.14: This service is no longer included with the system. [#DeprecatedDeclaration]
 231 |     KnownShareName(name: .postOnFacebook, status: "PUBLIC_DEPRECATED"),
 232 |     KnownShareName(name: .postOnTwitter, status: "PUBLIC_DEPRECATED"),
 233 |     KnownShareName(name: .postOnSinaWeibo, status: "PUBLIC_DEPRECATED"),
     |                           `- warning: 'postOnSinaWeibo' was deprecated in macOS 10.14: This service is no longer included with the system. [#DeprecatedDeclaration]
 234 |     KnownShareName(name: .postOnTencentWeibo, status: "PUBLIC_DEPRECATED"),
 235 |     KnownShareName(name: .postOnLinkedIn, status: "PUBLIC_DEPRECATED"),

/Users/ross/Documents/Codex/2026-10-08/files-pasted-by-the-user-you/work/rightclick-nested/Sources/RightClickProbe/main.swift:234:27: warning: 'postOnTencentWeibo' was deprecated in macOS 10.14: This service is no longer included with the system. [#DeprecatedDeclaration]
 232 |     KnownShareName(name: .postOnTwitter, status: "PUBLIC_DEPRECATED"),
 233 |     KnownShareName(name: .postOnSinaWeibo, status: "PUBLIC_DEPRECATED"),
 234 |     KnownShareName(name: .postOnTencentWeibo, status: "PUBLIC_DEPRECATED"),
     |                           `- warning: 'postOnTencentWeibo' was deprecated in macOS 10.14: This service is no longer included with the system. [#DeprecatedDeclaration]
 235 |     KnownShareName(name: .postOnLinkedIn, status: "PUBLIC_DEPRECATED"),
 236 |     KnownShareName(name: .postImageOnFlickr, status: "PUBLIC_DEPRECATED"),

/Users/ross/Documents/Codex/2026-10-08/files-pasted-by-the-user-you/work/rightclick-nested/Sources/RightClickProbe/main.swift:235:27: warning: 'postOnLinkedIn' was deprecated in macOS 10.14: This service is no longer included with the system. [#DeprecatedDeclaration]
 233 |     KnownShareName(name: .postOnSinaWeibo, status: "PUBLIC_DEPRECATED"),
 234 |     KnownShareName(name: .postOnTencentWeibo, status: "PUBLIC_DEPRECATED"),
 235 |     KnownShareName(name: .postOnLinkedIn, status: "PUBLIC_DEPRECATED"),
     |                           `- warning: 'postOnLinkedIn' was deprecated in macOS 10.14: This service is no longer included with the system. [#DeprecatedDeclaration]
 236 |     KnownShareName(name: .postImageOnFlickr, status: "PUBLIC_DEPRECATED"),
 237 |     KnownShareName(name: .postVideoOnVimeo, status: "PUBLIC_DEPRECATED"),

/Users/ross/Documents/Codex/2026-10-08/files-pasted-by-the-user-you/work/rightclick-nested/Sources/RightClickProbe/main.swift:236:27: warning: 'postImageOnFlickr' was deprecated in macOS 10.14: This service is no longer included with the system. [#DeprecatedDeclaration]
 234 |     KnownShareName(name: .postOnTencentWeibo, status: "PUBLIC_DEPRECATED"),
 235 |     KnownShareName(name: .postOnLinkedIn, status: "PUBLIC_DEPRECATED"),
 236 |     KnownShareName(name: .postImageOnFlickr, status: "PUBLIC_DEPRECATED"),
     |                           `- warning: 'postImageOnFlickr' was deprecated in macOS 10.14: This service is no longer included with the system. [#DeprecatedDeclaration]
 237 |     KnownShareName(name: .postVideoOnVimeo, status: "PUBLIC_DEPRECATED"),
 238 |     KnownShareName(name: .postVideoOnYouku, status: "PUBLIC_DEPRECATED"),

/Users/ross/Documents/Codex/2026-10-08/files-pasted-by-the-user-you/work/rightclick-nested/Sources/RightClickProbe/main.swift:237:27: warning: 'postVideoOnVimeo' was deprecated in macOS 10.14: This service is no longer included with the system. [#DeprecatedDeclaration]
 235 |     KnownShareName(name: .postOnLinkedIn, status: "PUBLIC_DEPRECATED"),
 236 |     KnownShareName(name: .postImageOnFlickr, status: "PUBLIC_DEPRECATED"),
 237 |     KnownShareName(name: .postVideoOnVimeo, status: "PUBLIC_DEPRECATED"),
     |                           `- warning: 'postVideoOnVimeo' was deprecated in macOS 10.14: This service is no longer included with the system. [#DeprecatedDeclaration]
 238 |     KnownShareName(name: .postVideoOnYouku, status: "PUBLIC_DEPRECATED"),
 239 |     KnownShareName(name: .postVideoOnTudou, status: "PUBLIC_DEPRECATED"),

/Users/ross/Documents/Codex/2026-10-08/files-pasted-by-the-user-you/work/rightclick-nested/Sources/RightClickProbe/main.swift:238:27: warning: 'postVideoOnYouku' was deprecated in macOS 10.14: This service is no longer included with the system. [#DeprecatedDeclaration]
 236 |     KnownShareName(name: .postImageOnFlickr, status: "PUBLIC_DEPRECATED"),
 237 |     KnownShareName(name: .postVideoOnVimeo, status: "PUBLIC_DEPRECATED"),
 238 |     KnownShareName(name: .postVideoOnYouku, status: "PUBLIC_DEPRECATED"),
     |                           `- warning: 'postVideoOnYouku' was deprecated in macOS 10.14: This service is no longer included with the system. [#DeprecatedDeclaration]
 239 |     KnownShareName(name: .postVideoOnTudou, status: "PUBLIC_DEPRECATED"),
 240 | ]

/Users/ross/Documents/Codex/2026-10-08/files-pasted-by-the-user-you/work/rightclick-nested/Sources/RightClickProbe/main.swift:239:27: warning: 'postVideoOnTudou' was deprecated in macOS 10.14: This service is no longer included with the system. [#DeprecatedDeclaration]
 237 |     KnownShareName(name: .postVideoOnVimeo, status: "PUBLIC_DEPRECATED"),
 238 |     KnownShareName(name: .postVideoOnYouku, status: "PUBLIC_DEPRECATED"),
 239 |     KnownShareName(name: .postVideoOnTudou, status: "PUBLIC_DEPRECATED"),
     |                           `- warning: 'postVideoOnTudou' was deprecated in macOS 10.14: This service is no longer included with the system. [#DeprecatedDeclaration]
 240 | ]
 241 | 

[#DeprecatedDeclaration]: <https://docs.swift.org/compiler/documentation/diagnostics/deprecated-declaration>
[515/777] Compiling x_exten.cc
[516/777] Write Objects.LinkFileList
[517/777] Compiling x_name.cc
[518/777] Compiling x_algor.cc
[519/777] Compiling x_attrib.cc
[519/777] Compiling x_all.cc
[521/777] Compiling x_crl.cc
[522/777] Compiling x509spki.cc
[523/777] Compiling x509rset.cc
[524/777] Compiling x509name.cc
[525/777] Linking rightclick-probe
[526/777] Compiling x509_vpm.cc
[527/777] Applying rightclick-probe
[528/777] Compiling x509cset.cc
[529/777] Compiling x509_txt.cc
[530/777] Compiling x509_v3.cc
[530/777] Compiling x509_vfy.cc
[532/777] Compiling x509_req.cc
[533/777] Compiling x509_set.cc
[547/777] Compiling x509_trs.cc
[548/777] Compiling x509_obj.cc
[549/777] Compiling x509_d2.cc
[550/777] Compiling x509_lu.cc
[551/777] Compiling x509_ext.cc
[552/777] Compiling x509_def.cc
[553/777] Compiling x509_cmp.cc
[554/777] Compiling x509.cc
[555/777] Compiling x509_att.cc
[556/777] Compiling v3_utl.cc
[557/777] Compiling v3_skey.cc
[558/777] Compiling v3_pmaps.cc
[559/777] Compiling v3_purp.cc
[560/777] Compiling v3_ocsp.cc
[561/777] Compiling v3_pcons.cc
[562/777] Compiling v3_prn.cc
[563/777] Compiling v3_info.cc
[564/777] Compiling v3_int.cc
[565/777] Compiling v3_lib.cc
[566/777] Compiling v3_ncons.cc
[567/777] Compiling v3_ia5.cc
[568/777] Compiling v3_genn.cc
[569/777] Compiling v3_extku.cc
[570/777] Compiling v3_crld.cc
[571/777] Compiling v3_enum.cc
[572/777] Compiling v3_cpols.cc
[573/777] Compiling v3_bitst.cc
[574/777] Compiling v3_conf.cc
[575/777] Compiling v3_bcons.cc
[576/777] Compiling v3_akeya.cc
[577/777] Compiling v3_alt.cc
[578/777] Compiling t_x509a.cc
[579/777] Compiling v3_akey.cc
[580/777] Compiling t_x509.cc
[581/777] Compiling t_req.cc
[582/777] Compiling t_crl.cc
[583/777] Compiling rsa_pss.cc
[584/777] Compiling i2d_pr.cc
[585/777] Compiling policy.cc
[586/777] Compiling by_file.cc
[587/777] Compiling name_print.cc
[589/777] Compiling MCP Prompts.swift
[590/777] Compiling MCP Resources.swift
[591/777] Compiling MCP Server.swift
[592/777] Compiling MCP Tools.swift
[592/777] Compiling by_dir.cc
[593/777] Compiling asn1_gen.cc
[594/777] Compiling a_verify.cc
[595/777] Compiling a_sign.cc
[596/777] Compiling algorithm.cc
[597/777] Compiling a_digest.cc
[598/777] Compiling thread_win.cc
[599/777] Compiling thread_pthread.cc
[600/777] Compiling voprf.cc
[601/777] Compiling trust_token.cc
[602/777] Compiling thread_none.cc
[603/777] Compiling pmbtoken.cc
[604/777] Compiling thread.cc
[605/777] Compiling siphash.cc
[606/777] Compiling stack.cc
[607/777] Compiling sha256.cc
[608/777] Compiling sha512.cc
[609/777] Compiling sha1.cc
[610/777] Compiling rsa_print.cc
[611/777] Compiling rsa_extra.cc
[612/777] Compiling slhdsa.cc
[613/777] Compiling spake2plus.cc
[614/777] Compiling trusty.cc
[615/777] Compiling windows.cc
[616/777] Compiling rsa_crypt.cc
[617/777] Compiling rc4.cc
[618/777] Compiling urandom.cc
[619/777] Compiling refcount.cc
[620/777] Compiling passive.cc
[621/777] Compiling poly1305_arm_asm.S
[622/777] Compiling rand.cc
[623/777] Compiling rsa_asn1.cc
[624/777] Compiling ios.cc
[625/777] Compiling getentropy.cc
[626/777] Compiling deterministic.cc
[627/777] Compiling forkunsafe.cc
[628/777] Compiling poly1305_vec.cc
[629/777] Compiling fork_detect.cc
[630/777] Compiling poly1305_arm.cc
[631/777] Compiling poly1305.cc
[632/777] Compiling pool.cc
[633/777] Compiling pkcs7.cc
[634/777] Compiling p5_pbev2.cc
[635/777] Compiling pkcs8.cc
[636/777] Compiling pkcs8_x509.cc
[637/777] Compiling pem_x509.cc
[638/777] Compiling pkcs7_x509.cc
[639/777] Compiling pem_xaux.cc
[640/777] Compiling pem_pkey.cc
[641/777] Compiling pem_pk8.cc
[642/777] Compiling pem_oth.cc
[643/777] Compiling obj_xref.cc
[644/777] Compiling mldsa.cc
[645/777] Compiling mlkem.cc
[646/777] Compiling mem.cc
[647/777] Compiling pem_info.cc
[648/777] Compiling poly_rq_mul.S
[649/777] Compiling pem_lib.cc
[650/777] Compiling pem_all.cc
[651/777] Compiling fips_shared_support.cc
[652/777] Compiling md5.cc
[653/777] Compiling obj.cc
[654/777] Compiling md4.cc
[655/777] Compiling lhash.cc
[656/777] Compiling sign.cc
[657/777] Compiling kyber.cc
[658/777] Compiling ex_data.cc
[659/777] Compiling scrypt.cc
[660/777] Compiling hpke.cc
[661/777] Compiling print.cc
[662/777] Compiling hrss.cc
[663/777] Compiling pbkdf.cc
[664/777] Compiling p_x25519_asn1.cc
[665/777] Compiling p_x25519.cc
[666/777] Compiling p_ed25519.cc
[667/777] Compiling p_rsa.cc
[668/777] Compiling p_rsa_asn1.cc
[669/777] Compiling p_hkdf.cc
[670/777] Compiling p_ed25519_asn1.cc
[671/777] Compiling p_ec.cc
[672/777] Compiling p_ec_asn1.cc
[673/777] Compiling p_dh_asn1.cc
[673/777] Compiling p_dsa_asn1.cc
[675/777] Compiling p_dh.cc
[676/777] Compiling evp_ctx.cc
[677/777] Compiling engine.cc
[678/777] Compiling evp.cc
[679/777] Compiling err.cc
[680/777] Compiling evp_asn1.cc
[681/777] Compiling ecdsa_asn1.cc
[682/777] Compiling ecdh.cc
[683/777] Compiling hash_to_curve.cc
[684/777] Compiling ec_derive.cc
[685/777] Compiling dsa.cc
[686/777] Compiling params.cc
[687/777] Compiling x25519-asm-arm.S
[688/777] Compiling dsa_asn1.cc
[689/777] Compiling ec_asn1.cc
[690/777] Compiling digest_extra.cc
[691/777] Compiling curve25519_64_adx.cc
[692/777] Compiling bcm.cc
[693/777] Compiling dh_asn1.cc
[694/777] Compiling des.cc
[695/777] Compiling cpu_intel.cc
[696/777] Compiling spake25519.cc
[697/777] Compiling crypto.cc
[698/777] Compiling cpu_arm_linux.cc
[699/777] Compiling cpu_arm_freebsd.cc
[700/777] Compiling cpu_aarch64_win.cc
[701/777] Compiling curve25519.cc
[702/777] Compiling cpu_aarch64_sysreg.cc
[703/777] Compiling cpu_aarch64_openbsd.cc
[704/777] Compiling cpu_aarch64_linux.cc
[705/777] Compiling cpu_aarch64_fuchsia.cc
[706/777] Compiling tls_cbc.cc
[707/777] Compiling conf.cc
[708/777] Compiling get_cipher.cc
[709/777] Compiling e_rc4.cc
[710/777] Compiling e_tls.cc
[711/777] Compiling e_rc2.cc
[712/777] Compiling e_null.cc
[713/777] Compiling cpu_aarch64_apple.cc
[714/777] Compiling e_des.cc
[715/777] Compiling e_chacha20poly1305.cc
[716/777] Compiling e_aesgcmsiv.cc
[717/777] Compiling e_aesctrhmac.cc
[718/777] Compiling derive_key.cc
[719/777] Compiling chacha.cc
[720/777] Compiling unicode.cc
[721/777] Compiling ber.cc
[722/777] Compiling cbs.cc
[723/777] Compiling cbb.cc
[724/777] Compiling buf.cc
[725/777] Compiling asn1_compat.cc
[726/777] Compiling blake2.cc
[727/777] Compiling socket_helper.cc
[728/777] Compiling bn_asn1.cc
[729/777] Compiling convert.cc
[730/777] Compiling socket.cc
[731/777] Compiling printf.cc
[732/777] Compiling pair.cc
[733/777] Compiling hexdump.cc
[734/777] Compiling file.cc
[735/777] Compiling fd.cc
[736/777] Compiling errno.cc
[737/777] Compiling connect.cc
[738/777] Compiling bio_mem.cc
[739/777] Compiling base64.cc
[740/777] Compiling bio.cc
[741/777] Compiling tasn_typ.cc
[742/777] Compiling tasn_utl.cc
[743/777] Compiling tasn_fre.cc
[744/777] Compiling tasn_new.cc
[745/777] Compiling tasn_enc.cc
[746/777] Compiling posix_time.cc
[747/777] Compiling f_string.cc
[748/777] Compiling tasn_dec.cc
[749/777] Compiling f_int.cc
[750/777] Compiling asn_pack.cc
[751/777] Compiling asn1_par.cc
[752/777] Compiling asn1_lib.cc
[753/777] Compiling a_type.cc
[754/777] Compiling a_utctm.cc
[755/777] Compiling a_time.cc
[756/777] Compiling a_octet.cc
[757/777] Compiling a_strnid.cc
[758/777] Compiling a_strex.cc
[759/777] Compiling a_mbstr.cc
[760/777] Compiling a_object.cc
[761/777] Compiling CGRPCZlib empty.c
[762/777] Write sources
[763/777] Compiling a_int.cc
[764/777] Compiling a_i2d_fp.cc
[765/796] Compiling a_dup.cc
[766/796] Compiling a_d2i_fp.cc
[767/796] Compiling a_gentm.cc
[768/796] Compiling a_bitstr.cc
[769/796] Compiling a_bool.cc
[771/796] Compiling Atomics ManagedAtomicLazyReference.swift
[772/796] Compiling Atomics UnsafeAtomic.swift
[773/796] Compiling Atomics DoubleWord.swift
[774/796] Compiling Atomics ManagedAtomic.swift
[775/796] Compiling Atomics UnsafeAtomicLazyReference.swift
[776/796] Compiling Atomics IntegerOperations.swift
[777/797] Compiling Atomics AtomicValue.swift
[778/797] Compiling Atomics AtomicMemoryOrderings.swift
[779/797] Compiling Atomics Unmanaged extensions.swift
[780/797] Compiling Atomics AtomicReference.swift
[781/797] Compiling Atomics AtomicStorage.swift
[782/797] Compiling Atomics AtomicInteger.swift
[783/797] Compiling Atomics AtomicOptionalWrappable.swift
[784/797] Compiling Atomics AtomicBool.swift
[785/797] Compiling Atomics IntegerConformances.swift
[786/797] Compiling Atomics OptionalRawRepresentable.swift
[787/797] Compiling Atomics RawRepresentable.swift
[788/797] Compiling Atomics PointerConformances.swift
[789/797] Compiling Atomics Primitives.native.swift
[790/797] Emitting module Atomics
[790/797] Compiling c-nioatomics.c
[791/797] Compiling c-atomics.c
[793/804] Emitting module NIOConcurrencyHelpers
[794/804] Compiling NIOConcurrencyHelpers NIOThreadPoolWorkAvailable.swift
[795/804] Compiling NIOConcurrencyHelpers lock.swift
[796/804] Compiling NIOConcurrencyHelpers NIOLockedValueBox.swift
[797/804] Compiling NIOConcurrencyHelpers NIOAtomic.swift
[798/804] Compiling NIOConcurrencyHelpers atomics.swift
[799/804] Compiling NIOConcurrencyHelpers NIOLock.swift
[800/869] Compiling NIOCore MarkedCircularBuffer.swift
[801/869] Compiling NIOCore MulticastChannel.swift
[802/869] Compiling NIOCore NIOAny.swift
[803/869] Compiling NIOCore NIOCloseOnErrorHandler.swift
[804/869] Compiling NIOCore NIOCoreSendableMetatype.swift
[805/869] Compiling NIOCore NIODecodedAsyncSequence.swift
[806/869] Compiling NIOCore NIOLoopBound.swift
[807/876] Compiling NIOCore EventLoopFuture+Deprecated.swift
[808/876] Compiling NIOCore EventLoopFuture+WithEventLoop.swift
[809/876] Compiling NIOCore EventLoopFuture.swift
[810/876] Compiling NIOCore FileDescriptor.swift
[811/876] Compiling NIOCore FileHandle.swift
[812/876] Compiling NIOCore FileRegion.swift
[813/876] Compiling NIOCore GlobalSingletons.swift
[814/876] Compiling NIOCore SocketAddresses.swift
[815/876] Compiling NIOCore SocketOptionProvider.swift
[816/876] Compiling NIOCore SystemCallHelpers.swift
[817/876] Compiling NIOCore TimeAmount+Duration.swift
[818/876] Compiling NIOCore TypeAssistedChannelHandler.swift
[819/876] Compiling NIOCore UniversalBootstrapSupport.swift
[820/876] Compiling NIOCore Utilities.swift
[821/876] Compiling NIOCore NIOAsyncWriter.swift
[822/876] Compiling NIOCore NIOThrowingAsyncSequenceProducer.swift
[823/876] Compiling NIOCore BSDSocketAPI.swift
[824/876] Compiling NIOCore ByteBuffer-aux.swift
[825/876] Compiling NIOCore ByteBuffer-binaryEncodedLengthPrefix.swift
[826/876] Compiling NIOCore ByteBuffer-conversions.swift
[827/876] Compiling NIOCore ByteBuffer-core.swift
[828/876] Compiling NIOCore ChannelHandler.swift
[829/876] Compiling NIOCore ChannelHandlers.swift
[830/876] Compiling NIOCore ChannelInvoker.swift
[831/876] Compiling NIOCore ChannelOption.swift
[832/876] Compiling NIOCore ChannelPipeline.swift
[833/876] Compiling NIOCore CircularBuffer.swift
[834/876] Compiling NIOCore Codec.swift
[835/876] Compiling NIOCore ByteBuffer-hex.swift
[836/876] Compiling NIOCore ByteBuffer-int.swift
[837/876] Compiling NIOCore ByteBuffer-lengthPrefix.swift
[838/876] Compiling NIOCore ByteBuffer-multi-int.swift
[839/876] Compiling NIOCore ByteBuffer-quicBinaryEncodingStrategy.swift
[840/876] Compiling NIOCore ByteBuffer-views.swift
[841/876] Compiling NIOCore Channel.swift
[842/876] Compiling NIOCore ConvenienceOptionSupport.swift
[843/876] Compiling NIOCore DeadChannel.swift
[844/876] Compiling NIOCore DispatchQueue+WithFuture.swift
[845/876] Compiling NIOCore EventLoop+Deprecated.swift
[846/876] Compiling NIOCore EventLoop+SerialExecutor.swift
[847/876] Compiling NIOCore EventLoop.swift
[848/876] Compiling NIOCore EventLoopFuture+AssumeIsolated.swift
[849/876] Compiling NIOCore AddressedEnvelope.swift
[850/876] Compiling NIOCore AsyncAwaitSupport.swift
[851/876] Compiling NIOCore AsyncChannel.swift
[852/876] Compiling NIOCore AsyncChannelHandler.swift
[853/876] Compiling NIOCore AsyncChannelInboundStream.swift
[854/876] Compiling NIOCore AsyncChannelOutboundWriter.swift
[855/876] Compiling NIOCore NIOAsyncSequenceProducer.swift
[856/876] Compiling NIOCore NIOAsyncSequenceProducerStrategies.swift
[857/876] Emitting module NIOCore
[858/876] Compiling NIOCore IO.swift
[859/876] Compiling NIOCore IOData.swift
[860/876] Compiling NIOCore IPProtocol.swift
[861/876] Compiling NIOCore IntegerBitPacking.swift
[862/876] Compiling NIOCore IntegerTypes.swift
[863/876] Compiling NIOCore Interfaces.swift
[864/876] Compiling NIOCore Linux.swift
[865/876] Compiling NIOCore NIOPooledRecvBufferAllocator.swift
[866/876] Compiling NIOCore NIOScheduledCallback.swift
[867/876] Compiling NIOCore NIOSendable.swift
[868/876] Compiling NIOCore NIOSplitLinesMessageDecoder.swift
[869/876] Compiling NIOCore NIOTransportAccessibleChannelCore.swift
[870/876] Compiling NIOCore RecvByteBufferAllocator.swift
[871/876] Compiling NIOCore SingleStepByteToMessageDecoder.swift
[872/936] Compiling NIOPosix Linux.swift
[873/936] Compiling NIOPosix LinuxCPUSet.swift
[874/936] Compiling NIOPosix LinuxUring.swift
[875/936] Compiling NIOPosix MultiThreadedEventLoopGroup.swift
[876/936] Compiling NIOPosix NIOPosixSendableMetatype.swift
[877/936] Compiling NIOPosix NIORandomizedDNSResolver.swift
[878/941] Emitting module NIOFoundationEssentialsCompat
[879/941] Compiling NIOFoundationEssentialsCompat Codable+ByteBuffer.swift
[880/941] Compiling NIOFoundationEssentialsCompat ByteBuffer-foundation.swift
[881/941] Compiling NIOEmbedded AsyncTestingEventLoop.swift
[882/941] Compiling NIOEmbedded AsyncTestingChannel.swift
[883/941] Compiling NIOEmbedded Embedded.swift
[884/941] Emitting module NIOEmbedded
[885/941] Compiling NIOPosix FileDescriptor.swift
[886/941] Compiling NIOPosix GetaddrinfoResolver.swift
[887/941] Compiling NIOPosix HappyEyeballs.swift
[888/941] Compiling NIOPosix IO.swift
[889/941] Compiling NIOPosix IntegerBitPacking.swift
[890/941] Compiling NIOPosix IntegerTypes.swift
[891/941] Compiling NIOPosix StructuredConcurrencyHelpers.swift
[892/941] Compiling NIOPosix System.swift
[893/941] Compiling NIOPosix Thread.swift
[894/941] Compiling NIOPosix ThreadPosix.swift
[895/941] Compiling NIOPosix ThreadWindows.swift
[896/941] Compiling NIOPosix Utilities.swift
[897/941] Compiling NIOPosix VsockAddress.swift
[898/941] Compiling NIOPosix VsockChannelEvents.swift
[899/941] Compiling NIOPosix Windows.swift
[900/941] Compiling NIOPosix resource_bundle_accessor.swift
[901/941] Compiling NIOPosix SelectorWSAPoll.swift
[902/941] Compiling NIOPosix ServerSocket.swift
[903/941] Compiling NIOPosix Socket.swift
[904/941] Compiling NIOPosix SocketChannel.swift
[905/941] Compiling NIOPosix SocketProtocols.swift
[906/941] Emitting module NIOPosix
[907/941] Compiling NIOPosix SelectableChannel.swift
[908/941] Compiling NIOPosix SelectableEventLoop.swift
[909/941] Compiling NIOPosix SelectorEpoll.swift
[910/941] Compiling NIOPosix SelectorGeneric.swift
[911/941] Compiling NIOPosix SelectorKqueue.swift
[912/941] Compiling NIOPosix SelectorUring.swift
[913/941] Compiling NIOPosix Pool.swift
[914/941] Compiling NIOPosix PosixSingletons+ConcurrencyTakeOver.swift
[915/941] Compiling NIOPosix PosixSingletons.swift
[916/941] Compiling NIOPosix RawSocketBootstrap.swift
[917/941] Compiling NIOPosix Resolver.swift
[918/941] Compiling NIOPosix Selectable.swift
[919/941] Compiling NIOPosix BaseSocketChannel.swift
[920/941] Compiling NIOPosix BaseStreamSocketChannel.swift
[921/941] Compiling NIOPosix Bootstrap.swift
[922/941] Compiling NIOPosix ControlMessage.swift
[923/941] Compiling NIOPosix DatagramVectorReadManager.swift
[924/941] Compiling NIOPosix Errors+Any.swift
[925/941] Compiling NIOPosix BSDSocketAPICommon.swift
[926/941] Compiling NIOPosix BSDSocketAPIPosix.swift
[927/941] Compiling NIOPosix BSDSocketAPIWindows.swift
[928/941] Compiling NIOPosix BaseSocket.swift
[929/941] Compiling NIOPosix BaseSocketChannel+AccessibleTransport.swift
[930/941] Compiling NIOPosix BaseSocketChannel+SocketOptionProvider.swift
[931/941] Compiling NIOPosix NIOThreadPool.swift
[932/941] Compiling NIOPosix NonBlockingFileIO.swift
[933/941] Compiling NIOPosix PendingDatagramWritesManager.swift
[934/941] Compiling NIOPosix PendingWritesManager.swift
[935/941] Compiling NIOPosix PipeChannel.swift
[936/941] Compiling NIOPosix PipePair.swift
[937/943] Compiling NIO Exports.swift
[938/943] Emitting module NIO
[939/971] Compiling NIOTLS TLSEvents.swift
[940/971] Compiling NIOFoundationCompat WaitSpinningRunLoop.swift
[941/971] Compiling NIOFoundationCompat JSONSerialization+ByteBuffer.swift
[942/971] Compiling NIOFoundationCompat Exports.swift
[943/971] Emitting module NIOFoundationCompat
[944/971] Compiling NIOHTTP1 NIOTypedHTTPServerUpgradeHandler.swift
[945/971] Compiling NIOHTTP1 NIOTypedHTTPClientUpgradeHandler.swift
[946/971] Compiling NIOHTTP1 NIOTypedHTTPClientUpgraderStateMachine.swift
[947/972] Emitting module NIOHTTP1
[948/972] Compiling NIOTLS ProtocolNegotiationHandlerStateMachine.swift
[949/972] Compiling NIOTLS NIOTypedApplicationProtocolNegotiationHandler.swift
[950/972] Compiling NIOTLS ApplicationProtocolNegotiationHandler.swift
[951/972] Emitting module NIOTLS
[952/972] Compiling NIOTLS SNIHandler.swift
[953/1026] Compiling NIOHTTP1 NIOTypedHTTPServerUpgraderStateMachine.swift
[954/1026] Compiling NIOSSL ObjectIdentifier.swift
[955/1026] Compiling NIOSSL PosixPort.swift
[956/1026] Compiling NIOSSL CustomPrivateKey.swift
[957/1026] Compiling NIOSSL FreeBSDCABundle.swift
[958/1026] Compiling NIOSSL AndroidCABundle.swift
[959/1026] Compiling NIOSSL ByteBufferBIO.swift
[960/1026] Compiling NIOSSL SSLCallbacks.swift
[961/1026] Compiling NIOSSL SSLCertificate.swift
[962/1026] Compiling NIOSSL NIOSSLClientHandler.swift
[963/1026] Compiling NIOSSL NIOSSLHandler+Configuration.swift
[964/1026] Compiling NIOSSL NIOSSLHandler.swift
[965/1026] Compiling NIOSSL NIOSSLServerHandler.swift
[966/1026] Compiling NIOSSL SSLCertificateExtensions.swift
[967/1026] Compiling NIOSSL SSLCertificateName.swift
[968/1056] Compiling NIOExtras FixedLengthFrameDecoder.swift
[969/1056] Compiling NIOExtras HTTP1ProxyConnectHandler.swift
[970/1056] Compiling NIOExtras NIOExtrasError.swift
[971/1056] Compiling NIOExtras NIOLengthFieldBitLength.swift
[972/1059] Compiling NIOHPACK HeaderTables.swift
[975/1059] Emitting module NIOHPACK
[976/1059] Compiling NIOHPACK HuffmanCoding.swift
[977/1059] Compiling NIOHPACK HPACKErrors.swift
[978/1059] Compiling NIOHPACK HuffmanTables.swift
[979/1059] Compiling NIOHPACK IndexedHeaderTable.swift
[980/1059] Compiling NIOHPACK IntegerCoding.swift
[981/1059] Compiling NIOHPACK HPACKEncoder.swift
[982/1059] Compiling NIOHPACK HPACKHeader.swift
[983/1060] Compiling NIOExtras RequestResponseHandlers+State.swift
[984/1060] Compiling NIOExtras RequestResponseWithIDHandler.swift
[985/1061] Emitting module NIOExtras
[986/1061] Compiling NIOExtras NIORequestIdentifiable.swift
[987/1061] Compiling NIOExtras PCAPRingBuffer.swift
[988/1061] Compiling NIOExtras LineBasedFrameDecoder.swift
[989/1061] Compiling NIOExtras MarkedCircularBuffer+PopFirstCheckMarked.swift
[990/1061] Compiling NIOHPACK StaticHeaderTable.swift
[991/1061] Compiling NIOExtras QuiescingHelper.swift
[992/1061] Compiling NIOExtras RequestResponseHandler.swift
[993/1061] Compiling NIOExtras JSONRPCFraming+ContentLengthHeader.swift
[994/1061] Compiling NIOExtras JSONRPCFraming.swift
[999/1061] Compiling NIOExtras DebugInboundEventsHandler.swift
[1000/1061] Compiling NIOExtras DebugOutboundEventsHandler.swift
[1001/1061] Compiling NIOExtras LengthFieldBasedFrameDecoder.swift
[1002/1061] Compiling NIOExtras LengthFieldPrepender.swift
[1003/1061] Emitting module NIOSSL
[1009/1061] Compiling NIOSSL SubjectAlternativeName.swift
[1010/1061] Compiling NIOSSL NIOSSLSecureBytes.swift
[1012/1061] Compiling NIOSSL SSLErrors.swift
[1023/1061] Emitting module NIOTransportServices
[1026/1063] Compiling NIOSSL SafeCompare.swift
[1027/1063] Compiling NIOSSL Zeroization.swift
[1028/1063] Compiling NIOSSL TLSConfiguration.swift
[1029/1063] Compiling NIOSSL UniversalBootstrapSupport.swift
[1030/1063] Compiling NIOSSL UnsafeKeyAndChainTarget.swift
[1031/1063] Compiling NIOSSL resource_bundle_accessor.swift
[1032/1127] Compiling NIOHTTP2 HTTP2ConnectionStateChange.swift
[1033/1127] Compiling NIOHTTP2 HTTP2Error.swift
[1034/1127] Compiling NIOHTTP2 HTTP2ErrorCode.swift
[1035/1127] Compiling NIOHTTP2 HTTP2ChannelHandler+InlineStreamMultiplexer.swift
[1036/1127] Compiling NIOHTTP2 HTTP2ChannelHandler.swift
[1037/1127] Compiling NIOHTTP2 HTTP2CommonInboundStreamMultiplexer.swift
[1038/1127] Compiling NIOHTTP2 HasLocalSettings.swift
[1039/1127] Compiling NIOHTTP2 HasRemoteSettings.swift
[1040/1127] Compiling NIOHTTP2 HTTP2ChannelHandler+InboundStreamMultiplexer.swift
[1041/1127] Compiling NIOHTTP2 SendingGoawayState.swift
[1042/1127] Compiling NIOHTTP2 SendingHeadersState.swift
[1043/1127] Compiling NIOHTTP2 SendingPushPromiseState.swift
[1044/1127] Compiling NIOHTTP2 ConnectionStateMachine.swift
[1045/1127] Compiling NIOHTTP2 ConnectionStreamsState.swift
[1046/1127] Compiling NIOHTTP2 MayReceiveFrames.swift
[1047/1127] Compiling NIOHTTP2 ReceivingDataState.swift
[1048/1127] Compiling NIOHTTP2 ReceivingGoAwayState.swift
[1049/1127] Compiling NIOHTTP2 ReceivingRstStreamState.swift
[1050/1127] Compiling NIOHTTP2 ReceivingWindowUpdateState.swift
[1051/1127] Compiling NIOHTTP2 MaySendFrames.swift
[1052/1127] Compiling NIOHTTP2 SendingDataState.swift
[1056/1134] Compiling NIOHTTP2 LocallyQuiescingState.swift
[1057/1134] Compiling NIOHTTP2 QuiescingState.swift
[1058/1134] Compiling NIOHTTP2 RemotelyQuiescingState.swift
[1059/1134] Compiling NIOHTTP2 SendAndReceiveGoawayState.swift
[1060/1134] Compiling NIOHTTP2 StateMachineResult.swift
[1061/1134] Compiling NIOHTTP2 ContentLengthVerifier.swift
[1062/1134] Compiling NIOHTTP2 DOSHeuristics.swift
[1065/1134] Compiling NIOHTTP2 ReceivingHeadersState.swift
[1066/1134] Compiling NIOHTTP2 ReceivingPushPromiseState.swift
[1067/1134] Compiling NIOHTTP2 SendingRstStreamState.swift
[1068/1134] Compiling NIOHTTP2 SendingWindowUpdateState.swift
[1071/1134] Compiling NIOHTTP2 HTTP2SettingsState.swift
[1072/1134] Compiling NIOHTTP2 HasExtendedConnectSettings.swift
[1073/1134] Compiling NIOHTTP2 HasFlowControlWindows.swift
[1079/1134] Compiling NIOExtras WritePCAPHandler.swift
[1080/1134] Compiling NIOHTTP2 StreamChannelFlowController.swift
[1081/1134] Compiling NIOHTTP2 StreamChannelList.swift
[1082/1134] Compiling NIOHTTP2 StreamMap.swift
[1083/1134] Compiling NIOHTTP2 StreamStateMachine.swift
[1084/1134] Compiling NIOHTTP2 Timer.swift
[1085/1134] Compiling NIOHTTP2 UnsafeTransfer.swift
[1086/1134] Compiling NIOHTTP2 WatermarkedFlowController.swift
[1087/1134] Compiling NIOHTTP2 Error+Any.swift
[1088/1134] Compiling NIOHTTP2 ConcurrentStreamBuffer.swift
[1089/1134] Compiling NIOHTTP2 ControlFrameBuffer.swift
[1090/1134] Compiling NIOHTTP2 OutboundFlowControlBuffer.swift
[1091/1134] Compiling NIOHTTP2 OutboundFrameBuffer.swift
[1092/1134] Compiling NIOHTTP2 GlitchesMonitor.swift
[1093/1134] Compiling NIOHTTP2 HPACKHeaders+Validation.swift
[1094/1134] Emitting module NIOHTTP2
[1095/1134] Compiling NIOHTTP2 HTTP2Stream.swift
[1096/1134] Compiling NIOHTTP2 HTTP2StreamChannel+OutboundStreamMultiplexer.swift
[1097/1134] Compiling NIOHTTP2 HTTP2StreamChannel.swift
[1098/1134] Compiling NIOHTTP2 HTTP2StreamDelegate.swift
[1099/1134] Compiling NIOHTTP2 HTTP2StreamID.swift
[1100/1134] Compiling NIOHTTP2 HTTP2StreamMultiplexer.swift
[1101/1134] Compiling NIOHTTP2 HTTP2ToHTTP1Codec.swift
[1102/1134] Compiling NIOHTTP2 HTTP2UserEvents.swift
[1103/1134] Compiling NIOHTTP2 InboundEventBuffer.swift
[1104/1134] Compiling NIOHTTP2 InboundWindowManager.swift
[1105/1134] Compiling NIOHTTP2 MultiplexerAbstractChannel.swift
[1106/1134] Compiling NIOHTTP2 NIOHTTP2FrameDelegate.swift
[1107/1134] Compiling NIOHTTP2 NIOHTTP2ServerConnectionManagementHandler+StateMachine.swift
[1108/1134] Compiling NIOHTTP2 NIOHTTP2ServerConnectionManagementHandler.swift
[1123/1134] Compiling NIOHTTP2 HTTP2FlowControlWindow.swift
[1124/1134] Compiling NIOHTTP2 HTTP2Frame.swift
[1125/1134] Compiling NIOHTTP2 HTTP2FrameEncoder.swift
[1126/1134] Compiling NIOHTTP2 HTTP2FrameParser.swift
[1127/1134] Compiling NIOHTTP2 HTTP2PingData.swift
[1128/1134] Compiling NIOHTTP2 HTTP2PipelineHelpers.swift
[1129/1134] Compiling NIOHTTP2 HTTP2Settings.swift
[1130/1264] Compiling GRPC BidirectionalStreamingServerHandler.swift
[1131/1264] Compiling GRPC ClientStreamingServerHandler.swift
[1132/1264] Compiling GRPC ServerHandlerProtocol.swift
[1133/1264] Compiling GRPC ServerStreamingServerHandler.swift
[1134/1264] Compiling GRPC UnaryServerHandler.swift
[1135/1264] Compiling GRPC CallOptions.swift
[1136/1264] Compiling GRPC BidirectionalStreamingCall.swift
[1137/1264] Compiling GRPC Call.swift
[1138/1264] Compiling GRPC CallDetails.swift
[1139/1264] Compiling GRPC ClientCall.swift
[1140/1264] Compiling GRPC ClientStreamingCall.swift
[1141/1264] Compiling GRPC LazyEventLoopPromise.swift
[1142/1264] Compiling GRPC ResponseContainers.swift
[1143/1264] Compiling GRPC ResponsePartContainer.swift
[1144/1264] Compiling GRPC ServerStreamingCall.swift
[1145/1278] Compiling GRPC ClientInterceptorContext.swift
[1146/1278] Compiling GRPC ClientInterceptorPipeline.swift
[1147/1278] Compiling GRPC ClientInterceptorProtocol.swift
[1148/1278] Compiling GRPC ClientInterceptors.swift
[1149/1278] Compiling GRPC ClientTransport.swift
[1150/1278] Compiling GRPC ClientTransportFactory.swift
[1151/1278] Compiling GRPC MessageParts.swift
[1152/1278] Compiling GRPC ServerInterceptorContext.swift
[1153/1278] Compiling GRPC ServerInterceptorPipeline.swift
[1154/1278] Compiling GRPC ServerInterceptors.swift
[1155/1278] Compiling GRPC InterceptorContextList.swift
[1156/1278] Compiling GRPC LengthPrefixedMessageReader.swift
[1157/1278] Compiling GRPC Logger.swift
[1158/1278] Compiling GRPC LoggingServerErrorDelegate.swift
[1159/1278] Compiling GRPC ConnectionManagerID.swift
[1160/1278] Compiling GRPC ConnectionPool+PerConnectionState.swift
[1161/1278] Compiling GRPC ConnectionPool+Waiter.swift
[1162/1278] Compiling GRPC ConnectionPool.swift
[1163/1278] Compiling GRPC ConnectionPoolIDs.swift
[1164/1278] Compiling GRPC GRPCChannelPool.swift
[1165/1278] Compiling GRPC PoolManager.swift
[1166/1278] Compiling GRPC PoolManagerStateMachine+PerPoolState.swift
[1167/1278] Compiling GRPC PoolManagerStateMachine.swift
[1168/1278] Compiling GRPC PooledChannel.swift
[1169/1278] Compiling GRPC StreamLender.swift
[1170/1278] Compiling GRPC ConnectivityState.swift
[1171/1278] Compiling GRPC DebugOnly.swift
[1172/1278] Compiling GRPC DelegatingErrorHandler.swift
[1173/1278] Compiling GRPC ServerErrorProcessor.swift
[1174/1278] Compiling GRPC Stopwatch.swift
[1175/1278] Compiling GRPC StreamEvent.swift
[1176/1278] Compiling GRPC TLSVerificationHandler.swift
[1177/1278] Compiling GRPC TLSVersion.swift
[1178/1278] Compiling GRPC TimeLimit.swift
[1179/1278] Compiling GRPC UserInfo.swift
[1180/1278] Compiling GRPC Version.swift
[1181/1278] Compiling GRPC WebCORSHandler.swift
[1182/1278] Compiling GRPC WriteCapturingHandler.swift
[1183/1278] Compiling GRPC _EmbeddedThroughput.swift
[1184/1278] Compiling GRPC _FakeResponseStream.swift
[1185/1278] Compiling GRPC _GRPCClientCodecHandler.swift
[1186/1278] Compiling GRPC _MessageContext.swift
[1187/1278] Compiling GRPC Error+NIOSSL.swift
[1188/1278] Compiling GRPC EventLoopFuture+RecoverFromUncleanShutdown.swift
[1189/1278] Compiling GRPC FakeChannel.swift
[1190/1278] Compiling GRPC ClientConnection+NIOSSL.swift
[1191/1278] Compiling GRPC ClientConnection+NWTLS.swift
[1192/1278] Compiling GRPC GRPCChannel.swift
[1193/1278] Compiling GRPC GRPCChannelBuilder.swift
[1194/1278] Compiling GRPC GRPCClient.swift
[1195/1278] Compiling GRPC GRPCClientChannelHandler.swift
[1196/1278] Compiling GRPC GRPCClientStateMachine.swift
[1197/1278] Compiling GRPC GRPCContentType.swift
[1198/1278] Compiling GRPC GRPCError.swift
[1199/1278] Compiling GRPC GRPCHeaderName.swift
[1200/1278] Compiling GRPC GRPCIdleHandler.swift
[1201/1278] Compiling GRPC GRPCAsyncClientStreamingCall.swift
[1202/1278] Compiling GRPC GRPCAsyncRequestStream.swift
[1203/1278] Compiling GRPC GRPCAsyncRequestStreamWriter.swift
[1204/1278] Compiling GRPC GRPCAsyncResponseStream.swift
[1205/1278] Compiling GRPC GRPCAsyncResponseStreamWriter.swift
[1206/1278] Compiling GRPC GRPCAsyncSequenceProducerDelegate.swift
[1207/1278] Compiling GRPC GRPCAsyncServerCallContext.swift
[1208/1278] Compiling GRPC GRPCAsyncServerHandler.swift
[1209/1278] Compiling GRPC GRPCAsyncServerStreamingCall.swift
[1210/1278] Compiling GRPC GRPCAsyncUnaryCall.swift
[1211/1278] Compiling GRPC GRPCAsyncWriterSinkDelegate.swift
[1212/1278] Compiling GRPC GRPCChannel+AsyncAwaitSupport.swift
[1213/1278] Compiling GRPC GRPCClient+AsyncAwaitSupport.swift
[1214/1278] Compiling GRPC GRPCSendable.swift
[1215/1278] Compiling GRPC NIOAsyncWrappers.swift
[1216/1278] Compiling GRPC UnaryCall.swift
[1217/1278] Compiling GRPC ClientConnection.swift
[1218/1278] Compiling GRPC ClientConnectionConfiguration+NIOSSL.swift
[1219/1278] Compiling GRPC ClientErrorDelegate.swift
[1220/1278] Compiling GRPC CoalescingLengthPrefixedMessageWriter.swift
[1221/1278] Compiling GRPC CompressionAlgorithm.swift
[1222/1278] Compiling GRPC DecompressionLimit.swift
[1223/1278] Compiling GRPC MessageEncoding.swift
[1224/1278] Compiling GRPC Zlib.swift
[1225/1278] Compiling GRPC ConnectionBackoff.swift
[1226/1278] Compiling GRPC ConnectionKeepalive.swift
[1227/1278] Compiling GRPC ConnectionManager+Delegates.swift
[1228/1278] Compiling GRPC ConnectionManager.swift
[1229/1278] Compiling GRPC ConnectionManagerChannelProvider.swift
[1230/1278] Compiling GRPC Array+BoundsCheck.swift
[1231/1278] Compiling GRPC ServerHandlerStateMachine+Actions.swift
[1232/1278] Compiling GRPC ServerHandlerStateMachine+Draining.swift
[1233/1278] Compiling GRPC ServerHandlerStateMachine+Finished.swift
[1234/1278] Compiling GRPC ServerHandlerStateMachine+Handling.swift
[1235/1278] Compiling GRPC ServerHandlerStateMachine+Idle.swift
[1236/1278] Compiling GRPC ServerHandlerStateMachine.swift
[1237/1278] Compiling GRPC ServerInterceptorStateMachine+Actions.swift
[1238/1278] Compiling GRPC ServerInterceptorStateMachine+Finished.swift
[1239/1278] Compiling GRPC ServerInterceptorStateMachine+Intercepting.swift
[1240/1278] Compiling GRPC ServerInterceptorStateMachine.swift
[1241/1278] Compiling GRPC StreamState.swift
[1242/1278] Compiling GRPC Call+AsyncRequestStreamWriter.swift
[1243/1278] Compiling GRPC CancellationError+GRPCStatusTransformable.swift
[1244/1278] Compiling GRPC GRPCAsyncBidirectionalStreamingCall.swift
[1245/1278] Compiling GRPC MessageEncodingHeaderValidator.swift
[1246/1278] Compiling GRPC PlatformSupport.swift
[1247/1278] Compiling GRPC ReadWriteStates.swift
[1248/1278] Compiling GRPC Ref.swift
[1249/1278] Compiling GRPC Serialization.swift
[1250/1278] Compiling GRPC Server+NIOSSL.swift
[1251/1278] Compiling GRPC Server.swift
[1252/1278] Compiling GRPC ServerBuilder+NIOSSL.swift
[1253/1278] Compiling GRPC ServerBuilder.swift
[1254/1278] Compiling GRPC ServerCallContext.swift
[1255/1278] Compiling GRPC StreamingResponseCallContext.swift
[1256/1278] Compiling GRPC UnaryResponseCallContext.swift
[1257/1278] Compiling GRPC ServerChannelErrorHandler.swift
[1258/1278] Compiling GRPC ServerErrorDelegate.swift
[1259/1278] Emitting module GRPC
[1260/1278] Compiling GRPC GRPCIdleHandlerStateMachine.swift
[1261/1278] Compiling GRPC GRPCKeepaliveHandlers.swift
[1262/1278] Compiling GRPC GRPCPayload.swift
[1263/1278] Compiling GRPC GRPCServerPipelineConfigurator.swift
[1264/1278] Compiling GRPC GRPCServerRequestRoutingHandler.swift
[1265/1278] Compiling GRPC GRPCServiceDescription.swift
[1266/1278] Compiling GRPC GRPCStatus.swift
[1267/1278] Compiling GRPC GRPCStatusAndMetadata.swift
[1268/1278] Compiling GRPC GRPCStatusMessageMarshaller.swift
[1269/1278] Compiling GRPC GRPCTLSConfiguration.swift
[1270/1278] Compiling GRPC GRPCTimeout.swift
[1271/1278] Compiling GRPC GRPCWebToHTTP2ServerCodec.swift
[1272/1278] Compiling GRPC HTTP2ToRawGRPCServerCodec.swift
[1273/1278] Compiling GRPC HTTP2ToRawGRPCStateMachine.swift
[1274/1316] Compiling RightClickCore RCIRSignedReceipt.swift
[1275/1316] Compiling RightClickCore SafetyPolicy.swift
[1276/1316] Compiling RightClickCore ServiceCatalog.swift
[1277/1316] Compiling RightClickCore ServiceContext.swift
[1278/1320] Compiling RightClickCore GRPCWireCodec.swift
[1279/1320] Compiling RightClickCore GraphQLHTTP.swift
[1280/1320] Compiling RightClickCore GraphQLReflector.swift
[1281/1320] Compiling RightClickCore NativeServiceUnicodeBoundary.swift
[1282/1320] Compiling RightClickCore ARDRegistrySource.swift
[1283/1320] Compiling RightClickCore ActionExtensionCatalog.swift
[1284/1320] Compiling RightClickCore BonjourGRPCSource.swift
[1285/1320] Compiling RightClickCore BonjourGraphQLSource.swift
[1286/1320] Compiling RightClickCore BonjourOpenAPISource.swift
[1287/1320] Compiling RightClickCore CapabilityArtifactResolver.swift
[1288/1320] Compiling RightClickCore CapabilityEngine.swift
[1289/1320] Compiling RightClickCore CapabilityExperience.swift
[1290/1320] Compiling RightClickCore CapabilityExperienceLedger.swift
[1291/1320] Emitting module RightClickCore
[1292/1320] Compiling RightClickCore BundleScan.swift
[1293/1320] Compiling RightClickCore Capability.swift
[1294/1320] Compiling RightClickCore CapabilityABI.swift
[1295/1320] Compiling RightClickCore CapabilityABIAdapter.swift
[1296/1320] Compiling RightClickCore ConfiguredOpenAPISource.swift
[1297/1320] Compiling RightClickCore ContentItem.swift
[1298/1320] Compiling RightClickCore GRPCReflectionTransport.swift
[1299/1320] Compiling RightClickCore GRPCReflector.swift
[1300/1320] Compiling RightClickCore ServiceOutcome.swift
/Users/ross/Documents/Codex/2026-10-08/files-pasted-by-the-user-you/work/rightclick-nested/Sources/RightClickCore/SharingCatalog.swift:25:41: warning: 'sharingServices(forItems:)' was deprecated in macOS 13.0: Use -[NSSharingServicePicker standardShareMenuItem] instead. [#DeprecatedDeclaration]
 23 |         let items = pasteboardItems(for: item)
 24 |         guard !items.isEmpty else { return [] }
 25 |         let services = NSSharingService.sharingServices(forItems: items)
    |                                         `- warning: 'sharingServices(forItems:)' was deprecated in macOS 13.0: Use -[NSSharingServicePicker standardShareMenuItem] instead. [#DeprecatedDeclaration]
 26 |         return services.compactMap { service in
 27 |             guard service.canPerform(withItems: items) else { return nil }

/Users/ross/Documents/Codex/2026-10-08/files-pasted-by-the-user-you/work/rightclick-nested/Sources/RightClickCore/SharingCatalog.swift:36:41: warning: 'sharingServices(forItems:)' was deprecated in macOS 13.0: Use -[NSSharingServicePicker standardShareMenuItem] instead. [#DeprecatedDeclaration]
 34 |     static func launch(executionId: String, capabilityID: String, item: ContentItem) {
 35 |         let items = pasteboardItems(for: item)
 36 |         let services = NSSharingService.sharingServices(forItems: items)
    |                                         `- warning: 'sharingServices(forItems:)' was deprecated in macOS 13.0: Use -[NSSharingServicePicker standardShareMenuItem] instead. [#DeprecatedDeclaration]
 37 |         ExecutionLog.write("\(executionId) discovered services: \(services.map(\.title).joined(separator: ", "))")
 38 |         guard pthread_main_np() != 0 else {

[#DeprecatedDeclaration]: <https://docs.swift.org/compiler/documentation/diagnostics/deprecated-declaration>
[1301/1320] Compiling RightClickCore ServiceRTFEncoder.swift
/Users/ross/Documents/Codex/2026-10-08/files-pasted-by-the-user-you/work/rightclick-nested/Sources/RightClickCore/SharingCatalog.swift:25:41: warning: 'sharingServices(forItems:)' was deprecated in macOS 13.0: Use -[NSSharingServicePicker standardShareMenuItem] instead. [#DeprecatedDeclaration]
 23 |         let items = pasteboardItems(for: item)
 24 |         guard !items.isEmpty else { return [] }
 25 |         let services = NSSharingService.sharingServices(forItems: items)
    |                                         `- warning: 'sharingServices(forItems:)' was deprecated in macOS 13.0: Use -[NSSharingServicePicker standardShareMenuItem] instead. [#DeprecatedDeclaration]
 26 |         return services.compactMap { service in
 27 |             guard service.canPerform(withItems: items) else { return nil }

/Users/ross/Documents/Codex/2026-10-08/files-pasted-by-the-user-you/work/rightclick-nested/Sources/RightClickCore/SharingCatalog.swift:36:41: warning: 'sharingServices(forItems:)' was deprecated in macOS 13.0: Use -[NSSharingServicePicker standardShareMenuItem] instead. [#DeprecatedDeclaration]
 34 |     static func launch(executionId: String, capabilityID: String, item: ContentItem) {
 35 |         let items = pasteboardItems(for: item)
 36 |         let services = NSSharingService.sharingServices(forItems: items)
    |                                         `- warning: 'sharingServices(forItems:)' was deprecated in macOS 13.0: Use -[NSSharingServicePicker standardShareMenuItem] instead. [#DeprecatedDeclaration]
 37 |         ExecutionLog.write("\(executionId) discovered services: \(services.map(\.title).joined(separator: ", "))")
 38 |         guard pthread_main_np() != 0 else {

[#DeprecatedDeclaration]: <https://docs.swift.org/compiler/documentation/diagnostics/deprecated-declaration>
[1302/1320] Compiling RightClickCore SharingCatalog.swift
/Users/ross/Documents/Codex/2026-10-08/files-pasted-by-the-user-you/work/rightclick-nested/Sources/RightClickCore/SharingCatalog.swift:25:41: warning: 'sharingServices(forItems:)' was deprecated in macOS 13.0: Use -[NSSharingServicePicker standardShareMenuItem] instead. [#DeprecatedDeclaration]
 23 |         let items = pasteboardItems(for: item)
 24 |         guard !items.isEmpty else { return [] }
 25 |         let services = NSSharingService.sharingServices(forItems: items)
    |                                         `- warning: 'sharingServices(forItems:)' was deprecated in macOS 13.0: Use -[NSSharingServicePicker standardShareMenuItem] instead. [#DeprecatedDeclaration]
 26 |         return services.compactMap { service in
 27 |             guard service.canPerform(withItems: items) else { return nil }

/Users/ross/Documents/Codex/2026-10-08/files-pasted-by-the-user-you/work/rightclick-nested/Sources/RightClickCore/SharingCatalog.swift:36:41: warning: 'sharingServices(forItems:)' was deprecated in macOS 13.0: Use -[NSSharingServicePicker standardShareMenuItem] instead. [#DeprecatedDeclaration]
 34 |     static func launch(executionId: String, capabilityID: String, item: ContentItem) {
 35 |         let items = pasteboardItems(for: item)
 36 |         let services = NSSharingService.sharingServices(forItems: items)
    |                                         `- warning: 'sharingServices(forItems:)' was deprecated in macOS 13.0: Use -[NSSharingServicePicker standardShareMenuItem] instead. [#DeprecatedDeclaration]
 37 |         ExecutionLog.write("\(executionId) discovered services: \(services.map(\.title).joined(separator: ", "))")
 38 |         guard pthread_main_np() != 0 else {

[#DeprecatedDeclaration]: <https://docs.swift.org/compiler/documentation/diagnostics/deprecated-declaration>
[1303/1320] Compiling RightClickCore SharingExecutionModel.swift
/Users/ross/Documents/Codex/2026-10-08/files-pasted-by-the-user-you/work/rightclick-nested/Sources/RightClickCore/SharingCatalog.swift:25:41: warning: 'sharingServices(forItems:)' was deprecated in macOS 13.0: Use -[NSSharingServicePicker standardShareMenuItem] instead. [#DeprecatedDeclaration]
 23 |         let items = pasteboardItems(for: item)
 24 |         guard !items.isEmpty else { return [] }
 25 |         let services = NSSharingService.sharingServices(forItems: items)
    |                                         `- warning: 'sharingServices(forItems:)' was deprecated in macOS 13.0: Use -[NSSharingServicePicker standardShareMenuItem] instead. [#DeprecatedDeclaration]
 26 |         return services.compactMap { service in
 27 |             guard service.canPerform(withItems: items) else { return nil }

/Users/ross/Documents/Codex/2026-10-08/files-pasted-by-the-user-you/work/rightclick-nested/Sources/RightClickCore/SharingCatalog.swift:36:41: warning: 'sharingServices(forItems:)' was deprecated in macOS 13.0: Use -[NSSharingServicePicker standardShareMenuItem] instead. [#DeprecatedDeclaration]
 34 |     static func launch(executionId: String, capabilityID: String, item: ContentItem) {
 35 |         let items = pasteboardItems(for: item)
 36 |         let services = NSSharingService.sharingServices(forItems: items)
    |                                         `- warning: 'sharingServices(forItems:)' was deprecated in macOS 13.0: Use -[NSSharingServicePicker standardShareMenuItem] instead. [#DeprecatedDeclaration]
 37 |         ExecutionLog.write("\(executionId) discovered services: \(services.map(\.title).joined(separator: ", "))")
 38 |         guard pthread_main_np() != 0 else {

[#DeprecatedDeclaration]: <https://docs.swift.org/compiler/documentation/diagnostics/deprecated-declaration>
[1304/1320] Compiling RightClickCore OAuthOIDCAuthority.swift
[1305/1320] Compiling RightClickCore OpenAPIAuthority.swift
[1306/1320] Compiling RightClickCore OpenAPIReflector.swift
[1307/1320] Compiling RightClickCore OriginPinnedHTTP.swift
[1308/1320] Compiling RightClickCore OutcomeVerifier.swift
[1309/1320] Compiling RightClickCore ProductSurface.swift
[1310/1320] Compiling RightClickCore RCIR.swift
[1311/1320] Compiling RightClickCore RCIRExecutionHost.swift
[1312/1320] Compiling RightClickCore CapabilityReflector.swift
[1313/1320] Compiling RightClickCore CapabilityReflectorSource.swift
[1314/1320] Compiling RightClickCore CapabilityRuntimeDefaults.swift
[1315/1320] Compiling RightClickCore CapabilitySnapshotFreshness.swift
[1316/1378] Compiling RightClickMCP HTTPListener.swift
[1317/1378] Compiling RightClickMCP Server.swift
/Users/ross/Documents/Codex/2026-10-08/files-pasted-by-the-user-you/work/rightclick-nested/Sources/RightClickMCP/Server.swift:295:37: warning: 'text(_:metadata:)' is deprecated: Use .text(text:annotations:_meta:) instead. [#DeprecatedDeclaration]
293 |                 transport: transport
294 |             )
295 |             return .init(content: [.text(text)], isError: false)
    |                                     `- warning: 'text(_:metadata:)' is deprecated: Use .text(text:annotations:_meta:) instead. [#DeprecatedDeclaration]
296 |         } catch {
297 |             return .init(content: [.text(String(describing: error))], isError: true)

/Users/ross/Documents/Codex/2026-10-08/files-pasted-by-the-user-you/work/rightclick-nested/Sources/RightClickMCP/Server.swift:297:37: warning: 'text(_:metadata:)' is deprecated: Use .text(text:annotations:_meta:) instead. [#DeprecatedDeclaration]
295 |             return .init(content: [.text(text)], isError: false)
296 |         } catch {
297 |             return .init(content: [.text(String(describing: error))], isError: true)
    |                                     `- warning: 'text(_:metadata:)' is deprecated: Use .text(text:annotations:_meta:) instead. [#DeprecatedDeclaration]
298 |         }
299 |     }

[#DeprecatedDeclaration]: <https://docs.swift.org/compiler/documentation/diagnostics/deprecated-declaration>
[1318/1378] Compiling RightClickMCP ModernMCPStdioTransport.swift
[1319/1378] Compiling RightClickMCP Federation.swift
/Users/ross/Documents/Codex/2026-10-08/files-pasted-by-the-user-you/work/rightclick-nested/Sources/RightClickMCP/Federation.swift:962:29: warning: reference to captured var 'request' in concurrently-executing code; this is an error in the Swift 6 language mode [#SendableClosureCaptures]
 960 |                     .data(
 961 |                         for:
 962 |                             request
     |                             `- warning: reference to captured var 'request' in concurrently-executing code; this is an error in the Swift 6 language mode [#SendableClosureCaptures]
 963 |                     )
 964 | 

[#SendableClosureCaptures]: <https://docs.swift.org/compiler/documentation/diagnostics/sendable-closure-captures>
[1320/1378] Emitting module RightClickMCP
[1321/1399] Compiling RightClickCLI AuthorityConfigurationCLI.swift
[1322/1399] Compiling RightClickCLI BridgeRuntime.swift
[1323/1399] Compiling RightClickCLI OnboardingEngine.swift
[1324/1399] Compiling RightClickCLI OpenAIPluginSetup.swift
[1325/1399] Compiling RightClickCLI ChatGPTOnboardingTransaction.swift
[1326/1399] Compiling RightClickCLI ClaudeClientAdapter.swift
[1327/1404] Compiling RightClickCoreTests CapabilityReflectorSourceTests.swift
[1328/1404] Compiling RightClickCoreTests CapabilityRuntimeDefaultsTests.swift
[1329/1404] Compiling RightClickCoreTests CapabilitySnapshotBoundaryTests.swift
[1330/1404] Compiling RightClickCoreTests ConfiguredOpenAPISourceTests.swift
[1331/1404] Compiling RightClickCoreTests DispatchContractBindingTests.swift
[1332/1404] Compiling RightClickCoreTests EngineTests.swift
[1333/1404] Compiling RightClickCLI ProviderConfigurationCLI.swift
[1334/1404] Compiling RightClickCLI Setup.swift
[1335/1404] Compiling RightClickCLI ChatGPTLiveAttestation.swift
[1336/1404] Compiling RightClickCLI ChatGPTOnboarding.swift
[1337/1404] Compiling RightClickCLI SetupAllTransaction.swift
[1338/1404] Compiling RightClickMCPTests FederationTests.swift
[1339/1404] Emitting module RightClickMCPTests
[1340/1404] Compiling RightClickCoreTests ARDAcquisitionGateTests.swift
[1341/1404] Compiling RightClickCoreTests AcquisitionTests.swift
[1342/1404] Compiling RightClickCoreTests BonjourGRPCSourceTests.swift
[1343/1404] Compiling RightClickCoreTests BonjourOpenAPISourceTests.swift
[1344/1404] Compiling RightClickCoreTests BonjourRealLifecycleAcceptanceTests.swift
[1345/1404] Compiling RightClickCoreTests CapabilityABIAdapterTests.swift
[1346/1404] Compiling RightClickCoreTests GRPCRealProviderAcceptanceTests.swift
[1347/1404] Compiling RightClickCoreTests GRPCReflectionTransportTests.swift
[1348/1404] Compiling RightClickCoreTests GRPCReflectorTests.swift
[1349/1404] Compiling RightClickCoreTests GraphQLReflectorTests.swift
[1350/1404] Compiling RightClickCoreTests MOAT004G1AcquisitionTests.swift
[1351/1404] Compiling RightClickCoreTests MOAT004G2SplitOriginTests.swift
[1352/1404] Compiling RightClickCoreTests CapabilityABIBoundaryTests.swift
[1353/1404] Compiling RightClickCoreTests CapabilityABITests.swift
[1354/1404] Compiling RightClickCoreTests CapabilityAcquisitionLifecycleTests.swift
[1355/1404] Compiling RightClickCoreTests CapabilityArtifactResolverTests.swift
[1356/1404] Compiling RightClickCoreTests CapabilityExperienceLedgerTests.swift
[1357/1404] Compiling RightClickCoreTests CapabilityExperienceTests.swift
[1358/1404] Emitting module RightClickCoreTests
[1359/1404] Compiling RightClickCLI ClientRegistry.swift
[1360/1404] Compiling RightClickCLI CodexClientAdapter.swift
[1361/1404] Compiling RightClickCLI ChatGPTBridge.swift
[1362/1404] Compiling RightClickCLI ChatGPTBridgeInstaller.swift
[1363/1404] Compiling RightClickCLI LocalOnboarding.swift
[1364/1404] Compiling RightClickCLI NativeRegistrationBackend.swift
[1374/1404] Compiling RightClickCLI SetupState.swift
[1376/1406] Compiling RightClickCLI StableEntrypoint.swift
[1377/1406] Compiling RightClickCLI main.swift
[1378/1406] Compiling RightClickCoreTests MOAT005G6MultiSegmentPathTests.swift
[1379/1406] Compiling RightClickCoreTests NativeServiceUnicodeBoundaryTests.swift
[1380/1406] Compiling RightClickCoreTests NativeServiceUnicodeLiveAcceptanceTests.swift
[1381/1406] Compiling RightClickCoreTests RCIRIntegrationTests.swift
[1382/1406] Compiling RightClickCoreTests RCIRInvocationIsolationTests.swift
[1383/1406] Compiling RightClickCoreTests RCIRProductionDispatchTests.swift
[1384/1406] Compiling RightClickCoreTests RCIRTests.swift
[1385/1406] Compiling RightClickCoreTests ServiceContextTests.swift
[1392/1406] Emitting module RightClickCLI
[1395/1406] Compiling RightClickCoreTests ServiceOutcomeTests.swift
[1396/1406] Compiling RightClickCoreTests ServiceRTFUnicodeTests.swift
[1397/1406] Compiling RightClickCoreTests SharingExecutionTests.swift
[1398/1406] Compiling RightClickCoreTests UniversalReflectorContractTests.swift
[1399/1406] Compiling RightClickCoreTests VerificationIntegrationTests.swift
[1401/1406] Write Objects.LinkFileList
[1402/1406] Linking rightclick
[1403/1406] Applying rightclick
[1405/1426] Compiling RightClickCLITests ClientRegistryRedTests.swift
[1406/1426] Compiling RightClickCLITests CodexOnboardingRedTests.swift
[1407/1426] Compiling RightClickCLITests ClaudeConfigDirTruthTests.swift
[1408/1426] Compiling RightClickCLITests ClaudeOnboardingRedTests.swift
[1409/1426] Compiling RightClickCLITests SetupAllTransactionRedTests.swift
[1410/1426] Compiling RightClickCLITests SetupStateTests.swift
[1411/1426] Compiling RightClickCLITests ChatGPTOnboardingTests.swift
[1412/1426] Compiling RightClickCLITests ChatGPTOnboardingTransactionTests.swift
[1413/1426] Compiling RightClickCLITests SetupTests.swift
[1414/1426] Compiling RightClickCLITests StableEntrypointTests.swift
[1415/1426] Emitting module RightClickCLITests
[1416/1426] Compiling RightClickCLITests LocalOnboardingTests.swift
[1417/1426] Compiling RightClickCLITests NativeMutationLeaseRedTests.swift
[1418/1426] Compiling RightClickCLITests ChatGPTBridgeTests.swift
[1419/1426] Compiling RightClickCLITests ChatGPTLiveAttestationTests.swift
[1420/1426] Compiling RightClickCLITests OnboardingEngineTests.swift
[1421/1426] Compiling RightClickCLITests ProviderConfigurationCLITests.swift
[1422/1426] Compiling RightClickCLITests AuthorityConfigurationCLITests.swift
[1423/1426] Compiling RightClickCLITests BridgeRuntimeTests.swift
[1424/1426] Compiling RightClickCLITests ChatGPTBridgeInstallerTests.swift
[1425/1428] Compiling RightClickCLITests StableProfileIntegrityTests.swift
[1426/1428] Compiling RightClickCLITests StableUpgradeReconciliationTests.swift
[1427/1430] Compiling rightclick_mcpPackageTests runner.swift
[1428/1430] Emitting module rightclick_mcpPackageTests
[1428/1430] Write Objects.LinkFileList
[1429/1430] Linking rightclick-mcpPackageTests
Build complete! (78.00s)
Test Suite 'All tests' started at 2026-10-08 21:13:32.241.
Test Suite 'rightclick-mcpPackageTests.xctest' started at 2026-10-08 21:13:32.244.
Test Suite 'ARDAcquisitionGateTests' started at 2026-10-08 21:13:32.245.
Test Case '-[RightClickCoreTests.ARDAcquisitionGateTests testG13ARDSearchResponseBecomesOpenAPIAcquisitionCandidate]' started.
Test Case '-[RightClickCoreTests.ARDAcquisitionGateTests testG13ARDSearchResponseBecomesOpenAPIAcquisitionCandidate]' passed (0.116 seconds).
Test Case '-[RightClickCoreTests.ARDAcquisitionGateTests testG14CapabilityIsAbsentBeforeARDAndAppearsAfterDiscovery]' started.
Test Case '-[RightClickCoreTests.ARDAcquisitionGateTests testG14CapabilityIsAbsentBeforeARDAndAppearsAfterDiscovery]' passed (0.002 seconds).
Test Case '-[RightClickCoreTests.ARDAcquisitionGateTests testG15ExecutesARDAcquiredCapabilityThroughCapabilityEngine]' started.
Test Case '-[RightClickCoreTests.ARDAcquisitionGateTests testG15ExecutesARDAcquiredCapabilityThroughCapabilityEngine]' passed (0.013 seconds).
Test Case '-[RightClickCoreTests.ARDAcquisitionGateTests testG16IndependentReadBackVerifiesDurableState]' started.
Test Case '-[RightClickCoreTests.ARDAcquisitionGateTests testG16IndependentReadBackVerifiesDurableState]' passed (0.015 seconds).
Test Suite 'ARDAcquisitionGateTests' passed at 2026-10-08 21:13:32.392.
	 Executed 4 tests, with 0 failures (0 unexpected) in 0.146 (0.147) seconds
Test Suite 'ARDPortableTests' started at 2026-10-08 21:13:32.392.
Test Case '-[RightClickARDTests.ARDPortableTests testAmbiguousOpenAPIServerBindingAbstains]' started.
Test Case '-[RightClickARDTests.ARDPortableTests testAmbiguousOpenAPIServerBindingAbstains]' passed (0.000 seconds).
Test Case '-[RightClickARDTests.ARDPortableTests testG13DecodesHfDiscoverSearchResponseShape]' started.
Test Case '-[RightClickARDTests.ARDPortableTests testG13DecodesHfDiscoverSearchResponseShape]' passed (0.001 seconds).
Test Case '-[RightClickARDTests.ARDPortableTests testG13ExtractsSupportedOpenAPICandidate]' started.
Test Case '-[RightClickARDTests.ARDPortableTests testG13ExtractsSupportedOpenAPICandidate]' passed (0.000 seconds).
Test Case '-[RightClickARDTests.ARDPortableTests testSearchRequestMatchesARDEnvelope]' started.
Test Case '-[RightClickARDTests.ARDPortableTests testSearchRequestMatchesARDEnvelope]' passed (0.000 seconds).
Test Case '-[RightClickARDTests.ARDPortableTests testSearchResponseRequiresExactlyOneValueOrReference]' started.
Test Case '-[RightClickARDTests.ARDPortableTests testSearchResponseRequiresExactlyOneValueOrReference]' passed (0.000 seconds).
Test Suite 'ARDPortableTests' passed at 2026-10-08 21:13:32.394.
	 Executed 5 tests, with 0 failures (0 unexpected) in 0.001 (0.002) seconds
Test Suite 'AcquisitionTests' started at 2026-10-08 21:13:32.394.
Test Case '-[RightClickCoreTests.AcquisitionTests testDeclaredTextRepresentationsRoundTripOnThePasteboard]' started.
Test Case '-[RightClickCoreTests.AcquisitionTests testDeclaredTextRepresentationsRoundTripOnThePasteboard]' passed (0.044 seconds).
Test Case '-[RightClickCoreTests.AcquisitionTests testDirectoryAndURLClassification]' started.
Test Case '-[RightClickCoreTests.AcquisitionTests testDirectoryAndURLClassification]' passed (0.002 seconds).
Test Case '-[RightClickCoreTests.AcquisitionTests testDuplicateIDsCollapse]' started.
Test Case '-[RightClickCoreTests.AcquisitionTests testDuplicateIDsCollapse]' passed (0.000 seconds).
Test Case '-[RightClickCoreTests.AcquisitionTests testFinancialRequiresConfirmation]' started.
Test Case '-[RightClickCoreTests.AcquisitionTests testFinancialRequiresConfirmation]' passed (0.000 seconds).
Test Case '-[RightClickCoreTests.AcquisitionTests testImageServiceDoesNotApplyToPlainText]' started.
Test Case '-[RightClickCoreTests.AcquisitionTests testImageServiceDoesNotApplyToPlainText]' passed (0.000 seconds).
Test Case '-[RightClickCoreTests.AcquisitionTests testMalformedPathIsAnError]' started.
Test Case '-[RightClickCoreTests.AcquisitionTests testMalformedPathIsAnError]' passed (0.001 seconds).
Test Case '-[RightClickCoreTests.AcquisitionTests testProofURLPayloadRoundTrip]' started.
Test Case '-[RightClickCoreTests.AcquisitionTests testProofURLPayloadRoundTrip]' passed (0.002 seconds).
Test Case '-[RightClickCoreTests.AcquisitionTests testServiceAppearsAndDisappearsWithTheBundle]' started.
Test Case '-[RightClickCoreTests.AcquisitionTests testServiceAppearsAndDisappearsWithTheBundle]' passed (0.005 seconds).
Test Case '-[RightClickCoreTests.AcquisitionTests testStaleServiceIDFails]' started.
Test Case '-[RightClickCoreTests.AcquisitionTests testStaleServiceIDFails]' passed (0.756 seconds).
Test Case '-[RightClickCoreTests.AcquisitionTests testTextPasteboardTypesFollowDeclaredSendTypes]' started.
Test Case '-[RightClickCoreTests.AcquisitionTests testTextPasteboardTypesFollowDeclaredSendTypes]' passed (0.000 seconds).
Test Case '-[RightClickCoreTests.AcquisitionTests testUnknownRequiresConfirmation]' started.
Test Case '-[RightClickCoreTests.AcquisitionTests testUnknownRequiresConfirmation]' passed (0.000 seconds).
Test Case '-[RightClickCoreTests.AcquisitionTests testWebURLPayloadAbstainsForFileURLOnly]' started.
Test Case '-[RightClickCoreTests.AcquisitionTests testWebURLPayloadAbstainsForFileURLOnly]' passed (0.001 seconds).
Test Case '-[RightClickCoreTests.AcquisitionTests testWebURLPayloadUsesDeclaredPlainTextType]' started.
Test Case '-[RightClickCoreTests.AcquisitionTests testWebURLPayloadUsesDeclaredPlainTextType]' passed (0.001 seconds).
Test Case '-[RightClickCoreTests.AcquisitionTests testWebURLPayloadUsesDeclaredURLType]' started.
Test Case '-[RightClickCoreTests.AcquisitionTests testWebURLPayloadUsesDeclaredURLType]' passed (0.001 seconds).
Test Suite 'AcquisitionTests' passed at 2026-10-08 21:13:33.207.
	 Executed 14 tests, with 0 failures (0 unexpected) in 0.812 (0.813) seconds
Test Suite 'AuthorityConfigurationCLITests' started at 2026-10-08 21:13:33.207.
Test Case '-[RightClickCLITests.AuthorityConfigurationCLITests testCredentialCommandLineFlagsAreRejectedBeforeInput]' started.
Test Case '-[RightClickCLITests.AuthorityConfigurationCLITests testCredentialCommandLineFlagsAreRejectedBeforeInput]' passed (0.010 seconds).
Test Case '-[RightClickCLITests.AuthorityConfigurationCLITests testInvalidOriginAndSchemeFailBeforeCredentialRead]' started.
Test Case '-[RightClickCLITests.AuthorityConfigurationCLITests testInvalidOriginAndSchemeFailBeforeCredentialRead]' passed (0.000 seconds).
Test Case '-[RightClickCLITests.AuthorityConfigurationCLITests testSetStatusDeleteRoundTripNeverDisclosesCredential]' started.
Test Case '-[RightClickCLITests.AuthorityConfigurationCLITests testSetStatusDeleteRoundTripNeverDisclosesCredential]' passed (0.015 seconds).
Test Case '-[RightClickCLITests.AuthorityConfigurationCLITests testStatusIsBoundToExactOriginAndScheme]' started.
Test Case '-[RightClickCLITests.AuthorityConfigurationCLITests testStatusIsBoundToExactOriginAndScheme]' passed (0.013 seconds).
Test Suite 'AuthorityConfigurationCLITests' passed at 2026-10-08 21:13:33.246.
	 Executed 4 tests, with 0 failures (0 unexpected) in 0.039 (0.039) seconds
Test Suite 'BonjourGRPCSourceTests' started at 2026-10-08 21:13:33.246.
Test Case '-[RightClickCoreTests.BonjourGRPCSourceTests testMalformedSchemeAbstainsWithoutReflection]' started.
Test Case '-[RightClickCoreTests.BonjourGRPCSourceTests testMalformedSchemeAbstainsWithoutReflection]' passed (0.000 seconds).
Test Case '-[RightClickCoreTests.BonjourGRPCSourceTests testResolvedAdvertisementCreatesAndRemovesGRPCReflector]' started.
Test Case '-[RightClickCoreTests.BonjourGRPCSourceTests testResolvedAdvertisementCreatesAndRemovesGRPCReflector]' passed (0.003 seconds).
Test Case '-[RightClickCoreTests.BonjourGRPCSourceTests testUnsupportedAuthorityAdvertisementFailsClosedBeforeReflection]' started.
Test Case '-[RightClickCoreTests.BonjourGRPCSourceTests testUnsupportedAuthorityAdvertisementFailsClosedBeforeReflection]' passed (0.000 seconds).
Test Suite 'BonjourGRPCSourceTests' passed at 2026-10-08 21:13:33.250.
	 Executed 3 tests, with 0 failures (0 unexpected) in 0.004 (0.004) seconds
Test Suite 'BonjourOpenAPISourceTests' started at 2026-10-08 21:13:33.250.
Test Case '-[RightClickCoreTests.BonjourOpenAPISourceTests testAbsoluteBonjourDNSNameCanonicalizesTerminalRootDot]' started.
Test Case '-[RightClickCoreTests.BonjourOpenAPISourceTests testAbsoluteBonjourDNSNameCanonicalizesTerminalRootDot]' passed (0.001 seconds).
Test Case '-[RightClickCoreTests.BonjourOpenAPISourceTests testEndpointReplacementChangesCapabilityIdentity]' started.
Test Case '-[RightClickCoreTests.BonjourOpenAPISourceTests testEndpointReplacementChangesCapabilityIdentity]' passed (0.001 seconds).
Test Case '-[RightClickCoreTests.BonjourOpenAPISourceTests testMalformedMetadataAbstainsWithoutFetching]' started.
Test Case '-[RightClickCoreTests.BonjourOpenAPISourceTests testMalformedMetadataAbstainsWithoutFetching]' passed (0.000 seconds).
Test Case '-[RightClickCoreTests.BonjourOpenAPISourceTests testMultipleTerminalRootDotsAreRejected]' started.
Test Case '-[RightClickCoreTests.BonjourOpenAPISourceTests testMultipleTerminalRootDotsAreRejected]' passed (0.000 seconds).
Test Case '-[RightClickCoreTests.BonjourOpenAPISourceTests testRemovalMakesStaleCapabilityUnavailable]' started.
Test Case '-[RightClickCoreTests.BonjourOpenAPISourceTests testRemovalMakesStaleCapabilityUnavailable]' passed (0.001 seconds).
Test Case '-[RightClickCoreTests.BonjourOpenAPISourceTests testResolvedAdvertisementCreatesDynamicOpenAPIReflector]' started.
Test Case '-[RightClickCoreTests.BonjourOpenAPISourceTests testResolvedAdvertisementCreatesDynamicOpenAPIReflector]' passed (0.001 seconds).
Test Case '-[RightClickCoreTests.BonjourOpenAPISourceTests testTXTMetadataCannotRedirectToExternalHost]' started.
Test Case '-[RightClickCoreTests.BonjourOpenAPISourceTests testTXTMetadataCannotRedirectToExternalHost]' passed (0.000 seconds).
Test Suite 'BonjourOpenAPISourceTests' passed at 2026-10-08 21:13:33.256.
	 Executed 7 tests, with 0 failures (0 unexpected) in 0.005 (0.006) seconds
Test Suite 'BonjourRealLifecycleAcceptanceTests' started at 2026-10-08 21:13:33.256.
Test Case '-[RightClickCoreTests.BonjourRealLifecycleAcceptanceTests testRealDNSServiceDiscoveryLifecycle]' started.
/Users/ross/Documents/Codex/2026-10-08/files-pasted-by-the-user-you/work/rightclick-nested/Tests/RightClickCoreTests/BonjourRealLifecycleAcceptanceTests.swift:30: -[RightClickCoreTests.BonjourRealLifecycleAcceptanceTests testRealDNSServiceDiscoveryLifecycle] : Test skipped - NS005_REAL_DNSSD=1 is required.
Test Case '-[RightClickCoreTests.BonjourRealLifecycleAcceptanceTests testRealDNSServiceDiscoveryLifecycle]' skipped (0.001 seconds).
Test Suite 'BonjourRealLifecycleAcceptanceTests' passed at 2026-10-08 21:13:33.257.
	 Executed 1 test, with 1 test skipped and 0 failures (0 unexpected) in 0.001 (0.001) seconds
Test Suite 'BridgeRuntimeTests' started at 2026-10-08 21:13:33.257.
Test Case '-[RightClickCLITests.BridgeRuntimeTests testBundledCandidateTracksStableHomebrewPrefix]' started.
Test Case '-[RightClickCLITests.BridgeRuntimeTests testBundledCandidateTracksStableHomebrewPrefix]' passed (0.001 seconds).
Test Case '-[RightClickCLITests.BridgeRuntimeTests testBundledTunnelClientIsPreferredOverStoredRuntime]' started.
Test Case '-[RightClickCLITests.BridgeRuntimeTests testBundledTunnelClientIsPreferredOverStoredRuntime]' passed (0.006 seconds).
Test Case '-[RightClickCLITests.BridgeRuntimeTests testChildConfigurationKeepsSecretOutOfArguments]' started.
Test Case '-[RightClickCLITests.BridgeRuntimeTests testChildConfigurationKeepsSecretOutOfArguments]' passed (0.000 seconds).
Test Case '-[RightClickCLITests.BridgeRuntimeTests testForwardTerminationStopsRunningChild]' started.
Test Case '-[RightClickCLITests.BridgeRuntimeTests testForwardTerminationStopsRunningChild]' passed (0.002 seconds).
Test Case '-[RightClickCLITests.BridgeRuntimeTests testRuntimeAPIKeyValidation]' started.
Test Case '-[RightClickCLITests.BridgeRuntimeTests testRuntimeAPIKeyValidation]' passed (0.000 seconds).
Test Case '-[RightClickCLITests.BridgeRuntimeTests testTunnelClientResolutionDoesNotAcceptNonExecutableFile]' started.
Test Case '-[RightClickCLITests.BridgeRuntimeTests testTunnelClientResolutionDoesNotAcceptNonExecutableFile]' passed (0.002 seconds).
Test Case '-[RightClickCLITests.BridgeRuntimeTests testTunnelClientResolutionPrefersExplicitOverride]' started.
Test Case '-[RightClickCLITests.BridgeRuntimeTests testTunnelClientResolutionPrefersExplicitOverride]' passed (0.002 seconds).
Test Suite 'BridgeRuntimeTests' passed at 2026-10-08 21:13:33.270.
	 Executed 7 tests, with 0 failures (0 unexpected) in 0.013 (0.013) seconds
Test Suite 'CapabilityABIAdapterTests' started at 2026-10-08 21:13:33.270.
Test Case '-[RightClickCoreTests.CapabilityABIAdapterTests testChangesInAuthorityOrPolicyMetadataChangeFingerprint]' started.
Test Case '-[RightClickCoreTests.CapabilityABIAdapterTests testChangesInAuthorityOrPolicyMetadataChangeFingerprint]' passed (0.001 seconds).
Test Case '-[RightClickCoreTests.CapabilityABIAdapterTests testGenericAdapterPreservesDeclarationsAndDoesNotMutateCapability]' started.
Test Case '-[RightClickCoreTests.CapabilityABIAdapterTests testGenericAdapterPreservesDeclarationsAndDoesNotMutateCapability]' passed (0.001 seconds).
Test Case '-[RightClickCoreTests.CapabilityABIAdapterTests testSHA256MatchesCanonicalBytesAndHasNoSignatureSemantics]' started.
Test Case '-[RightClickCoreTests.CapabilityABIAdapterTests testSHA256MatchesCanonicalBytesAndHasNoSignatureSemantics]' passed (0.000 seconds).
Test Case '-[RightClickCoreTests.CapabilityABIAdapterTests testUnownedCapabilitiesCannotAcquireAnABIIdentity]' started.
Test Case '-[RightClickCoreTests.CapabilityABIAdapterTests testUnownedCapabilitiesCannotAcquireAnABIIdentity]' passed (0.000 seconds).
Test Suite 'CapabilityABIAdapterTests' passed at 2026-10-08 21:13:33.273.
	 Executed 4 tests, with 0 failures (0 unexpected) in 0.002 (0.002) seconds
Test Suite 'CapabilityABIBoundaryTests' started at 2026-10-08 21:13:33.273.
Test Case '-[RightClickCoreTests.CapabilityABIBoundaryTests testDeterministicGeneratedRoundTrips]' started.
Test Case '-[RightClickCoreTests.CapabilityABIBoundaryTests testDeterministicGeneratedRoundTrips]' passed (0.011 seconds).
Test Case '-[RightClickCoreTests.CapabilityABIBoundaryTests testLimitsCannotBeRaisedAboveReviewedCeilings]' started.
Test Case '-[RightClickCoreTests.CapabilityABIBoundaryTests testLimitsCannotBeRaisedAboveReviewedCeilings]' passed (0.000 seconds).
Test Case '-[RightClickCoreTests.CapabilityABIBoundaryTests testNestedCodableWrapperCannotBypassValueValidation]' started.
Test Case '-[RightClickCoreTests.CapabilityABIBoundaryTests testNestedCodableWrapperCannotBypassValueValidation]' passed (0.001 seconds).
Test Case '-[RightClickCoreTests.CapabilityABIBoundaryTests testResultSchemaIsBoundIntoContract]' started.
Test Case '-[RightClickCoreTests.CapabilityABIBoundaryTests testResultSchemaIsBoundIntoContract]' passed (0.000 seconds).
Test Case '-[RightClickCoreTests.CapabilityABIBoundaryTests testSchemaDoesNotAcceptUnicodeEquivalentButDifferentKeyBytes]' started.
Test Case '-[RightClickCoreTests.CapabilityABIBoundaryTests testSchemaDoesNotAcceptUnicodeEquivalentButDifferentKeyBytes]' passed (0.001 seconds).
Test Case '-[RightClickCoreTests.CapabilityABIBoundaryTests testSchemaRequiredKeysMustMatchExactUTF8]' started.
Test Case '-[RightClickCoreTests.CapabilityABIBoundaryTests testSchemaRequiredKeysMustMatchExactUTF8]' passed (0.000 seconds).
Test Case '-[RightClickCoreTests.CapabilityABIBoundaryTests testVeryDeepSchemaAndVeryWideValuesReject]' started.
Test Case '-[RightClickCoreTests.CapabilityABIBoundaryTests testVeryDeepSchemaAndVeryWideValuesReject]' passed (0.001 seconds).
Test Suite 'CapabilityABIBoundaryTests' passed at 2026-10-08 21:13:33.288.
	 Executed 7 tests, with 0 failures (0 unexpected) in 0.015 (0.015) seconds
Test Suite 'CapabilityABITests' started at 2026-10-08 21:13:33.288.
Test Case '-[RightClickCoreTests.CapabilityABITests testAllValueKindsRoundTripWithoutCoercion]' started.
Test Case '-[RightClickCoreTests.CapabilityABITests testAllValueKindsRoundTripWithoutCoercion]' passed (0.001 seconds).
Test Case '-[RightClickCoreTests.CapabilityABITests testArrayOrderAndOriginalUTF8Matter]' started.
Test Case '-[RightClickCoreTests.CapabilityABITests testArrayOrderAndOriginalUTF8Matter]' passed (0.000 seconds).
Test Case '-[RightClickCoreTests.CapabilityABITests testCanonicalByteLimitIncludesHeaderAndFraming]' started.
Test Case '-[RightClickCoreTests.CapabilityABITests testCanonicalByteLimitIncludesHeaderAndFraming]' passed (0.000 seconds).
Test Case '-[RightClickCoreTests.CapabilityABITests testCanonicalGoldenVectors]' started.
Test Case '-[RightClickCoreTests.CapabilityABITests testCanonicalGoldenVectors]' passed (0.000 seconds).
Test Case '-[RightClickCoreTests.CapabilityABITests testClosedObjectSchemaValidatesNestedValues]' started.
Test Case '-[RightClickCoreTests.CapabilityABITests testClosedObjectSchemaValidatesNestedValues]' passed (0.000 seconds).
Test Case '-[RightClickCoreTests.CapabilityABITests testClosedSchemaRejectsUnknownMissingAndWrongTypes]' started.
Test Case '-[RightClickCoreTests.CapabilityABITests testClosedSchemaRejectsUnknownMissingAndWrongTypes]' passed (0.000 seconds).
Test Case '-[RightClickCoreTests.CapabilityABITests testContractAndValueCanonicalDomainsAreDifferent]' started.
Test Case '-[RightClickCoreTests.CapabilityABITests testContractAndValueCanonicalDomainsAreDifferent]' passed (0.000 seconds).
Test Case '-[RightClickCoreTests.CapabilityABITests testContractBindsIdentitySchemaAndDeclaration]' started.
Test Case '-[RightClickCoreTests.CapabilityABITests testContractBindsIdentitySchemaAndDeclaration]' passed (0.000 seconds).
Test Case '-[RightClickCoreTests.CapabilityABITests testDepthLimitIsExact]' started.
Test Case '-[RightClickCoreTests.CapabilityABITests testDepthLimitIsExact]' passed (0.001 seconds).
Test Case '-[RightClickCoreTests.CapabilityABITests testDuplicateObjectKeysRejectedRatherThanOverwritten]' started.
Test Case '-[RightClickCoreTests.CapabilityABITests testDuplicateObjectKeysRejectedRatherThanOverwritten]' passed (0.000 seconds).
Test Case '-[RightClickCoreTests.CapabilityABITests testEnumsAndInvalidSchemaDeclarationsFailClosed]' started.
Test Case '-[RightClickCoreTests.CapabilityABITests testEnumsAndInvalidSchemaDeclarationsFailClosed]' passed (0.000 seconds).
Test Case '-[RightClickCoreTests.CapabilityABITests testInvalidContractIdentityRejected]' started.
Test Case '-[RightClickCoreTests.CapabilityABITests testInvalidContractIdentityRejected]' passed (0.000 seconds).
Test Case '-[RightClickCoreTests.CapabilityABITests testInvalidLimitsFailClosed]' started.
Test Case '-[RightClickCoreTests.CapabilityABITests testInvalidLimitsFailClosed]' passed (0.000 seconds).
Test Case '-[RightClickCoreTests.CapabilityABITests testLargeIntegerWireDoesNotUseFloatingPoint]' started.
Test Case '-[RightClickCoreTests.CapabilityABITests testLargeIntegerWireDoesNotUseFloatingPoint]' passed (0.000 seconds).
Test Case '-[RightClickCoreTests.CapabilityABITests testLegacyAdapterNeverStringifiesRicherValues]' started.
Test Case '-[RightClickCoreTests.CapabilityABITests testLegacyAdapterNeverStringifiesRicherValues]' passed (0.000 seconds).
Test Case '-[RightClickCoreTests.CapabilityABITests testLegacyStringsRoundTripAndNilIsPreserved]' started.
Test Case '-[RightClickCoreTests.CapabilityABITests testLegacyStringsRoundTripAndNilIsPreserved]' passed (0.000 seconds).
Test Case '-[RightClickCoreTests.CapabilityABITests testLengthFramingPreventsConcatenationAmbiguity]' started.
Test Case '-[RightClickCoreTests.CapabilityABITests testLengthFramingPreventsConcatenationAmbiguity]' passed (0.000 seconds).
Test Case '-[RightClickCoreTests.CapabilityABITests testNodeLimitCountsKeysAndValues]' started.
Test Case '-[RightClickCoreTests.CapabilityABITests testNodeLimitCountsKeysAndValues]' passed (0.000 seconds).
Test Case '-[RightClickCoreTests.CapabilityABITests testNonfiniteNumbersRejectedEverywhere]' started.
Test Case '-[RightClickCoreTests.CapabilityABITests testNonfiniteNumbersRejectedEverywhere]' passed (0.000 seconds).
Test Case '-[RightClickCoreTests.CapabilityABITests testNullableAndOptionalAreDifferent]' started.
Test Case '-[RightClickCoreTests.CapabilityABITests testNullableAndOptionalAreDifferent]' passed (0.000 seconds).
Test Case '-[RightClickCoreTests.CapabilityABITests testObjectInsertionOrderDoesNotMatter]' started.
Test Case '-[RightClickCoreTests.CapabilityABITests testObjectInsertionOrderDoesNotMatter]' passed (0.000 seconds).
Test Case '-[RightClickCoreTests.CapabilityABITests testSchemaSetOrderIsCanonical]' started.
Test Case '-[RightClickCoreTests.CapabilityABITests testSchemaSetOrderIsCanonical]' passed (0.000 seconds).
Test Case '-[RightClickCoreTests.CapabilityABITests testStrictWireRejectsUnknownTrailingOrMalformedValues]' started.
Test Case '-[RightClickCoreTests.CapabilityABITests testStrictWireRejectsUnknownTrailingOrMalformedValues]' passed (0.000 seconds).
Test Case '-[RightClickCoreTests.CapabilityABITests testTypesAndSignedZeroHaveDifferentCanonicalBytes]' started.
Test Case '-[RightClickCoreTests.CapabilityABITests testTypesAndSignedZeroHaveDifferentCanonicalBytes]' passed (0.000 seconds).
Test Case '-[RightClickCoreTests.CapabilityABITests testUnknownArgumentSchemaIsNotUnrestricted]' started.
Test Case '-[RightClickCoreTests.CapabilityABITests testUnknownArgumentSchemaIsNotUnrestricted]' passed (0.000 seconds).
Test Case '-[RightClickCoreTests.CapabilityABITests testWireByteLimitIsCheckedBeforeParsing]' started.
Test Case '-[RightClickCoreTests.CapabilityABITests testWireByteLimitIsCheckedBeforeParsing]' passed (0.000 seconds).
Test Suite 'CapabilityABITests' passed at 2026-10-08 21:13:33.295.
	 Executed 26 tests, with 0 failures (0 unexpected) in 0.006 (0.007) seconds
Test Suite 'CapabilityAcquisitionLifecycleTests' started at 2026-10-08 21:13:33.295.
Test Case '-[RightClickCoreTests.CapabilityAcquisitionLifecycleTests testRealProviderWithdrawalAndChangedReappearanceWithUnchangedConfiguration]' started.
Test Case '-[RightClickCoreTests.CapabilityAcquisitionLifecycleTests testRealProviderWithdrawalAndChangedReappearanceWithUnchangedConfiguration]' passed (10.561 seconds).
Test Case '-[RightClickCoreTests.CapabilityAcquisitionLifecycleTests testUnchangedConfigurationDoesNotRetainWithdrawnProviderForever]' started.
Test Case '-[RightClickCoreTests.CapabilityAcquisitionLifecycleTests testUnchangedConfigurationDoesNotRetainWithdrawnProviderForever]' passed (5.104 seconds).
Test Suite 'CapabilityAcquisitionLifecycleTests' passed at 2026-10-08 21:13:48.960.
	 Executed 2 tests, with 0 failures (0 unexpected) in 15.665 (15.665) seconds
Test Suite 'CapabilityArtifactResolverTests' started at 2026-10-08 21:13:48.960.
Test Case '-[RightClickCoreTests.CapabilityArtifactResolverTests testConfiguredSourceCachesResolvedSnapshotWithinRefreshWindow]' started.
Test Case '-[RightClickCoreTests.CapabilityArtifactResolverTests testConfiguredSourceCachesResolvedSnapshotWithinRefreshWindow]' passed (0.000 seconds).
Test Case '-[RightClickCoreTests.CapabilityArtifactResolverTests testConfiguredSourceComposesDifferentSubstratesIntoOneEngine]' started.
Test Case '-[RightClickCoreTests.CapabilityArtifactResolverTests testConfiguredSourceComposesDifferentSubstratesIntoOneEngine]' passed (0.001 seconds).
Test Case '-[RightClickCoreTests.CapabilityArtifactResolverTests testConfiguredSourceDropsAmbiguousDuplicateReflectorIdentity]' started.
Test Case '-[RightClickCoreTests.CapabilityArtifactResolverTests testConfiguredSourceDropsAmbiguousDuplicateReflectorIdentity]' passed (0.000 seconds).
Test Case '-[RightClickCoreTests.CapabilityArtifactResolverTests testDefaultRegistryAdvertisesGenericSubstrates]' started.
Test Case '-[RightClickCoreTests.CapabilityArtifactResolverTests testDefaultRegistryAdvertisesGenericSubstrates]' passed (0.000 seconds).
Test Case '-[RightClickCoreTests.CapabilityArtifactResolverTests testDuplicateConfiguredDescriptorIDsFailClosed]' started.
Test Case '-[RightClickCoreTests.CapabilityArtifactResolverTests testDuplicateConfiguredDescriptorIDsFailClosed]' passed (0.000 seconds).
Test Case '-[RightClickCoreTests.CapabilityArtifactResolverTests testDuplicateResolverKindFailsClosed]' started.
Test Case '-[RightClickCoreTests.CapabilityArtifactResolverTests testDuplicateResolverKindFailsClosed]' passed (0.000 seconds).
Test Case '-[RightClickCoreTests.CapabilityArtifactResolverTests testPlainGRPCIsLoopbackOnly]' started.
Test Case '-[RightClickCoreTests.CapabilityArtifactResolverTests testPlainGRPCIsLoopbackOnly]' passed (0.001 seconds).
Test Case '-[RightClickCoreTests.CapabilityArtifactResolverTests testPlainHTTPIsLoopbackOnly]' started.
Test Case '-[RightClickCoreTests.CapabilityArtifactResolverTests testPlainHTTPIsLoopbackOnly]' passed (0.000 seconds).
Test Case '-[RightClickCoreTests.CapabilityArtifactResolverTests testRegistryAcceptsOpaqueARDURNIdentity]' started.
Test Case '-[RightClickCoreTests.CapabilityArtifactResolverTests testRegistryAcceptsOpaqueARDURNIdentity]' passed (0.000 seconds).
Test Case '-[RightClickCoreTests.CapabilityArtifactResolverTests testRegistryRoutesByNormalizedKind]' started.
Test Case '-[RightClickCoreTests.CapabilityArtifactResolverTests testRegistryRoutesByNormalizedKind]' passed (0.000 seconds).
Test Suite 'CapabilityArtifactResolverTests' passed at 2026-10-08 21:13:48.965.
	 Executed 10 tests, with 0 failures (0 unexpected) in 0.004 (0.005) seconds
Test Suite 'CapabilityExperienceLedgerTests' started at 2026-10-08 21:13:48.965.
Test Case '-[RightClickCoreTests.CapabilityExperienceLedgerTests testAcceptanceRemainsUnverified]' started.
Test Case '-[RightClickCoreTests.CapabilityExperienceLedgerTests testAcceptanceRemainsUnverified]' passed (0.000 seconds).
Test Case '-[RightClickCoreTests.CapabilityExperienceLedgerTests testCapacityEvictsOldestAndPreservesNewest]' started.
Test Case '-[RightClickCoreTests.CapabilityExperienceLedgerTests testCapacityEvictsOldestAndPreservesNewest]' passed (0.001 seconds).
Test Case '-[RightClickCoreTests.CapabilityExperienceLedgerTests testCorruptDataIsRejectedNotSilentlyOverwritten]' started.
Test Case '-[RightClickCoreTests.CapabilityExperienceLedgerTests testCorruptDataIsRejectedNotSilentlyOverwritten]' passed (0.002 seconds).
Test Case '-[RightClickCoreTests.CapabilityExperienceLedgerTests testDuplicateExecutionIsNotDoubleCounted]' started.
Test Case '-[RightClickCoreTests.CapabilityExperienceLedgerTests testDuplicateExecutionIsNotDoubleCounted]' passed (0.000 seconds).
Test Case '-[RightClickCoreTests.CapabilityExperienceLedgerTests testEmptyLedgerHasNoLearnedEvidence]' started.
Test Case '-[RightClickCoreTests.CapabilityExperienceLedgerTests testEmptyLedgerHasNoLearnedEvidence]' passed (0.000 seconds).
Test Case '-[RightClickCoreTests.CapabilityExperienceLedgerTests testExecutionCannotBeReboundToChangedContract]' started.
Test Case '-[RightClickCoreTests.CapabilityExperienceLedgerTests testExecutionCannotBeReboundToChangedContract]' passed (0.000 seconds).
Test Case '-[RightClickCoreTests.CapabilityExperienceLedgerTests testExpiryDoesNotRefreshOnReadOrRepeatedCallback]' started.
Test Case '-[RightClickCoreTests.CapabilityExperienceLedgerTests testExpiryDoesNotRefreshOnReadOrRepeatedCallback]' passed (0.000 seconds).
Test Case '-[RightClickCoreTests.CapabilityExperienceLedgerTests testForgetAllPersists]' started.
Test Case '-[RightClickCoreTests.CapabilityExperienceLedgerTests testForgetAllPersists]' passed (0.004 seconds).
Test Case '-[RightClickCoreTests.CapabilityExperienceLedgerTests testFutureDatedEvidenceIsNotReusedAfterClockRollback]' started.
Test Case '-[RightClickCoreTests.CapabilityExperienceLedgerTests testFutureDatedEvidenceIsNotReusedAfterClockRollback]' passed (0.000 seconds).
Test Case '-[RightClickCoreTests.CapabilityExperienceLedgerTests testHardLinkedFileIsRejected]' started.
Test Case '-[RightClickCoreTests.CapabilityExperienceLedgerTests testHardLinkedFileIsRejected]' passed (0.002 seconds).
Test Case '-[RightClickCoreTests.CapabilityExperienceLedgerTests testHeldProcessLockFailsPromptlyInsteadOfHanging]' started.
Test Case '-[RightClickCoreTests.CapabilityExperienceLedgerTests testHeldProcessLockFailsPromptlyInsteadOfHanging]' passed (0.001 seconds).
Test Case '-[RightClickCoreTests.CapabilityExperienceLedgerTests testInvalidKeysAndBoundsAreRejected]' started.
Test Case '-[RightClickCoreTests.CapabilityExperienceLedgerTests testInvalidKeysAndBoundsAreRejected]' passed (0.000 seconds).
Test Case '-[RightClickCoreTests.CapabilityExperienceLedgerTests testLateAcceptanceDoesNotEraseFailure]' started.
Test Case '-[RightClickCoreTests.CapabilityExperienceLedgerTests testLateAcceptanceDoesNotEraseFailure]' passed (0.000 seconds).
Test Case '-[RightClickCoreTests.CapabilityExperienceLedgerTests testLateAcceptanceDoesNotEraseVerification]' started.
Test Case '-[RightClickCoreTests.CapabilityExperienceLedgerTests testLateAcceptanceDoesNotEraseVerification]' passed (0.000 seconds).
Test Case '-[RightClickCoreTests.CapabilityExperienceLedgerTests testOversizedDataIsRejected]' started.
Test Case '-[RightClickCoreTests.CapabilityExperienceLedgerTests testOversizedDataIsRejected]' passed (0.001 seconds).
Test Case '-[RightClickCoreTests.CapabilityExperienceLedgerTests testPersistedSchemaHasOnlyAllowlistedFields]' started.
Test Case '-[RightClickCoreTests.CapabilityExperienceLedgerTests testPersistedSchemaHasOnlyAllowlistedFields]' passed (0.001 seconds).
Test Case '-[RightClickCoreTests.CapabilityExperienceLedgerTests testPersistenceSurvivesNewInstance]' started.
Test Case '-[RightClickCoreTests.CapabilityExperienceLedgerTests testPersistenceSurvivesNewInstance]' passed (0.001 seconds).
Test Case '-[RightClickCoreTests.CapabilityExperienceLedgerTests testPrivateFilePermissions]' started.
Test Case '-[RightClickCoreTests.CapabilityExperienceLedgerTests testPrivateFilePermissions]' passed (0.001 seconds).
Test Case '-[RightClickCoreTests.CapabilityExperienceLedgerTests testSymlinkDataAndLockFilesAreRejectedWithoutChangingTarget]' started.
Test Case '-[RightClickCoreTests.CapabilityExperienceLedgerTests testSymlinkDataAndLockFilesAreRejectedWithoutChangingTarget]' passed (0.001 seconds).
Test Case '-[RightClickCoreTests.CapabilityExperienceLedgerTests testSymlinkDirectoryIsRejected]' started.
Test Case '-[RightClickCoreTests.CapabilityExperienceLedgerTests testSymlinkDirectoryIsRejected]' passed (0.000 seconds).
Test Case '-[RightClickCoreTests.CapabilityExperienceLedgerTests testTwoInstancesDoNotOverwriteEachOthersEvidence]' started.
Test Case '-[RightClickCoreTests.CapabilityExperienceLedgerTests testTwoInstancesDoNotOverwriteEachOthersEvidence]' passed (0.002 seconds).
Test Case '-[RightClickCoreTests.CapabilityExperienceLedgerTests testUnknownVersionAndDuplicateExecutionIDsAreRejected]' started.
Test Case '-[RightClickCoreTests.CapabilityExperienceLedgerTests testUnknownVersionAndDuplicateExecutionIDsAreRejected]' passed (0.002 seconds).
Test Case '-[RightClickCoreTests.CapabilityExperienceLedgerTests testUnsafeDirectoryPermissionsAreRejected]' started.
Test Case '-[RightClickCoreTests.CapabilityExperienceLedgerTests testUnsafeDirectoryPermissionsAreRejected]' passed (0.000 seconds).
Test Case '-[RightClickCoreTests.CapabilityExperienceLedgerTests testVerificationReplacesAcceptanceRatherThanAddingSuccess]' started.
Test Case '-[RightClickCoreTests.CapabilityExperienceLedgerTests testVerificationReplacesAcceptanceRatherThanAddingSuccess]' passed (0.000 seconds).
Test Suite 'CapabilityExperienceLedgerTests' passed at 2026-10-08 21:13:48.985.
	 Executed 24 tests, with 0 failures (0 unexpected) in 0.019 (0.021) seconds
Test Suite 'CapabilityExperienceTests' started at 2026-10-08 21:13:48.985.
Test Case '-[RightClickCoreTests.CapabilityExperienceTests testContractKeyChangesWithAuthoritySchemaRouteAndPolicy]' started.
Test Case '-[RightClickCoreTests.CapabilityExperienceTests testContractKeyChangesWithAuthoritySchemaRouteAndPolicy]' passed (0.000 seconds).
Test Case '-[RightClickCoreTests.CapabilityExperienceTests testDisabledExperienceDoesNotAddHints]' started.
Test Case '-[RightClickCoreTests.CapabilityExperienceTests testDisabledExperienceDoesNotAddHints]' passed (0.001 seconds).
Test Case '-[RightClickCoreTests.CapabilityExperienceTests testEmptyFailedOrUnevaluatedPredicatesNeverTeachVerifiedSuccess]' started.
Test Case '-[RightClickCoreTests.CapabilityExperienceTests testEmptyFailedOrUnevaluatedPredicatesNeverTeachVerifiedSuccess]' passed (0.000 seconds).
Test Case '-[RightClickCoreTests.CapabilityExperienceTests testGatedAndMismatchedResultsAreNotRecorded]' started.
Test Case '-[RightClickCoreTests.CapabilityExperienceTests testGatedAndMismatchedResultsAreNotRecorded]' passed (0.000 seconds).
Test Case '-[RightClickCoreTests.CapabilityExperienceTests testNamespaceSeparatesExperience]' started.
Test Case '-[RightClickCoreTests.CapabilityExperienceTests testNamespaceSeparatesExperience]' passed (0.000 seconds).
Test Case '-[RightClickCoreTests.CapabilityExperienceTests testNoCapabilitiesAreResurrectedByRecall]' started.
Test Case '-[RightClickCoreTests.CapabilityExperienceTests testNoCapabilitiesAreResurrectedByRecall]' passed (0.000 seconds).
Test Case '-[RightClickCoreTests.CapabilityExperienceTests testOnlyFingerprintsAndOutcomesPersistNotUserData]' started.
Test Case '-[RightClickCoreTests.CapabilityExperienceTests testOnlyFingerprintsAndOutcomesPersistNotUserData]' passed (0.001 seconds).
Test Case '-[RightClickCoreTests.CapabilityExperienceTests testProviderCannotForgeExperienceMetadata]' started.
Test Case '-[RightClickCoreTests.CapabilityExperienceTests testProviderCannotForgeExperienceMetadata]' passed (0.000 seconds).
Test Case '-[RightClickCoreTests.CapabilityExperienceTests testProviderExperienceKeysCannotBlockFreshDispatchOrForgeHints]' started.
Test Case '-[RightClickCoreTests.CapabilityExperienceTests testProviderExperienceKeysCannotBlockFreshDispatchOrForgeHints]' passed (0.000 seconds).
Test Case '-[RightClickCoreTests.CapabilityExperienceTests testRemovalSchemaDriftAndRevokedAuthorityRemainEnforced]' started.
Test Case '-[RightClickCoreTests.CapabilityExperienceTests testRemovalSchemaDriftAndRevokedAuthorityRemainEnforced]' passed (0.001 seconds).
Test Case '-[RightClickCoreTests.CapabilityExperienceTests testRepeatedRunAndBeginRemainUsableWithAdvisoryHistory]' started.
Test Case '-[RightClickCoreTests.CapabilityExperienceTests testRepeatedRunAndBeginRemainUsableWithAdvisoryHistory]' passed (0.001 seconds).
Test Case '-[RightClickCoreTests.CapabilityExperienceTests testRuntimeBeginLearnsVerifiedPredicatesButNextRunIsNotVerifiedByHistory]' started.
Test Case '-[RightClickCoreTests.CapabilityExperienceTests testRuntimeBeginLearnsVerifiedPredicatesButNextRunIsNotVerifiedByHistory]' passed (0.000 seconds).
Test Case '-[RightClickCoreTests.CapabilityExperienceTests testRuntimeRunLearnsAcceptanceWithoutSkippingConfirmation]' started.
Test Case '-[RightClickCoreTests.CapabilityExperienceTests testRuntimeRunLearnsAcceptanceWithoutSkippingConfirmation]' passed (0.000 seconds).
Test Case '-[RightClickCoreTests.CapabilityExperienceTests testRuntimeRunLearnsGenericVerification]' started.
Test Case '-[RightClickCoreTests.CapabilityExperienceTests testRuntimeRunLearnsGenericVerification]' passed (0.000 seconds).
Test Case '-[RightClickCoreTests.CapabilityExperienceTests testVerifiedBooleanAloneNeverTeachesVerifiedSuccess]' started.
Test Case '-[RightClickCoreTests.CapabilityExperienceTests testVerifiedBooleanAloneNeverTeachesVerifiedSuccess]' passed (0.000 seconds).
Test Suite 'CapabilityExperienceTests' passed at 2026-10-08 21:13:48.992.
	 Executed 15 tests, with 0 failures (0 unexpected) in 0.006 (0.007) seconds
Test Suite 'CapabilityReflectorSourceTests' started at 2026-10-08 21:13:48.992.
Test Case '-[RightClickCoreTests.CapabilityReflectorSourceTests testDynamicSourceStillUsesReflectorOwnershipForExecution]' started.
Test Case '-[RightClickCoreTests.CapabilityReflectorSourceTests testDynamicSourceStillUsesReflectorOwnershipForExecution]' passed (0.000 seconds).
Test Case '-[RightClickCoreTests.CapabilityReflectorSourceTests testDynamicSourceUsesExistingGenericVerifier]' started.
Test Case '-[RightClickCoreTests.CapabilityReflectorSourceTests testDynamicSourceUsesExistingGenericVerifier]' passed (0.000 seconds).
Test Case '-[RightClickCoreTests.CapabilityReflectorSourceTests testSameEngineGainsAndLosesDynamicReflector]' started.
Test Case '-[RightClickCoreTests.CapabilityReflectorSourceTests testSameEngineGainsAndLosesDynamicReflector]' passed (0.000 seconds).
Test Suite 'CapabilityReflectorSourceTests' passed at 2026-10-08 21:13:48.993.
	 Executed 3 tests, with 0 failures (0 unexpected) in 0.001 (0.001) seconds
Test Suite 'CapabilityRuntimeDefaultsTests' started at 2026-10-08 21:13:48.993.
Test Case '-[RightClickCoreTests.CapabilityRuntimeDefaultsTests testDefaultSourceRegistryContainsDynamicProtocolSources]' started.
Test Case '-[RightClickCoreTests.CapabilityRuntimeDefaultsTests testDefaultSourceRegistryContainsDynamicProtocolSources]' passed (0.000 seconds).
Test Case '-[RightClickCoreTests.CapabilityRuntimeDefaultsTests testRuntimeDefaultsConsumeLiveSuppliedSource]' started.
Test Case '-[RightClickCoreTests.CapabilityRuntimeDefaultsTests testRuntimeDefaultsConsumeLiveSuppliedSource]' passed (9.875 seconds).
Test Suite 'CapabilityRuntimeDefaultsTests' passed at 2026-10-08 21:13:58.869.
	 Executed 2 tests, with 0 failures (0 unexpected) in 9.876 (9.876) seconds
Test Suite 'CapabilitySnapshotBoundaryTests' started at 2026-10-08 21:13:58.869.
Test Case '-[RightClickCoreTests.CapabilitySnapshotBoundaryTests testConcurrentObserversShareOneAcquisition]' started.
Test Case '-[RightClickCoreTests.CapabilitySnapshotBoundaryTests testConcurrentObserversShareOneAcquisition]' passed (0.000 seconds).
Test Case '-[RightClickCoreTests.CapabilitySnapshotBoundaryTests testEngineRefreshInvalidatesGenericSourcesWithoutNewOperations]' started.
Test Case '-[RightClickCoreTests.CapabilitySnapshotBoundaryTests testEngineRefreshInvalidatesGenericSourcesWithoutNewOperations]' passed (0.001 seconds).
Test Case '-[RightClickCoreTests.CapabilitySnapshotBoundaryTests testExpiryWithdrawsProviderAndAllowsChangedReappearance]' started.
Test Case '-[RightClickCoreTests.CapabilitySnapshotBoundaryTests testExpiryWithdrawsProviderAndAllowsChangedReappearance]' passed (0.000 seconds).
Test Case '-[RightClickCoreTests.CapabilitySnapshotBoundaryTests testHostCannotRaiseSnapshotLifetimeAboveFiveMinutes]' started.
Test Case '-[RightClickCoreTests.CapabilitySnapshotBoundaryTests testHostCannotRaiseSnapshotLifetimeAboveFiveMinutes]' passed (0.000 seconds).
Test Case '-[RightClickCoreTests.CapabilitySnapshotBoundaryTests testInvalidationCannotBeOverwrittenByAnInFlightAcquisition]' started.
Test Case '-[RightClickCoreTests.CapabilitySnapshotBoundaryTests testInvalidationCannotBeOverwrittenByAnInFlightAcquisition]' passed (0.000 seconds).
Test Case '-[RightClickCoreTests.CapabilitySnapshotBoundaryTests testInvalidTimesAndLifetimesNeverCreateImmortalSnapshots]' started.
Test Case '-[RightClickCoreTests.CapabilitySnapshotBoundaryTests testInvalidTimesAndLifetimesNeverCreateImmortalSnapshots]' passed (0.000 seconds).
Test Case '-[RightClickCoreTests.CapabilitySnapshotBoundaryTests testRegressedClockCannotExtendOldSnapshot]' started.
Test Case '-[RightClickCoreTests.CapabilitySnapshotBoundaryTests testRegressedClockCannotExtendOldSnapshot]' passed (0.000 seconds).
Test Suite 'CapabilitySnapshotBoundaryTests' passed at 2026-10-08 21:13:58.871.
	 Executed 7 tests, with 0 failures (0 unexpected) in 0.002 (0.002) seconds
Test Suite 'ChatGPTBridgeInstallerTests' started at 2026-10-08 21:13:58.871.
Test Case '-[RightClickCLITests.ChatGPTBridgeInstallerTests testActivationFailsClosedWhenBootstrapFails]' started.
Test Case '-[RightClickCLITests.ChatGPTBridgeInstallerTests testActivationFailsClosedWhenBootstrapFails]' passed (0.002 seconds).
Test Case '-[RightClickCLITests.ChatGPTBridgeInstallerTests testActivationUsesExpectedLaunchctlSequence]' started.
Test Case '-[RightClickCLITests.ChatGPTBridgeInstallerTests testActivationUsesExpectedLaunchctlSequence]' passed (0.002 seconds).
Test Case '-[RightClickCLITests.ChatGPTBridgeInstallerTests testBridgeStatusReportsLoadedService]' started.
Test Case '-[RightClickCLITests.ChatGPTBridgeInstallerTests testBridgeStatusReportsLoadedService]' passed (0.000 seconds).
Test Case '-[RightClickCLITests.ChatGPTBridgeInstallerTests testBridgeStatusReportsStoppedService]' started.
Test Case '-[RightClickCLITests.ChatGPTBridgeInstallerTests testBridgeStatusReportsStoppedService]' passed (0.000 seconds).
Test Case '-[RightClickCLITests.ChatGPTBridgeInstallerTests testDeactivateBootsOutLoadedBridge]' started.
Test Case '-[RightClickCLITests.ChatGPTBridgeInstallerTests testDeactivateBootsOutLoadedBridge]' passed (0.001 seconds).
Test Case '-[RightClickCLITests.ChatGPTBridgeInstallerTests testPrepareRejectsOldTunnelClient]' started.
Test Case '-[RightClickCLITests.ChatGPTBridgeInstallerTests testPrepareRejectsOldTunnelClient]' passed (0.256 seconds).
Test Case '-[RightClickCLITests.ChatGPTBridgeInstallerTests testPrepareRequiresStoredRuntimeKey]' started.
Test Case '-[RightClickCLITests.ChatGPTBridgeInstallerTests testPrepareRequiresStoredRuntimeKey]' passed (0.257 seconds).
Test Case '-[RightClickCLITests.ChatGPTBridgeInstallerTests testPrepareWritesProfileLaunchAgentAndBridgeState]' started.
Test Case '-[RightClickCLITests.ChatGPTBridgeInstallerTests testPrepareWritesProfileLaunchAgentAndBridgeState]' passed (0.264 seconds).
Test Suite 'ChatGPTBridgeInstallerTests' passed at 2026-10-08 21:13:59.654.
	 Executed 8 tests, with 0 failures (0 unexpected) in 0.782 (0.783) seconds
Test Suite 'ChatGPTBridgeTests' started at 2026-10-08 21:13:59.654.
Test Case '-[RightClickCLITests.ChatGPTBridgeTests testBridgeFilesAreDeterministicAndPrivate]' started.
Test Case '-[RightClickCLITests.ChatGPTBridgeTests testBridgeFilesAreDeterministicAndPrivate]' passed (0.005 seconds).
Test Case '-[RightClickCLITests.ChatGPTBridgeTests testBridgeWritingCreatesRuntimeDirectories]' started.
Test Case '-[RightClickCLITests.ChatGPTBridgeTests testBridgeWritingCreatesRuntimeDirectories]' passed (0.002 seconds).
Test Case '-[RightClickCLITests.ChatGPTBridgeTests testInvalidTunnelIDsAreRejected]' started.
Test Case '-[RightClickCLITests.ChatGPTBridgeTests testInvalidTunnelIDsAreRejected]' passed (0.000 seconds).
Test Case '-[RightClickCLITests.ChatGPTBridgeTests testLaunchAgentUsesStableRightClickEntryPoint]' started.
Test Case '-[RightClickCLITests.ChatGPTBridgeTests testLaunchAgentUsesStableRightClickEntryPoint]' passed (0.000 seconds).
Test Case '-[RightClickCLITests.ChatGPTBridgeTests testProfileMatchesOpenAIStdioTunnelShape]' started.
Test Case '-[RightClickCLITests.ChatGPTBridgeTests testProfileMatchesOpenAIStdioTunnelShape]' passed (0.000 seconds).
Test Case '-[RightClickCLITests.ChatGPTBridgeTests testTunnelClientMinimumVersionGate]' started.
Test Case '-[RightClickCLITests.ChatGPTBridgeTests testTunnelClientMinimumVersionGate]' passed (0.000 seconds).
Test Suite 'ChatGPTBridgeTests' passed at 2026-10-08 21:13:59.663.
	 Executed 6 tests, with 0 failures (0 unexpected) in 0.008 (0.008) seconds
Test Suite 'ChatGPTLiveAttestationTests' started at 2026-10-08 21:13:59.663.
Test Case '-[RightClickCLITests.ChatGPTLiveAttestationTests testConflictingRightClickMCPChildFailsClosed]' started.
Test Case '-[RightClickCLITests.ChatGPTLiveAttestationTests testConflictingRightClickMCPChildFailsClosed]' passed (0.001 seconds).
Test Case '-[RightClickCLITests.ChatGPTLiveAttestationTests testExpectedMCPWithAuxiliaryCodexChildPasses]' started.
Test Case '-[RightClickCLITests.ChatGPTLiveAttestationTests testExpectedMCPWithAuxiliaryCodexChildPasses]' passed (0.000 seconds).
Test Case '-[RightClickCLITests.ChatGPTLiveAttestationTests testMissingExpectedRightClickMCPFailsClosed]' started.
Test Case '-[RightClickCLITests.ChatGPTLiveAttestationTests testMissingExpectedRightClickMCPFailsClosed]' passed (0.000 seconds).
Test Case '-[RightClickCLITests.ChatGPTLiveAttestationTests testNonRunningMCPHealthFails]' started.
Test Case '-[RightClickCLITests.ChatGPTLiveAttestationTests testNonRunningMCPHealthFails]' passed (0.002 seconds).
Test Case '-[RightClickCLITests.ChatGPTLiveAttestationTests testNotObservedMCPHealthWithRunningChildPasses]' started.
Test Case '-[RightClickCLITests.ChatGPTLiveAttestationTests testNotObservedMCPHealthWithRunningChildPasses]' passed (0.001 seconds).
Test Case '-[RightClickCLITests.ChatGPTLiveAttestationTests testNotReadyTunnelFailsHealthAttestation]' started.
Test Case '-[RightClickCLITests.ChatGPTLiveAttestationTests testNotReadyTunnelFailsHealthAttestation]' passed (0.001 seconds).
Test Suite 'ChatGPTLiveAttestationTests' passed at 2026-10-08 21:13:59.668.
	 Executed 6 tests, with 0 failures (0 unexpected) in 0.005 (0.005) seconds
Test Suite 'ChatGPTOnboardingTests' started at 2026-10-08 21:13:59.668.
Test Case '-[RightClickCLITests.ChatGPTOnboardingTests testDriftWithoutYesRequiresConsent]' started.
Test Case '-[RightClickCLITests.ChatGPTOnboardingTests testDriftWithoutYesRequiresConsent]' passed (0.259 seconds).
Test Case '-[RightClickCLITests.ChatGPTOnboardingTests testFullyAlignedPlanReportsAligned]' started.
Test Case '-[RightClickCLITests.ChatGPTOnboardingTests testFullyAlignedPlanReportsAligned]' passed (0.137 seconds).
Test Case '-[RightClickCLITests.ChatGPTOnboardingTests testLaunchAgentArgumentsParse]' started.
Test Case '-[RightClickCLITests.ChatGPTOnboardingTests testLaunchAgentArgumentsParse]' passed (0.003 seconds).
Test Case '-[RightClickCLITests.ChatGPTOnboardingTests testLaunchAgentDriftIsDetected]' started.
Test Case '-[RightClickCLITests.ChatGPTOnboardingTests testLaunchAgentDriftIsDetected]' passed (0.136 seconds).
Test Case '-[RightClickCLITests.ChatGPTOnboardingTests testMissingKeyIsReported]' started.
Test Case '-[RightClickCLITests.ChatGPTOnboardingTests testMissingKeyIsReported]' passed (0.006 seconds).
Test Case '-[RightClickCLITests.ChatGPTOnboardingTests testMissingStateRequiresPairing]' started.
Test Case '-[RightClickCLITests.ChatGPTOnboardingTests testMissingStateRequiresPairing]' passed (0.002 seconds).
Test Case '-[RightClickCLITests.ChatGPTOnboardingTests testNonDryRunDoesNotModifyAnything]' started.
Test Case '-[RightClickCLITests.ChatGPTOnboardingTests testNonDryRunDoesNotModifyAnything]' passed (0.197 seconds).
Test Case '-[RightClickCLITests.ChatGPTOnboardingTests testOptionsAcceptPreview]' started.
Test Case '-[RightClickCLITests.ChatGPTOnboardingTests testOptionsAcceptPreview]' passed (0.000 seconds).
Test Case '-[RightClickCLITests.ChatGPTOnboardingTests testProfileCommandParsesGeneratedProfile]' started.
Test Case '-[RightClickCLITests.ChatGPTOnboardingTests testProfileCommandParsesGeneratedProfile]' passed (0.002 seconds).
Test Case '-[RightClickCLITests.ChatGPTOnboardingTests testProfileDriftIsDetected]' started.
Test Case '-[RightClickCLITests.ChatGPTOnboardingTests testProfileDriftIsDetected]' passed (0.194 seconds).
Test Case '-[RightClickCLITests.ChatGPTOnboardingTests testStoppedBridgeIsNotAligned]' started.
Test Case '-[RightClickCLITests.ChatGPTOnboardingTests testStoppedBridgeIsNotAligned]' passed (0.196 seconds).
Test Case '-[RightClickCLITests.ChatGPTOnboardingTests testUnknownOptionFails]' started.
Test Case '-[RightClickCLITests.ChatGPTOnboardingTests testUnknownOptionFails]' passed (0.000 seconds).
Test Suite 'ChatGPTOnboardingTests' passed at 2026-10-08 21:14:00.802.
	 Executed 12 tests, with 0 failures (0 unexpected) in 1.133 (1.134) seconds
Test Suite 'ChatGPTOnboardingTransactionTests' started at 2026-10-08 21:14:00.802.
Test Case '-[RightClickCLITests.ChatGPTOnboardingTransactionTests testActivationFailureRestoresExactOwnedFiles]' started.
Test Case '-[RightClickCLITests.ChatGPTOnboardingTransactionTests testActivationFailureRestoresExactOwnedFiles]' passed (0.269 seconds).
Test Case '-[RightClickCLITests.ChatGPTOnboardingTransactionTests testAttestationFailureRestoresExactOwnedFiles]' started.
Test Case '-[RightClickCLITests.ChatGPTOnboardingTransactionTests testAttestationFailureRestoresExactOwnedFiles]' passed (5.118 seconds).
Test Case '-[RightClickCLITests.ChatGPTOnboardingTransactionTests testSuccessfulMigrationUpdatesAllOwnedFiles]' started.
Test Case '-[RightClickCLITests.ChatGPTOnboardingTransactionTests testSuccessfulMigrationUpdatesAllOwnedFiles]' passed (0.344 seconds).
Test Suite 'ChatGPTOnboardingTransactionTests' passed at 2026-10-08 21:14:06.534.
	 Executed 3 tests, with 0 failures (0 unexpected) in 5.731 (5.732) seconds
Test Suite 'ClaudeConfigDirTruthTests' started at 2026-10-08 21:14:06.534.
Test Case '-[RightClickCLITests.ClaudeConfigDirTruthTests testClaudeConfigurationSurfaceHonorsClaudeConfigDirOverride]' started.
Test Case '-[RightClickCLITests.ClaudeConfigDirTruthTests testClaudeConfigurationSurfaceHonorsClaudeConfigDirOverride]' passed (0.004 seconds).
Test Suite 'ClaudeConfigDirTruthTests' passed at 2026-10-08 21:14:06.538.
	 Executed 1 test, with 0 failures (0 unexpected) in 0.004 (0.004) seconds
Test Suite 'ClaudeOnboardingRedTests' started at 2026-10-08 21:14:06.538.
Test Case '-[RightClickCLITests.ClaudeOnboardingRedTests testClaudeConflictingRegistrationFailsClosed]' started.
Test Case '-[RightClickCLITests.ClaudeOnboardingRedTests testClaudeConflictingRegistrationFailsClosed]' passed (0.257 seconds).
Test Case '-[RightClickCLITests.ClaudeOnboardingRedTests testClaudeDisconnectRefusesConflictingRegistration]' started.
Test Case '-[RightClickCLITests.ClaudeOnboardingRedTests testClaudeDisconnectRefusesConflictingRegistration]' passed (0.257 seconds).
Test Case '-[RightClickCLITests.ClaudeOnboardingRedTests testClaudeDisconnectUsesNativeUserScopeRemove]' started.
Test Case '-[RightClickCLITests.ClaudeOnboardingRedTests testClaudeDisconnectUsesNativeUserScopeRemove]' passed (0.515 seconds).
Test Case '-[RightClickCLITests.ClaudeOnboardingRedTests testClaudeDryRunUsesNativeInspectionAndNeverMutates]' started.
Test Case '-[RightClickCLITests.ClaudeOnboardingRedTests testClaudeDryRunUsesNativeInspectionAndNeverMutates]' passed (0.324 seconds).
Test Case '-[RightClickCLITests.ClaudeOnboardingRedTests testClaudeExactExistingRegistrationIsIdempotent]' started.
Test Case '-[RightClickCLITests.ClaudeOnboardingRedTests testClaudeExactExistingRegistrationIsIdempotent]' passed (0.387 seconds).
Test Case '-[RightClickCLITests.ClaudeOnboardingRedTests testClaudeNonInteractiveRequiresConsentWithoutNativeMutation]' started.
Test Case '-[RightClickCLITests.ClaudeOnboardingRedTests testClaudeNonInteractiveRequiresConsentWithoutNativeMutation]' passed (0.323 seconds).
Test Case '-[RightClickCLITests.ClaudeOnboardingRedTests testClaudeYesUsesFrozenNativeUserScopeBackendAndVerifiesConnection]' started.
Test Case '-[RightClickCLITests.ClaudeOnboardingRedTests testClaudeYesUsesFrozenNativeUserScopeBackendAndVerifiesConnection]' passed (0.517 seconds).
Test Case '-[RightClickCLITests.ClaudeOnboardingRedTests testOptionsAcceptClaudeAsSecondClient]' started.
Test Case '-[RightClickCLITests.ClaudeOnboardingRedTests testOptionsAcceptClaudeAsSecondClient]' passed (0.000 seconds).
Test Suite 'ClaudeOnboardingRedTests' passed at 2026-10-08 21:14:09.120.
	 Executed 8 tests, with 0 failures (0 unexpected) in 2.581 (2.582) seconds
Test Suite 'ClientRegistryRedTests' started at 2026-10-08 21:14:09.120.
Test Case '-[RightClickCLITests.ClientRegistryRedTests testAdaptersOwnClientSpecificPresentationInsteadOfLocalRouter]' started.
Test Case '-[RightClickCLITests.ClientRegistryRedTests testAdaptersOwnClientSpecificPresentationInsteadOfLocalRouter]' passed (0.003 seconds).
Test Case '-[RightClickCLITests.ClientRegistryRedTests testAllCurrentlySupportedExplicitClientIDsRemainAccepted]' started.
Test Case '-[RightClickCLITests.ClientRegistryRedTests testAllCurrentlySupportedExplicitClientIDsRemainAccepted]' passed (0.000 seconds).
Test Case '-[RightClickCLITests.ClientRegistryRedTests testLocalOnboardingDelegatesClientCatalogAndRoutingToRegistry]' started.
Test Case '-[RightClickCLITests.ClientRegistryRedTests testLocalOnboardingDelegatesClientCatalogAndRoutingToRegistry]' passed (0.004 seconds).
Test Case '-[RightClickCLITests.ClientRegistryRedTests testRegistrySourceOwnsExistingAdaptersInStableOrder]' started.
Test Case '-[RightClickCLITests.ClientRegistryRedTests testRegistrySourceOwnsExistingAdaptersInStableOrder]' passed (0.000 seconds).
Test Case '-[RightClickCLITests.ClientRegistryRedTests testUnknownClientStillFailsClosed]' started.
Test Case '-[RightClickCLITests.ClientRegistryRedTests testUnknownClientStillFailsClosed]' passed (0.000 seconds).
Test Suite 'ClientRegistryRedTests' passed at 2026-10-08 21:14:09.128.
	 Executed 5 tests, with 0 failures (0 unexpected) in 0.007 (0.007) seconds
Test Suite 'CodexOnboardingRedTests' started at 2026-10-08 21:14:09.128.
Test Case '-[RightClickCLITests.CodexOnboardingRedTests testCodexConflictingCommandFailsClosedBeforeNativeAdd]' started.
Test Case '-[RightClickCLITests.CodexOnboardingRedTests testCodexConflictingCommandFailsClosedBeforeNativeAdd]' passed (0.256 seconds).
Test Case '-[RightClickCLITests.CodexOnboardingRedTests testCodexDisconnectRefusesConflictingRegistration]' started.
Test Case '-[RightClickCLITests.CodexOnboardingRedTests testCodexDisconnectRefusesConflictingRegistration]' passed (0.259 seconds).
Test Case '-[RightClickCLITests.CodexOnboardingRedTests testCodexDisconnectUsesNativeGlobalRemove]' started.
Test Case '-[RightClickCLITests.CodexOnboardingRedTests testCodexDisconnectUsesNativeGlobalRemove]' passed (0.453 seconds).
Test Case '-[RightClickCLITests.CodexOnboardingRedTests testCodexDryRunUsesNativeInspectionAndNeverMutates]' started.
Test Case '-[RightClickCLITests.CodexOnboardingRedTests testCodexDryRunUsesNativeInspectionAndNeverMutates]' passed (0.258 seconds).
Test Case '-[RightClickCLITests.CodexOnboardingRedTests testCodexExactExistingRegistrationIsIdempotent]' started.
Test Case '-[RightClickCLITests.CodexOnboardingRedTests testCodexExactExistingRegistrationIsIdempotent]' passed (0.255 seconds).
Test Case '-[RightClickCLITests.CodexOnboardingRedTests testCodexNonInteractiveRequiresConsentWithoutMutation]' started.
Test Case '-[RightClickCLITests.CodexOnboardingRedTests testCodexNonInteractiveRequiresConsentWithoutMutation]' passed (0.258 seconds).
Test Case '-[RightClickCLITests.CodexOnboardingRedTests testCodexSameCommandDifferentArgsAlsoFailsClosed]' started.
Test Case '-[RightClickCLITests.CodexOnboardingRedTests testCodexSameCommandDifferentArgsAlsoFailsClosed]' passed (0.514 seconds).
Test Case '-[RightClickCLITests.CodexOnboardingRedTests testCodexYesUsesNativeGlobalBackendWithoutFalseConnectionClaim]' started.
Test Case '-[RightClickCLITests.CodexOnboardingRedTests testCodexYesUsesNativeGlobalBackendWithoutFalseConnectionClaim]' passed (0.450 seconds).
Test Case '-[RightClickCLITests.CodexOnboardingRedTests testOptionsAcceptCodexAsThirdClient]' started.
Test Case '-[RightClickCLITests.CodexOnboardingRedTests testOptionsAcceptCodexAsThirdClient]' passed (0.000 seconds).
Test Suite 'CodexOnboardingRedTests' passed at 2026-10-08 21:14:11.831.
	 Executed 9 tests, with 0 failures (0 unexpected) in 2.703 (2.704) seconds
Test Suite 'ConfiguredOpenAPISourceTests' started at 2026-10-08 21:14:11.831.
Test Case '-[RightClickCoreTests.ConfiguredOpenAPISourceTests testCredentialLikeUnknownFieldFailsClosed]' started.
Test Case '-[RightClickCoreTests.ConfiguredOpenAPISourceTests testCredentialLikeUnknownFieldFailsClosed]' passed (0.001 seconds).
Test Case '-[RightClickCoreTests.ConfiguredOpenAPISourceTests testDuplicateProviderIDsFailClosed]' started.
Test Case '-[RightClickCoreTests.ConfiguredOpenAPISourceTests testDuplicateProviderIDsFailClosed]' passed (0.000 seconds).
Test Case '-[RightClickCoreTests.ConfiguredOpenAPISourceTests testLongLivedEngineObservesConfiguredAddReplaceAndRemove]' started.
Test Case '-[RightClickCoreTests.ConfiguredOpenAPISourceTests testLongLivedEngineObservesConfiguredAddReplaceAndRemove]' passed (0.003 seconds).
Test Case '-[RightClickCoreTests.ConfiguredOpenAPISourceTests testMalformedConfigurationRemovesPreviouslyVisibleReflector]' started.
Test Case '-[RightClickCoreTests.ConfiguredOpenAPISourceTests testMalformedConfigurationRemovesPreviouslyVisibleReflector]' passed (0.001 seconds).
Test Case '-[RightClickCoreTests.ConfiguredOpenAPISourceTests testRegistryRejectsNonHTTPSAndCredentialBearingURLs]' started.
Test Case '-[RightClickCoreTests.ConfiguredOpenAPISourceTests testRegistryRejectsNonHTTPSAndCredentialBearingURLs]' passed (0.000 seconds).
Test Case '-[RightClickCoreTests.ConfiguredOpenAPISourceTests testRegistryWriteIsDeterministicAndPrivate]' started.
Test Case '-[RightClickCoreTests.ConfiguredOpenAPISourceTests testRegistryWriteIsDeterministicAndPrivate]' passed (0.001 seconds).
Test Case '-[RightClickCoreTests.ConfiguredOpenAPISourceTests testUnchangedConfigurationDoesNotRefetchSpecification]' started.
Test Case '-[RightClickCoreTests.ConfiguredOpenAPISourceTests testUnchangedConfigurationDoesNotRefetchSpecification]' passed (0.001 seconds).
Test Suite 'ConfiguredOpenAPISourceTests' passed at 2026-10-08 21:14:11.839.
	 Executed 7 tests, with 0 failures (0 unexpected) in 0.007 (0.007) seconds
Test Suite 'DispatchContractBindingTests' started at 2026-10-08 21:14:11.839.
Test Case '-[RightClickCoreTests.DispatchContractBindingTests testChangedAuthorityOriginIsNotDispatched]' started.
Test Case '-[RightClickCoreTests.DispatchContractBindingTests testChangedAuthorityOriginIsNotDispatched]' passed (0.001 seconds).
Test Case '-[RightClickCoreTests.DispatchContractBindingTests testChangedEndpointIsNotDispatched]' started.
Test Case '-[RightClickCoreTests.DispatchContractBindingTests testChangedEndpointIsNotDispatched]' passed (0.000 seconds).
Test Case '-[RightClickCoreTests.DispatchContractBindingTests testChangedInvocationOrProviderIsNotDispatched]' started.
Test Case '-[RightClickCoreTests.DispatchContractBindingTests testChangedInvocationOrProviderIsNotDispatched]' passed (0.001 seconds).
Test Case '-[RightClickCoreTests.DispatchContractBindingTests testChangedSchemaOrMethodIsNotDispatched]' started.
Test Case '-[RightClickCoreTests.DispatchContractBindingTests testChangedSchemaOrMethodIsNotDispatched]' passed (0.001 seconds).
Test Case '-[RightClickCoreTests.DispatchContractBindingTests testConfirmationStillStopsBeforeRevalidationOrDispatch]' started.
Test Case '-[RightClickCoreTests.DispatchContractBindingTests testConfirmationStillStopsBeforeRevalidationOrDispatch]' passed (0.000 seconds).
Test Case '-[RightClickCoreTests.DispatchContractBindingTests testConflictingDuplicateCannotHideBehindFirstMatch]' started.
Test Case '-[RightClickCoreTests.DispatchContractBindingTests testConflictingDuplicateCannotHideBehindFirstMatch]' passed (0.001 seconds).
Test Case '-[RightClickCoreTests.DispatchContractBindingTests testDelegatedVerificationCannotBypassBinding]' started.
Test Case '-[RightClickCoreTests.DispatchContractBindingTests testDelegatedVerificationCannotBypassBinding]' passed (0.001 seconds).
Test Case '-[RightClickCoreTests.DispatchContractBindingTests testDistinctUnicodeAuthorityBytesAreNotConflated]' started.
Test Case '-[RightClickCoreTests.DispatchContractBindingTests testDistinctUnicodeAuthorityBytesAreNotConflated]' passed (0.000 seconds).
Test Case '-[RightClickCoreTests.DispatchContractBindingTests testEngineAssignedOwnershipStillWinsOverProviderMetadata]' started.
Test Case '-[RightClickCoreTests.DispatchContractBindingTests testEngineAssignedOwnershipStillWinsOverProviderMetadata]' passed (0.000 seconds).
Test Case '-[RightClickCoreTests.DispatchContractBindingTests testEquivalentRecreatedReflectorRemainsUsable]' started.
Test Case '-[RightClickCoreTests.DispatchContractBindingTests testEquivalentRecreatedReflectorRemainsUsable]' passed (0.000 seconds).
Test Case '-[RightClickCoreTests.DispatchContractBindingTests testFailedRevalidationIsNotDispatched]' started.
Test Case '-[RightClickCoreTests.DispatchContractBindingTests testFailedRevalidationIsNotDispatched]' passed (0.000 seconds).
Test Case '-[RightClickCoreTests.DispatchContractBindingTests testIdenticalDuplicateDoesNotBreakExistingProviders]' started.
Test Case '-[RightClickCoreTests.DispatchContractBindingTests testIdenticalDuplicateDoesNotBreakExistingProviders]' passed (0.000 seconds).
Test Case '-[RightClickCoreTests.DispatchContractBindingTests testMetadataKeyOrderDoesNotInvalidateContract]' started.
Test Case '-[RightClickCoreTests.DispatchContractBindingTests testMetadataKeyOrderDoesNotInvalidateContract]' passed (0.000 seconds).
Test Case '-[RightClickCoreTests.DispatchContractBindingTests testSafetyEscalationCannotInheritUnconfirmedRead]' started.
Test Case '-[RightClickCoreTests.DispatchContractBindingTests testSafetyEscalationCannotInheritUnconfirmedRead]' passed (0.000 seconds).
Test Case '-[RightClickCoreTests.DispatchContractBindingTests testWithdrawnCapabilityIsNotDispatched]' started.
Test Case '-[RightClickCoreTests.DispatchContractBindingTests testWithdrawnCapabilityIsNotDispatched]' passed (0.000 seconds).
Test Suite 'DispatchContractBindingTests' passed at 2026-10-08 21:14:11.846.
	 Executed 15 tests, with 0 failures (0 unexpected) in 0.007 (0.008) seconds
Test Suite 'EngineTests' started at 2026-10-08 21:14:11.846.
Test Case '-[RightClickCoreTests.EngineTests testAcceptedServiceInvocationDoesNotEstablishSemanticSuccess]' started.
Test Case '-[RightClickCoreTests.EngineTests testAcceptedServiceInvocationDoesNotEstablishSemanticSuccess]' passed (3.514 seconds).
Test Case '-[RightClickCoreTests.EngineTests testExplicitReturnedTextPostconditionVerifiesOnlyReturnedText]' started.
Test Case '-[RightClickCoreTests.EngineTests testExplicitReturnedTextPostconditionVerifiesOnlyReturnedText]' passed (3.134 seconds).
Test Case '-[RightClickCoreTests.EngineTests testExternalShareIsGated]' started.
Test Case '-[RightClickCoreTests.EngineTests testExternalShareIsGated]' passed (3.826 seconds).
Test Case '-[RightClickCoreTests.EngineTests testFixturesDifferentiateSharingAndQuickActions]' started.
Test Case '-[RightClickCoreTests.EngineTests testFixturesDifferentiateSharingAndQuickActions]' passed (12.925 seconds).
Test Case '-[RightClickCoreTests.EngineTests testFullWidthServiceRoundTrip]' started.
Test Case '-[RightClickCoreTests.EngineTests testFullWidthServiceRoundTrip]' passed (3.713 seconds).
Test Case '-[RightClickCoreTests.EngineTests testMarkupIsDiscoveredButNotInvokable]' started.
Test Case '-[RightClickCoreTests.EngineTests testMarkupIsDiscoveredButNotInvokable]' passed (2.477 seconds).
Test Suite 'EngineTests' passed at 2026-10-08 21:14:41.437.
	 Executed 6 tests, with 0 failures (0 unexpected) in 29.590 (29.591) seconds
Test Suite 'FederationTests' started at 2026-10-08 21:14:41.437.
Test Case '-[RightClickMCPTests.FederationTests testExplicitVerificationRunsAtRemoteBoundary]' started.
Test Case '-[RightClickMCPTests.FederationTests testExplicitVerificationRunsAtRemoteBoundary]' passed (0.001 seconds).
Test Case '-[RightClickMCPTests.FederationTests testFederatedCapabilityAppearsAndDisappearsLive]' started.
Test Case '-[RightClickMCPTests.FederationTests testFederatedCapabilityAppearsAndDisappearsLive]' passed (0.000 seconds).
Test Case '-[RightClickMCPTests.FederationTests testFederationDoesNotReexportFederatedCapability]' started.
Test Case '-[RightClickMCPTests.FederationTests testFederationDoesNotReexportFederatedCapability]' passed (0.000 seconds).
Test Case '-[RightClickMCPTests.FederationTests testIncompleteRemoteVerificationIsDowngraded]' started.
Test Case '-[RightClickMCPTests.FederationTests testIncompleteRemoteVerificationIsDowngraded]' passed (0.000 seconds).
Test Case '-[RightClickMCPTests.FederationTests testLoopbackIPPeersCanonicalizeToLocalhostForTransport]' started.
Test Case '-[RightClickMCPTests.FederationTests testLoopbackIPPeersCanonicalizeToLocalhostForTransport]' passed (0.000 seconds).
Test Case '-[RightClickMCPTests.FederationTests testModelFacingToolSurfaceRemainsSevenGenericOperations]' started.
Test Case '-[RightClickMCPTests.FederationTests testModelFacingToolSurfaceRemainsSevenGenericOperations]' passed (0.000 seconds).
Test Case '-[RightClickMCPTests.FederationTests testNonRightClickPeerContributesNoCapabilities]' started.
Test Case '-[RightClickMCPTests.FederationTests testNonRightClickPeerContributesNoCapabilities]' passed (0.000 seconds).
Test Case '-[RightClickMCPTests.FederationTests testPeerConfigurationFailsClosedOutsideLoopback]' started.
Test Case '-[RightClickMCPTests.FederationTests testPeerConfigurationFailsClosedOutsideLoopback]' passed (0.000 seconds).
Test Suite 'FederationTests' passed at 2026-10-08 21:14:41.440.
	 Executed 8 tests, with 0 failures (0 unexpected) in 0.003 (0.003) seconds
Test Suite 'GRPCRealProviderAcceptanceTests' started at 2026-10-08 21:14:41.440.
Test Case '-[RightClickCoreTests.GRPCRealProviderAcceptanceTests testRealServerReflectionDiscoversProviderCapabilities]' started.
/Users/ross/Documents/Codex/2026-10-08/files-pasted-by-the-user-you/work/rightclick-nested/Tests/RightClickCoreTests/GRPCRealProviderAcceptanceTests.swift:21: -[RightClickCoreTests.GRPCRealProviderAcceptanceTests testRealServerReflectionDiscoversProviderCapabilities] : Test skipped - RIGHTCLICK_GRPC_REAL_HOST required for real gRPC reflection acceptance.
Test Case '-[RightClickCoreTests.GRPCRealProviderAcceptanceTests testRealServerReflectionDiscoversProviderCapabilities]' skipped (0.001 seconds).
Test Suite 'GRPCRealProviderAcceptanceTests' passed at 2026-10-08 21:14:41.441.
	 Executed 1 test, with 1 test skipped and 0 failures (0 unexpected) in 0.001 (0.001) seconds
Test Suite 'GRPCReflectionTransportTests' started at 2026-10-08 21:14:41.441.
Test Case '-[RightClickCoreTests.GRPCReflectionTransportTests testFileDescriptorResponseReturnsRawDescriptorBytes]' started.
Test Case '-[RightClickCoreTests.GRPCReflectionTransportTests testFileDescriptorResponseReturnsRawDescriptorBytes]' passed (0.000 seconds).
Test Case '-[RightClickCoreTests.GRPCReflectionTransportTests testListServicesResponseParsesStandardReflectionEnvelope]' started.
Test Case '-[RightClickCoreTests.GRPCReflectionTransportTests testListServicesResponseParsesStandardReflectionEnvelope]' passed (0.000 seconds).
Test Case '-[RightClickCoreTests.GRPCReflectionTransportTests testReflectionRequestsUseStandardWireFieldNumbers]' started.
Test Case '-[RightClickCoreTests.GRPCReflectionTransportTests testReflectionRequestsUseStandardWireFieldNumbers]' passed (0.000 seconds).
Test Suite 'GRPCReflectionTransportTests' passed at 2026-10-08 21:14:41.442.
	 Executed 3 tests, with 0 failures (0 unexpected) in 0.000 (0.001) seconds
Test Suite 'GRPCReflectorTests' started at 2026-10-08 21:14:41.442.
Test Case '-[RightClickCoreTests.GRPCReflectorTests testDescriptorReflectsUnaryAndStreamingMethodsWithoutGeneratedStubs]' started.
Test Case '-[RightClickCoreTests.GRPCReflectorTests testDescriptorReflectsUnaryAndStreamingMethodsWithoutGeneratedStubs]' passed (0.001 seconds).
Test Case '-[RightClickCoreTests.GRPCReflectorTests testStreamingMethodFailsClosedBeforeTransport]' started.
Test Case '-[RightClickCoreTests.GRPCReflectorTests testStreamingMethodFailsClosedBeforeTransport]' passed (0.001 seconds).
Test Case '-[RightClickCoreTests.GRPCReflectorTests testUnaryExecutionEncodesAndDecodesDynamicProtobuf]' started.
Test Case '-[RightClickCoreTests.GRPCReflectorTests testUnaryExecutionEncodesAndDecodesDynamicProtobuf]' passed (0.001 seconds).
Test Case '-[RightClickCoreTests.GRPCReflectorTests testUnknownArgumentFailsBeforeTransport]' started.
Test Case '-[RightClickCoreTests.GRPCReflectorTests testUnknownArgumentFailsBeforeTransport]' passed (0.001 seconds).
Test Suite 'GRPCReflectorTests' passed at 2026-10-08 21:14:41.446.
	 Executed 4 tests, with 0 failures (0 unexpected) in 0.004 (0.004) seconds
Test Suite 'GraphQLReflectorTests' started at 2026-10-08 21:14:41.446.
Test Case '-[RightClickCoreTests.GraphQLReflectorTests testExecutesMutationWithJSONEncodedInputObject]' started.
Test Case '-[RightClickCoreTests.GraphQLReflectorTests testExecutesMutationWithJSONEncodedInputObject]' passed (0.002 seconds).
Test Case '-[RightClickCoreTests.GraphQLReflectorTests testExecutesQueryWithVariablesAndSynthesizedSelection]' started.
Test Case '-[RightClickCoreTests.GraphQLReflectorTests testExecutesQueryWithVariablesAndSynthesizedSelection]' passed (0.002 seconds).
Test Case '-[RightClickCoreTests.GraphQLReflectorTests testGraphQLErrorsFailEvenWhenPartialDataExists]' started.
Test Case '-[RightClickCoreTests.GraphQLReflectorTests testGraphQLErrorsFailEvenWhenPartialDataExists]' passed (0.002 seconds).
Test Case '-[RightClickCoreTests.GraphQLReflectorTests testInvalidNestedEnumFailsBeforeTransport]' started.
Test Case '-[RightClickCoreTests.GraphQLReflectorTests testInvalidNestedEnumFailsBeforeTransport]' passed (0.002 seconds).
Test Case '-[RightClickCoreTests.GraphQLReflectorTests testMutationRequiresConfirmationBeforeTransport]' started.
Test Case '-[RightClickCoreTests.GraphQLReflectorTests testMutationRequiresConfirmationBeforeTransport]' passed (0.001 seconds).
Test Case '-[RightClickCoreTests.GraphQLReflectorTests testReflectsQueriesAndMutationsBehindGenericCapabilities]' started.
Test Case '-[RightClickCoreTests.GraphQLReflectorTests testReflectsQueriesAndMutationsBehindGenericCapabilities]' passed (0.001 seconds).
Test Suite 'GraphQLReflectorTests' passed at 2026-10-08 21:14:41.455.
	 Executed 6 tests, with 0 failures (0 unexpected) in 0.009 (0.010) seconds
Test Suite 'LocalOnboardingTests' started at 2026-10-08 21:14:41.455.
Test Case '-[RightClickCLITests.LocalOnboardingTests testAdditionalRightclickSettingsAreNotSilentlyDropped]' started.
Test Case '-[RightClickCLITests.LocalOnboardingTests testAdditionalRightclickSettingsAreNotSilentlyDropped]' passed (0.002 seconds).
Test Case '-[RightClickCLITests.LocalOnboardingTests testBridgeIsOnlyExplicitAndCannotMixModes]' started.
Test Case '-[RightClickCLITests.LocalOnboardingTests testBridgeIsOnlyExplicitAndCannotMixModes]' passed (0.001 seconds).
Test Case '-[RightClickCLITests.LocalOnboardingTests testChangesAfterPreviewAreNotOverwritten]' started.
Test Case '-[RightClickCLITests.LocalOnboardingTests testChangesAfterPreviewAreNotOverwritten]' passed (0.002 seconds).
Test Case '-[RightClickCLITests.LocalOnboardingTests testConcurrentInstallerLockPreventsWrite]' started.
Test Case '-[RightClickCLITests.LocalOnboardingTests testConcurrentInstallerLockPreventsWrite]' passed (0.002 seconds).
Test Case '-[RightClickCLITests.LocalOnboardingTests testCreateHasExpectedStdioEntryAndPrivatePermissions]' started.
Test Case '-[RightClickCLITests.LocalOnboardingTests testCreateHasExpectedStdioEntryAndPrivatePermissions]' passed (0.003 seconds).
Test Case '-[RightClickCLITests.LocalOnboardingTests testDanglingSymlinkIsRejected]' started.
Test Case '-[RightClickCLITests.LocalOnboardingTests testDanglingSymlinkIsRejected]' passed (0.001 seconds).
Test Case '-[RightClickCLITests.LocalOnboardingTests testDeclineAndEOFDoNotChangeConfig]' started.
Test Case '-[RightClickCLITests.LocalOnboardingTests testDeclineAndEOFDoNotChangeConfig]' passed (0.002 seconds).
Test Case '-[RightClickCLITests.LocalOnboardingTests testDetectsOnlySupportedClientLocations]' started.
Test Case '-[RightClickCLITests.LocalOnboardingTests testDetectsOnlySupportedClientLocations]' passed (0.001 seconds).
Test Case '-[RightClickCLITests.LocalOnboardingTests testDifferentRightclickEntryNeverOverwrittenOrRemoved]' started.
Test Case '-[RightClickCLITests.LocalOnboardingTests testDifferentRightclickEntryNeverOverwrittenOrRemoved]' passed (0.005 seconds).
Test Case '-[RightClickCLITests.LocalOnboardingTests testDirectoryAtConfigPathIsRejected]' started.
Test Case '-[RightClickCLITests.LocalOnboardingTests testDirectoryAtConfigPathIsRejected]' passed (0.001 seconds).
Test Case '-[RightClickCLITests.LocalOnboardingTests testDisconnectAbsentConfigIsNoOp]' started.
Test Case '-[RightClickCLITests.LocalOnboardingTests testDisconnectAbsentConfigIsNoOp]' passed (0.001 seconds).
Test Case '-[RightClickCLITests.LocalOnboardingTests testDisconnectRemovesOnlyMatchingEntryAndKeepsLaterEdits]' started.
Test Case '-[RightClickCLITests.LocalOnboardingTests testDisconnectRemovesOnlyMatchingEntryAndKeepsLaterEdits]' passed (0.006 seconds).
Test Case '-[RightClickCLITests.LocalOnboardingTests testDryRunDoesNotWritePromptOrProbe]' started.
Test Case '-[RightClickCLITests.LocalOnboardingTests testDryRunDoesNotWritePromptOrProbe]' passed (0.001 seconds).
Test Case '-[RightClickCLITests.LocalOnboardingTests testDuplicateJSONKeysAreRejectedWithoutLosingData]' started.
Test Case '-[RightClickCLITests.LocalOnboardingTests testDuplicateJSONKeysAreRejectedWithoutLosingData]' passed (0.003 seconds).
Test Case '-[RightClickCLITests.LocalOnboardingTests testEquivalentLegacyEntryIsPreservedByteForByte]' started.
Test Case '-[RightClickCLITests.LocalOnboardingTests testEquivalentLegacyEntryIsPreservedByteForByte]' passed (0.001 seconds).
Test Case '-[RightClickCLITests.LocalOnboardingTests testFileAppearingAfterPreviewIsNotOverwritten]' started.
Test Case '-[RightClickCLITests.LocalOnboardingTests testFileAppearingAfterPreviewIsNotOverwritten]' passed (0.002 seconds).
Test Case '-[RightClickCLITests.LocalOnboardingTests testHardLinkedConfigIsRejected]' started.
Test Case '-[RightClickCLITests.LocalOnboardingTests testHardLinkedConfigIsRejected]' passed (0.001 seconds).
Test Case '-[RightClickCLITests.LocalOnboardingTests testHelpNeverProbesOrWrites]' started.
Test Case '-[RightClickCLITests.LocalOnboardingTests testHelpNeverProbesOrWrites]' passed (0.000 seconds).
Test Case '-[RightClickCLITests.LocalOnboardingTests testInteractiveYesAppliesOnlyAfterPrompt]' started.
Test Case '-[RightClickCLITests.LocalOnboardingTests testInteractiveYesAppliesOnlyAfterPrompt]' passed (0.003 seconds).
Test Case '-[RightClickCLITests.LocalOnboardingTests testInvalidRootAndMalformedJSONArePreserved]' started.
Test Case '-[RightClickCLITests.LocalOnboardingTests testInvalidRootAndMalformedJSONArePreserved]' passed (0.004 seconds).
Test Case '-[RightClickCLITests.LocalOnboardingTests testInvalidServerContainersArePreserved]' started.
Test Case '-[RightClickCLITests.LocalOnboardingTests testInvalidServerContainersArePreserved]' passed (0.005 seconds).
Test Case '-[RightClickCLITests.LocalOnboardingTests testJSONNeverPromptsEvenWithTerminal]' started.
Test Case '-[RightClickCLITests.LocalOnboardingTests testJSONNeverPromptsEvenWithTerminal]' passed (0.001 seconds).
Test Case '-[RightClickCLITests.LocalOnboardingTests testLocalSetupIgnoresSavedBridgeAndOtherClientFiles]' started.
Test Case '-[RightClickCLITests.LocalOnboardingTests testLocalSetupIgnoresSavedBridgeAndOtherClientFiles]' passed (0.005 seconds).
Test Case '-[RightClickCLITests.LocalOnboardingTests testMergePreservesOtherServersAndRootFieldsWithPrivateExactBackup]' started.
Test Case '-[RightClickCLITests.LocalOnboardingTests testMergePreservesOtherServersAndRootFieldsWithPrivateExactBackup]' passed (0.004 seconds).
Test Case '-[RightClickCLITests.LocalOnboardingTests testNestedJSONEscapesAndArraysAreAccepted]' started.
Test Case '-[RightClickCLITests.LocalOnboardingTests testNestedJSONEscapesAndArraysAreAccepted]' passed (0.004 seconds).
Test Case '-[RightClickCLITests.LocalOnboardingTests testNewPlanDoesNotCreateDirectories]' started.
Test Case '-[RightClickCLITests.LocalOnboardingTests testNewPlanDoesNotCreateDirectories]' passed (0.001 seconds).
Test Case '-[RightClickCLITests.LocalOnboardingTests testNoClientAndMissingExecutableDoNotWrite]' started.
Test Case '-[RightClickCLITests.LocalOnboardingTests testNoClientAndMissingExecutableDoNotWrite]' passed (0.002 seconds).
Test Case '-[RightClickCLITests.LocalOnboardingTests testNonInteractiveNeedsExplicitConsent]' started.
Test Case '-[RightClickCLITests.LocalOnboardingTests testNonInteractiveNeedsExplicitConsent]' passed (0.001 seconds).
Test Case '-[RightClickCLITests.LocalOnboardingTests testOptionsAcceptExplicitLocalPlan]' started.
Test Case '-[RightClickCLITests.LocalOnboardingTests testOptionsAcceptExplicitLocalPlan]' passed (0.000 seconds).
Test Case '-[RightClickCLITests.LocalOnboardingTests testOptionsRejectUnknownOrIncompleteArguments]' started.
Test Case '-[RightClickCLITests.LocalOnboardingTests testOptionsRejectUnknownOrIncompleteArguments]' passed (0.000 seconds).
Test Case '-[RightClickCLITests.LocalOnboardingTests testOversizedConfigIsRejected]' started.
Test Case '-[RightClickCLITests.LocalOnboardingTests testOversizedConfigIsRejected]' passed (0.050 seconds).
Test Case '-[RightClickCLITests.LocalOnboardingTests testProbeFailurePreventsConfigWrite]' started.
Test Case '-[RightClickCLITests.LocalOnboardingTests testProbeFailurePreventsConfigWrite]' passed (0.001 seconds).
Test Case '-[RightClickCLITests.LocalOnboardingTests testRejectsUnsafeExecutablePaths]' started.
Test Case '-[RightClickCLITests.LocalOnboardingTests testRejectsUnsafeExecutablePaths]' passed (0.000 seconds).
Test Case '-[RightClickCLITests.LocalOnboardingTests testSecondRunIsByteIdenticalWithoutAnotherBackup]' started.
Test Case '-[RightClickCLITests.LocalOnboardingTests testSecondRunIsByteIdenticalWithoutAnotherBackup]' passed (0.004 seconds).
Test Case '-[RightClickCLITests.LocalOnboardingTests testSuccessDoesNotClaimClientConnectionOrOutcomeAndDoesNotLeakConfigSecrets]' started.
Test Case '-[RightClickCLITests.LocalOnboardingTests testSuccessDoesNotClaimClientConnectionOrOutcomeAndDoesNotLeakConfigSecrets]' passed (0.004 seconds).
Test Case '-[RightClickCLITests.LocalOnboardingTests testSymlinkDirectoryIsRejected]' started.
Test Case '-[RightClickCLITests.LocalOnboardingTests testSymlinkDirectoryIsRejected]' passed (0.001 seconds).
Test Case '-[RightClickCLITests.LocalOnboardingTests testSymlinkFileIsRejected]' started.
Test Case '-[RightClickCLITests.LocalOnboardingTests testSymlinkFileIsRejected]' passed (0.001 seconds).
Test Suite 'LocalOnboardingTests' passed at 2026-10-08 21:14:41.581.
	 Executed 37 tests, with 0 failures (0 unexpected) in 0.123 (0.125) seconds
Test Suite 'MOAT004G1AcquisitionTests' started at 2026-10-08 21:14:41.581.
Test Case '-[RightClickCoreTests.MOAT004G1AcquisitionTests testExactFrozenGitHubSpecificationLoadsThroughOpenAPISpecificBound]' started.
/Users/ross/Documents/Codex/2026-10-08/files-pasted-by-the-user-you/work/rightclick-nested/Tests/RightClickCoreTests/MOAT004G1AcquisitionTests.swift:313: -[RightClickCoreTests.MOAT004G1AcquisitionTests testExactFrozenGitHubSpecificationLoadsThroughOpenAPISpecificBound] : Test skipped - MOAT004_G1_SPEC_URL and MOAT004_G1_SPEC_SHA256 required.
Test Case '-[RightClickCoreTests.MOAT004G1AcquisitionTests testExactFrozenGitHubSpecificationLoadsThroughOpenAPISpecificBound]' skipped (0.000 seconds).
Test Case '-[RightClickCoreTests.MOAT004G1AcquisitionTests testFrozenBoundsRemainExplicit]' started.
Test Case '-[RightClickCoreTests.MOAT004G1AcquisitionTests testFrozenBoundsRemainExplicit]' passed (0.000 seconds).
Test Case '-[RightClickCoreTests.MOAT004G1AcquisitionTests testGenericDefaultLoaderStillRejectsOneByteOverOneMiB]' started.
Test Case '-[RightClickCoreTests.MOAT004G1AcquisitionTests testGenericDefaultLoaderStillRejectsOneByteOverOneMiB]' passed (0.001 seconds).
Test Case '-[RightClickCoreTests.MOAT004G1AcquisitionTests testOpenAPISpecificationLoaderAcceptsFrozenGitHubSize]' started.
Test Case '-[RightClickCoreTests.MOAT004G1AcquisitionTests testOpenAPISpecificationLoaderAcceptsFrozenGitHubSize]' passed (0.003 seconds).
Test Case '-[RightClickCoreTests.MOAT004G1AcquisitionTests testOpenAPISpecificationLoaderRejectsOneByteOverSixteenMiB]' started.
Test Case '-[RightClickCoreTests.MOAT004G1AcquisitionTests testOpenAPISpecificationLoaderRejectsOneByteOverSixteenMiB]' passed (0.003 seconds).
Test Case '-[RightClickCoreTests.MOAT004G1AcquisitionTests testOpenAPISpecificationLoaderRejectsRedirectResponse]' started.
Test Case '-[RightClickCoreTests.MOAT004G1AcquisitionTests testOpenAPISpecificationLoaderRejectsRedirectResponse]' passed (0.000 seconds).
Test Suite 'MOAT004G1AcquisitionTests' passed at 2026-10-08 21:14:41.589.
	 Executed 6 tests, with 1 test skipped and 0 failures (0 unexpected) in 0.007 (0.008) seconds
Test Suite 'MOAT004G2SplitOriginTests' started at 2026-10-08 21:14:41.589.
Test Case '-[RightClickCoreTests.MOAT004G2SplitOriginTests testAbsoluteHTTPSModeLoadsSpecificationFromIndependentOriginAndReflectsBaseOrigin]' started.
Test Case '-[RightClickCoreTests.MOAT004G2SplitOriginTests testAbsoluteHTTPSModeLoadsSpecificationFromIndependentOriginAndReflectsBaseOrigin]' passed (0.001 seconds).
Test Case '-[RightClickCoreTests.MOAT004G2SplitOriginTests testAbsoluteModeRequiresBothSpecificationAndBaseURLs]' started.
Test Case '-[RightClickCoreTests.MOAT004G2SplitOriginTests testAbsoluteModeRequiresBothSpecificationAndBaseURLs]' passed (0.000 seconds).
Test Case '-[RightClickCoreTests.MOAT004G2SplitOriginTests testAbsoluteModeRequiresHTTPS]' started.
Test Case '-[RightClickCoreTests.MOAT004G2SplitOriginTests testAbsoluteModeRequiresHTTPS]' passed (0.000 seconds).
Test Case '-[RightClickCoreTests.MOAT004G2SplitOriginTests testDeclaredLiteralServerMustMatchAdvertisedExecutionBase]' started.
Test Case '-[RightClickCoreTests.MOAT004G2SplitOriginTests testDeclaredLiteralServerMustMatchAdvertisedExecutionBase]' passed (0.000 seconds).
Test Case '-[RightClickCoreTests.MOAT004G2SplitOriginTests testExactFrozenGitHubContractAcceptsSplitOriginButTargetRemainsOutsideG2]' started.
/Users/ross/Documents/Codex/2026-10-08/files-pasted-by-the-user-you/work/rightclick-nested/Tests/RightClickCoreTests/MOAT004G2SplitOriginTests.swift:646: -[RightClickCoreTests.MOAT004G2SplitOriginTests testExactFrozenGitHubContractAcceptsSplitOriginButTargetRemainsOutsideG2] : Test skipped - MOAT004_G2_SPEC_PATH and MOAT004_G2_SPEC_URL required.
Test Case '-[RightClickCoreTests.MOAT004G2SplitOriginTests testExactFrozenGitHubContractAcceptsSplitOriginButTargetRemainsOutsideG2]' skipped (0.000 seconds).
Test Case '-[RightClickCoreTests.MOAT004G2SplitOriginTests testLegacyRelativeAdvertisementModeRemainsSupported]' started.
Test Case '-[RightClickCoreTests.MOAT004G2SplitOriginTests testLegacyRelativeAdvertisementModeRemainsSupported]' passed (0.000 seconds).
Test Case '-[RightClickCoreTests.MOAT004G2SplitOriginTests testLiteralServerAndExecutionBaseCanonicalizeBeforeComparison]' started.
Test Case '-[RightClickCoreTests.MOAT004G2SplitOriginTests testLiteralServerAndExecutionBaseCanonicalizeBeforeComparison]' passed (0.001 seconds).
Test Case '-[RightClickCoreTests.MOAT004G2SplitOriginTests testMixedLegacyAndAbsoluteAdvertisementModesAreRejected]' started.
Test Case '-[RightClickCoreTests.MOAT004G2SplitOriginTests testMixedLegacyAndAbsoluteAdvertisementModesAreRejected]' passed (0.000 seconds).
Test Case '-[RightClickCoreTests.MOAT004G2SplitOriginTests testServerVariablesRemainUnsupported]' started.
Test Case '-[RightClickCoreTests.MOAT004G2SplitOriginTests testServerVariablesRemainUnsupported]' passed (0.000 seconds).
Test Suite 'MOAT004G2SplitOriginTests' passed at 2026-10-08 21:14:41.592.
	 Executed 9 tests, with 1 test skipped and 0 failures (0 unexpected) in 0.003 (0.003) seconds
Test Suite 'MOAT004G3ZeroArgumentGETTests' started at 2026-10-08 21:14:41.592.
Test Case '-[RightClickCoreTests.MOAT004G3ZeroArgumentGETTests testAbsentOperationParametersReflectsZeroArgumentGETWithoutArgumentsSchema]' started.
Test Case '-[RightClickCoreTests.MOAT004G3ZeroArgumentGETTests testAbsentOperationParametersReflectsZeroArgumentGETWithoutArgumentsSchema]' passed (0.001 seconds).
Test Case '-[RightClickCoreTests.MOAT004G3ZeroArgumentGETTests testExistingRequiredStringPathGETRemainsSupported]' started.
Test Case '-[RightClickCoreTests.MOAT004G3ZeroArgumentGETTests testExistingRequiredStringPathGETRemainsSupported]' passed (0.001 seconds).
Test Case '-[RightClickCoreTests.MOAT004G3ZeroArgumentGETTests testExplicitEmptyOperationParametersAlsoReflectZeroArgumentGET]' started.
Test Case '-[RightClickCoreTests.MOAT004G3ZeroArgumentGETTests testExplicitEmptyOperationParametersAlsoReflectZeroArgumentGET]' passed (0.000 seconds).
Test Case '-[RightClickCoreTests.MOAT004G3ZeroArgumentGETTests testFrozenGitHubAuthenticatedUserStillDoesNotReflectUntilG4]' started.
/Users/ross/Documents/Codex/2026-10-08/files-pasted-by-the-user-you/work/rightclick-nested/Tests/RightClickCoreTests/MOAT004G3ZeroArgumentGETTests.swift:701: -[RightClickCoreTests.MOAT004G3ZeroArgumentGETTests testFrozenGitHubAuthenticatedUserStillDoesNotReflectUntilG4] : Test skipped - MOAT004_G3_SPEC_PATH required.
Test Case '-[RightClickCoreTests.MOAT004G3ZeroArgumentGETTests testFrozenGitHubAuthenticatedUserStillDoesNotReflectUntilG4]' skipped (0.000 seconds).
Test Case '-[RightClickCoreTests.MOAT004G3ZeroArgumentGETTests testGETWithRequestBodyDoesNotBecomeZeroArgumentGET]' started.
Test Case '-[RightClickCoreTests.MOAT004G3ZeroArgumentGETTests testGETWithRequestBodyDoesNotBecomeZeroArgumentGET]' passed (0.000 seconds).
Test Case '-[RightClickCoreTests.MOAT004G3ZeroArgumentGETTests testPathLevelParametersDoNotBecomeZeroArgumentGET]' started.
Test Case '-[RightClickCoreTests.MOAT004G3ZeroArgumentGETTests testPathLevelParametersDoNotBecomeZeroArgumentGET]' passed (0.000 seconds).
Test Case '-[RightClickCoreTests.MOAT004G3ZeroArgumentGETTests testQueryParameterGETDoesNotBecomeZeroArgumentGET]' started.
Test Case '-[RightClickCoreTests.MOAT004G3ZeroArgumentGETTests testQueryParameterGETDoesNotBecomeZeroArgumentGET]' passed (0.000 seconds).
Test Case '-[RightClickCoreTests.MOAT004G3ZeroArgumentGETTests testZeroArgumentGETExecutesWithoutBodyOrContentType]' started.
Test Case '-[RightClickCoreTests.MOAT004G3ZeroArgumentGETTests testZeroArgumentGETExecutesWithoutBodyOrContentType]' passed (0.003 seconds).
Test Case '-[RightClickCoreTests.MOAT004G3ZeroArgumentGETTests testZeroArgumentGETRejectsUnexpectedArgumentsBeforeTransport]' started.
Test Case '-[RightClickCoreTests.MOAT004G3ZeroArgumentGETTests testZeroArgumentGETRejectsUnexpectedArgumentsBeforeTransport]' passed (0.001 seconds).
Test Suite 'MOAT004G3ZeroArgumentGETTests' passed at 2026-10-08 21:14:41.599.
	 Executed 9 tests, with 1 test skipped and 0 failures (0 unexpected) in 0.006 (0.007) seconds
Test Suite 'MOAT004G4JSONSyntaxFallbackTests' started at 2026-10-08 21:14:41.599.
Test Case '-[RightClickCoreTests.MOAT004G4JSONSyntaxFallbackTests testFrozenGitHubUserReflectsForFirstTimeButHasNoExternalAuthorityYet]' started.
/Users/ross/Documents/Codex/2026-10-08/files-pasted-by-the-user-you/work/rightclick-nested/Tests/RightClickCoreTests/MOAT004G4JSONSyntaxFallbackTests.swift:746: -[RightClickCoreTests.MOAT004G4JSONSyntaxFallbackTests testFrozenGitHubUserReflectsForFirstTimeButHasNoExternalAuthorityYet] : Test skipped - MOAT004_G4_SPEC_PATH required.
Test Case '-[RightClickCoreTests.MOAT004G4JSONSyntaxFallbackTests testFrozenGitHubUserReflectsForFirstTimeButHasNoExternalAuthorityYet]' skipped (0.000 seconds).
Test Case '-[RightClickCoreTests.MOAT004G4JSONSyntaxFallbackTests testGETWithoutDeclaredJSONSchemaStillAbstains]' started.
Test Case '-[RightClickCoreTests.MOAT004G4JSONSyntaxFallbackTests testGETWithoutDeclaredJSONSchemaStillAbstains]' passed (0.000 seconds).
Test Case '-[RightClickCoreTests.MOAT004G4JSONSyntaxFallbackTests testMutatingOperationWithUnsupportedJSONResponseUsesSyntaxOnlyMetadata]' started.
Test Case '-[RightClickCoreTests.MOAT004G4JSONSyntaxFallbackTests testMutatingOperationWithUnsupportedJSONResponseUsesSyntaxOnlyMetadata]' passed (0.001 seconds).
Test Case '-[RightClickCoreTests.MOAT004G4JSONSyntaxFallbackTests testStrongClosedResponseSchemaRemainsPreferred]' started.
Test Case '-[RightClickCoreTests.MOAT004G4JSONSyntaxFallbackTests testStrongClosedResponseSchemaRemainsPreferred]' passed (0.000 seconds).
Test Case '-[RightClickCoreTests.MOAT004G4JSONSyntaxFallbackTests testSyntaxOnlyGETAcceptsAndCanonicalizesValidJSON]' started.
Test Case '-[RightClickCoreTests.MOAT004G4JSONSyntaxFallbackTests testSyntaxOnlyGETAcceptsAndCanonicalizesValidJSON]' passed (0.002 seconds).
Test Case '-[RightClickCoreTests.MOAT004G4JSONSyntaxFallbackTests testSyntaxOnlyGETRejectsInvalidJSON]' started.
Test Case '-[RightClickCoreTests.MOAT004G4JSONSyntaxFallbackTests testSyntaxOnlyGETRejectsInvalidJSON]' passed (0.002 seconds).
Test Case '-[RightClickCoreTests.MOAT004G4JSONSyntaxFallbackTests testSyntaxOnlyGETStillRequiresApplicationJSONContentType]' started.
Test Case '-[RightClickCoreTests.MOAT004G4JSONSyntaxFallbackTests testSyntaxOnlyGETStillRequiresApplicationJSONContentType]' passed (0.002 seconds).
Test Case '-[RightClickCoreTests.MOAT004G4JSONSyntaxFallbackTests testUnsupportedDeclaredJSONSchemaReflectsGETWithSyntaxOnlyMetadata]' started.
Test Case '-[RightClickCoreTests.MOAT004G4JSONSyntaxFallbackTests testUnsupportedDeclaredJSONSchemaReflectsGETWithSyntaxOnlyMetadata]' passed (0.000 seconds).
Test Suite 'MOAT004G4JSONSyntaxFallbackTests' passed at 2026-10-08 21:14:41.608.
	 Executed 8 tests, with 1 test skipped and 0 failures (0 unexpected) in 0.009 (0.010) seconds
Test Suite 'MOAT004G5ExternalBearerAuthorityTests' started at 2026-10-08 21:14:41.608.
Test Case '-[RightClickCoreTests.MOAT004G5ExternalBearerAuthorityTests testChangingExternalAuthoritySchemeChangesCapabilityIdentity]' started.
/Users/ross/Documents/Codex/2026-10-08/files-pasted-by-the-user-you/work/rightclick-nested/Tests/RightClickCoreTests/MOAT004G5ExternalBearerAuthorityTests.swift:73: -[RightClickCoreTests.MOAT004G5ExternalBearerAuthorityTests testChangingExternalAuthoritySchemeChangesCapabilityIdentity] : Test skipped - MOAT004_G5_FIXTURE_PORT required.
Test Case '-[RightClickCoreTests.MOAT004G5ExternalBearerAuthorityTests testChangingExternalAuthoritySchemeChangesCapabilityIdentity]' skipped (0.000 seconds).
Test Case '-[RightClickCoreTests.MOAT004G5ExternalBearerAuthorityTests testContractDeclaredBearerTakesPrecedenceOverExternalFallback]' started.
/Users/ross/Documents/Codex/2026-10-08/files-pasted-by-the-user-you/work/rightclick-nested/Tests/RightClickCoreTests/MOAT004G5ExternalBearerAuthorityTests.swift:73: -[RightClickCoreTests.MOAT004G5ExternalBearerAuthorityTests testContractDeclaredBearerTakesPrecedenceOverExternalFallback] : Test skipped - MOAT004_G5_FIXTURE_PORT required.
Test Case '-[RightClickCoreTests.MOAT004G5ExternalBearerAuthorityTests testContractDeclaredBearerTakesPrecedenceOverExternalFallback]' skipped (0.000 seconds).
Test Case '-[RightClickCoreTests.MOAT004G5ExternalBearerAuthorityTests testCredentialForDifferentOriginIsNotUsed]' started.
/Users/ross/Documents/Codex/2026-10-08/files-pasted-by-the-user-you/work/rightclick-nested/Tests/RightClickCoreTests/MOAT004G5ExternalBearerAuthorityTests.swift:73: -[RightClickCoreTests.MOAT004G5ExternalBearerAuthorityTests testCredentialForDifferentOriginIsNotUsed] : Test skipped - MOAT004_G5_FIXTURE_PORT required.
Test Case '-[RightClickCoreTests.MOAT004G5ExternalBearerAuthorityTests testCredentialForDifferentOriginIsNotUsed]' skipped (0.000 seconds).
Test Case '-[RightClickCoreTests.MOAT004G5ExternalBearerAuthorityTests testExplicitEmptyOperationSecurityRemainsPublic]' started.
/Users/ross/Documents/Codex/2026-10-08/files-pasted-by-the-user-you/work/rightclick-nested/Tests/RightClickCoreTests/MOAT004G5ExternalBearerAuthorityTests.swift:73: -[RightClickCoreTests.MOAT004G5ExternalBearerAuthorityTests testExplicitEmptyOperationSecurityRemainsPublic] : Test skipped - MOAT004_G5_FIXTURE_PORT required.
Test Case '-[RightClickCoreTests.MOAT004G5ExternalBearerAuthorityTests testExplicitEmptyOperationSecurityRemainsPublic]' skipped (0.000 seconds).
Test Case '-[RightClickCoreTests.MOAT004G5ExternalBearerAuthorityTests testExplicitEmptyRootSecurityRemainsPublic]' started.
/Users/ross/Documents/Codex/2026-10-08/files-pasted-by-the-user-you/work/rightclick-nested/Tests/RightClickCoreTests/MOAT004G5ExternalBearerAuthorityTests.swift:73: -[RightClickCoreTests.MOAT004G5ExternalBearerAuthorityTests testExplicitEmptyRootSecurityRemainsPublic] : Test skipped - MOAT004_G5_FIXTURE_PORT required.
Test Case '-[RightClickCoreTests.MOAT004G5ExternalBearerAuthorityTests testExplicitEmptyRootSecurityRemainsPublic]' skipped (0.000 seconds).
Test Case '-[RightClickCoreTests.MOAT004G5ExternalBearerAuthorityTests testExternalBearerMetadataBindsToExecutionOriginWithoutSecret]' started.
/Users/ross/Documents/Codex/2026-10-08/files-pasted-by-the-user-you/work/rightclick-nested/Tests/RightClickCoreTests/MOAT004G5ExternalBearerAuthorityTests.swift:73: -[RightClickCoreTests.MOAT004G5ExternalBearerAuthorityTests testExternalBearerMetadataBindsToExecutionOriginWithoutSecret] : Test skipped - MOAT004_G5_FIXTURE_PORT required.
Test Case '-[RightClickCoreTests.MOAT004G5ExternalBearerAuthorityTests testExternalBearerMetadataBindsToExecutionOriginWithoutSecret]' skipped (0.000 seconds).
Test Case '-[RightClickCoreTests.MOAT004G5ExternalBearerAuthorityTests testExternalBearerUsesExistingOriginBoundKeychainStore]' started.
/Users/ross/Documents/Codex/2026-10-08/files-pasted-by-the-user-you/work/rightclick-nested/Tests/RightClickCoreTests/MOAT004G5ExternalBearerAuthorityTests.swift:73: -[RightClickCoreTests.MOAT004G5ExternalBearerAuthorityTests testExternalBearerUsesExistingOriginBoundKeychainStore] : Test skipped - MOAT004_G5_FIXTURE_PORT required.
Test Case '-[RightClickCoreTests.MOAT004G5ExternalBearerAuthorityTests testExternalBearerUsesExistingOriginBoundKeychainStore]' skipped (0.000 seconds).
Test Case '-[RightClickCoreTests.MOAT004G5ExternalBearerAuthorityTests testFrozenGitHubUserCarriesGenericExternalBearerAuthority]' started.
/Users/ross/Documents/Codex/2026-10-08/files-pasted-by-the-user-you/work/rightclick-nested/Tests/RightClickCoreTests/MOAT004G5ExternalBearerAuthorityTests.swift:956: -[RightClickCoreTests.MOAT004G5ExternalBearerAuthorityTests testFrozenGitHubUserCarriesGenericExternalBearerAuthority] : Test skipped - MOAT004_G5_SPEC_PATH required.
Test Case '-[RightClickCoreTests.MOAT004G5ExternalBearerAuthorityTests testFrozenGitHubUserCarriesGenericExternalBearerAuthority]' skipped (0.000 seconds).
Test Case '-[RightClickCoreTests.MOAT004G5ExternalBearerAuthorityTests testInvalidExternalAuthoritySchemeMetadataIsRejectedBeforeFetch]' started.
/Users/ross/Documents/Codex/2026-10-08/files-pasted-by-the-user-you/work/rightclick-nested/Tests/RightClickCoreTests/MOAT004G5ExternalBearerAuthorityTests.swift:73: -[RightClickCoreTests.MOAT004G5ExternalBearerAuthorityTests testInvalidExternalAuthoritySchemeMetadataIsRejectedBeforeFetch] : Test skipped - MOAT004_G5_FIXTURE_PORT required.
Test Case '-[RightClickCoreTests.MOAT004G5ExternalBearerAuthorityTests testInvalidExternalAuthoritySchemeMetadataIsRejectedBeforeFetch]' skipped (0.000 seconds).
Test Case '-[RightClickCoreTests.MOAT004G5ExternalBearerAuthorityTests testMissingExternalBearerFailsBeforeProviderTransport]' started.
/Users/ross/Documents/Codex/2026-10-08/files-pasted-by-the-user-you/work/rightclick-nested/Tests/RightClickCoreTests/MOAT004G5ExternalBearerAuthorityTests.swift:73: -[RightClickCoreTests.MOAT004G5ExternalBearerAuthorityTests testMissingExternalBearerFailsBeforeProviderTransport] : Test skipped - MOAT004_G5_FIXTURE_PORT required.
Test Case '-[RightClickCoreTests.MOAT004G5ExternalBearerAuthorityTests testMissingExternalBearerFailsBeforeProviderTransport]' skipped (0.000 seconds).
Test Case '-[RightClickCoreTests.MOAT004G5ExternalBearerAuthorityTests testUnsupportedDeclaredSecurityStillAbstains]' started.
/Users/ross/Documents/Codex/2026-10-08/files-pasted-by-the-user-you/work/rightclick-nested/Tests/RightClickCoreTests/MOAT004G5ExternalBearerAuthorityTests.swift:73: -[RightClickCoreTests.MOAT004G5ExternalBearerAuthorityTests testUnsupportedDeclaredSecurityStillAbstains] : Test skipped - MOAT004_G5_FIXTURE_PORT required.
Test Case '-[RightClickCoreTests.MOAT004G5ExternalBearerAuthorityTests testUnsupportedDeclaredSecurityStillAbstains]' skipped (0.000 seconds).
Test Suite 'MOAT004G5ExternalBearerAuthorityTests' passed at 2026-10-08 21:14:41.611.
	 Executed 11 tests, with 11 tests skipped and 0 failures (0 unexpected) in 0.002 (0.002) seconds
Test Suite 'MOAT004G6RealGitHubAuthenticatedCompatibilityTests' started at 2026-10-08 21:14:41.611.
Test Case '-[RightClickCoreTests.MOAT004G6RealGitHubAuthenticatedCompatibilityTests testFrozenOfficialContractDiscoversExactAuthenticatedUserCapability]' started.
/Users/ross/Documents/Codex/2026-10-08/files-pasted-by-the-user-you/work/rightclick-nested/Tests/RightClickCoreTests/MOAT004G6RealGitHubAuthenticatedCompatibilityTests.swift:21: -[RightClickCoreTests.MOAT004G6RealGitHubAuthenticatedCompatibilityTests testFrozenOfficialContractDiscoversExactAuthenticatedUserCapability] : Test skipped - MOAT004_G6_SPEC_URL required.
Test Case '-[RightClickCoreTests.MOAT004G6RealGitHubAuthenticatedCompatibilityTests testFrozenOfficialContractDiscoversExactAuthenticatedUserCapability]' skipped (0.000 seconds).
Test Case '-[RightClickCoreTests.MOAT004G6RealGitHubAuthenticatedCompatibilityTests testRealAuthenticatedGitHubUserMatchesIndependentControl]' started.
/Users/ross/Documents/Codex/2026-10-08/files-pasted-by-the-user-you/work/rightclick-nested/Tests/RightClickCoreTests/MOAT004G6RealGitHubAuthenticatedCompatibilityTests.swift:21: -[RightClickCoreTests.MOAT004G6RealGitHubAuthenticatedCompatibilityTests testRealAuthenticatedGitHubUserMatchesIndependentControl] : Test skipped - MOAT004_G6_EXPECTED_LOGIN required.
Test Case '-[RightClickCoreTests.MOAT004G6RealGitHubAuthenticatedCompatibilityTests testRealAuthenticatedGitHubUserMatchesIndependentControl]' skipped (0.000 seconds).
Test Suite 'MOAT004G6RealGitHubAuthenticatedCompatibilityTests' passed at 2026-10-08 21:14:41.611.
	 Executed 2 tests, with 2 tests skipped and 0 failures (0 unexpected) in 0.000 (0.000) seconds
Test Suite 'MOAT005G1PathAndJSONBodyTests' started at 2026-10-08 21:14:41.611.
Test Case '-[RightClickCoreTests.MOAT005G1PathAndJSONBodyTests testCombinedContractRejectsUnknownArgumentBeforeTransport]' started.
Test Case '-[RightClickCoreTests.MOAT005G1PathAndJSONBodyTests testCombinedContractRejectsUnknownArgumentBeforeTransport]' passed (0.001 seconds).
Test Case '-[RightClickCoreTests.MOAT005G1PathAndJSONBodyTests testPathAndBodyNameCollisionAbstains]' started.
Test Case '-[RightClickCoreTests.MOAT005G1PathAndJSONBodyTests testPathAndBodyNameCollisionAbstains]' passed (0.000 seconds).
Test Case '-[RightClickCoreTests.MOAT005G1PathAndJSONBodyTests testPathAndJSONBodyPartitionsArgumentsBeforeTransport]' started.
Test Case '-[RightClickCoreTests.MOAT005G1PathAndJSONBodyTests testPathAndJSONBodyPartitionsArgumentsBeforeTransport]' passed (0.003 seconds).
Test Case '-[RightClickCoreTests.MOAT005G1PathAndJSONBodyTests testPathAndJSONBodyReflectOneCombinedClosedArgumentSchema]' started.
Test Case '-[RightClickCoreTests.MOAT005G1PathAndJSONBodyTests testPathAndJSONBodyReflectOneCombinedClosedArgumentSchema]' passed (0.001 seconds).
Test Suite 'MOAT005G1PathAndJSONBodyTests' passed at 2026-10-08 21:14:41.617.
	 Executed 4 tests, with 0 failures (0 unexpected) in 0.006 (0.006) seconds
Test Suite 'MOAT005G2MultiplePathArgumentsTests' started at 2026-10-08 21:14:41.617.
Test Case '-[RightClickCoreTests.MOAT005G2MultiplePathArgumentsTests testDuplicatePathParameterNamesAbstain]' started.
Test Case '-[RightClickCoreTests.MOAT005G2MultiplePathArgumentsTests testDuplicatePathParameterNamesAbstain]' passed (0.001 seconds).
Test Case '-[RightClickCoreTests.MOAT005G2MultiplePathArgumentsTests testMissingOneRequiredPathArgumentFailsBeforeTransport]' started.
Test Case '-[RightClickCoreTests.MOAT005G2MultiplePathArgumentsTests testMissingOneRequiredPathArgumentFailsBeforeTransport]' passed (0.001 seconds).
Test Case '-[RightClickCoreTests.MOAT005G2MultiplePathArgumentsTests testMultiplePathArgumentsReflectInCombinedSchema]' started.
Test Case '-[RightClickCoreTests.MOAT005G2MultiplePathArgumentsTests testMultiplePathArgumentsReflectInCombinedSchema]' passed (0.001 seconds).
Test Case '-[RightClickCoreTests.MOAT005G2MultiplePathArgumentsTests testMultiplePathArgumentsSubstituteAndPartition]' started.
Test Case '-[RightClickCoreTests.MOAT005G2MultiplePathArgumentsTests testMultiplePathArgumentsSubstituteAndPartition]' passed (0.003 seconds).
Test Suite 'MOAT005G2MultiplePathArgumentsTests' passed at 2026-10-08 21:14:41.623.
	 Executed 4 tests, with 0 failures (0 unexpected) in 0.006 (0.006) seconds
Test Suite 'MOAT005G3GitHubRequestSchemaTests' started at 2026-10-08 21:14:41.623.
Test Case '-[RightClickCoreTests.MOAT005G3GitHubRequestSchemaTests testFrozenGitHubRequestSchemaReflectsThroughSafeNarrowing]' started.
Test Case '-[RightClickCoreTests.MOAT005G3GitHubRequestSchemaTests testFrozenGitHubRequestSchemaReflectsThroughSafeNarrowing]' passed (0.001 seconds).
Test Case '-[RightClickCoreTests.MOAT005G3GitHubRequestSchemaTests testNarrowedSchemaRetainsRequiredTitleAndOptionalBody]' started.
Test Case '-[RightClickCoreTests.MOAT005G3GitHubRequestSchemaTests testNarrowedSchemaRetainsRequiredTitleAndOptionalBody]' passed (0.001 seconds).
Test Case '-[RightClickCoreTests.MOAT005G3GitHubRequestSchemaTests testTitleOneOfIsSafelyNarrowedToString]' started.
Test Case '-[RightClickCoreTests.MOAT005G3GitHubRequestSchemaTests testTitleOneOfIsSafelyNarrowedToString]' passed (0.001 seconds).
Test Case '-[RightClickCoreTests.MOAT005G3GitHubRequestSchemaTests testUnsupportedOptionalProviderFieldIsRejectedBeforeTransport]' started.
Test Case '-[RightClickCoreTests.MOAT005G3GitHubRequestSchemaTests testUnsupportedOptionalProviderFieldIsRejectedBeforeTransport]' passed (0.001 seconds).
Test Suite 'MOAT005G3GitHubRequestSchemaTests' passed at 2026-10-08 21:14:41.627.
	 Executed 4 tests, with 0 failures (0 unexpected) in 0.004 (0.004) seconds
Test Suite 'MOAT005G4MutationJSONResponseFallbackTests' started at 2026-10-08 21:14:41.627.
Test Case '-[RightClickCoreTests.MOAT005G4MutationJSONResponseFallbackTests testMalformed201JSONFailsProviderContract]' started.
Test Case '-[RightClickCoreTests.MOAT005G4MutationJSONResponseFallbackTests testMalformed201JSONFailsProviderContract]' passed (0.003 seconds).
Test Case '-[RightClickCoreTests.MOAT005G4MutationJSONResponseFallbackTests testRealMutationResponseReflectsWithJSONSyntaxFallback]' started.
Test Case '-[RightClickCoreTests.MOAT005G4MutationJSONResponseFallbackTests testRealMutationResponseReflectsWithJSONSyntaxFallback]' passed (0.001 seconds).
Test Case '-[RightClickCoreTests.MOAT005G4MutationJSONResponseFallbackTests testValidRealStyle201JSONIsAcceptedButUnverified]' started.
Test Case '-[RightClickCoreTests.MOAT005G4MutationJSONResponseFallbackTests testValidRealStyle201JSONIsAcceptedButUnverified]' passed (0.003 seconds).
Test Suite 'MOAT005G4MutationJSONResponseFallbackTests' passed at 2026-10-08 21:14:41.634.
	 Executed 3 tests, with 0 failures (0 unexpected) in 0.007 (0.008) seconds
Test Suite 'MOAT005G5FullFrozenGitHubContractTests' started at 2026-10-08 21:14:41.634.
Test Case '-[RightClickCoreTests.MOAT005G5FullFrozenGitHubContractTests testFullContractExposesExactClosedArguments]' started.
Test Case '-[RightClickCoreTests.MOAT005G5FullFrozenGitHubContractTests testFullContractExposesExactClosedArguments]' passed (0.549 seconds).
Test Case '-[RightClickCoreTests.MOAT005G5FullFrozenGitHubContractTests testFullContractUsesOriginBoundExternalAuthority]' started.
Test Case '-[RightClickCoreTests.MOAT005G5FullFrozenGitHubContractTests testFullContractUsesOriginBoundExternalAuthority]' passed (0.409 seconds).
Test Case '-[RightClickCoreTests.MOAT005G5FullFrozenGitHubContractTests testFullContractUsesUnverifiedJSONSyntaxResponseFallback]' started.
Test Case '-[RightClickCoreTests.MOAT005G5FullFrozenGitHubContractTests testFullContractUsesUnverifiedJSONSyntaxResponseFallback]' passed (0.407 seconds).
Test Case '-[RightClickCoreTests.MOAT005G5FullFrozenGitHubContractTests testFullFrozenOfficialContractDiscoversIssuesCreate]' started.
Test Case '-[RightClickCoreTests.MOAT005G5FullFrozenGitHubContractTests testFullFrozenOfficialContractDiscoversIssuesCreate]' passed (0.516 seconds).
Test Suite 'MOAT005G5FullFrozenGitHubContractTests' passed at 2026-10-08 21:14:43.515.
	 Executed 4 tests, with 0 failures (0 unexpected) in 1.880 (1.880) seconds
Test Suite 'MOAT005G6MultiSegmentPathTests' started at 2026-10-08 21:14:43.515.
Test Case '-[RightClickCoreTests.MOAT005G6MultiSegmentPathTests testDeclaredMultiSegmentPathPreservesHierarchyButOrdinaryArgumentsDoNot]' started.
Test Case '-[RightClickCoreTests.MOAT005G6MultiSegmentPathTests testDeclaredMultiSegmentPathPreservesHierarchyButOrdinaryArgumentsDoNot]' passed (0.004 seconds).
Test Case '-[RightClickCoreTests.MOAT005G6MultiSegmentPathTests testDeclaredMultiSegmentPathReflectsAsOrdinaryClosedStringArgument]' started.
Test Case '-[RightClickCoreTests.MOAT005G6MultiSegmentPathTests testDeclaredMultiSegmentPathReflectsAsOrdinaryClosedStringArgument]' passed (0.001 seconds).
Test Case '-[RightClickCoreTests.MOAT005G6MultiSegmentPathTests testFullFrozenGitHubContractDiscoversCreateOrUpdateContents]' started.
Test Case '-[RightClickCoreTests.MOAT005G6MultiSegmentPathTests testFullFrozenGitHubContractDiscoversCreateOrUpdateContents]' passed (0.447 seconds).
Test Case '-[RightClickCoreTests.MOAT005G6MultiSegmentPathTests testMalformedMultiSegmentExtensionAbstains]' started.
Test Case '-[RightClickCoreTests.MOAT005G6MultiSegmentPathTests testMalformedMultiSegmentExtensionAbstains]' passed (0.001 seconds).
Test Case '-[RightClickCoreTests.MOAT005G6MultiSegmentPathTests testMultiSegmentPathTraversalAndEmptySegmentsFailBeforeTransport]' started.
Test Case '-[RightClickCoreTests.MOAT005G6MultiSegmentPathTests testMultiSegmentPathTraversalAndEmptySegmentsFailBeforeTransport]' passed (0.004 seconds).
Test Case '-[RightClickCoreTests.MOAT005G6MultiSegmentPathTests testUndeclaredMultiSegmentPathKeepsSlashEncodedAsData]' started.
Test Case '-[RightClickCoreTests.MOAT005G6MultiSegmentPathTests testUndeclaredMultiSegmentPathKeepsSlashEncodedAsData]' passed (0.004 seconds).
Test Suite 'MOAT005G6MultiSegmentPathTests' passed at 2026-10-08 21:14:43.977.
	 Executed 6 tests, with 0 failures (0 unexpected) in 0.461 (0.462) seconds
Test Suite 'NativeMutationLeaseRedTests' started at 2026-10-08 21:14:43.977.
Test Case '-[RightClickCLITests.NativeMutationLeaseRedTests testConfigureFailsClosedIfAbsentPlanDriftsToConflictBeforeApply]' started.
Test Case '-[RightClickCLITests.NativeMutationLeaseRedTests testConfigureFailsClosedIfAbsentPlanDriftsToConflictBeforeApply]' passed (0.381 seconds).
Test Case '-[RightClickCLITests.NativeMutationLeaseRedTests testConfigureFreshlyInspectsImmediatelyBeforeNativeAdd]' started.
Test Case '-[RightClickCLITests.NativeMutationLeaseRedTests testConfigureFreshlyInspectsImmediatelyBeforeNativeAdd]' passed (0.513 seconds).
Test Case '-[RightClickCLITests.NativeMutationLeaseRedTests testDisconnectFailsClosedIfExactPlanDriftsToConflictBeforeApply]' started.
Test Case '-[RightClickCLITests.NativeMutationLeaseRedTests testDisconnectFailsClosedIfExactPlanDriftsToConflictBeforeApply]' passed (0.381 seconds).
Test Case '-[RightClickCLITests.NativeMutationLeaseRedTests testDisconnectFreshlyInspectsImmediatelyBeforeNativeRemove]' started.
Test Case '-[RightClickCLITests.NativeMutationLeaseRedTests testDisconnectFreshlyInspectsImmediatelyBeforeNativeRemove]' passed (0.510 seconds).
Test Suite 'NativeMutationLeaseRedTests' passed at 2026-10-08 21:14:45.761.
	 Executed 4 tests, with 0 failures (0 unexpected) in 1.784 (1.785) seconds
Test Suite 'NativeServiceUnicodeBoundaryTests' started at 2026-10-08 21:14:45.761.
Test Case '-[RightClickCoreTests.NativeServiceUnicodeBoundaryTests testComplexUnicodeAcrossLanguageFamilies]' started.
Test Case '-[RightClickCoreTests.NativeServiceUnicodeBoundaryTests testComplexUnicodeAcrossLanguageFamilies]' passed (0.000 seconds).
Test Case '-[RightClickCoreTests.NativeServiceUnicodeBoundaryTests testExistingCorrectOutputAndEchoStayUntouched]' started.
Test Case '-[RightClickCoreTests.NativeServiceUnicodeBoundaryTests testExistingCorrectOutputAndEchoStayUntouched]' passed (0.000 seconds).
Test Case '-[RightClickCoreTests.NativeServiceUnicodeBoundaryTests testFullWidthResultWithCorrectUnicodeIsNotMutated]' started.
Test Case '-[RightClickCoreTests.NativeServiceUnicodeBoundaryTests testFullWidthResultWithCorrectUnicodeIsNotMutated]' passed (0.000 seconds).
Test Case '-[RightClickCoreTests.NativeServiceUnicodeBoundaryTests testNonRepairableBytesAndNormalAsciiAreUntouched]' started.
Test Case '-[RightClickCoreTests.NativeServiceUnicodeBoundaryTests testNonRepairableBytesAndNormalAsciiAreUntouched]' passed (0.001 seconds).
Test Case '-[RightClickCoreTests.NativeServiceUnicodeBoundaryTests testObservedMojibakeVectorsAreRepairedExactly]' started.
Test Case '-[RightClickCoreTests.NativeServiceUnicodeBoundaryTests testObservedMojibakeVectorsAreRepairedExactly]' passed (0.000 seconds).
Test Case '-[RightClickCoreTests.NativeServiceUnicodeBoundaryTests testUnrelatedProviderCannotBeModified]' started.
Test Case '-[RightClickCoreTests.NativeServiceUnicodeBoundaryTests testUnrelatedProviderCannotBeModified]' passed (0.000 seconds).
Test Suite 'NativeServiceUnicodeBoundaryTests' passed at 2026-10-08 21:14:45.763.
	 Executed 6 tests, with 0 failures (0 unexpected) in 0.001 (0.002) seconds
Test Suite 'NativeServiceUnicodeLiveAcceptanceTests' started at 2026-10-08 21:14:45.763.
Test Case '-[RightClickCoreTests.NativeServiceUnicodeLiveAcceptanceTests testInstalledFullWidthServiceTransformsASCIIWithoutCorruption]' started.
/Users/ross/Documents/Codex/2026-10-08/files-pasted-by-the-user-you/work/rightclick-nested/Tests/RightClickCoreTests/NativeServiceUnicodeLiveAcceptanceTests.swift:44: -[RightClickCoreTests.NativeServiceUnicodeLiveAcceptanceTests testInstalledFullWidthServiceTransformsASCIIWithoutCorruption] : Test skipped - Set RIGHTCLICK_LIVE_UNICODE_SERVICE=1 on a macOS host.
Test Case '-[RightClickCoreTests.NativeServiceUnicodeLiveAcceptanceTests testInstalledFullWidthServiceTransformsASCIIWithoutCorruption]' skipped (0.000 seconds).
Test Case '-[RightClickCoreTests.NativeServiceUnicodeLiveAcceptanceTests testInstalledHalfWidthServicePreservesNonASCIIText]' started.
/Users/ross/Documents/Codex/2026-10-08/files-pasted-by-the-user-you/work/rightclick-nested/Tests/RightClickCoreTests/NativeServiceUnicodeLiveAcceptanceTests.swift:12: -[RightClickCoreTests.NativeServiceUnicodeLiveAcceptanceTests testInstalledHalfWidthServicePreservesNonASCIIText] : Test skipped - Set RIGHTCLICK_LIVE_UNICODE_SERVICE=1 on a macOS host with the system text converter.
Test Case '-[RightClickCoreTests.NativeServiceUnicodeLiveAcceptanceTests testInstalledHalfWidthServicePreservesNonASCIIText]' skipped (0.000 seconds).
Test Suite 'NativeServiceUnicodeLiveAcceptanceTests' passed at 2026-10-08 21:14:45.764.
	 Executed 2 tests, with 2 tests skipped and 0 failures (0 unexpected) in 0.000 (0.001) seconds
Test Suite 'NetworkOriginAuthorityTests' started at 2026-10-08 21:14:45.764.
Test Case '-[RightClickCoreTests.NetworkOriginAuthorityTests testInvocationRedirectCannotEscapeDiscoveredOrigin]' started.
/Users/ross/Documents/Codex/2026-10-08/files-pasted-by-the-user-you/work/rightclick-nested/Tests/RightClickCoreTests/NetworkOriginAuthorityTests.swift:33: -[RightClickCoreTests.NetworkOriginAuthorityTests testInvocationRedirectCannotEscapeDiscoveredOrigin] : Test skipped - NS007_SOURCE_PORT and NS007_SINK_PORT required.
Test Case '-[RightClickCoreTests.NetworkOriginAuthorityTests testInvocationRedirectCannotEscapeDiscoveredOrigin]' skipped (0.000 seconds).
Test Case '-[RightClickCoreTests.NetworkOriginAuthorityTests testSpecificationRedirectCannotEscapeDiscoveredOrigin]' started.
/Users/ross/Documents/Codex/2026-10-08/files-pasted-by-the-user-you/work/rightclick-nested/Tests/RightClickCoreTests/NetworkOriginAuthorityTests.swift:33: -[RightClickCoreTests.NetworkOriginAuthorityTests testSpecificationRedirectCannotEscapeDiscoveredOrigin] : Test skipped - NS007_SOURCE_PORT and NS007_SINK_PORT required.
Test Case '-[RightClickCoreTests.NetworkOriginAuthorityTests testSpecificationRedirectCannotEscapeDiscoveredOrigin]' skipped (0.000 seconds).
Test Suite 'NetworkOriginAuthorityTests' passed at 2026-10-08 21:14:45.764.
	 Executed 2 tests, with 2 tests skipped and 0 failures (0 unexpected) in 0.000 (0.000) seconds
Test Suite 'OAuthOIDCAuthorityTests' started at 2026-10-08 21:14:45.764.
Test Case '-[RightClickCoreTests.OAuthOIDCAuthorityTests testAuthorizationURLUsesPKCES256AndNeverVerifier]' started.
Test Case '-[RightClickCoreTests.OAuthOIDCAuthorityTests testAuthorizationURLUsesPKCES256AndNeverVerifier]' passed (0.000 seconds).
Test Case '-[RightClickCoreTests.OAuthOIDCAuthorityTests testBindingIsExactAcrossIssuerResourceClientAndScopes]' started.
Test Case '-[RightClickCoreTests.OAuthOIDCAuthorityTests testBindingIsExactAcrossIssuerResourceClientAndScopes]' passed (0.000 seconds).
Test Case '-[RightClickCoreTests.OAuthOIDCAuthorityTests testKeychainRoundTripIsBoundToExactAuthorityLease]' started.
Test Case '-[RightClickCoreTests.OAuthOIDCAuthorityTests testKeychainRoundTripIsBoundToExactAuthorityLease]' passed (0.019 seconds).
Test Case '-[RightClickCoreTests.OAuthOIDCAuthorityTests testLoopbackRedirectAndSecretValidationFailClosed]' started.
Test Case '-[RightClickCoreTests.OAuthOIDCAuthorityTests testLoopbackRedirectAndSecretValidationFailClosed]' passed (0.000 seconds).
Test Case '-[RightClickCoreTests.OAuthOIDCAuthorityTests testMetadataDiscoveryURLsPreserveIssuerPathSemantics]' started.
Test Case '-[RightClickCoreTests.OAuthOIDCAuthorityTests testMetadataDiscoveryURLsPreserveIssuerPathSemantics]' passed (0.000 seconds).
Test Case '-[RightClickCoreTests.OAuthOIDCAuthorityTests testMetadataRequiresExactIssuerHTTPSAndS256]' started.
Test Case '-[RightClickCoreTests.OAuthOIDCAuthorityTests testMetadataRequiresExactIssuerHTTPSAndS256]' passed (0.000 seconds).
Test Case '-[RightClickCoreTests.OAuthOIDCAuthorityTests testRFC7636S256Vector]' started.
Test Case '-[RightClickCoreTests.OAuthOIDCAuthorityTests testRFC7636S256Vector]' passed (0.000 seconds).
Test Case '-[RightClickCoreTests.OAuthOIDCAuthorityTests testTokenBundleScopeAndExpiryLease]' started.
Test Case '-[RightClickCoreTests.OAuthOIDCAuthorityTests testTokenBundleScopeAndExpiryLease]' passed (0.000 seconds).
Test Suite 'OAuthOIDCAuthorityTests' passed at 2026-10-08 21:14:45.786.
	 Executed 8 tests, with 0 failures (0 unexpected) in 0.021 (0.021) seconds
Test Suite 'OnboardingEngineTests' started at 2026-10-08 21:14:45.786.
Test Case '-[RightClickCLITests.OnboardingEngineTests testClientStateVocabularySeparatesConfigurationConnectionAndAttestation]' started.
Test Case '-[RightClickCLITests.OnboardingEngineTests testClientStateVocabularySeparatesConfigurationConnectionAndAttestation]' passed (0.000 seconds).
Test Case '-[RightClickCLITests.OnboardingEngineTests testDisconnectRemovesOnlyOwnedEntryAfterIndependentEdits]' started.
Test Case '-[RightClickCLITests.OnboardingEngineTests testDisconnectRemovesOnlyOwnedEntryAfterIndependentEdits]' passed (0.006 seconds).
Test Case '-[RightClickCLITests.OnboardingEngineTests testGenericEngineFailsClosedOnConflictingOwnedEntry]' started.
Test Case '-[RightClickCLITests.OnboardingEngineTests testGenericEngineFailsClosedOnConflictingOwnedEntry]' passed (0.001 seconds).
Test Case '-[RightClickCLITests.OnboardingEngineTests testGenericEngineUsesAdapterAndPreservesUnrelatedConfiguration]' started.
Test Case '-[RightClickCLITests.OnboardingEngineTests testGenericEngineUsesAdapterAndPreservesUnrelatedConfiguration]' passed (0.004 seconds).
Test Case '-[RightClickCLITests.OnboardingEngineTests testPostWriteFailureRemovesConfigurationCreatedFromNothing]' started.
Test Case '-[RightClickCLITests.OnboardingEngineTests testPostWriteFailureRemovesConfigurationCreatedFromNothing]' passed (0.002 seconds).
Test Case '-[RightClickCLITests.OnboardingEngineTests testPostWriteVerificationFailureRestoresExactOriginal]' started.
Test Case '-[RightClickCLITests.OnboardingEngineTests testPostWriteVerificationFailureRestoresExactOriginal]' passed (0.004 seconds).
Test Suite 'OnboardingEngineTests' passed at 2026-10-08 21:14:45.804.
	 Executed 6 tests, with 0 failures (0 unexpected) in 0.018 (0.018) seconds
Test Suite 'OpenAPIAcquisitionBoundsTests' started at 2026-10-08 21:14:45.804.
Test Case '-[RightClickCoreTests.OpenAPIAcquisitionBoundsTests testSmallSpecificationIsAccepted]' started.
/Users/ross/Documents/Codex/2026-10-08/files-pasted-by-the-user-you/work/rightclick-nested/Tests/RightClickCoreTests/OpenAPIAcquisitionBoundsTests.swift:27: -[RightClickCoreTests.OpenAPIAcquisitionBoundsTests testSmallSpecificationIsAccepted] : Test skipped - NS008_FIXTURE_PORT required.
Test Case '-[RightClickCoreTests.OpenAPIAcquisitionBoundsTests testSmallSpecificationIsAccepted]' skipped (0.000 seconds).
Test Case '-[RightClickCoreTests.OpenAPIAcquisitionBoundsTests testSpecificationAcquisitionHasFiveSecondDeadline]' started.
/Users/ross/Documents/Codex/2026-10-08/files-pasted-by-the-user-you/work/rightclick-nested/Tests/RightClickCoreTests/OpenAPIAcquisitionBoundsTests.swift:27: -[RightClickCoreTests.OpenAPIAcquisitionBoundsTests testSpecificationAcquisitionHasFiveSecondDeadline] : Test skipped - NS008_FIXTURE_PORT required.
Test Case '-[RightClickCoreTests.OpenAPIAcquisitionBoundsTests testSpecificationAcquisitionHasFiveSecondDeadline]' skipped (0.000 seconds).
Test Case '-[RightClickCoreTests.OpenAPIAcquisitionBoundsTests testSpecificationExactlyAtByteLimitIsAccepted]' started.
/Users/ross/Documents/Codex/2026-10-08/files-pasted-by-the-user-you/work/rightclick-nested/Tests/RightClickCoreTests/OpenAPIAcquisitionBoundsTests.swift:27: -[RightClickCoreTests.OpenAPIAcquisitionBoundsTests testSpecificationExactlyAtByteLimitIsAccepted] : Test skipped - NS008_FIXTURE_PORT required.
Test Case '-[RightClickCoreTests.OpenAPIAcquisitionBoundsTests testSpecificationExactlyAtByteLimitIsAccepted]' skipped (0.000 seconds).
Test Case '-[RightClickCoreTests.OpenAPIAcquisitionBoundsTests testSpecificationOneByteOverLegacyGenericLimitIsAcceptedByOpenAPISource]' started.
/Users/ross/Documents/Codex/2026-10-08/files-pasted-by-the-user-you/work/rightclick-nested/Tests/RightClickCoreTests/OpenAPIAcquisitionBoundsTests.swift:27: -[RightClickCoreTests.OpenAPIAcquisitionBoundsTests testSpecificationOneByteOverLegacyGenericLimitIsAcceptedByOpenAPISource] : Test skipped - NS008_FIXTURE_PORT required.
Test Case '-[RightClickCoreTests.OpenAPIAcquisitionBoundsTests testSpecificationOneByteOverLegacyGenericLimitIsAcceptedByOpenAPISource]' skipped (0.000 seconds).
Test Suite 'OpenAPIAcquisitionBoundsTests' passed at 2026-10-08 21:14:45.805.
	 Executed 4 tests, with 4 tests skipped and 0 failures (0 unexpected) in 0.001 (0.001) seconds
Test Suite 'OpenAPIAuthorityManagementTests' started at 2026-10-08 21:14:45.805.
Test Case '-[RightClickCoreTests.OpenAPIAuthorityManagementTests testAuthorityDeleteIsScopedToExactOriginAndScheme]' started.
Test Case '-[RightClickCoreTests.OpenAPIAuthorityManagementTests testAuthorityDeleteIsScopedToExactOriginAndScheme]' passed (0.019 seconds).
Test Case '-[RightClickCoreTests.OpenAPIAuthorityManagementTests testAuthorityManagementRequiresCredentialFreeHTTPSOrigin]' started.
Test Case '-[RightClickCoreTests.OpenAPIAuthorityManagementTests testAuthorityManagementRequiresCredentialFreeHTTPSOrigin]' passed (0.000 seconds).
Test Case '-[RightClickCoreTests.OpenAPIAuthorityManagementTests testManagementStoreWritesTheExactAccountExecutionReads]' started.
Test Case '-[RightClickCoreTests.OpenAPIAuthorityManagementTests testManagementStoreWritesTheExactAccountExecutionReads]' passed (0.011 seconds).
Test Suite 'OpenAPIAuthorityManagementTests' passed at 2026-10-08 21:14:45.835.
	 Executed 3 tests, with 0 failures (0 unexpected) in 0.030 (0.030) seconds
Test Suite 'OpenAPIAuthorityTests' started at 2026-10-08 21:14:45.835.
Test Case '-[RightClickCoreTests.OpenAPIAuthorityTests testBearerAuthorityDoesNotCrossOrigin]' started.
Test Case '-[RightClickCoreTests.OpenAPIAuthorityTests testBearerAuthorityDoesNotCrossOrigin]' passed (0.010 seconds).
Test Case '-[RightClickCoreTests.OpenAPIAuthorityTests testBearerAuthorityIsInjectedFromOriginBoundKeychainWithoutSecretDisclosure]' started.
Test Case '-[RightClickCoreTests.OpenAPIAuthorityTests testBearerAuthorityIsInjectedFromOriginBoundKeychainWithoutSecretDisclosure]' passed (0.015 seconds).
Test Case '-[RightClickCoreTests.OpenAPIAuthorityTests testBearerSecurityRequirementReflectsGenericAuthorityMetadataWithoutSecret]' started.
Test Case '-[RightClickCoreTests.OpenAPIAuthorityTests testBearerSecurityRequirementReflectsGenericAuthorityMetadataWithoutSecret]' passed (0.001 seconds).
Test Case '-[RightClickCoreTests.OpenAPIAuthorityTests testExplicitEmptyOperationSecurityOverridesRootSecurityAsPublic]' started.
Test Case '-[RightClickCoreTests.OpenAPIAuthorityTests testExplicitEmptyOperationSecurityOverridesRootSecurityAsPublic]' passed (0.004 seconds).
Test Case '-[RightClickCoreTests.OpenAPIAuthorityTests testMissingBearerAuthorityFailsBeforeTransport]' started.
Test Case '-[RightClickCoreTests.OpenAPIAuthorityTests testMissingBearerAuthorityFailsBeforeTransport]' passed (0.002 seconds).
Test Case '-[RightClickCoreTests.OpenAPIAuthorityTests testRootLevelSecurityIsNotSilentlyIgnored]' started.
Test Case '-[RightClickCoreTests.OpenAPIAuthorityTests testRootLevelSecurityIsNotSilentlyIgnored]' passed (0.001 seconds).
Test Case '-[RightClickCoreTests.OpenAPIAuthorityTests testUnsupportedSecurityRequirementsAbstainRatherThanGuessing]' started.
Test Case '-[RightClickCoreTests.OpenAPIAuthorityTests testUnsupportedSecurityRequirementsAbstainRatherThanGuessing]' passed (0.002 seconds).
Test Suite 'OpenAPIAuthorityTests' passed at 2026-10-08 21:14:45.870.
	 Executed 7 tests, with 0 failures (0 unexpected) in 0.035 (0.035) seconds
Test Suite 'OpenAPIRealProviderAcceptanceTests' started at 2026-10-08 21:14:45.870.
Test Case '-[RightClickCoreTests.OpenAPIRealProviderAcceptanceTests testRealLocalhostProviderThroughUniversalRuntime]' started.
/Users/ross/Documents/Codex/2026-10-08/files-pasted-by-the-user-you/work/rightclick-nested/Tests/RightClickCoreTests/OpenAPIRealProviderAcceptanceTests.swift:62: -[RightClickCoreTests.OpenAPIRealProviderAcceptanceTests testRealLocalhostProviderThroughUniversalRuntime] : Test skipped - NS004_OPENAPI_BASE_URL is required for the real-provider gate.
Test Case '-[RightClickCoreTests.OpenAPIRealProviderAcceptanceTests testRealLocalhostProviderThroughUniversalRuntime]' skipped (0.000 seconds).
Test Suite 'OpenAPIRealProviderAcceptanceTests' passed at 2026-10-08 21:14:45.871.
	 Executed 1 test, with 1 test skipped and 0 failures (0 unexpected) in 0.000 (0.000) seconds
Test Suite 'OpenAPIReflectorTests' started at 2026-10-08 21:14:45.871.
Test Case '-[RightClickCoreTests.OpenAPIReflectorTests testCapabilityIdentityBindsEndpointAndSpecification]' started.
Test Case '-[RightClickCoreTests.OpenAPIReflectorTests testCapabilityIdentityBindsEndpointAndSpecification]' passed (0.001 seconds).
Test Case '-[RightClickCoreTests.OpenAPIReflectorTests testExistingVerifierCanVerifyOpenAPIResult]' started.
Test Case '-[RightClickCoreTests.OpenAPIReflectorTests testExistingVerifierCanVerifyOpenAPIResult]' passed (0.003 seconds).
Test Case '-[RightClickCoreTests.OpenAPIReflectorTests testExistingVerifierRejectsWrongOpenAPIResult]' started.
Test Case '-[RightClickCoreTests.OpenAPIReflectorTests testExistingVerifierRejectsWrongOpenAPIResult]' passed (0.002 seconds).
Test Case '-[RightClickCoreTests.OpenAPIReflectorTests testGETPathParameterArgumentsFailClosedBeforeTransport]' started.
Test Case '-[RightClickCoreTests.OpenAPIReflectorTests testGETPathParameterArgumentsFailClosedBeforeTransport]' passed (0.001 seconds).
Test Case '-[RightClickCoreTests.OpenAPIReflectorTests testGETPathParameterUsesGenericArgumentsPercentEncodesAndSendsNoBody]' started.
Test Case '-[RightClickCoreTests.OpenAPIReflectorTests testGETPathParameterUsesGenericArgumentsPercentEncodesAndSendsNoBody]' passed (0.003 seconds).
Test Case '-[RightClickCoreTests.OpenAPIReflectorTests testGETUnsupportedParameterShapesAbstainRatherThanGuessing]' started.
Test Case '-[RightClickCoreTests.OpenAPIReflectorTests testGETUnsupportedParameterShapesAbstainRatherThanGuessing]' passed (0.001 seconds).
Test Case '-[RightClickCoreTests.OpenAPIReflectorTests testGETWithRequiredStringPathParameterReflectsGenericArgumentSchema]' started.
Test Case '-[RightClickCoreTests.OpenAPIReflectorTests testGETWithRequiredStringPathParameterReflectsGenericArgumentSchema]' passed (0.001 seconds).
Test Case '-[RightClickCoreTests.OpenAPIReflectorTests testHTTPAcceptanceIsNotSemanticSuccess]' started.
Test Case '-[RightClickCoreTests.OpenAPIReflectorTests testHTTPAcceptanceIsNotSemanticSuccess]' passed (0.002 seconds).
Test Case '-[RightClickCoreTests.OpenAPIReflectorTests testMissingOperationIDAbstains]' started.
Test Case '-[RightClickCoreTests.OpenAPIReflectorTests testMissingOperationIDAbstains]' passed (0.000 seconds).
Test Case '-[RightClickCoreTests.OpenAPIReflectorTests testStructuredJSONObjectArgumentsFailClosedBeforeTransport]' started.
Test Case '-[RightClickCoreTests.OpenAPIReflectorTests testStructuredJSONObjectArgumentsFailClosedBeforeTransport]' passed (0.001 seconds).
Test Case '-[RightClickCoreTests.OpenAPIReflectorTests testStructuredJSONObjectOperationUsesGenericArgumentsAndReturnsCanonicalJSON]' started.
Test Case '-[RightClickCoreTests.OpenAPIReflectorTests testStructuredJSONObjectOperationUsesGenericArgumentsAndReturnsCanonicalJSON]' passed (0.003 seconds).
Test Case '-[RightClickCoreTests.OpenAPIReflectorTests testSupportedStructuredJSONObjectOperationReflectsGenericArgumentSchema]' started.
Test Case '-[RightClickCoreTests.OpenAPIReflectorTests testSupportedStructuredJSONObjectOperationReflectsGenericArgumentSchema]' passed (0.001 seconds).
Test Case '-[RightClickCoreTests.OpenAPIReflectorTests testUnknownOpenAPISpecReflectsTextOperation]' started.
Test Case '-[RightClickCoreTests.OpenAPIReflectorTests testUnknownOpenAPISpecReflectsTextOperation]' passed (0.001 seconds).
Test Case '-[RightClickCoreTests.OpenAPIReflectorTests testUnsupportedSchemaAbstainsRatherThanGuessing]' started.
Test Case '-[RightClickCoreTests.OpenAPIReflectorTests testUnsupportedSchemaAbstainsRatherThanGuessing]' passed (0.000 seconds).
Test Suite 'OpenAPIReflectorTests' passed at 2026-10-08 21:14:45.892.
	 Executed 14 tests, with 0 failures (0 unexpected) in 0.020 (0.021) seconds
Test Suite 'OutcomeVerifierTests' started at 2026-10-08 21:14:45.892.
Test Case '-[RightClickCoreTests.OutcomeVerifierTests testAnyFalseRequiredPredicateMakesWholeOutcomeFail]' started.
Test Case '-[RightClickCoreTests.OutcomeVerifierTests testAnyFalseRequiredPredicateMakesWholeOutcomeFail]' passed (0.003 seconds).
Test Case '-[RightClickCoreTests.OutcomeVerifierTests testExactReturnedTextCanVerifySuccess]' started.
Test Case '-[RightClickCoreTests.OutcomeVerifierTests testExactReturnedTextCanVerifySuccess]' passed (0.000 seconds).
Test Case '-[RightClickCoreTests.OutcomeVerifierTests testMetadataValueStillPresentIsVerifiedFailure]' started.
Test Case '-[RightClickCoreTests.OutcomeVerifierTests testMetadataValueStillPresentIsVerifiedFailure]' passed (0.014 seconds).
Test Case '-[RightClickCoreTests.OutcomeVerifierTests testNoPostconditionsCannotBecomeSuccess]' started.
Test Case '-[RightClickCoreTests.OutcomeVerifierTests testNoPostconditionsCannotBecomeSuccess]' passed (0.000 seconds).
Test Case '-[RightClickCoreTests.OutcomeVerifierTests testVerificationSpecRoundTripsThroughJSON]' started.
Test Case '-[RightClickCoreTests.OutcomeVerifierTests testVerificationSpecRoundTripsThroughJSON]' passed (0.000 seconds).
Test Case '-[RightClickCoreTests.OutcomeVerifierTests testXattrRemovalAndUnchangedBytesVerifySuccess]' started.
Test Case '-[RightClickCoreTests.OutcomeVerifierTests testXattrRemovalAndUnchangedBytesVerifySuccess]' passed (0.130 seconds).
Test Suite 'OutcomeVerifierTests' passed at 2026-10-08 21:14:46.039.
	 Executed 6 tests, with 0 failures (0 unexpected) in 0.147 (0.147) seconds
Test Suite 'PolicyTests' started at 2026-10-08 21:14:46.039.
Test Case '-[RightClickCoreTests.PolicyTests testActionExtensionIsNotInvokable]' started.
Test Case '-[RightClickCoreTests.PolicyTests testActionExtensionIsNotInvokable]' passed (0.000 seconds).
Test Case '-[RightClickCoreTests.PolicyTests testCodeExecutionRequiresConfirmationEvenWithTextOutput]' started.
Test Case '-[RightClickCoreTests.PolicyTests testCodeExecutionRequiresConfirmationEvenWithTextOutput]' passed (0.000 seconds).
Test Case '-[RightClickCoreTests.PolicyTests testContentClassification]' started.
Test Case '-[RightClickCoreTests.PolicyTests testContentClassification]' passed (0.000 seconds).
Test Case '-[RightClickCoreTests.PolicyTests testDedupeKeepsFirstIdentifier]' started.
Test Case '-[RightClickCoreTests.PolicyTests testDedupeKeepsFirstIdentifier]' passed (0.000 seconds).
Test Case '-[RightClickCoreTests.PolicyTests testDestructiveRequiresConfirmation]' started.
Test Case '-[RightClickCoreTests.PolicyTests testDestructiveRequiresConfirmation]' passed (0.000 seconds).
Test Case '-[RightClickCoreTests.PolicyTests testExternalShareRequiresConfirmation]' started.
Test Case '-[RightClickCoreTests.PolicyTests testExternalShareRequiresConfirmation]' passed (0.000 seconds).
Test Case '-[RightClickCoreTests.PolicyTests testSecurityChangeRequiresConfirmationEvenWithTextOutput]' started.
Test Case '-[RightClickCoreTests.PolicyTests testSecurityChangeRequiresConfirmationEvenWithTextOutput]' passed (0.000 seconds).
Test Case '-[RightClickCoreTests.PolicyTests testServiceIdentifierPrefersMessage]' started.
Test Case '-[RightClickCoreTests.PolicyTests testServiceIdentifierPrefersMessage]' passed (0.000 seconds).
Test Case '-[RightClickCoreTests.PolicyTests testSharingIdentifierFallsBackToTitleSlug]' started.
Test Case '-[RightClickCoreTests.PolicyTests testSharingIdentifierFallsBackToTitleSlug]' passed (0.000 seconds).
Test Case '-[RightClickCoreTests.PolicyTests testSharingIdentifierUsesPublicName]' started.
Test Case '-[RightClickCoreTests.PolicyTests testSharingIdentifierUsesPublicName]' passed (0.000 seconds).
Test Case '-[RightClickCoreTests.PolicyTests testTextTransformContractStillRequiresConfirmation]' started.
Test Case '-[RightClickCoreTests.PolicyTests testTextTransformContractStillRequiresConfirmation]' passed (0.000 seconds).
Test Case '-[RightClickCoreTests.PolicyTests testUntrustedTextReturnContractCannotGrantReadOnlyPermission]' started.
Test Case '-[RightClickCoreTests.PolicyTests testUntrustedTextReturnContractCannotGrantReadOnlyPermission]' passed (0.000 seconds).
Test Suite 'PolicyTests' passed at 2026-10-08 21:14:46.041.
	 Executed 12 tests, with 0 failures (0 unexpected) in 0.002 (0.002) seconds
Test Suite 'ProductSurfaceRuntimeTests' started at 2026-10-08 21:14:46.041.
Test Case '-[RightClickCoreTests.ProductSurfaceRuntimeTests testRuntimeIdentityReportsExactExecutableBytes]' started.
Test Case '-[RightClickCoreTests.ProductSurfaceRuntimeTests testRuntimeIdentityReportsExactExecutableBytes]' passed (0.001 seconds).
Test Suite 'ProductSurfaceRuntimeTests' passed at 2026-10-08 21:14:46.042.
	 Executed 1 test, with 0 failures (0 unexpected) in 0.001 (0.001) seconds
Test Suite 'ProviderConfigurationCLITests' started at 2026-10-08 21:14:46.042.
Test Case '-[RightClickCLITests.ProviderConfigurationCLITests testProviderAddListAndRemoveRoundTrip]' started.
Test Case '-[RightClickCLITests.ProviderConfigurationCLITests testProviderAddListAndRemoveRoundTrip]' passed (0.002 seconds).
Test Case '-[RightClickCLITests.ProviderConfigurationCLITests testProviderCLIRejectsCredentialOptionAndHTTPURL]' started.
Test Case '-[RightClickCLITests.ProviderConfigurationCLITests testProviderCLIRejectsCredentialOptionAndHTTPURL]' passed (0.000 seconds).
Test Suite 'ProviderConfigurationCLITests' passed at 2026-10-08 21:14:46.044.
	 Executed 2 tests, with 0 failures (0 unexpected) in 0.002 (0.002) seconds
Test Suite 'RCIRBoundaryTests' started at 2026-10-08 21:14:46.044.
Test Case '-[RightClickCoreTests.RCIRBoundaryTests testConcurrentConsumptionHasOneWinner]' started.
Test Case '-[RightClickCoreTests.RCIRBoundaryTests testConcurrentConsumptionHasOneWinner]' passed (0.001 seconds).
Test Case '-[RightClickCoreTests.RCIRBoundaryTests testFailedProviderResultStillDoesNotVerifyAnExternalFailure]' started.
Test Case '-[RightClickCoreTests.RCIRBoundaryTests testFailedProviderResultStillDoesNotVerifyAnExternalFailure]' passed (0.000 seconds).
Test Case '-[RightClickCoreTests.RCIRBoundaryTests testInvalidObservationCannotSetSemanticSuccess]' started.
Test Case '-[RightClickCoreTests.RCIRBoundaryTests testInvalidObservationCannotSetSemanticSuccess]' passed (0.000 seconds).
Test Case '-[RightClickCoreTests.RCIRBoundaryTests testRejectedArgumentsDoNotSpendAnOtherwiseValidLease]' started.
Test Case '-[RightClickCoreTests.RCIRBoundaryTests testRejectedArgumentsDoNotSpendAnOtherwiseValidLease]' passed (0.001 seconds).
Test Case '-[RightClickCoreTests.RCIRBoundaryTests testTaskCannotPredateLease]' started.
Test Case '-[RightClickCoreTests.RCIRBoundaryTests testTaskCannotPredateLease]' passed (0.000 seconds).
Test Suite 'RCIRBoundaryTests' passed at 2026-10-08 21:14:46.047.
	 Executed 5 tests, with 0 failures (0 unexpected) in 0.003 (0.003) seconds
Test Suite 'RCIRIntegrationTests' started at 2026-10-08 21:14:46.047.
Test Case '-[RightClickCoreTests.RCIRIntegrationTests testBackendSignatureRejectionIsNotIgnored]' started.
Test Case '-[RightClickCoreTests.RCIRIntegrationTests testBackendSignatureRejectionIsNotIgnored]' passed (0.001 seconds).
Test Case '-[RightClickCoreTests.RCIRIntegrationTests testEmbeddedKeyCannotEstablishTrust]' started.
Test Case '-[RightClickCoreTests.RCIRIntegrationTests testEmbeddedKeyCannotEstablishTrust]' passed (0.000 seconds).
Test Case '-[RightClickCoreTests.RCIRIntegrationTests testEmptyTerminalPageIsDistinguishableFromLiveIdle]' started.
Test Case '-[RightClickCoreTests.RCIRIntegrationTests testEmptyTerminalPageIsDistinguishableFromLiveIdle]' passed (0.001 seconds).
Test Case '-[RightClickCoreTests.RCIRIntegrationTests testEnvelopeRejectsNonReceiptPayload]' started.
Test Case '-[RightClickCoreTests.RCIRIntegrationTests testEnvelopeRejectsNonReceiptPayload]' passed (0.000 seconds).
Test Case '-[RightClickCoreTests.RCIRIntegrationTests testEnvelopeRejectsWrongSignatureAndKeyLengths]' started.
Test Case '-[RightClickCoreTests.RCIRIntegrationTests testEnvelopeRejectsWrongSignatureAndKeyLengths]' passed (0.000 seconds).
Test Case '-[RightClickCoreTests.RCIRIntegrationTests testEventPagesHaveBoundedStableCursors]' started.
Test Case '-[RightClickCoreTests.RCIRIntegrationTests testEventPagesHaveBoundedStableCursors]' passed (0.000 seconds).
Test Case '-[RightClickCoreTests.RCIRIntegrationTests testObserverReceivesExactArgumentsAndBinding]' started.
Test Case '-[RightClickCoreTests.RCIRIntegrationTests testObserverReceivesExactArgumentsAndBinding]' passed (0.000 seconds).
Test Case '-[RightClickCoreTests.RCIRIntegrationTests testPagesRejectInvalidCursorsAndLimits]' started.
Test Case '-[RightClickCoreTests.RCIRIntegrationTests testPagesRejectInvalidCursorsAndLimits]' passed (0.000 seconds).
Test Case '-[RightClickCoreTests.RCIRIntegrationTests testRealCryptoKitSignatureAndPinnedKey]' started.
Test Case '-[RightClickCoreTests.RCIRIntegrationTests testRealCryptoKitSignatureAndPinnedKey]' passed (0.001 seconds).
Test Case '-[RightClickCoreTests.RCIRIntegrationTests testRealCryptoKitSignatureDetectsPayloadTampering]' started.
Test Case '-[RightClickCoreTests.RCIRIntegrationTests testRealCryptoKitSignatureDetectsPayloadTampering]' passed (0.001 seconds).
Test Case '-[RightClickCoreTests.RCIRIntegrationTests testUnsignedFixtureIsExplicitlyNotCryptographicEvidence]' started.
Test Case '-[RightClickCoreTests.RCIRIntegrationTests testUnsignedFixtureIsExplicitlyNotCryptographicEvidence]' passed (0.000 seconds).
Test Case '-[RightClickCoreTests.RCIRIntegrationTests testWireTransportPreservesExactPayload]' started.
Test Case '-[RightClickCoreTests.RCIRIntegrationTests testWireTransportPreservesExactPayload]' passed (0.000 seconds).
Test Suite 'RCIRIntegrationTests' passed at 2026-10-08 21:14:46.054.
	 Executed 12 tests, with 0 failures (0 unexpected) in 0.006 (0.007) seconds
Test Suite 'RCIRInvocationIsolationTests' started at 2026-10-08 21:14:46.054.
Test Case '-[RightClickCoreTests.RCIRInvocationIsolationTests testCompilerCannotMixProviderIdentityOrArgumentTypes]' started.
Test Case '-[RightClickCoreTests.RCIRInvocationIsolationTests testCompilerCannotMixProviderIdentityOrArgumentTypes]' passed (0.000 seconds).
Test Case '-[RightClickCoreTests.RCIRInvocationIsolationTests testDiscoveryDriftInvalidatesOutstandingInvocation]' started.
Test Case '-[RightClickCoreTests.RCIRInvocationIsolationTests testDiscoveryDriftInvalidatesOutstandingInvocation]' passed (0.000 seconds).
Test Case '-[RightClickCoreTests.RCIRInvocationIsolationTests testEffectKindDriftInvalidatesOutstandingInvocation]' started.
Test Case '-[RightClickCoreTests.RCIRInvocationIsolationTests testEffectKindDriftInvalidatesOutstandingInvocation]' passed (0.000 seconds).
Test Case '-[RightClickCoreTests.RCIRInvocationIsolationTests testInvocationDoesNotTurnUnknownEffectsIntoAuthority]' started.
Test Case '-[RightClickCoreTests.RCIRInvocationIsolationTests testInvocationDoesNotTurnUnknownEffectsIntoAuthority]' passed (0.000 seconds).
Test Case '-[RightClickCoreTests.RCIRInvocationIsolationTests testPrincipalReplacementInvalidatesOutstandingInvocation]' started.
Test Case '-[RightClickCoreTests.RCIRInvocationIsolationTests testPrincipalReplacementInvalidatesOutstandingInvocation]' passed (0.000 seconds).
Test Case '-[RightClickCoreTests.RCIRInvocationIsolationTests testResourcesAndPostconditionsAreBoundToIndependentLeases]' started.
Test Case '-[RightClickCoreTests.RCIRInvocationIsolationTests testResourcesAndPostconditionsAreBoundToIndependentLeases]' passed (0.001 seconds).
Test Case '-[RightClickCoreTests.RCIRInvocationIsolationTests testTaskBudgetDriftInvalidatesOutstandingInvocation]' started.
Test Case '-[RightClickCoreTests.RCIRInvocationIsolationTests testTaskBudgetDriftInvalidatesOutstandingInvocation]' passed (0.000 seconds).
Test Case '-[RightClickCoreTests.RCIRInvocationIsolationTests testWithdrawalAndReappearanceCannotReviveOldLease]' started.
Test Case '-[RightClickCoreTests.RCIRInvocationIsolationTests testWithdrawalAndReappearanceCannotReviveOldLease]' passed (0.000 seconds).
Test Suite 'RCIRInvocationIsolationTests' passed at 2026-10-08 21:14:46.057.
	 Executed 8 tests, with 0 failures (0 unexpected) in 0.003 (0.004) seconds
Test Suite 'RCIRProductionDispatchTests' started at 2026-10-08 21:14:46.057.
Test Case '-[RightClickCoreTests.RCIRProductionDispatchTests testActualArtifactSchemaDriftRejectsOldInvocationAndReacquires]' started.
Test Case '-[RightClickCoreTests.RCIRProductionDispatchTests testActualArtifactSchemaDriftRejectsOldInvocationAndReacquires]' passed (0.176 seconds).
Test Case '-[RightClickCoreTests.RCIRProductionDispatchTests testActualContractDisappearanceDeniesEffectsAndRecoversNewLease]' started.
Test Case '-[RightClickCoreTests.RCIRProductionDispatchTests testActualContractDisappearanceDeniesEffectsAndRecoversNewLease]' passed (0.137 seconds).
Test Case '-[RightClickCoreTests.RCIRProductionDispatchTests testActualSchemaChangeAfterDispatchRemainsUnknownWithoutRetry]' started.
Test Case '-[RightClickCoreTests.RCIRProductionDispatchTests testActualSchemaChangeAfterDispatchRemainsUnknownWithoutRetry]' passed (0.128 seconds).
Test Case '-[RightClickCoreTests.RCIRProductionDispatchTests testBonjourReappearanceAfterDispatchPreservesUnknown]' started.
Test Case '-[RightClickCoreTests.RCIRProductionDispatchTests testBonjourReappearanceAfterDispatchPreservesUnknown]' passed (0.133 seconds).
Test Case '-[RightClickCoreTests.RCIRProductionDispatchTests testBonjourReappearanceCannotReviveLeaseWithoutIntermediateDiscovery]' started.
Test Case '-[RightClickCoreTests.RCIRProductionDispatchTests testBonjourReappearanceCannotReviveLeaseWithoutIntermediateDiscovery]' passed (0.137 seconds).
Test Case '-[RightClickCoreTests.RCIRProductionDispatchTests testBoundedLargeArgumentIsNotDuplicatedIntoContract]' started.
Test Case '-[RightClickCoreTests.RCIRProductionDispatchTests testBoundedLargeArgumentIsNotDuplicatedIntoContract]' passed (0.129 seconds).
Test Case '-[RightClickCoreTests.RCIRProductionDispatchTests testCallerPostconditionCannotBeSilentlyIgnoredByHostObserver]' started.
Test Case '-[RightClickCoreTests.RCIRProductionDispatchTests testCallerPostconditionCannotBeSilentlyIgnoredByHostObserver]' passed (0.125 seconds).
Test Case '-[RightClickCoreTests.RCIRProductionDispatchTests testChangedArgumentsCannotUseOriginalLease]' started.
Test Case '-[RightClickCoreTests.RCIRProductionDispatchTests testChangedArgumentsCannotUseOriginalLease]' passed (0.121 seconds).
Test Case '-[RightClickCoreTests.RCIRProductionDispatchTests testChangedEndpointBeforeDispatchProducesZeroProviderEffects]' started.
Test Case '-[RightClickCoreTests.RCIRProductionDispatchTests testChangedEndpointBeforeDispatchProducesZeroProviderEffects]' passed (0.121 seconds).
Test Case '-[RightClickCoreTests.RCIRProductionDispatchTests testCompetingConsumersStartAtMostOneRealRequest]' started.
Test Case '-[RightClickCoreTests.RCIRProductionDispatchTests testCompetingConsumersStartAtMostOneRealRequest]' passed (0.124 seconds).
Test Case '-[RightClickCoreTests.RCIRProductionDispatchTests testConfirmationDenialProducesZeroProviderEffects]' started.
Test Case '-[RightClickCoreTests.RCIRProductionDispatchTests testConfirmationDenialProducesZeroProviderEffects]' passed (0.121 seconds).
Test Case '-[RightClickCoreTests.RCIRProductionDispatchTests testCredentialFreeObserverCannotInheritInvocationCookie]' started.
Test Case '-[RightClickCoreTests.RCIRProductionDispatchTests testCredentialFreeObserverCannotInheritInvocationCookie]' passed (0.171 seconds).
Test Case '-[RightClickCoreTests.RCIRProductionDispatchTests testCrossOriginObserverBlocksBeforeAnyEffect]' started.
Test Case '-[RightClickCoreTests.RCIRProductionDispatchTests testCrossOriginObserverBlocksBeforeAnyEffect]' passed (0.209 seconds).
Test Case '-[RightClickCoreTests.RCIRProductionDispatchTests testCurrentPolicyRevocationProducesZeroProviderEffects]' started.
Test Case '-[RightClickCoreTests.RCIRProductionDispatchTests testCurrentPolicyRevocationProducesZeroProviderEffects]' passed (0.168 seconds).
Test Case '-[RightClickCoreTests.RCIRProductionDispatchTests testExpiredLeaseProducesZeroProviderEffects]' started.
Test Case '-[RightClickCoreTests.RCIRProductionDispatchTests testExpiredLeaseProducesZeroProviderEffects]' passed (0.133 seconds).
Test Case '-[RightClickCoreTests.RCIRProductionDispatchTests testIndependentInvocationsDoNotReplaceTheDiscoveredProviderGeneration]' started.
Test Case '-[RightClickCoreTests.RCIRProductionDispatchTests testIndependentInvocationsDoNotReplaceTheDiscoveredProviderGeneration]' passed (0.139 seconds).
Test Case '-[RightClickCoreTests.RCIRProductionDispatchTests testInvalidSignerBlocksBeforeAnyEffect]' started.
Test Case '-[RightClickCoreTests.RCIRProductionDispatchTests testInvalidSignerBlocksBeforeAnyEffect]' passed (0.131 seconds).
Test Case '-[RightClickCoreTests.RCIRProductionDispatchTests testMissingExactOriginAuthorityProducesZeroProviderEffects]' started.
Test Case '-[RightClickCoreTests.RCIRProductionDispatchTests testMissingExactOriginAuthorityProducesZeroProviderEffects]' passed (0.121 seconds).
Test Case '-[RightClickCoreTests.RCIRProductionDispatchTests testNotYetValidLeaseProducesZeroProviderEffects]' started.
Test Case '-[RightClickCoreTests.RCIRProductionDispatchTests testNotYetValidLeaseProducesZeroProviderEffects]' passed (0.133 seconds).
Test Case '-[RightClickCoreTests.RCIRProductionDispatchTests testObserverTraversalAndDoubleEncodingCannotDispatch]' started.
Test Case '-[RightClickCoreTests.RCIRProductionDispatchTests testObserverTraversalAndDoubleEncodingCannotDispatch]' passed (0.135 seconds).
Test Case '-[RightClickCoreTests.RCIRProductionDispatchTests testPublicBeginConsumesOneLeaseAndRetainsTaskEvidence]' started.
Test Case '-[RightClickCoreTests.RCIRProductionDispatchTests testPublicBeginConsumesOneLeaseAndRetainsTaskEvidence]' passed (0.136 seconds).
Test Case '-[RightClickCoreTests.RCIRProductionDispatchTests testRemovalAfterDispatchPreservesUnknownWithoutRetry]' started.
Test Case '-[RightClickCoreTests.RCIRProductionDispatchTests testRemovalAfterDispatchPreservesUnknownWithoutRetry]' passed (0.135 seconds).
Test Case '-[RightClickCoreTests.RCIRProductionDispatchTests testRemovalAtTransportAdmissionProducesZeroProviderEffects]' started.
Test Case '-[RightClickCoreTests.RCIRProductionDispatchTests testRemovalAtTransportAdmissionProducesZeroProviderEffects]' passed (0.133 seconds).
Test Case '-[RightClickCoreTests.RCIRProductionDispatchTests testRemovalBeforeDispatchProducesZeroProviderEffects]' started.
Test Case '-[RightClickCoreTests.RCIRProductionDispatchTests testRemovalBeforeDispatchProducesZeroProviderEffects]' passed (0.121 seconds).
Test Case '-[RightClickCoreTests.RCIRProductionDispatchTests testRemovedInFlightBonjourAcquisitionCannotRestoreInvocation]' started.
Test Case '-[RightClickCoreTests.RCIRProductionDispatchTests testRemovedInFlightBonjourAcquisitionCannotRestoreInvocation]' passed (0.122 seconds).
Test Case '-[RightClickCoreTests.RCIRProductionDispatchTests testSameProviderReappearingCannotReviveOldGeneration]' started.
Test Case '-[RightClickCoreTests.RCIRProductionDispatchTests testSameProviderReappearingCannotReviveOldGeneration]' passed (0.126 seconds).
Test Case '-[RightClickCoreTests.RCIRProductionDispatchTests testSchemaDriftBeforeDispatchProducesZeroProviderEffects]' started.
Test Case '-[RightClickCoreTests.RCIRProductionDispatchTests testSchemaDriftBeforeDispatchProducesZeroProviderEffects]' passed (0.121 seconds).
Test Case '-[RightClickCoreTests.RCIRProductionDispatchTests testSeparateRepeatIssuesNewLeaseThroughBothEntryPoints]' started.
Test Case '-[RightClickCoreTests.RCIRProductionDispatchTests testSeparateRepeatIssuesNewLeaseThroughBothEntryPoints]' passed (0.127 seconds).
Test Case '-[RightClickCoreTests.RCIRProductionDispatchTests testSpentLeaseCannotDispatchAgain]' started.
Test Case '-[RightClickCoreTests.RCIRProductionDispatchTests testSpentLeaseCannotDispatchAgain]' passed (0.122 seconds).
Test Suite 'RCIRProductionDispatchTests' passed at 2026-10-08 21:14:49.993.
	 Executed 29 tests, with 0 failures (0 unexpected) in 3.933 (3.935) seconds
Test Suite 'RCIRTests' started at 2026-10-08 21:14:49.993.
Test Case '-[RightClickCoreTests.RCIRTests testAcceptanceAndCompletionAreNotSemanticSuccess]' started.
Test Case '-[RightClickCoreTests.RCIRTests testAcceptanceAndCompletionAreNotSemanticSuccess]' passed (0.001 seconds).
Test Case '-[RightClickCoreTests.RCIRTests testArgumentTamperingRejected]' started.
Test Case '-[RightClickCoreTests.RCIRTests testArgumentTamperingRejected]' passed (0.000 seconds).
Test Case '-[RightClickCoreTests.RCIRTests testBufferOverflowNeverSilentlyDropsEvents]' started.
Test Case '-[RightClickCoreTests.RCIRTests testBufferOverflowNeverSilentlyDropsEvents]' passed (0.000 seconds).
Test Case '-[RightClickCoreTests.RCIRTests testByteBudgetEnforcedBeforeMutation]' started.
Test Case '-[RightClickCoreTests.RCIRTests testByteBudgetEnforcedBeforeMutation]' passed (0.000 seconds).
Test Case '-[RightClickCoreTests.RCIRTests testCancellationRequestIsNotAcknowledgement]' started.
Test Case '-[RightClickCoreTests.RCIRTests testCancellationRequestIsNotAcknowledgement]' passed (0.000 seconds).
Test Case '-[RightClickCoreTests.RCIRTests testCannotIssueFinalReceiptForRunningTask]' started.
Test Case '-[RightClickCoreTests.RCIRTests testCannotIssueFinalReceiptForRunningTask]' passed (0.000 seconds).
Test Case '-[RightClickCoreTests.RCIRTests testChangedContractInvalidatesLease]' started.
Test Case '-[RightClickCoreTests.RCIRTests testChangedContractInvalidatesLease]' passed (0.000 seconds).
Test Case '-[RightClickCoreTests.RCIRTests testClockRegressionRejected]' started.
Test Case '-[RightClickCoreTests.RCIRTests testClockRegressionRejected]' passed (0.000 seconds).
Test Case '-[RightClickCoreTests.RCIRTests testContractBindsEffects]' started.
Test Case '-[RightClickCoreTests.RCIRTests testContractBindsEffects]' passed (0.000 seconds).
Test Case '-[RightClickCoreTests.RCIRTests testContractBindsTaskShape]' started.
Test Case '-[RightClickCoreTests.RCIRTests testContractBindsTaskShape]' passed (0.000 seconds).
Test Case '-[RightClickCoreTests.RCIRTests testContractBindsVerification]' started.
Test Case '-[RightClickCoreTests.RCIRTests testContractBindsVerification]' passed (0.000 seconds).
Test Case '-[RightClickCoreTests.RCIRTests testContractRejectsUnboundedStream]' started.
Test Case '-[RightClickCoreTests.RCIRTests testContractRejectsUnboundedStream]' passed (0.000 seconds).
Test Case '-[RightClickCoreTests.RCIRTests testDeadlineProducesUnknownNotSuccessOrRetry]' started.
Test Case '-[RightClickCoreTests.RCIRTests testDeadlineProducesUnknownNotSuccessOrRetry]' passed (0.000 seconds).
Test Case '-[RightClickCoreTests.RCIRTests testExistingABIStillDistinguishesIntegerNumberAndString]' started.
Test Case '-[RightClickCoreTests.RCIRTests testExistingABIStillDistinguishesIntegerNumberAndString]' passed (0.000 seconds).
Test Case '-[RightClickCoreTests.RCIRTests testExternalMismatchIsSemanticFailure]' started.
Test Case '-[RightClickCoreTests.RCIRTests testExternalMismatchIsSemanticFailure]' passed (0.000 seconds).
Test Case '-[RightClickCoreTests.RCIRTests testIncorrectTypedArgumentsRejected]' started.
Test Case '-[RightClickCoreTests.RCIRTests testIncorrectTypedArgumentsRejected]' passed (0.000 seconds).
Test Case '-[RightClickCoreTests.RCIRTests testInvalidScopeFailsClosed]' started.
Test Case '-[RightClickCoreTests.RCIRTests testInvalidScopeFailsClosed]' passed (0.000 seconds).
Test Case '-[RightClickCoreTests.RCIRTests testLeaseCannotCrossAdmissionInstances]' started.
Test Case '-[RightClickCoreTests.RCIRTests testLeaseCannotCrossAdmissionInstances]' passed (0.000 seconds).
Test Case '-[RightClickCoreTests.RCIRTests testLeaseConsumesOnce]' started.
Test Case '-[RightClickCoreTests.RCIRTests testLeaseConsumesOnce]' passed (0.000 seconds).
Test Case '-[RightClickCoreTests.RCIRTests testLeaseExpiryBoundary]' started.
Test Case '-[RightClickCoreTests.RCIRTests testLeaseExpiryBoundary]' passed (0.000 seconds).
Test Case '-[RightClickCoreTests.RCIRTests testLeaseInvalidTimesAndTTLRejected]' started.
Test Case '-[RightClickCoreTests.RCIRTests testLeaseInvalidTimesAndTTLRejected]' passed (0.000 seconds).
Test Case '-[RightClickCoreTests.RCIRTests testLeastAuthorityIsExactRequiredSubset]' started.
Test Case '-[RightClickCoreTests.RCIRTests testLeastAuthorityIsExactRequiredSubset]' passed (0.000 seconds).
Test Case '-[RightClickCoreTests.RCIRTests testMissingAuthorityRejected]' started.
Test Case '-[RightClickCoreTests.RCIRTests testMissingAuthorityRejected]' passed (0.000 seconds).
Test Case '-[RightClickCoreTests.RCIRTests testMissingVerificationContractCannotSucceed]' started.
Test Case '-[RightClickCoreTests.RCIRTests testMissingVerificationContractCannotSucceed]' passed (0.000 seconds).
Test Case '-[RightClickCoreTests.RCIRTests testObserverTransportFailureDoesNotBecomeSuccess]' started.
Test Case '-[RightClickCoreTests.RCIRTests testObserverTransportFailureDoesNotBecomeSuccess]' passed (0.000 seconds).
Test Case '-[RightClickCoreTests.RCIRTests testOnlyBoundIndependentObserverCanVerify]' started.
Test Case '-[RightClickCoreTests.RCIRTests testOnlyBoundIndependentObserverCanVerify]' passed (0.000 seconds).
Test Case '-[RightClickCoreTests.RCIRTests testPolicyChangeAndAuthorityRevocationRejected]' started.
Test Case '-[RightClickCoreTests.RCIRTests testPolicyChangeAndAuthorityRevocationRejected]' passed (0.000 seconds).
Test Case '-[RightClickCoreTests.RCIRTests testPolicyDenyOverridesAuthority]' started.
Test Case '-[RightClickCoreTests.RCIRTests testPolicyDenyOverridesAuthority]' passed (0.000 seconds).
Test Case '-[RightClickCoreTests.RCIRTests testPrincipalBoundToSnapshot]' started.
Test Case '-[RightClickCoreTests.RCIRTests testPrincipalBoundToSnapshot]' passed (0.000 seconds).
Test Case '-[RightClickCoreTests.RCIRTests testProviderLossDuringWorkIsUnknown]' started.
Test Case '-[RightClickCoreTests.RCIRTests testProviderLossDuringWorkIsUnknown]' passed (0.000 seconds).
Test Case '-[RightClickCoreTests.RCIRTests testPureOperationNeedsNoAuthority]' started.
Test Case '-[RightClickCoreTests.RCIRTests testPureOperationNeedsNoAuthority]' passed (0.000 seconds).
Test Case '-[RightClickCoreTests.RCIRTests testReappearanceCannotResurrectOldLease]' started.
Test Case '-[RightClickCoreTests.RCIRTests testReappearanceCannotResurrectOldLease]' passed (0.000 seconds).
Test Case '-[RightClickCoreTests.RCIRTests testReceiptBindsObservedOutcomeAndHasDomainSeparator]' started.
Test Case '-[RightClickCoreTests.RCIRTests testReceiptBindsObservedOutcomeAndHasDomainSeparator]' passed (0.000 seconds).
Test Case '-[RightClickCoreTests.RCIRTests testRemovedProviderDisappearsAndOldBindingRejected]' started.
Test Case '-[RightClickCoreTests.RCIRTests testRemovedProviderDisappearsAndOldBindingRejected]' passed (0.000 seconds).
Test Case '-[RightClickCoreTests.RCIRTests testResultShapeCheckedWithoutPromotion]' started.
Test Case '-[RightClickCoreTests.RCIRTests testResultShapeCheckedWithoutPromotion]' passed (0.000 seconds).
Test Case '-[RightClickCoreTests.RCIRTests testSamePublicationDoesNotInvalidateBinding]' started.
Test Case '-[RightClickCoreTests.RCIRTests testSamePublicationDoesNotInvalidateBinding]' passed (0.000 seconds).
Test Case '-[RightClickCoreTests.RCIRTests testScopesUseExactUTF8]' started.
Test Case '-[RightClickCoreTests.RCIRTests testScopesUseExactUTF8]' passed (0.000 seconds).
Test Case '-[RightClickCoreTests.RCIRTests testStreamElementAndUnaryChunkValidation]' started.
Test Case '-[RightClickCoreTests.RCIRTests testStreamElementAndUnaryChunkValidation]' passed (0.001 seconds).
Test Case '-[RightClickCoreTests.RCIRTests testStreamSequenceReplayAndGapRejected]' started.
Test Case '-[RightClickCoreTests.RCIRTests testStreamSequenceReplayAndGapRejected]' passed (0.000 seconds).
Test Case '-[RightClickCoreTests.RCIRTests testTaskDeadlineMustBeFiniteAndForward]' started.
Test Case '-[RightClickCoreTests.RCIRTests testTaskDeadlineMustBeFiniteAndForward]' passed (0.000 seconds).
Test Case '-[RightClickCoreTests.RCIRTests testTerminalTaskCannotBeReopened]' started.
Test Case '-[RightClickCoreTests.RCIRTests testTerminalTaskCannotBeReopened]' passed (0.000 seconds).
Test Case '-[RightClickCoreTests.RCIRTests testUnknownArgumentSchemaRejected]' started.
Test Case '-[RightClickCoreTests.RCIRTests testUnknownArgumentSchemaRejected]' passed (0.000 seconds).
Test Case '-[RightClickCoreTests.RCIRTests testUnknownEffectsRejected]' started.
Test Case '-[RightClickCoreTests.RCIRTests testUnknownEffectsRejected]' passed (0.000 seconds).
Test Case '-[RightClickCoreTests.RCIRTests testUnsupportedCancellationRejected]' started.
Test Case '-[RightClickCoreTests.RCIRTests testUnsupportedCancellationRejected]' passed (0.000 seconds).
Test Case '-[RightClickCoreTests.RCIRTests testUnsupportedClientAndDuplexStreamsAbstain]' started.
Test Case '-[RightClickCoreTests.RCIRTests testUnsupportedClientAndDuplexStreamsAbstain]' passed (0.000 seconds).
Test Case '-[RightClickCoreTests.RCIRTests testVerifierCannotRunBeforeProviderCompletion]' started.
Test Case '-[RightClickCoreTests.RCIRTests testVerifierCannotRunBeforeProviderCompletion]' passed (0.000 seconds).
Test Suite 'RCIRTests' passed at 2026-10-08 21:14:50.010.
	 Executed 46 tests, with 0 failures (0 unexpected) in 0.015 (0.017) seconds
Test Suite 'ServiceContextTests' started at 2026-10-08 21:14:50.010.
Test Case '-[RightClickCoreTests.ServiceContextTests testApplicationContextUsesActualHostAndDoesNotInventSelectionLanguage]' started.
Test Case '-[RightClickCoreTests.ServiceContextTests testApplicationContextUsesActualHostAndDoesNotInventSelectionLanguage]' passed (0.000 seconds).
Test Case '-[RightClickCoreTests.ServiceContextTests testBundlelessWorkflowPathsPreventSharedMessageIdentityCollision]' started.
Test Case '-[RightClickCoreTests.ServiceContextTests testBundlelessWorkflowPathsPreventSharedMessageIdentityCollision]' passed (0.001 seconds).
Test Case '-[RightClickCoreTests.ServiceContextTests testContextDictionariesAreANDAndArrayIsOR]' started.
Test Case '-[RightClickCoreTests.ServiceContextTests testContextDictionariesAreANDAndArrayIsOR]' passed (0.005 seconds).
Test Case '-[RightClickCoreTests.ServiceContextTests testDuplicateMenuNamesCannotChooseTheWrongProvider]' started.
Test Case '-[RightClickCoreTests.ServiceContextTests testDuplicateMenuNamesCannotChooseTheWrongProvider]' passed (0.000 seconds).
Test Case '-[RightClickCoreTests.ServiceContextTests testFilePathContextEncodesPathRatherThanReadingFileContents]' started.
Test Case '-[RightClickCoreTests.ServiceContextTests testFilePathContextEncodesPathRatherThanReadingFileContents]' passed (0.001 seconds).
Test Case '-[RightClickCoreTests.ServiceContextTests testFilePathRequirementDoesNotApplyToOrdinaryTextOrWebURL]' started.
Test Case '-[RightClickCoreTests.ServiceContextTests testFilePathRequirementDoesNotApplyToOrdinaryTextOrWebURL]' passed (0.000 seconds).
Test Case '-[RightClickCoreTests.ServiceContextTests testUndeclaredEncodingsCannotBecomeApplicableThroughSubstringMatching]' started.
Test Case '-[RightClickCoreTests.ServiceContextTests testUndeclaredEncodingsCannotBecomeApplicableThroughSubstringMatching]' passed (0.000 seconds).
Test Case '-[RightClickCoreTests.ServiceContextTests testUnknownAndMalformedContextAbstain]' started.
Test Case '-[RightClickCoreTests.ServiceContextTests testUnknownAndMalformedContextAbstain]' passed (0.000 seconds).
Test Suite 'ServiceContextTests' passed at 2026-10-08 21:14:50.018.
	 Executed 8 tests, with 0 failures (0 unexpected) in 0.007 (0.008) seconds
Test Suite 'ServiceOutcomeTests' started at 2026-10-08 21:14:50.018.
Test Case '-[RightClickCoreTests.ServiceOutcomeTests testChangedCounterWithoutDeclaredOutputIsNotVerification]' started.
Test Case '-[RightClickCoreTests.ServiceOutcomeTests testChangedCounterWithoutDeclaredOutputIsNotVerification]' passed (0.000 seconds).
Test Case '-[RightClickCoreTests.ServiceOutcomeTests testEchoedInputWithChangedCounterIsNotSemanticProof]' started.
Test Case '-[RightClickCoreTests.ServiceOutcomeTests testEchoedInputWithChangedCounterIsNotSemanticProof]' passed (0.000 seconds).
Test Case '-[RightClickCoreTests.ServiceOutcomeTests testExactPostconditionChecksEmptyUnicodeAndWhitespaceWithoutNormalization]' started.
Test Case '-[RightClickCoreTests.ServiceOutcomeTests testExactPostconditionChecksEmptyUnicodeAndWhitespaceWithoutNormalization]' passed (0.000 seconds).
Test Case '-[RightClickCoreTests.ServiceOutcomeTests testRejectionAndDeadlineCannotSucceedOrLeakEchoedInput]' started.
Test Case '-[RightClickCoreTests.ServiceOutcomeTests testRejectionAndDeadlineCannotSucceedOrLeakEchoedInput]' passed (0.000 seconds).
Test Case '-[RightClickCoreTests.ServiceOutcomeTests testReturnedOutputWithoutPostconditionIsNotSemanticSuccess]' started.
Test Case '-[RightClickCoreTests.ServiceOutcomeTests testReturnedOutputWithoutPostconditionIsNotSemanticSuccess]' passed (0.000 seconds).
Test Case '-[RightClickCoreTests.ServiceOutcomeTests testUnchangedInputIsNotReturnedOrVerified]' started.
Test Case '-[RightClickCoreTests.ServiceOutcomeTests testUnchangedInputIsNotReturnedOrVerified]' passed (0.000 seconds).
Test Suite 'ServiceOutcomeTests' passed at 2026-10-08 21:14:50.019.
	 Executed 6 tests, with 0 failures (0 unexpected) in 0.001 (0.001) seconds
Test Suite 'ServiceRTFUnicodeTests' started at 2026-10-08 21:14:50.019.
Test Case '-[RightClickCoreTests.ServiceRTFUnicodeTests testDeclaredRTFPasteboardUsesUnicodeEncoder]' started.
Test Case '-[RightClickCoreTests.ServiceRTFUnicodeTests testDeclaredRTFPasteboardUsesUnicodeEncoder]' passed (0.008 seconds).
Test Case '-[RightClickCoreTests.ServiceRTFUnicodeTests testPlainTextRepresentationRemainsUnchanged]' started.
Test Case '-[RightClickCoreTests.ServiceRTFUnicodeTests testPlainTextRepresentationRemainsUnchanged]' passed (0.001 seconds).
Test Case '-[RightClickCoreTests.ServiceRTFUnicodeTests testRTFMetacharactersAreNotInterpretedAsInstructions]' started.
Test Case '-[RightClickCoreTests.ServiceRTFUnicodeTests testRTFMetacharactersAreNotInterpretedAsInstructions]' passed (0.000 seconds).
Test Case '-[RightClickCoreTests.ServiceRTFUnicodeTests testSeededMixedUnicodeRoundTrips]' started.
Test Case '-[RightClickCoreTests.ServiceRTFUnicodeTests testSeededMixedUnicodeRoundTrips]' passed (0.015 seconds).
Test Case '-[RightClickCoreTests.ServiceRTFUnicodeTests testSupplementaryScalarsUseSignedSurrogateEscapes]' started.
Test Case '-[RightClickCoreTests.ServiceRTFUnicodeTests testSupplementaryScalarsUseSignedSurrogateEscapes]' passed (0.000 seconds).
Test Case '-[RightClickCoreTests.ServiceRTFUnicodeTests testUnicodeRoundTripThroughRTFEncoder]' started.
Test Case '-[RightClickCoreTests.ServiceRTFUnicodeTests testUnicodeRoundTripThroughRTFEncoder]' passed (0.000 seconds).
Test Case '-[RightClickCoreTests.ServiceRTFUnicodeTests testUnicodeURLUsesSameRTFEncoder]' started.
Test Case '-[RightClickCoreTests.ServiceRTFUnicodeTests testUnicodeURLUsesSameRTFEncoder]' passed (0.000 seconds).
Test Suite 'ServiceRTFUnicodeTests' passed at 2026-10-08 21:14:50.044.
	 Executed 7 tests, with 0 failures (0 unexpected) in 0.025 (0.025) seconds
Test Suite 'SetupAllTransactionRedTests' started at 2026-10-08 21:14:50.044.
Test Case '-[RightClickCLITests.SetupAllTransactionRedTests testSetupAllApplyFailureRollsBackEarlierClientsExactly]' started.
Test Case '-[RightClickCLITests.SetupAllTransactionRedTests testSetupAllApplyFailureRollsBackEarlierClientsExactly]' passed (1.026 seconds).
Test Case '-[RightClickCLITests.SetupAllTransactionRedTests testSetupAllConfiguresEveryDetectedClientAfterOneProbe]' started.
Test Case '-[RightClickCLITests.SetupAllTransactionRedTests testSetupAllConfiguresEveryDetectedClientAfterOneProbe]' passed (0.965 seconds).
Test Case '-[RightClickCLITests.SetupAllTransactionRedTests testSetupAllDryRunPreflightsEveryDetectedClientWithoutMutation]' started.
Test Case '-[RightClickCLITests.SetupAllTransactionRedTests testSetupAllDryRunPreflightsEveryDetectedClientWithoutMutation]' passed (0.574 seconds).
Test Case '-[RightClickCLITests.SetupAllTransactionRedTests testSetupAllOptionIsExplicitAndMutuallyExclusiveWithClient]' started.
Test Case '-[RightClickCLITests.SetupAllTransactionRedTests testSetupAllOptionIsExplicitAndMutuallyExclusiveWithClient]' passed (0.000 seconds).
Test Case '-[RightClickCLITests.SetupAllTransactionRedTests testSetupAllPreflightConflictMutatesNothing]' started.
Test Case '-[RightClickCLITests.SetupAllTransactionRedTests testSetupAllPreflightConflictMutatesNothing]' passed (0.511 seconds).
Test Case '-[RightClickCLITests.SetupAllTransactionRedTests testSetupAllRequiresOneConsentBeforeAnyMutation]' started.
Test Case '-[RightClickCLITests.SetupAllTransactionRedTests testSetupAllRequiresOneConsentBeforeAnyMutation]' passed (0.511 seconds).
Test Suite 'SetupAllTransactionRedTests' passed at 2026-10-08 21:14:53.630.
	 Executed 6 tests, with 0 failures (0 unexpected) in 3.586 (3.587) seconds
Test Suite 'SetupStateTests' started at 2026-10-08 21:14:53.630.
Test Case '-[RightClickCLITests.SetupStateTests testMalformedExistingStateIsNeverOverwritten]' started.
Test Case '-[RightClickCLITests.SetupStateTests testMalformedExistingStateIsNeverOverwritten]' passed (0.001 seconds).
Test Case '-[RightClickCLITests.SetupStateTests testMCPContractContainsCurrentSevenTools]' started.
Test Case '-[RightClickCLITests.SetupStateTests testMCPContractContainsCurrentSevenTools]' passed (0.000 seconds).
Test Case '-[RightClickCLITests.SetupStateTests testReconcilePreservesChatGPTBridgeIdentity]' started.
Test Case '-[RightClickCLITests.SetupStateTests testReconcilePreservesChatGPTBridgeIdentity]' passed (0.001 seconds).
Test Case '-[RightClickCLITests.SetupStateTests testSetupStateRoundTripsExactly]' started.
Test Case '-[RightClickCLITests.SetupStateTests testSetupStateRoundTripsExactly]' passed (0.001 seconds).
Test Case '-[RightClickCLITests.SetupStateTests testSetupStateWriteIsDeterministic]' started.
Test Case '-[RightClickCLITests.SetupStateTests testSetupStateWriteIsDeterministic]' passed (0.001 seconds).
Test Suite 'SetupStateTests' passed at 2026-10-08 21:14:53.635.
	 Executed 5 tests, with 0 failures (0 unexpected) in 0.005 (0.005) seconds
Test Suite 'SetupTests' started at 2026-10-08 21:14:53.635.
Test Case '-[RightClickCLITests.SetupTests testAbsentConfigurationIsCreated]' started.
Test Case '-[RightClickCLITests.SetupTests testAbsentConfigurationIsCreated]' passed (0.000 seconds).
Test Case '-[RightClickCLITests.SetupTests testEveryFailedStagePreventsSuccessfulExit]' started.
Test Case '-[RightClickCLITests.SetupTests testEveryFailedStagePreventsSuccessfulExit]' passed (0.000 seconds).
Test Case '-[RightClickCLITests.SetupTests testExplicitChatGPTTunnelIDIsSelected]' started.
Test Case '-[RightClickCLITests.SetupTests testExplicitChatGPTTunnelIDIsSelected]' passed (0.000 seconds).
Test Case '-[RightClickCLITests.SetupTests testExplicitServeTokenOverridesStoredToken]' started.
Test Case '-[RightClickCLITests.SetupTests testExplicitServeTokenOverridesStoredToken]' passed (0.000 seconds).
Test Case '-[RightClickCLITests.SetupTests testExplicitTunnelIDOverridesStoredIdentity]' started.
Test Case '-[RightClickCLITests.SetupTests testExplicitTunnelIDOverridesStoredIdentity]' passed (0.000 seconds).
Test Case '-[RightClickCLITests.SetupTests testInvalidRootAndMalformedJSONRemainByteIdentical]' started.
Test Case '-[RightClickCLITests.SetupTests testInvalidRootAndMalformedJSONRemainByteIdentical]' passed (0.002 seconds).
Test Case '-[RightClickCLITests.SetupTests testInvalidServerContainersRemainByteIdentical]' started.
Test Case '-[RightClickCLITests.SetupTests testInvalidServerContainersRemainByteIdentical]' passed (0.002 seconds).
Test Case '-[RightClickCLITests.SetupTests testLongVersionFlagIsAccepted]' started.
Test Case '-[RightClickCLITests.SetupTests testLongVersionFlagIsAccepted]' passed (0.000 seconds).
Test Case '-[RightClickCLITests.SetupTests testOpenAIPluginPreservesMarketplaceAndIsIdempotent]' started.
Test Case '-[RightClickCLITests.SetupTests testOpenAIPluginPreservesMarketplaceAndIsIdempotent]' passed (0.003 seconds).
Test Case '-[RightClickCLITests.SetupTests testOpenAIPluginUsesCurrentPersonalMarketplaceLayout]' started.
Test Case '-[RightClickCLITests.SetupTests testOpenAIPluginUsesCurrentPersonalMarketplaceLayout]' passed (0.002 seconds).
Test Case '-[RightClickCLITests.SetupTests testStoredChatGPTTunnelIDIsReused]' started.
Test Case '-[RightClickCLITests.SetupTests testStoredChatGPTTunnelIDIsReused]' passed (0.000 seconds).
Test Case '-[RightClickCLITests.SetupTests testUnrelatedValuesAndOnlyOwnedEntryArePreserved]' started.
Test Case '-[RightClickCLITests.SetupTests testUnrelatedValuesAndOnlyOwnedEntryArePreserved]' passed (0.001 seconds).
Test Case '-[RightClickCLITests.SetupTests testWriteFailureIsReported]' started.
Test Case '-[RightClickCLITests.SetupTests testWriteFailureIsReported]' passed (0.001 seconds).
Test Suite 'SetupTests' passed at 2026-10-08 21:14:53.648.
	 Executed 13 tests, with 0 failures (0 unexpected) in 0.012 (0.013) seconds
Test Suite 'SharingExecutionTests' started at 2026-10-08 21:14:53.648.
Test Case '-[RightClickCoreTests.SharingExecutionTests testDeadlineDoesNotOverrideATerminalCallback]' started.
Test Case '-[RightClickCoreTests.SharingExecutionTests testDeadlineDoesNotOverrideATerminalCallback]' passed (0.000 seconds).
Test Case '-[RightClickCoreTests.SharingExecutionTests testDeadlineWithoutCallbackIsUnknown]' started.
Test Case '-[RightClickCoreTests.SharingExecutionTests testDeadlineWithoutCallbackIsUnknown]' passed (0.000 seconds).
Test Case '-[RightClickCoreTests.SharingExecutionTests testDidFailToShareItemsFails]' started.
Test Case '-[RightClickCoreTests.SharingExecutionTests testDidFailToShareItemsFails]' passed (0.000 seconds).
Test Case '-[RightClickCoreTests.SharingExecutionTests testDidShareItemsReportsAcceptanceWithoutIndependentOutcome]' started.
Test Case '-[RightClickCoreTests.SharingExecutionTests testDidShareItemsReportsAcceptanceWithoutIndependentOutcome]' passed (0.000 seconds).
Test Case '-[RightClickCoreTests.SharingExecutionTests testPerformReturnWithoutCallbackStaysStarted]' started.
Test Case '-[RightClickCoreTests.SharingExecutionTests testPerformReturnWithoutCallbackStaysStarted]' passed (0.000 seconds).
Test Case '-[RightClickCoreTests.SharingExecutionTests testWillShareItemsDoesNotFailTheExecution]' started.
Test Case '-[RightClickCoreTests.SharingExecutionTests testWillShareItemsDoesNotFailTheExecution]' passed (0.000 seconds).
Test Suite 'SharingExecutionTests' passed at 2026-10-08 21:14:53.649.
	 Executed 6 tests, with 0 failures (0 unexpected) in 0.000 (0.001) seconds
Test Suite 'StableEntrypointTests' started at 2026-10-08 21:14:53.649.
Test Case '-[RightClickCLITests.StableEntrypointTests testCurrentCellarBinaryCollapsesToStableBin]' started.
Test Case '-[RightClickCLITests.StableEntrypointTests testCurrentCellarBinaryCollapsesToStableBin]' passed (0.001 seconds).
Test Case '-[RightClickCLITests.StableEntrypointTests testDevelopmentBuildIsRejected]' started.
Test Case '-[RightClickCLITests.StableEntrypointTests testDevelopmentBuildIsRejected]' passed (0.001 seconds).
Test Case '-[RightClickCLITests.StableEntrypointTests testStableBinResolvesToItself]' started.
Test Case '-[RightClickCLITests.StableEntrypointTests testStableBinResolvesToItself]' passed (0.001 seconds).
Test Case '-[RightClickCLITests.StableEntrypointTests testStableSHAChangesWhenHomebrewRetargetsSymlink]' started.
Test Case '-[RightClickCLITests.StableEntrypointTests testStableSHAChangesWhenHomebrewRetargetsSymlink]' passed (0.002 seconds).
Test Case '-[RightClickCLITests.StableEntrypointTests testStableSymlinkCannotPointOutsideCellar]' started.
Test Case '-[RightClickCLITests.StableEntrypointTests testStableSymlinkCannotPointOutsideCellar]' passed (0.001 seconds).
Test Case '-[RightClickCLITests.StableEntrypointTests testStaleCellarBinaryIsRejectedAfterUpgrade]' started.
Test Case '-[RightClickCLITests.StableEntrypointTests testStaleCellarBinaryIsRejectedAfterUpgrade]' passed (0.002 seconds).
Test Suite 'StableEntrypointTests' passed at 2026-10-08 21:14:53.656.
	 Executed 6 tests, with 0 failures (0 unexpected) in 0.007 (0.007) seconds
Test Suite 'StableProfileIntegrityTests' started at 2026-10-08 21:14:53.656.
Test Case '-[RightClickCLITests.StableProfileIntegrityTests testDevelopmentRedirectIsRejected]' started.
Test Case '-[RightClickCLITests.StableProfileIntegrityTests testDevelopmentRedirectIsRejected]' passed (0.002 seconds).
Test Case '-[RightClickCLITests.StableProfileIntegrityTests testMissingProfileCommandIsRejected]' started.
Test Case '-[RightClickCLITests.StableProfileIntegrityTests testMissingProfileCommandIsRejected]' passed (0.001 seconds).
Test Case '-[RightClickCLITests.StableProfileIntegrityTests testStableProfileCommandIsAccepted]' started.
Test Case '-[RightClickCLITests.StableProfileIntegrityTests testStableProfileCommandIsAccepted]' passed (0.002 seconds).
Test Suite 'StableProfileIntegrityTests' passed at 2026-10-08 21:14:53.661.
	 Executed 3 tests, with 0 failures (0 unexpected) in 0.005 (0.005) seconds
Test Suite 'StableUpgradeReconciliationTests' started at 2026-10-08 21:14:53.661.
Test Case '-[RightClickCLITests.StableUpgradeReconciliationTests testCurrentStateIsByteIdenticalNoOp]' started.
Test Case '-[RightClickCLITests.StableUpgradeReconciliationTests testCurrentStateIsByteIdenticalNoOp]' passed (0.002 seconds).
Test Case '-[RightClickCLITests.StableUpgradeReconciliationTests testForeignStateIsNeverHijacked]' started.
Test Case '-[RightClickCLITests.StableUpgradeReconciliationTests testForeignStateIsNeverHijacked]' passed (0.002 seconds).
Test Case '-[RightClickCLITests.StableUpgradeReconciliationTests testMissingStateIsNeverCreated]' started.
Test Case '-[RightClickCLITests.StableUpgradeReconciliationTests testMissingStateIsNeverCreated]' passed (0.001 seconds).
Test Case '-[RightClickCLITests.StableUpgradeReconciliationTests testUpgradeReconcilesSHAAndPreservesTunnelIdentity]' started.
Test Case '-[RightClickCLITests.StableUpgradeReconciliationTests testUpgradeReconcilesSHAAndPreservesTunnelIdentity]' passed (0.003 seconds).
Test Suite 'StableUpgradeReconciliationTests' passed at 2026-10-08 21:14:53.669.
	 Executed 4 tests, with 0 failures (0 unexpected) in 0.008 (0.008) seconds
Test Suite 'UniversalReflectorContractTests' started at 2026-10-08 21:14:53.669.
Test Case '-[RightClickCoreTests.UniversalReflectorContractTests testEngineRoutesByReflectorOwnershipNotCapabilitySource]' started.
Test Case '-[RightClickCoreTests.UniversalReflectorContractTests testEngineRoutesByReflectorOwnershipNotCapabilitySource]' passed (0.001 seconds).
Test Case '-[RightClickCoreTests.UniversalReflectorContractTests testGenericVerificationRemainsAboveReflectorBoundary]' started.
Test Case '-[RightClickCoreTests.UniversalReflectorContractTests testGenericVerificationRemainsAboveReflectorBoundary]' passed (0.000 seconds).
Test Case '-[RightClickCoreTests.UniversalReflectorContractTests testRemovingReflectorRemovesCapability]' started.
Test Case '-[RightClickCoreTests.UniversalReflectorContractTests testRemovingReflectorRemovesCapability]' passed (0.000 seconds).
Test Suite 'UniversalReflectorContractTests' passed at 2026-10-08 21:14:53.670.
	 Executed 3 tests, with 0 failures (0 unexpected) in 0.001 (0.001) seconds
Test Suite 'VerificationIntegrationTests' started at 2026-10-08 21:14:53.670.
Test Case '-[RightClickCoreTests.VerificationIntegrationTests testBeginStoresGenericVerificationInExecutionRecord]' started.
Test Case '-[RightClickCoreTests.VerificationIntegrationTests testBeginStoresGenericVerificationInExecutionRecord]' passed (3.186 seconds).
Test Case '-[RightClickCoreTests.VerificationIntegrationTests testNoVerificationSpecPreservesAcceptedUnverifiedBehaviour]' started.
Test Case '-[RightClickCoreTests.VerificationIntegrationTests testNoVerificationSpecPreservesAcceptedUnverifiedBehaviour]' passed (2.444 seconds).
Test Case '-[RightClickCoreTests.VerificationIntegrationTests testRunCanReportVerifiedSemanticFailureAfterAcceptedInvocation]' started.
Test Case '-[RightClickCoreTests.VerificationIntegrationTests testRunCanReportVerifiedSemanticFailureAfterAcceptedInvocation]' passed (2.168 seconds).
Test Case '-[RightClickCoreTests.VerificationIntegrationTests testRunPromotesAcceptedInvocationToVerifiedSuccess]' started.
Test Case '-[RightClickCoreTests.VerificationIntegrationTests testRunPromotesAcceptedInvocationToVerifiedSuccess]' passed (2.414 seconds).
Test Case '-[RightClickCoreTests.VerificationIntegrationTests testVerificationReceiptIsMachineReadableJSON]' started.
Test Case '-[RightClickCoreTests.VerificationIntegrationTests testVerificationReceiptIsMachineReadableJSON]' passed (2.217 seconds).
Test Case '-[RightClickCoreTests.VerificationIntegrationTests testVerificationSpecTimeoutRoundTripsThroughJSON]' started.
Test Case '-[RightClickCoreTests.VerificationIntegrationTests testVerificationSpecTimeoutRoundTripsThroughJSON]' passed (0.000 seconds).
Test Suite 'VerificationIntegrationTests' passed at 2026-10-08 21:15:06.100.
	 Executed 6 tests, with 0 failures (0 unexpected) in 12.430 (12.430) seconds
Test Suite 'rightclick-mcpPackageTests.xctest' passed at 2026-10-08 21:15:06.100.
	 Executed 611 tests, with 28 tests skipped and 0 failures (0 unexpected) in 93.815 (93.856) seconds
Test Suite 'All tests' passed at 2026-10-08 21:15:06.101.
	 Executed 611 tests, with 28 tests skipped and 0 failures (0 unexpected) in 93.815 (93.860) seconds
{"allAligned":"false","bridgeRunning":"true","client":"chatgpt","configurationChanged":"false","desiredExecutable":"\/var\/folders\/tz\/y04t4d0900xdbmz96jp608180000gn\/T\/rightclick-chatgpt-onboarding-71019ADB-F404-4310-BB3F-E58FF07EFBC5\/bin\/rightclick","desiredExecutableSHA256":"306c6ca7407560340797866e077e053627ad409277d1b9da58106fce4cf717cb","desiredLaunchAgentTarget":"\/var\/folders\/tz\/y04t4d0900xdbmz96jp608180000gn\/T\/rightclick-chatgpt-onboarding-71019ADB-F404-4310-BB3F-E58FF07EFBC5\/bin\/rightclick bridge run","desiredProfileTarget":"\/var\/folders\/tz\/y04t4d0900xdbmz96jp608180000gn\/T\/rightclick-chatgpt-onboarding-71019ADB-F404-4310-BB3F-E58FF07EFBC5\/bin\/rightclick mcp","keychainCredentialStored":"true","launchAgent":"\/var\/folders\/tz\/y04t4d0900xdbmz96jp608180000gn\/T\/rightclick-chatgpt-onboarding-71019ADB-F404-4310-BB3F-E58FF07EFBC5\/Library\/LaunchAgents\/ai.rightclick.chatgpt-bridge.plist","launchAgentAligned":"true","launchAgentTarget":"\/var\/folders\/tz\/y04t4d0900xdbmz96jp608180000gn\/T\/rightclick-chatgpt-onboarding-71019ADB-F404-4310-BB3F-E58FF07EFBC5\/bin\/rightclick bridge run","mcpConnection":"NOT_ATTESTED_BY_THIS_PREVIEW","migrationRequired":"true","mode":"preview","next":"Review the migration plan, then run `rightclick setup chatgpt --yes`.","outcomeVerification":"NOT_RUN","profile":"\/var\/folders\/tz\/y04t4d0900xdbmz96jp608180000gn\/T\/rightclick-chatgpt-onboarding-71019ADB-F404-4310-BB3F-E58FF07EFBC5\/.config\/tunnel-client\/rightclick.yaml","profileAligned":"false","profileTarget":"\/tmp\/stale-rightclick mcp","setupState":"\/var\/folders\/tz\/y04t4d0900xdbmz96jp608180000gn\/T\/rightclick-chatgpt-onboarding-71019ADB-F404-4310-BB3F-E58FF07EFBC5\/Library\/Application Support\/RIGHTCLICK\/setup-state.json","stateAligned":"true","stateExecutable":"\/var\/folders\/tz\/y04t4d0900xdbmz96jp608180000gn\/T\/rightclick-chatgpt-onboarding-71019ADB-F404-4310-BB3F-E58FF07EFBC5\/bin\/rightclick","stateExecutableSHA256":"306c6ca7407560340797866e077e053627ad409277d1b9da58106fce4cf717cb","status":"CONSENT_REQUIRED","tunnelClient":"\/var\/folders\/tz\/y04t4d0900xdbmz96jp608180000gn\/T\/rightclick-chatgpt-onboarding-71019ADB-F404-4310-BB3F-E58FF07EFBC5\/bin\/tunnel-client","tunnelClientVersion":"0.0.15","tunnelIDPresent":"true"}
{"allAligned":"true","bridgeRunning":"true","client":"chatgpt","configurationChanged":"false","desiredExecutable":"\/var\/folders\/tz\/y04t4d0900xdbmz96jp608180000gn\/T\/rightclick-chatgpt-onboarding-F03C116A-0E9B-4D54-AA6C-F34FD647FD6D\/bin\/rightclick","desiredExecutableSHA256":"306c6ca7407560340797866e077e053627ad409277d1b9da58106fce4cf717cb","desiredLaunchAgentTarget":"\/var\/folders\/tz\/y04t4d0900xdbmz96jp608180000gn\/T\/rightclick-chatgpt-onboarding-F03C116A-0E9B-4D54-AA6C-F34FD647FD6D\/bin\/rightclick bridge run","desiredProfileTarget":"\/var\/folders\/tz\/y04t4d0900xdbmz96jp608180000gn\/T\/rightclick-chatgpt-onboarding-F03C116A-0E9B-4D54-AA6C-F34FD647FD6D\/bin\/rightclick mcp","keychainCredentialStored":"true","launchAgent":"\/var\/folders\/tz\/y04t4d0900xdbmz96jp608180000gn\/T\/rightclick-chatgpt-onboarding-F03C116A-0E9B-4D54-AA6C-F34FD647FD6D\/Library\/LaunchAgents\/ai.rightclick.chatgpt-bridge.plist","launchAgentAligned":"true","launchAgentTarget":"\/var\/folders\/tz\/y04t4d0900xdbmz96jp608180000gn\/T\/rightclick-chatgpt-onboarding-F03C116A-0E9B-4D54-AA6C-F34FD647FD6D\/bin\/rightclick bridge run","mcpConnection":"NOT_ATTESTED_BY_THIS_PREVIEW","migrationRequired":"false","mode":"preview","next":"No local ChatGPT bridge migration is required.","outcomeVerification":"NOT_RUN","profile":"\/var\/folders\/tz\/y04t4d0900xdbmz96jp608180000gn\/T\/rightclick-chatgpt-onboarding-F03C116A-0E9B-4D54-AA6C-F34FD647FD6D\/.config\/tunnel-client\/rightclick.yaml","profileAligned":"true","profileTarget":"\/var\/folders\/tz\/y04t4d0900xdbmz96jp608180000gn\/T\/rightclick-chatgpt-onboarding-F03C116A-0E9B-4D54-AA6C-F34FD647FD6D\/bin\/rightclick mcp","setupState":"\/var\/folders\/tz\/y04t4d0900xdbmz96jp608180000gn\/T\/rightclick-chatgpt-onboarding-F03C116A-0E9B-4D54-AA6C-F34FD647FD6D\/Library\/Application Support\/RIGHTCLICK\/setup-state.json","stateAligned":"true","stateExecutable":"\/var\/folders\/tz\/y04t4d0900xdbmz96jp608180000gn\/T\/rightclick-chatgpt-onboarding-F03C116A-0E9B-4D54-AA6C-F34FD647FD6D\/bin\/rightclick","stateExecutableSHA256":"306c6ca7407560340797866e077e053627ad409277d1b9da58106fce4cf717cb","status":"ALIGNED","tunnelClient":"\/var\/folders\/tz\/y04t4d0900xdbmz96jp608180000gn\/T\/rightclick-chatgpt-onboarding-F03C116A-0E9B-4D54-AA6C-F34FD647FD6D\/bin\/tunnel-client","tunnelClientVersion":"0.0.15","tunnelIDPresent":"true"}
0.2.2
◇ Test run started.
↳ Testing Library Version: 1902
↳ Target Platform: arm64e-apple-macos14.0
✔ Test run with 0 tests in 0 suites passed after 0.001 seconds.
