warning: 'rightclick-adoption-recovered-01a1175f': found 4 file(s) which are unhandled; explicitly declare them as resources or exclude from the target
    /private/tmp/rightclick-adoption-recovered-01a1175f/Tests/RightClickCoreTests/Fixtures/WindowsActualAcknowledgementDeclaration.json
    /private/tmp/rightclick-adoption-recovered-01a1175f/Tests/RightClickCoreTests/Fixtures/MOAT005G3IssuesCreateRequest.json
    /private/tmp/rightclick-adoption-recovered-01a1175f/Tests/RightClickCoreTests/Fixtures/InstalledRuntime022Identity.json
    /private/tmp/rightclick-adoption-recovered-01a1175f/Tests/RightClickCoreTests/Fixtures/MOAT005G4IssuesCreateRealResponse.json
[0/1] Planning build
[1/1] Compiling plugin SwiftProtobufPlugin
[2/2] Compiling plugin GRPCSwiftPlugin
Building for debugging...
[2/18] Write sources
[3/18] Write swift-version--58304C5D6DBC2206.txt
[5/110] Compiling NIOConcurrencyHelpers NIOLockedValueBox.swift
[6/110] Compiling SystemPackage FilePathParsing.swift
[7/110] Compiling SystemPackage FilePathString.swift
[8/110] Compiling SystemPackage FilePathSyntax.swift
[9/113] Compiling SystemPackage ErrnoWindows.swift
[10/113] Compiling SystemPackage FileDescriptor.swift
[11/113] Compiling SystemPackage FileHelpers.swift
[12/113] Compiling SystemPackage FileMode.swift
[13/113] Compiling SystemPackage FileType.swift
[14/113] Compiling SystemPackage Identifiers.swift
[15/113] Emitting module RightClickARD
[16/113] Compiling Logging Logger+With.swift
[17/114] Compiling InternalCollectionsUtilities UnsafeRawBufferPointer+Extras.swift
[18/114] Compiling InternalCollectionsUtilities _SortedCollection.swift
[19/114] Compiling InternalCollectionsUtilities _UniqueCollection.swift
[20/125] Compiling SystemPackage MachPort.swift
[21/125] Compiling SystemPackage FilePathTempPosix.swift
[22/125] Compiling SystemPackage FilePathTempWindows.swift
[23/201] Compiling SwiftProtobuf AsyncMessageSequence.swift
[24/201] Compiling SwiftProtobuf BinaryDecoder.swift
[25/201] Compiling SwiftProtobuf BinaryDecodingError.swift
[26/201] Compiling Logging MetadataProvider.swift
[27/201] Compiling RightClickMarker main.swift
[28/201] Emitting module RightClickMarker
[29/201] Emitting module _NIODataStructures
[30/205] Compiling SwiftProtobuf StringUtils.swift
[31/205] Compiling SwiftProtobuf SwiftProtobufContiguousBytes.swift
[32/205] Compiling SwiftProtobuf SwiftProtobufError.swift
[33/205] Compiling SwiftProtobuf ProtobufMap.swift
[34/205] Compiling SwiftProtobuf SelectiveVisitor.swift
[35/205] Compiling SwiftProtobuf SimpleExtensionMap.swift
[36/205] Compiling _NIODataStructures Heap.swift
[37/205] Compiling _NIODataStructures PriorityQueue.swift
[38/205] Compiling _NIODataStructures _TinyArray.swift
[39/205] Compiling SwiftProtobuf BytecodeReader.swift
[40/205] Compiling SwiftProtobuf CustomJSONCodable.swift
[41/205] Compiling SwiftProtobuf Decoder.swift
[42/205] Compiling SwiftProtobuf Enum.swift
[43/205] Compiling SwiftProtobuf ExtensibleMessage.swift
[44/205] Compiling SwiftProtobuf ExtensionFieldValueSet.swift
[45/208] Compiling NIOConcurrencyHelpers NIOLock.swift
[46/208] Emitting module _NIOBase64
[47/208] Compiling _NIOBase64 Base64.swift
[48/208] Compiling RightClickARD ARD.swift
[49/208] Compiling Logging LoggingSystem.swift
[50/208] Compiling Logging LogEvent.swift
[51/208] Compiling Logging Logger.swift
[52/208] Compiling Logging Logger+Attributes.swift
[53/208] Compiling Logging LogHandler.swift
[54/208] Compiling Logging SwiftLogNoOpLogHandler.swift
[55/208] Compiling Logging Locks.swift
[56/208] Emitting module Logging
[57/208] Compiling SwiftProtobuf PathVisitor.swift
[58/208] Compiling SwiftProtobuf ProtoNameProviding.swift
[59/208] Compiling NIOConcurrencyHelpers atomics.swift
[60/208] Compiling NIOConcurrencyHelpers NIOThreadPoolWorkAvailable.swift
[61/208] Compiling NIOConcurrencyHelpers NIOAtomic.swift
[62/208] Emitting module NIOConcurrencyHelpers
[63/208] Compiling NIOConcurrencyHelpers lock.swift
[64/318] Emitting module InternalCollectionsUtilities
[65/318] Compiling Crypto AES-GCM_boring.swift
[66/318] Compiling Crypto ChaChaPoly_boring.swift
[67/318] Compiling Crypto ChaChaPoly.swift
[68/318] Compiling Crypto CryptoKitErrors_boring.swift
[69/318] Compiling Crypto Optional+withUnsafeBytes_boring.swift
[70/318] Compiling Crypto AES-GCM.swift
[71/318] Compiling Crypto HPKE-KeySchedule.swift
[72/318] Compiling Crypto HPKE-Modes.swift
[73/318] Compiling Crypto Insecure.swift
[74/318] Compiling Crypto HPKE-Errors.swift
[75/318] Compiling Crypto HPKE.swift
[76/318] Compiling Crypto HPKE-Context.swift
[80/318] Compiling Crypto HPKE-NIST-EC-KEMs.swift
[81/318] Compiling Crypto HPKE-KEM.swift
[83/319] Linking rightclick-marker
[85/319] Compiling Crypto NISTCurvesKeys.swift
[86/319] Compiling Crypto X25519Keys.swift
[87/319] Compiling Crypto SymmetricKeys.swift
[88/319] Compiling Crypto HMAC.swift
[89/319] Compiling Crypto MACFunctions.swift
[90/319] Compiling Crypto MessageAuthenticationCode.swift
[91/319] Compiling Crypto AES.swift
[92/319] Compiling Crypto ECDSASignature_boring.swift
[93/319] Compiling Crypto ECDSA_boring.swift
[94/328] Compiling Crypto PKCS8PrivateKey.swift
[95/328] Compiling Crypto SEC1PrivateKey.swift
[96/328] Compiling Crypto SubjectPublicKeyInfo.swift
[97/328] Compiling Crypto CryptoError_boring.swift
[98/328] Compiling Crypto CryptoKitErrors.swift
[99/328] Compiling Crypto Digest_boring.swift
[100/328] Compiling Crypto Digest.swift
[101/328] Compiling Crypto Digests.swift
[102/328] Compiling Crypto HashFunctions.swift
[103/328] Compiling Crypto HashFunctions_SHA2.swift
[103/328] Applying rightclick-marker
[105/328] Compiling Crypto ANSIx963.swift
[106/328] Compiling Crypto HKDF.swift
[107/328] Compiling Crypto AESWrap.swift
[108/328] Compiling Crypto AESWrap_boring.swift
[109/328] Compiling Crypto Ed25519_boring.swift
[110/328] Compiling Crypto NISTCurvesKeys_boring.swift
[111/328] Compiling Crypto X25519Keys_boring.swift
[112/328] Compiling Crypto Curve25519.swift
[113/328] Compiling Crypto Ed25519Keys.swift
[114/328] Compiling Crypto MLKEM_wrapper.swift
[115/328] Compiling Crypto XWing_boring.swift
[116/328] Compiling Crypto KEM-Errors.swift
[117/328] Compiling Crypto KEM.swift
[118/328] Compiling Crypto MLKEM.swift
[119/328] Compiling Crypto XWing.swift
[120/328] Compiling Crypto ECDH_boring.swift
[121/328] Compiling Crypto DH.swift
[122/328] Compiling Crypto ECDH.swift
[123/328] Compiling Crypto HashFunctions_SHA3.swift
[124/328] Compiling Crypto Digest_xkcp.swift
[125/328] Compiling Crypto HPKE-AEAD.swift
[126/328] Compiling Crypto HPKE-Ciphersuite.swift
[127/328] Compiling Crypto HPKE-KDF.swift
[128/328] Compiling Crypto HPKE-KexKeyDerivation.swift
[129/328] Compiling Crypto HPKE-LabeledExtract.swift
[130/328] Compiling Crypto HPKE-Utils.swift
[131/328] Compiling Crypto DHKEM.swift
[132/328] Compiling Crypto HPKE-KEM-Curve25519.swift
[141/328] Compiling Crypto Insecure_HashFunctions.swift
[142/328] Compiling Crypto MLKEM_boring.swift
[147/328] Compiling Crypto Cipher.swift
[148/328] Compiling Crypto Nonces.swift
[149/328] Compiling Crypto ASN1.swift
[150/328] Compiling Crypto ASN1Any.swift
[151/328] Compiling Crypto ASN1BitString.swift
[152/328] Compiling Crypto ASN1Boolean.swift
[153/328] Emitting module RightClickARDProbe
[157/328] Compiling RightClickARDProbe main.swift
[158/331] Compiling Crypto ASN1Identifier.swift
[159/331] Compiling Crypto ASN1Integer.swift
[160/331] Compiling Crypto ASN1Null.swift
[161/331] Compiling Crypto ASN1OctetString.swift
[162/331] Compiling Crypto ASN1Strings.swift
[163/331] Compiling Crypto ArraySliceBigint.swift
[164/331] Compiling Crypto GeneralizedTime.swift
[165/331] Compiling Crypto ObjectIdentifier.swift
[166/331] Compiling Crypto ECDSASignature.swift
[167/331] Compiling Crypto PEMDocument.swift
[168/331] Compiling Crypto EdDSA_boring.swift
[169/331] Compiling Crypto MLDSA_boring.swift
[170/331] Compiling Crypto MLDSA_wrapper.swift
[171/331] Compiling Crypto ECDSA.swift
[172/331] Compiling Crypto Ed25519.swift
[173/331] Compiling Crypto MLDSA.swift
[174/331] Compiling Crypto Signature.swift
[177/331] Compiling RightClickARDTests ARDPortableTests.swift
[178/331] Emitting module RightClickARDTests
[179/331] Compiling SpanPreview OutputSpan+InputSpanHelpers.swift
[180/331] Compiling SpanPreview MutableSpan+InputSpanHelpers.swift
[181/331] Compiling SpanPreview InputSpan.swift
[182/331] Emitting module SpanPreview
[183/331] Emitting module Crypto
[184/331] Compiling Atomics Unmanaged extensions.swift
[191/331] Emitting module SystemPackage
[203/374] Linking rightclick-ard-probe
[204/374] Applying rightclick-ard-probe
[206/374] Compiling DequeModule UniqueDeque+Consumption.swift
[207/374] Compiling DequeModule UniqueDeque+ContainerOperations.swift
[208/374] Compiling DequeModule UniqueDeque+Deprecations.swift
[209/374] Compiling DequeModule UniqueDeque+Descriptions.swift
[210/378] Compiling EventSource EventSource+AsyncHTTPClient.swift
[211/378] Compiling EventSource AsyncSequence+Events.swift
[212/378] Compiling EventSource AsyncEventsSequence.swift
[213/378] Emitting module EventSource
[214/378] Compiling EventSource EventSource.swift
[215/378] Compiling DequeModule RigidDeque+Consumption.swift
[216/378] Compiling DequeModule RigidDeque+ContainerOperations.swift
[217/378] Compiling DequeModule RigidDeque+Deprecations.swift
[218/378] Compiling DequeModule RigidDeque+Descriptions.swift
[219/378] Compiling DequeModule RigidDeque+Equatable.swift
[220/378] Compiling DequeModule UniqueDeque+Equatable.swift
[221/378] Compiling DequeModule UniqueDeque+Hashable.swift
[222/378] Compiling DequeModule UniqueDeque+Initializers.swift
[223/378] Compiling DequeModule UniqueDeque+Insertions.swift
[224/378] Compiling Crypto RNG_boring.swift
[225/378] Compiling Crypto SafeCompare_boring.swift
[226/378] Compiling Crypto Zeroization_boring.swift
[227/378] Compiling Crypto _CryptoModuleAnchor.swift
[228/378] Compiling Crypto PrettyBytes.swift
[229/378] Compiling Crypto SafeCompare.swift
[230/378] Compiling Crypto SecureBytes.swift
[231/378] Compiling Crypto Zeroization.swift
[232/378] Compiling Crypto resource_bundle_accessor.swift
[233/378] Compiling DequeModule Deque._UnsafeHandle.swift
[234/378] Compiling DequeModule Deque.swift
[235/378] Compiling DequeModule _DequeBuffer.swift
[236/378] Compiling DequeModule _DequeBufferHeader.swift
[237/378] Compiling DequeModule RigidDeque+Append.swift
[238/378] Compiling DequeModule RigidDeque+Removals.swift
[239/378] Compiling DequeModule RigidDeque+Replacements.swift
[240/378] Compiling DequeModule RigidDeque+Testing.swift
[241/378] Compiling DequeModule RigidDeque.swift
[242/378] Compiling DequeModule UniqueDeque+Append.swift
[243/378] Compiling DequeModule RigidDeque+Hashable.swift
[244/378] Compiling DequeModule RigidDeque+Initializers.swift
[245/378] Compiling DequeModule RigidDeque+Insertions.swift
[246/378] Compiling DequeModule RigidDeque+Iterable.swift
[247/378] Compiling DequeModule RigidDeque+Prepend.swift
[248/378] Compiling DequeModule Deque+Codable.swift
[249/378] Compiling DequeModule Deque+Collection.swift
[250/378] Compiling DequeModule Deque+CustomReflectable.swift
[251/378] Compiling DequeModule Deque+Descriptions.swift
[252/378] Compiling DequeModule Deque+Equatable.swift
[253/378] Compiling DequeModule Deque+ExpressibleByArrayLiteral.swift
[254/378] Compiling DequeModule Deque+Extras.swift
[255/378] Emitting module Atomics
[256/378] Compiling DequeModule UniqueDeque+Prepend.swift
[257/378] Compiling DequeModule UniqueDeque+Removals.swift
[258/378] Compiling DequeModule Deque+Hashable.swift
[259/378] Compiling DequeModule Deque+Testing.swift
[260/378] Emitting module RightClickProbe
/private/tmp/rightclick-adoption-recovered-01a1175f/Sources/RightClickProbe/main.swift:231:27: warning: 'postOnFacebook' was deprecated in macOS 10.14: This service is no longer included with the system. [#DeprecatedDeclaration]
 229 |     KnownShareName(name: .useAsDesktopPicture, status: "PUBLIC_SUPPORTED"),
 230 |     KnownShareName(name: .cloudSharing, status: "PUBLIC_SUPPORTED"),
 231 |     KnownShareName(name: .postOnFacebook, status: "PUBLIC_DEPRECATED"),
     |                           `- warning: 'postOnFacebook' was deprecated in macOS 10.14: This service is no longer included with the system. [#DeprecatedDeclaration]
 232 |     KnownShareName(name: .postOnTwitter, status: "PUBLIC_DEPRECATED"),
 233 |     KnownShareName(name: .postOnSinaWeibo, status: "PUBLIC_DEPRECATED"),

/private/tmp/rightclick-adoption-recovered-01a1175f/Sources/RightClickProbe/main.swift:232:27: warning: 'postOnTwitter' was deprecated in macOS 10.14: This service is no longer included with the system. [#DeprecatedDeclaration]
 230 |     KnownShareName(name: .cloudSharing, status: "PUBLIC_SUPPORTED"),
 231 |     KnownShareName(name: .postOnFacebook, status: "PUBLIC_DEPRECATED"),
 232 |     KnownShareName(name: .postOnTwitter, status: "PUBLIC_DEPRECATED"),
     |                           `- warning: 'postOnTwitter' was deprecated in macOS 10.14: This service is no longer included with the system. [#DeprecatedDeclaration]
 233 |     KnownShareName(name: .postOnSinaWeibo, status: "PUBLIC_DEPRECATED"),
 234 |     KnownShareName(name: .postOnTencentWeibo, status: "PUBLIC_DEPRECATED"),

/private/tmp/rightclick-adoption-recovered-01a1175f/Sources/RightClickProbe/main.swift:233:27: warning: 'postOnSinaWeibo' was deprecated in macOS 10.14: This service is no longer included with the system. [#DeprecatedDeclaration]
 231 |     KnownShareName(name: .postOnFacebook, status: "PUBLIC_DEPRECATED"),
 232 |     KnownShareName(name: .postOnTwitter, status: "PUBLIC_DEPRECATED"),
 233 |     KnownShareName(name: .postOnSinaWeibo, status: "PUBLIC_DEPRECATED"),
     |                           `- warning: 'postOnSinaWeibo' was deprecated in macOS 10.14: This service is no longer included with the system. [#DeprecatedDeclaration]
 234 |     KnownShareName(name: .postOnTencentWeibo, status: "PUBLIC_DEPRECATED"),
 235 |     KnownShareName(name: .postOnLinkedIn, status: "PUBLIC_DEPRECATED"),

/private/tmp/rightclick-adoption-recovered-01a1175f/Sources/RightClickProbe/main.swift:234:27: warning: 'postOnTencentWeibo' was deprecated in macOS 10.14: This service is no longer included with the system. [#DeprecatedDeclaration]
 232 |     KnownShareName(name: .postOnTwitter, status: "PUBLIC_DEPRECATED"),
 233 |     KnownShareName(name: .postOnSinaWeibo, status: "PUBLIC_DEPRECATED"),
 234 |     KnownShareName(name: .postOnTencentWeibo, status: "PUBLIC_DEPRECATED"),
     |                           `- warning: 'postOnTencentWeibo' was deprecated in macOS 10.14: This service is no longer included with the system. [#DeprecatedDeclaration]
 235 |     KnownShareName(name: .postOnLinkedIn, status: "PUBLIC_DEPRECATED"),
 236 |     KnownShareName(name: .postImageOnFlickr, status: "PUBLIC_DEPRECATED"),

/private/tmp/rightclick-adoption-recovered-01a1175f/Sources/RightClickProbe/main.swift:235:27: warning: 'postOnLinkedIn' was deprecated in macOS 10.14: This service is no longer included with the system. [#DeprecatedDeclaration]
 233 |     KnownShareName(name: .postOnSinaWeibo, status: "PUBLIC_DEPRECATED"),
 234 |     KnownShareName(name: .postOnTencentWeibo, status: "PUBLIC_DEPRECATED"),
 235 |     KnownShareName(name: .postOnLinkedIn, status: "PUBLIC_DEPRECATED"),
     |                           `- warning: 'postOnLinkedIn' was deprecated in macOS 10.14: This service is no longer included with the system. [#DeprecatedDeclaration]
 236 |     KnownShareName(name: .postImageOnFlickr, status: "PUBLIC_DEPRECATED"),
 237 |     KnownShareName(name: .postVideoOnVimeo, status: "PUBLIC_DEPRECATED"),

/private/tmp/rightclick-adoption-recovered-01a1175f/Sources/RightClickProbe/main.swift:236:27: warning: 'postImageOnFlickr' was deprecated in macOS 10.14: This service is no longer included with the system. [#DeprecatedDeclaration]
 234 |     KnownShareName(name: .postOnTencentWeibo, status: "PUBLIC_DEPRECATED"),
 235 |     KnownShareName(name: .postOnLinkedIn, status: "PUBLIC_DEPRECATED"),
 236 |     KnownShareName(name: .postImageOnFlickr, status: "PUBLIC_DEPRECATED"),
     |                           `- warning: 'postImageOnFlickr' was deprecated in macOS 10.14: This service is no longer included with the system. [#DeprecatedDeclaration]
 237 |     KnownShareName(name: .postVideoOnVimeo, status: "PUBLIC_DEPRECATED"),
 238 |     KnownShareName(name: .postVideoOnYouku, status: "PUBLIC_DEPRECATED"),

/private/tmp/rightclick-adoption-recovered-01a1175f/Sources/RightClickProbe/main.swift:237:27: warning: 'postVideoOnVimeo' was deprecated in macOS 10.14: This service is no longer included with the system. [#DeprecatedDeclaration]
 235 |     KnownShareName(name: .postOnLinkedIn, status: "PUBLIC_DEPRECATED"),
 236 |     KnownShareName(name: .postImageOnFlickr, status: "PUBLIC_DEPRECATED"),
 237 |     KnownShareName(name: .postVideoOnVimeo, status: "PUBLIC_DEPRECATED"),
     |                           `- warning: 'postVideoOnVimeo' was deprecated in macOS 10.14: This service is no longer included with the system. [#DeprecatedDeclaration]
 238 |     KnownShareName(name: .postVideoOnYouku, status: "PUBLIC_DEPRECATED"),
 239 |     KnownShareName(name: .postVideoOnTudou, status: "PUBLIC_DEPRECATED"),

/private/tmp/rightclick-adoption-recovered-01a1175f/Sources/RightClickProbe/main.swift:238:27: warning: 'postVideoOnYouku' was deprecated in macOS 10.14: This service is no longer included with the system. [#DeprecatedDeclaration]
 236 |     KnownShareName(name: .postImageOnFlickr, status: "PUBLIC_DEPRECATED"),
 237 |     KnownShareName(name: .postVideoOnVimeo, status: "PUBLIC_DEPRECATED"),
 238 |     KnownShareName(name: .postVideoOnYouku, status: "PUBLIC_DEPRECATED"),
     |                           `- warning: 'postVideoOnYouku' was deprecated in macOS 10.14: This service is no longer included with the system. [#DeprecatedDeclaration]
 239 |     KnownShareName(name: .postVideoOnTudou, status: "PUBLIC_DEPRECATED"),
 240 | ]

/private/tmp/rightclick-adoption-recovered-01a1175f/Sources/RightClickProbe/main.swift:239:27: warning: 'postVideoOnTudou' was deprecated in macOS 10.14: This service is no longer included with the system. [#DeprecatedDeclaration]
 237 |     KnownShareName(name: .postVideoOnVimeo, status: "PUBLIC_DEPRECATED"),
 238 |     KnownShareName(name: .postVideoOnYouku, status: "PUBLIC_DEPRECATED"),
 239 |     KnownShareName(name: .postVideoOnTudou, status: "PUBLIC_DEPRECATED"),
     |                           `- warning: 'postVideoOnTudou' was deprecated in macOS 10.14: This service is no longer included with the system. [#DeprecatedDeclaration]
 240 | ]
 241 | 

[#DeprecatedDeclaration]: <https://docs.swift.org/compiler/documentation/diagnostics/deprecated-declaration>
[261/378] Compiling RightClickProbe main.swift
/private/tmp/rightclick-adoption-recovered-01a1175f/Sources/RightClickProbe/main.swift:231:27: warning: 'postOnFacebook' was deprecated in macOS 10.14: This service is no longer included with the system. [#DeprecatedDeclaration]
 229 |     KnownShareName(name: .useAsDesktopPicture, status: "PUBLIC_SUPPORTED"),
 230 |     KnownShareName(name: .cloudSharing, status: "PUBLIC_SUPPORTED"),
 231 |     KnownShareName(name: .postOnFacebook, status: "PUBLIC_DEPRECATED"),
     |                           `- warning: 'postOnFacebook' was deprecated in macOS 10.14: This service is no longer included with the system. [#DeprecatedDeclaration]
 232 |     KnownShareName(name: .postOnTwitter, status: "PUBLIC_DEPRECATED"),
 233 |     KnownShareName(name: .postOnSinaWeibo, status: "PUBLIC_DEPRECATED"),

/private/tmp/rightclick-adoption-recovered-01a1175f/Sources/RightClickProbe/main.swift:232:27: warning: 'postOnTwitter' was deprecated in macOS 10.14: This service is no longer included with the system. [#DeprecatedDeclaration]
 230 |     KnownShareName(name: .cloudSharing, status: "PUBLIC_SUPPORTED"),
 231 |     KnownShareName(name: .postOnFacebook, status: "PUBLIC_DEPRECATED"),
 232 |     KnownShareName(name: .postOnTwitter, status: "PUBLIC_DEPRECATED"),
     |                           `- warning: 'postOnTwitter' was deprecated in macOS 10.14: This service is no longer included with the system. [#DeprecatedDeclaration]
 233 |     KnownShareName(name: .postOnSinaWeibo, status: "PUBLIC_DEPRECATED"),
 234 |     KnownShareName(name: .postOnTencentWeibo, status: "PUBLIC_DEPRECATED"),

/private/tmp/rightclick-adoption-recovered-01a1175f/Sources/RightClickProbe/main.swift:233:27: warning: 'postOnSinaWeibo' was deprecated in macOS 10.14: This service is no longer included with the system. [#DeprecatedDeclaration]
 231 |     KnownShareName(name: .postOnFacebook, status: "PUBLIC_DEPRECATED"),
 232 |     KnownShareName(name: .postOnTwitter, status: "PUBLIC_DEPRECATED"),
 233 |     KnownShareName(name: .postOnSinaWeibo, status: "PUBLIC_DEPRECATED"),
     |                           `- warning: 'postOnSinaWeibo' was deprecated in macOS 10.14: This service is no longer included with the system. [#DeprecatedDeclaration]
 234 |     KnownShareName(name: .postOnTencentWeibo, status: "PUBLIC_DEPRECATED"),
 235 |     KnownShareName(name: .postOnLinkedIn, status: "PUBLIC_DEPRECATED"),

/private/tmp/rightclick-adoption-recovered-01a1175f/Sources/RightClickProbe/main.swift:234:27: warning: 'postOnTencentWeibo' was deprecated in macOS 10.14: This service is no longer included with the system. [#DeprecatedDeclaration]
 232 |     KnownShareName(name: .postOnTwitter, status: "PUBLIC_DEPRECATED"),
 233 |     KnownShareName(name: .postOnSinaWeibo, status: "PUBLIC_DEPRECATED"),
 234 |     KnownShareName(name: .postOnTencentWeibo, status: "PUBLIC_DEPRECATED"),
     |                           `- warning: 'postOnTencentWeibo' was deprecated in macOS 10.14: This service is no longer included with the system. [#DeprecatedDeclaration]
 235 |     KnownShareName(name: .postOnLinkedIn, status: "PUBLIC_DEPRECATED"),
 236 |     KnownShareName(name: .postImageOnFlickr, status: "PUBLIC_DEPRECATED"),

/private/tmp/rightclick-adoption-recovered-01a1175f/Sources/RightClickProbe/main.swift:235:27: warning: 'postOnLinkedIn' was deprecated in macOS 10.14: This service is no longer included with the system. [#DeprecatedDeclaration]
 233 |     KnownShareName(name: .postOnSinaWeibo, status: "PUBLIC_DEPRECATED"),
 234 |     KnownShareName(name: .postOnTencentWeibo, status: "PUBLIC_DEPRECATED"),
 235 |     KnownShareName(name: .postOnLinkedIn, status: "PUBLIC_DEPRECATED"),
     |                           `- warning: 'postOnLinkedIn' was deprecated in macOS 10.14: This service is no longer included with the system. [#DeprecatedDeclaration]
 236 |     KnownShareName(name: .postImageOnFlickr, status: "PUBLIC_DEPRECATED"),
 237 |     KnownShareName(name: .postVideoOnVimeo, status: "PUBLIC_DEPRECATED"),

/private/tmp/rightclick-adoption-recovered-01a1175f/Sources/RightClickProbe/main.swift:236:27: warning: 'postImageOnFlickr' was deprecated in macOS 10.14: This service is no longer included with the system. [#DeprecatedDeclaration]
 234 |     KnownShareName(name: .postOnTencentWeibo, status: "PUBLIC_DEPRECATED"),
 235 |     KnownShareName(name: .postOnLinkedIn, status: "PUBLIC_DEPRECATED"),
 236 |     KnownShareName(name: .postImageOnFlickr, status: "PUBLIC_DEPRECATED"),
     |                           `- warning: 'postImageOnFlickr' was deprecated in macOS 10.14: This service is no longer included with the system. [#DeprecatedDeclaration]
 237 |     KnownShareName(name: .postVideoOnVimeo, status: "PUBLIC_DEPRECATED"),
 238 |     KnownShareName(name: .postVideoOnYouku, status: "PUBLIC_DEPRECATED"),

/private/tmp/rightclick-adoption-recovered-01a1175f/Sources/RightClickProbe/main.swift:237:27: warning: 'postVideoOnVimeo' was deprecated in macOS 10.14: This service is no longer included with the system. [#DeprecatedDeclaration]
 235 |     KnownShareName(name: .postOnLinkedIn, status: "PUBLIC_DEPRECATED"),
 236 |     KnownShareName(name: .postImageOnFlickr, status: "PUBLIC_DEPRECATED"),
 237 |     KnownShareName(name: .postVideoOnVimeo, status: "PUBLIC_DEPRECATED"),
     |                           `- warning: 'postVideoOnVimeo' was deprecated in macOS 10.14: This service is no longer included with the system. [#DeprecatedDeclaration]
 238 |     KnownShareName(name: .postVideoOnYouku, status: "PUBLIC_DEPRECATED"),
 239 |     KnownShareName(name: .postVideoOnTudou, status: "PUBLIC_DEPRECATED"),

/private/tmp/rightclick-adoption-recovered-01a1175f/Sources/RightClickProbe/main.swift:238:27: warning: 'postVideoOnYouku' was deprecated in macOS 10.14: This service is no longer included with the system. [#DeprecatedDeclaration]
 236 |     KnownShareName(name: .postImageOnFlickr, status: "PUBLIC_DEPRECATED"),
 237 |     KnownShareName(name: .postVideoOnVimeo, status: "PUBLIC_DEPRECATED"),
 238 |     KnownShareName(name: .postVideoOnYouku, status: "PUBLIC_DEPRECATED"),
     |                           `- warning: 'postVideoOnYouku' was deprecated in macOS 10.14: This service is no longer included with the system. [#DeprecatedDeclaration]
 239 |     KnownShareName(name: .postVideoOnTudou, status: "PUBLIC_DEPRECATED"),
 240 | ]

/private/tmp/rightclick-adoption-recovered-01a1175f/Sources/RightClickProbe/main.swift:239:27: warning: 'postVideoOnTudou' was deprecated in macOS 10.14: This service is no longer included with the system. [#DeprecatedDeclaration]
 237 |     KnownShareName(name: .postVideoOnVimeo, status: "PUBLIC_DEPRECATED"),
 238 |     KnownShareName(name: .postVideoOnYouku, status: "PUBLIC_DEPRECATED"),
 239 |     KnownShareName(name: .postVideoOnTudou, status: "PUBLIC_DEPRECATED"),
     |                           `- warning: 'postVideoOnTudou' was deprecated in macOS 10.14: This service is no longer included with the system. [#DeprecatedDeclaration]
 240 | ]
 241 | 

/private/tmp/rightclick-adoption-recovered-01a1175f/Sources/RightClickProbe/main.swift:582:30: warning: 'sharingServices(forItems:)' was deprecated in macOS 13.0: Use -[NSSharingServicePicker standardShareMenuItem] instead. [#DeprecatedDeclaration]
 580 |         var errors: [String] = []
 581 |         let deprecated = safeShares {
 582 |             NSSharingService.sharingServices(forItems: items).map {
     |                              `- warning: 'sharingServices(forItems:)' was deprecated in macOS 13.0: Use -[NSSharingServicePicker standardShareMenuItem] instead. [#DeprecatedDeclaration]
 583 |                 record(for: $0, items: items, sourceAPI: "NSSharingService.sharingServices(forItems:) PUBLIC_DEPRECATED")
 584 |             }

/private/tmp/rightclick-adoption-recovered-01a1175f/Sources/RightClickProbe/main.swift:748:39: warning: 'sharingServices(forItems:)' was deprecated in macOS 13.0: Use -[NSSharingServicePicker standardShareMenuItem] instead. [#DeprecatedDeclaration]
 746 | func executeHarmlessShare(fixtures: FixtureSet) -> SharingExecution {
 747 |     let items: [Any] = [fixtures.webURL as NSURL]
 748 |     let discovered = NSSharingService.sharingServices(forItems: items)
     |                                       `- warning: 'sharingServices(forItems:)' was deprecated in macOS 13.0: Use -[NSSharingServicePicker standardShareMenuItem] instead. [#DeprecatedDeclaration]
 749 |     let titles = discovered.map(\.title)
 750 |     let readingListName = NSSharingService.Name.addToSafariReadingList

[#DeprecatedDeclaration]: <https://docs.swift.org/compiler/documentation/diagnostics/deprecated-declaration>
[266/377] Compiling DequeModule Deque._Storage.swift
[267/377] Compiling DequeModule UniqueDeque+Iterable.swift
[270/377] Compiling DequeModule UniqueDeque+Replacements.swift
[271/377] Emitting module SwiftProtobuf
[271/386] Linking rightclick-probe
[272/386] Applying rightclick-probe
[294/386] Compiling DequeModule UniqueDeque.swift
[295/386] Compiling DequeModule _DequeSlot.swift
[296/386] Compiling DequeModule _UnsafeDequeHandle.swift
[297/386] Compiling DequeModule _UnsafeDequeSegments.swift
[307/386] Emitting module DequeModule
[316/495] Compiling MCP Cancellation.swift
[317/495] Compiling MCP Ping.swift
[318/495] Compiling MCP Progress.swift
[319/495] Compiling MCP RequestContext.swift
[320/495] Compiling MCP Value.swift
[321/499] Compiling SwiftProtobuf duration.pb.swift
[322/499] Compiling SwiftProtobuf empty.pb.swift
[323/499] Compiling SwiftProtobuf field_mask.pb.swift
[324/499] Compiling SwiftProtobuf source_context.pb.swift
[325/499] Compiling SwiftProtobuf struct.pb.swift
[326/499] Compiling SwiftProtobuf timestamp.pb.swift
[327/499] Compiling SwiftProtobuf type.pb.swift
[328/499] Compiling SwiftProtobuf wrappers.pb.swift
[329/499] Compiling SwiftProtobuf resource_bundle_accessor.swift
[330/499] Compiling MCP ID.swift
[331/499] Compiling MCP Icon.swift
[332/499] Compiling MCP Lifecycle.swift
[333/499] Compiling MCP Messages.swift
[334/499] Compiling MCP PendingRequest.swift
[335/499] Compiling MCP Data+Extensions.swift
[336/499] Compiling MCP Completion.swift
[337/499] Compiling MCP Logging.swift
[338/499] Compiling MCP Transport.swift
[339/499] Compiling MCP HTTPClientTransport.swift
[340/499] Compiling MCP HTTPRequestValidation.swift
[341/499] Compiling MCP HTTPServerTypes.swift
[342/506] Compiling MCP StatefulHTTPServerTransport.swift
[343/506] Compiling MCP OAuthAuthorizationCodeFlow.swift
[344/506] Compiling MCP OAuthAuthorizer.swift
[345/506] Compiling MCP OAuthClientRegistrar.swift
[346/506] Compiling MCP OAuthConfiguration.swift
[347/506] Compiling MCP OAuthConstants.swift
[348/506] Compiling MCP Versioning.swift
[349/506] Compiling MCP OAuthDiscovery.swift
[350/506] Compiling MCP OAuthDiscoveryClient.swift
[351/506] Compiling MCP OAuthErrors.swift
[352/506] Compiling MCP OAuthModels.swift
[353/506] Compiling MCP OAuthTokenEndpointClient.swift
[354/506] Compiling NIOCore TypeAssistedChannelHandler.swift
[355/506] Compiling NIOCore UniversalBootstrapSupport.swift
[356/506] Compiling NIOCore Utilities.swift
[363/506] Compiling MCP StatelessHTTPServerTransport.swift
[364/506] Compiling MCP InMemoryTransport.swift
[365/506] Compiling MCP NetworkTransport.swift
[366/506] Compiling MCP StdioTransport.swift
[367/506] Compiling MCP UnitInterval.swift
[368/506] Compiling NIOCore EventLoopFuture+Deprecated.swift
[369/506] Compiling NIOCore EventLoopFuture+WithEventLoop.swift
[370/506] Compiling NIOCore EventLoopFuture.swift
[371/506] Compiling NIOCore FileDescriptor.swift
[372/506] Compiling NIOCore FileHandle.swift
[373/506] Compiling NIOCore FileRegion.swift
[374/506] Compiling NIOCore GlobalSingletons.swift
[375/506] Compiling MCP Error.swift
[376/506] Compiling MCP Prompts.swift
[377/506] Compiling MCP Resources.swift
[378/506] Compiling MCP Server.swift
[379/506] Compiling MCP Tools.swift
[380/506] Compiling NIOCore Interfaces.swift
[381/506] Compiling NIOCore Linux.swift
[382/506] Compiling NIOCore AddressedEnvelope.swift
[383/506] Compiling NIOCore AsyncAwaitSupport.swift
[384/506] Compiling NIOCore AsyncChannel.swift
[385/506] Compiling NIOCore AsyncChannelHandler.swift
[386/506] Compiling NIOCore AsyncChannelInboundStream.swift
[387/506] Compiling NIOCore AsyncChannelOutboundWriter.swift
[388/506] Compiling NIOCore NIOAsyncSequenceProducer.swift
[389/506] Compiling NIOCore NIOAsyncSequenceProducerStrategies.swift
[390/506] Emitting module MCP
[401/506] Compiling MCP OAuthWWWAuthenticateParser.swift
[402/506] Compiling MCP PKCE.swift
[403/506] Compiling MCP TokenStorage.swift
[417/506] Compiling MCP Client.swift
[418/506] Compiling MCP Elicitation.swift
[419/506] Compiling MCP Roots.swift
[420/506] Compiling MCP OAuthURLValidator.swift
[426/506] Compiling NIOCore SocketAddresses.swift
[427/506] Compiling NIOCore SocketOptionProvider.swift
[428/506] Compiling NIOCore SystemCallHelpers.swift
[429/506] Compiling NIOCore TimeAmount+Duration.swift
[463/506] Compiling MCP Sampling.swift
[501/506] Emitting module NIOCore
[502/566] Emitting module NIOFoundationEssentialsCompat
[503/566] Compiling NIOFoundationEssentialsCompat Codable+ByteBuffer.swift
[504/566] Emitting module NIOEmbedded
[505/566] Compiling NIOEmbedded AsyncTestingChannel.swift
[506/566] Compiling NIOFoundationEssentialsCompat ByteBuffer-foundation.swift
[507/566] Compiling NIOEmbedded AsyncTestingEventLoop.swift
[508/566] Compiling NIOEmbedded Embedded.swift
[509/566] Compiling NIOPosix FileDescriptor.swift
[510/566] Compiling NIOPosix GetaddrinfoResolver.swift
[511/566] Compiling NIOPosix HappyEyeballs.swift
[512/566] Compiling NIOPosix IO.swift
[513/566] Compiling NIOPosix IntegerBitPacking.swift
[514/566] Compiling NIOPosix IntegerTypes.swift
[515/571] Compiling NIOPosix SelectorWSAPoll.swift
[516/571] Compiling NIOPosix ServerSocket.swift
[517/571] Compiling NIOPosix Socket.swift
[518/571] Compiling NIOPosix SocketChannel.swift
[519/571] Compiling NIOPosix SocketProtocols.swift
[520/571] Compiling NIOPosix Utilities.swift
[521/571] Compiling NIOPosix VsockAddress.swift
[522/571] Compiling NIOPosix VsockChannelEvents.swift
[523/571] Compiling NIOPosix Windows.swift
[524/571] Compiling NIOPosix resource_bundle_accessor.swift
[525/571] Emitting module NIOPosix
[526/571] Compiling NIOPosix Linux.swift
[527/571] Compiling NIOPosix LinuxCPUSet.swift
[528/571] Compiling NIOPosix LinuxUring.swift
[529/571] Compiling NIOPosix MultiThreadedEventLoopGroup.swift
[530/571] Compiling NIOPosix NIOPosixSendableMetatype.swift
[531/571] Compiling NIOPosix NIORandomizedDNSResolver.swift
[532/571] Compiling NIOPosix SelectableChannel.swift
[533/571] Compiling NIOPosix SelectableEventLoop.swift
[534/571] Compiling NIOPosix SelectorEpoll.swift
[535/571] Compiling NIOPosix SelectorGeneric.swift
[536/571] Compiling NIOPosix SelectorKqueue.swift
[537/571] Compiling NIOPosix SelectorUring.swift
[538/571] Compiling NIOPosix BSDSocketAPICommon.swift
[539/571] Compiling NIOPosix BSDSocketAPIPosix.swift
[540/571] Compiling NIOPosix BSDSocketAPIWindows.swift
[541/571] Compiling NIOPosix BaseSocket.swift
[542/571] Compiling NIOPosix BaseSocketChannel+AccessibleTransport.swift
[543/571] Compiling NIOPosix BaseSocketChannel+SocketOptionProvider.swift
[544/571] Compiling NIOPosix BaseSocketChannel.swift
[545/571] Compiling NIOPosix BaseStreamSocketChannel.swift
[546/571] Compiling NIOPosix Bootstrap.swift
[547/571] Compiling NIOPosix ControlMessage.swift
[548/571] Compiling NIOPosix DatagramVectorReadManager.swift
[549/571] Compiling NIOPosix Errors+Any.swift
[550/571] Compiling NIOPosix StructuredConcurrencyHelpers.swift
[551/571] Compiling NIOPosix System.swift
[552/571] Compiling NIOPosix Thread.swift
[553/571] Compiling NIOPosix ThreadPosix.swift
[554/571] Compiling NIOPosix ThreadWindows.swift
[555/571] Compiling NIOPosix NIOThreadPool.swift
[556/571] Compiling NIOPosix NonBlockingFileIO.swift
[557/571] Compiling NIOPosix PendingDatagramWritesManager.swift
[558/571] Compiling NIOPosix PendingWritesManager.swift
[559/571] Compiling NIOPosix PipeChannel.swift
[560/571] Compiling NIOPosix PipePair.swift
[561/571] Compiling NIOPosix Pool.swift
[562/571] Compiling NIOPosix PosixSingletons+ConcurrencyTakeOver.swift
[563/571] Compiling NIOPosix PosixSingletons.swift
[564/571] Compiling NIOPosix RawSocketBootstrap.swift
[565/571] Compiling NIOPosix Resolver.swift
[566/571] Compiling NIOPosix Selectable.swift
[567/573] Compiling NIO Exports.swift
[568/573] Emitting module NIO
[569/601] Compiling NIOTLS TLSEvents.swift
[570/601] Compiling NIOFoundationCompat JSONSerialization+ByteBuffer.swift
[571/601] Compiling NIOFoundationCompat WaitSpinningRunLoop.swift
[572/601] Emitting module NIOFoundationCompat
[573/601] Compiling NIOFoundationCompat Exports.swift
[574/601] Emitting module NIOTLS
[575/601] Compiling NIOHTTP1 NIOTypedHTTPServerUpgradeHandler.swift
[576/602] Compiling NIOHTTP1 NIOTypedHTTPClientUpgradeHandler.swift
[577/602] Compiling NIOHTTP1 NIOTypedHTTPClientUpgraderStateMachine.swift
[578/602] Compiling NIOHTTP1 NIOHTTPClientUpgradeHandler.swift
[579/602] Compiling NIOHTTP1 NIOHTTPObjectAggregator.swift
[580/602] Compiling NIOTLS NIOTypedApplicationProtocolNegotiationHandler.swift
[581/602] Compiling NIOTLS ApplicationProtocolNegotiationHandler.swift
[582/602] Compiling NIOTLS SNIHandler.swift
[583/602] Compiling NIOTLS ProtocolNegotiationHandlerStateMachine.swift
[584/602] Compiling NIOHTTP1 HTTPEncoder.swift
[585/602] Compiling NIOHTTP1 HTTPHeaderValidator.swift
[586/602] Compiling NIOHTTP1 NIOTypedHTTPServerUpgraderStateMachine.swift
[587/656] Emitting module NIOHTTP1
[588/656] Compiling NIOSSL AndroidCABundle.swift
[589/656] Compiling NIOSSL ByteBufferBIO.swift
[590/656] Compiling NIOSSL SSLContext.swift
[591/656] Compiling NIOSSL SSLErrors.swift
[592/656] Compiling NIOSSL NIOSSLHandler.swift
[593/656] Compiling NIOSSL NIOSSLServerHandler.swift
[594/656] Compiling NIOSSL ObjectIdentifier.swift
[595/656] Compiling NIOSSL PosixPort.swift
[596/656] Compiling NIOSSL String+unsafeUninitializedCapacity.swift
[597/656] Compiling NIOSSL SSLConnection.swift
[598/686] Emitting module NIOTransportServices
[599/686] Compiling NIOExtras NIORequestIdentifiable.swift
[600/686] Compiling NIOExtras PCAPRingBuffer.swift
[601/689] Compiling NIOHPACK IntegerCoding.swift
[602/689] Compiling NIOHPACK IndexedHeaderTable.swift
[603/690] Compiling NIOExtras DebugInboundEventsHandler.swift
[604/690] Compiling NIOExtras DebugOutboundEventsHandler.swift
[605/690] Compiling NIOExtras JSONRPCFraming+ContentLengthHeader.swift
[606/690] Compiling NIOExtras RequestResponseHandlers+State.swift
[607/690] Compiling NIOExtras RequestResponseWithIDHandler.swift
[608/690] Compiling NIOExtras LineBasedFrameDecoder.swift
[609/690] Compiling NIOExtras MarkedCircularBuffer+PopFirstCheckMarked.swift
[610/690] Compiling NIOExtras NIOExtrasError.swift
[611/690] Compiling NIOExtras NIOLengthFieldBitLength.swift
[612/690] Compiling NIOExtras QuiescingHelper.swift
[613/690] Compiling NIOExtras RequestResponseHandler.swift
[614/690] Emitting module NIOHPACK
[617/690] Compiling NIOExtras FixedLengthFrameDecoder.swift
[618/690] Compiling NIOHPACK HuffmanTables.swift
[619/690] Compiling NIOExtras JSONRPCFraming.swift
[620/690] Compiling NIOExtras LengthFieldBasedFrameDecoder.swift
[621/690] Compiling NIOExtras LengthFieldPrepender.swift
[622/690] Emitting module NIOSSL
[623/690] Compiling NIOSSL RNG.swift
[624/690] Compiling NIOSSL SSLInit.swift
[625/693] Compiling NIOHPACK StaticHeaderTable.swift
[626/693] Compiling NIOHPACK HPACKHeader.swift
[627/693] Compiling NIOHPACK HeaderTables.swift
[628/693] Compiling NIOHPACK HPACKEncoder.swift
[629/693] Compiling NIOHPACK HPACKErrors.swift
[632/693] Compiling NIOHPACK HuffmanCoding.swift
[633/693] Emitting module NIOExtras
[637/693] Compiling NIOExtras HTTP1ProxyConnectHandler.swift
[642/693] Compiling NIOTransportServices TCPOptions+SocketChannelOption.swift
[643/693] Compiling NIOTransportServices UDPOptions+SocketChannelOption.swift
[647/693] Compiling NIOSSL NIOSSLSecureBytes.swift
[658/693] Compiling NIOSSL UniversalBootstrapSupport.swift
[659/693] Compiling NIOSSL UnsafeKeyAndChainTarget.swift
[660/693] Compiling NIOSSL resource_bundle_accessor.swift
[665/693] Compiling NIOSSL IdentityVerification.swift
[666/693] Compiling NIOSSL LinuxCABundle.swift
[667/693] Compiling NIOSSL NIOSSLClientHandler.swift
[668/693] Compiling NIOSSL NIOSSLHandler+Configuration.swift
[672/757] Compiling NIOHTTP2 HTTP2ToHTTP1Codec.swift
[673/757] Compiling NIOHTTP2 ReceivingRstStreamState.swift
[674/757] Compiling NIOHTTP2 ReceivingWindowUpdateState.swift
[675/757] Compiling NIOHTTP2 MaySendFrames.swift
[676/757] Compiling NIOExtras WritePCAPHandler.swift
[677/757] Compiling NIOHTTP2 HTTP2FrameParser.swift
[678/757] Compiling NIOHTTP2 HTTP2PingData.swift
[679/757] Compiling NIOHTTP2 HTTP2PipelineHelpers.swift
[680/757] Compiling NIOHTTP2 HTTP2FlowControlWindow.swift
[681/757] Compiling NIOHTTP2 HTTP2Frame.swift
[682/757] Compiling NIOHTTP2 HTTP2FrameEncoder.swift
[683/757] Compiling NIOHTTP2 HTTP2Settings.swift
[684/757] Compiling NIOHTTP2 HTTP2Stream.swift
[685/757] Compiling NIOHTTP2 HTTP2StreamChannel+OutboundStreamMultiplexer.swift
[686/757] Compiling NIOHTTP2 OutboundFrameBuffer.swift
[687/757] Compiling NIOHTTP2 GlitchesMonitor.swift
[688/757] Compiling NIOHTTP2 HPACKHeaders+Validation.swift
[689/757] Compiling NIOHTTP2 LocallyQuiescingState.swift
[690/757] Compiling NIOHTTP2 QuiescingState.swift
[691/757] Compiling NIOHTTP2 RemotelyQuiescingState.swift
[692/757] Compiling NIOHTTP2 SendAndReceiveGoawayState.swift
[693/757] Compiling NIOHTTP2 StateMachineResult.swift
[694/757] Compiling NIOHTTP2 ContentLengthVerifier.swift
[695/757] Compiling NIOHTTP2 DOSHeuristics.swift
[696/757] Emitting module NIOHTTP2
[697/764] Compiling NIOHTTP2 Error+Any.swift
[698/764] Compiling NIOHTTP2 ConcurrentStreamBuffer.swift
[699/764] Compiling NIOHTTP2 ControlFrameBuffer.swift
[700/764] Compiling NIOHTTP2 OutboundFlowControlBuffer.swift
[704/764] Compiling NIOHTTP2 SendingRstStreamState.swift
[705/764] Compiling NIOHTTP2 SendingWindowUpdateState.swift
[706/764] Compiling NIOHTTP2 HTTP2SettingsState.swift
[707/764] Compiling NIOHTTP2 HasExtendedConnectSettings.swift
[708/764] Compiling NIOHTTP2 HasFlowControlWindows.swift
[709/764] Compiling NIOHTTP2 HasLocalSettings.swift
[710/764] Compiling NIOHTTP2 HasRemoteSettings.swift
[711/764] Compiling NIOHTTP2 HTTP2UserEvents.swift
[712/764] Compiling NIOHTTP2 InboundEventBuffer.swift
[713/764] Compiling NIOHTTP2 InboundWindowManager.swift
[714/764] Compiling NIOHTTP2 MultiplexerAbstractChannel.swift
[715/764] Compiling NIOHTTP2 NIOHTTP2FrameDelegate.swift
[716/764] Compiling NIOHTTP2 NIOHTTP2ServerConnectionManagementHandler+StateMachine.swift
[717/764] Compiling NIOHTTP2 NIOHTTP2ServerConnectionManagementHandler.swift
[721/764] Compiling NIOHTTP2 SendingDataState.swift
[722/764] Compiling NIOHTTP2 SendingGoawayState.swift
[723/764] Compiling NIOHTTP2 SendingHeadersState.swift
[724/764] Compiling NIOHTTP2 SendingPushPromiseState.swift
[727/764] Compiling NIOHTTP2 HTTP2StreamChannel.swift
[728/764] Compiling NIOHTTP2 HTTP2StreamDelegate.swift
[729/764] Compiling NIOHTTP2 HTTP2StreamID.swift
[730/764] Compiling NIOHTTP2 HTTP2StreamMultiplexer.swift
[732/764] Compiling NIOHTTP2 ConnectionStateMachine.swift
[733/764] Compiling NIOHTTP2 ConnectionStreamsState.swift
[734/764] Compiling NIOHTTP2 MayReceiveFrames.swift
[735/764] Compiling NIOHTTP2 ReceivingDataState.swift
[736/764] Compiling NIOHTTP2 ReceivingGoAwayState.swift
[737/764] Compiling NIOHTTP2 ReceivingHeadersState.swift
[738/764] Compiling NIOHTTP2 ReceivingPushPromiseState.swift
[739/764] Compiling NIOHTTP2 StreamChannelFlowController.swift
[740/764] Compiling NIOHTTP2 StreamChannelList.swift
[741/764] Compiling NIOHTTP2 StreamMap.swift
[742/764] Compiling NIOHTTP2 StreamStateMachine.swift
[743/764] Compiling NIOHTTP2 Timer.swift
[744/764] Compiling NIOHTTP2 UnsafeTransfer.swift
[745/764] Compiling NIOHTTP2 WatermarkedFlowController.swift
[746/764] Compiling NIOHTTP2 HTTP2ChannelHandler+InboundStreamMultiplexer.swift
[747/764] Compiling NIOHTTP2 HTTP2ChannelHandler+InlineStreamMultiplexer.swift
[748/764] Compiling NIOHTTP2 HTTP2ChannelHandler.swift
[749/764] Compiling NIOHTTP2 HTTP2CommonInboundStreamMultiplexer.swift
[750/764] Compiling NIOHTTP2 HTTP2ConnectionStateChange.swift
[751/764] Compiling NIOHTTP2 HTTP2Error.swift
[752/764] Compiling NIOHTTP2 HTTP2ErrorCode.swift
[760/894] Compiling GRPC Array+BoundsCheck.swift
[761/894] Compiling GRPC ServerHandlerStateMachine+Actions.swift
[762/894] Compiling GRPC ServerHandlerStateMachine+Draining.swift
[763/894] Compiling GRPC ServerHandlerStateMachine+Finished.swift
[764/894] Compiling GRPC ServerHandlerStateMachine+Handling.swift
[765/894] Compiling GRPC ServerHandlerStateMachine+Idle.swift
[766/894] Compiling GRPC ServerHandlerStateMachine.swift
[767/894] Compiling GRPC ServerInterceptorStateMachine+Actions.swift
[768/894] Compiling GRPC ServerInterceptorStateMachine+Finished.swift
[769/894] Compiling GRPC ServerInterceptorStateMachine+Intercepting.swift
[770/894] Compiling GRPC ServerInterceptorStateMachine.swift
[771/894] Compiling GRPC StreamState.swift
[772/894] Compiling GRPC Call+AsyncRequestStreamWriter.swift
[773/894] Compiling GRPC CancellationError+GRPCStatusTransformable.swift
[774/894] Compiling GRPC GRPCAsyncBidirectionalStreamingCall.swift
[775/908] Compiling GRPC BidirectionalStreamingServerHandler.swift
[776/908] Compiling GRPC ClientStreamingServerHandler.swift
[777/908] Compiling GRPC ServerHandlerProtocol.swift
[778/908] Compiling GRPC ServerStreamingServerHandler.swift
[779/908] Compiling GRPC UnaryServerHandler.swift
[780/908] Compiling GRPC CallOptions.swift
[781/908] Compiling GRPC BidirectionalStreamingCall.swift
[782/908] Compiling GRPC Call.swift
[783/908] Compiling GRPC CallDetails.swift
[784/908] Compiling GRPC ClientCall.swift
[785/908] Compiling GRPC ClientStreamingCall.swift
[786/908] Compiling GRPC LazyEventLoopPromise.swift
[787/908] Compiling GRPC ResponseContainers.swift
[788/908] Compiling GRPC ResponsePartContainer.swift
[789/908] Compiling GRPC ServerStreamingCall.swift
[790/908] Compiling GRPC ClientInterceptorContext.swift
[791/908] Compiling GRPC ClientInterceptorPipeline.swift
[792/908] Compiling GRPC ClientInterceptorProtocol.swift
[793/908] Compiling GRPC ClientInterceptors.swift
[794/908] Compiling GRPC ClientTransport.swift
[795/908] Compiling GRPC ClientTransportFactory.swift
[796/908] Compiling GRPC MessageParts.swift
[797/908] Compiling GRPC ServerInterceptorContext.swift
[798/908] Compiling GRPC ServerInterceptorPipeline.swift
[799/908] Compiling GRPC ServerInterceptors.swift
[800/908] Compiling GRPC InterceptorContextList.swift
[801/908] Compiling GRPC LengthPrefixedMessageReader.swift
[802/908] Compiling GRPC Logger.swift
[803/908] Compiling GRPC LoggingServerErrorDelegate.swift
[804/908] Compiling GRPC MessageEncodingHeaderValidator.swift
[805/908] Compiling GRPC PlatformSupport.swift
[806/908] Compiling GRPC ReadWriteStates.swift
[807/908] Compiling GRPC Ref.swift
[808/908] Compiling GRPC Serialization.swift
[809/908] Compiling GRPC Server+NIOSSL.swift
[810/908] Compiling GRPC Server.swift
[811/908] Compiling GRPC ServerBuilder+NIOSSL.swift
[812/908] Compiling GRPC ServerBuilder.swift
[813/908] Compiling GRPC ServerCallContext.swift
[814/908] Compiling GRPC StreamingResponseCallContext.swift
[815/908] Compiling GRPC UnaryResponseCallContext.swift
[816/908] Compiling GRPC ServerChannelErrorHandler.swift
[817/908] Compiling GRPC ServerErrorDelegate.swift
[818/908] Compiling GRPC ConnectionManagerID.swift
[819/908] Compiling GRPC ConnectionPool+PerConnectionState.swift
[820/908] Compiling GRPC ConnectionPool+Waiter.swift
[821/908] Compiling GRPC ConnectionPool.swift
[822/908] Compiling GRPC ConnectionPoolIDs.swift
[823/908] Compiling GRPC GRPCChannelPool.swift
[824/908] Compiling GRPC PoolManager.swift
[825/908] Compiling GRPC PoolManagerStateMachine+PerPoolState.swift
[826/908] Compiling GRPC PoolManagerStateMachine.swift
[827/908] Compiling GRPC PooledChannel.swift
[828/908] Compiling GRPC StreamLender.swift
[829/908] Compiling GRPC ConnectivityState.swift
[830/908] Compiling GRPC DebugOnly.swift
[831/908] Compiling GRPC DelegatingErrorHandler.swift
[832/908] Compiling GRPC GRPCAsyncClientStreamingCall.swift
[833/908] Compiling GRPC GRPCAsyncRequestStream.swift
[834/908] Compiling GRPC GRPCAsyncRequestStreamWriter.swift
[835/908] Compiling GRPC GRPCAsyncResponseStream.swift
[836/908] Compiling GRPC GRPCAsyncResponseStreamWriter.swift
[837/908] Compiling GRPC GRPCAsyncSequenceProducerDelegate.swift
[838/908] Compiling GRPC GRPCAsyncServerCallContext.swift
[839/908] Compiling GRPC GRPCAsyncServerHandler.swift
[840/908] Compiling GRPC GRPCAsyncServerStreamingCall.swift
[841/908] Compiling GRPC GRPCAsyncUnaryCall.swift
[842/908] Compiling GRPC GRPCAsyncWriterSinkDelegate.swift
[843/908] Compiling GRPC GRPCChannel+AsyncAwaitSupport.swift
[844/908] Compiling GRPC GRPCClient+AsyncAwaitSupport.swift
[845/908] Compiling GRPC GRPCSendable.swift
[846/908] Compiling GRPC NIOAsyncWrappers.swift
[847/908] Compiling GRPC ServerErrorProcessor.swift
[848/908] Compiling GRPC Stopwatch.swift
[849/908] Compiling GRPC StreamEvent.swift
[850/908] Compiling GRPC TLSVerificationHandler.swift
[851/908] Compiling GRPC TLSVersion.swift
[852/908] Compiling GRPC TimeLimit.swift
[853/908] Compiling GRPC UserInfo.swift
[854/908] Compiling GRPC Version.swift
[855/908] Compiling GRPC WebCORSHandler.swift
[856/908] Compiling GRPC WriteCapturingHandler.swift
[857/908] Compiling GRPC _EmbeddedThroughput.swift
[858/908] Compiling GRPC _FakeResponseStream.swift
[859/908] Compiling GRPC _GRPCClientCodecHandler.swift
[860/908] Compiling GRPC _MessageContext.swift
[861/908] Emitting module GRPC
[862/908] Compiling GRPC UnaryCall.swift
[863/908] Compiling GRPC ClientConnection.swift
[864/908] Compiling GRPC ClientConnectionConfiguration+NIOSSL.swift
[865/908] Compiling GRPC ClientErrorDelegate.swift
[866/908] Compiling GRPC CoalescingLengthPrefixedMessageWriter.swift
[867/908] Compiling GRPC CompressionAlgorithm.swift
[868/908] Compiling GRPC DecompressionLimit.swift
[869/908] Compiling GRPC MessageEncoding.swift
[870/908] Compiling GRPC Zlib.swift
[871/908] Compiling GRPC ConnectionBackoff.swift
[872/908] Compiling GRPC ConnectionKeepalive.swift
[873/908] Compiling GRPC ConnectionManager+Delegates.swift
[874/908] Compiling GRPC ConnectionManager.swift
[875/908] Compiling GRPC ConnectionManagerChannelProvider.swift
[876/908] Compiling GRPC Error+NIOSSL.swift
[877/908] Compiling GRPC EventLoopFuture+RecoverFromUncleanShutdown.swift
[878/908] Compiling GRPC FakeChannel.swift
[879/908] Compiling GRPC ClientConnection+NIOSSL.swift
[880/908] Compiling GRPC ClientConnection+NWTLS.swift
[881/908] Compiling GRPC GRPCChannel.swift
[882/908] Compiling GRPC GRPCChannelBuilder.swift
[883/908] Compiling GRPC GRPCClient.swift
[884/908] Compiling GRPC GRPCClientChannelHandler.swift
[885/908] Compiling GRPC GRPCClientStateMachine.swift
[886/908] Compiling GRPC GRPCContentType.swift
[887/908] Compiling GRPC GRPCError.swift
[888/908] Compiling GRPC GRPCHeaderName.swift
[889/908] Compiling GRPC GRPCIdleHandler.swift
[890/908] Compiling GRPC GRPCIdleHandlerStateMachine.swift
[891/908] Compiling GRPC GRPCKeepaliveHandlers.swift
[892/908] Compiling GRPC GRPCPayload.swift
[893/908] Compiling GRPC GRPCServerPipelineConfigurator.swift
[894/908] Compiling GRPC GRPCServerRequestRoutingHandler.swift
[895/908] Compiling GRPC GRPCServiceDescription.swift
[896/908] Compiling GRPC GRPCStatus.swift
[897/908] Compiling GRPC GRPCStatusAndMetadata.swift
[898/908] Compiling GRPC GRPCStatusMessageMarshaller.swift
[899/908] Compiling GRPC GRPCTLSConfiguration.swift
[900/908] Compiling GRPC GRPCTimeout.swift
[901/908] Compiling GRPC GRPCWebToHTTP2ServerCodec.swift
[902/908] Compiling GRPC HTTP2ToRawGRPCServerCodec.swift
[903/908] Compiling GRPC HTTP2ToRawGRPCStateMachine.swift
[904/968] Emitting module RightClickCore
[905/974] Compiling RightClickCore CapabilityProtectedReference.swift
[906/974] Compiling RightClickCore CapabilityReflector.swift
[907/974] Compiling RightClickCore CapabilityReflectorSource.swift
[908/974] Compiling RightClickCore CapabilityRuntimeDefaults.swift
[909/974] Compiling RightClickCore CapabilitySensitiveMaterial.swift
[910/974] Compiling RightClickCore CapabilitySnapshotFreshness.swift
[911/974] Compiling RightClickCore ConfiguredArtifactProviderStore.swift
[912/974] Compiling RightClickCore CapabilityArtifactSnapshot.swift
[913/974] Compiling RightClickCore CapabilityCoreArgumentEncoding.swift
[914/974] Compiling RightClickCore CapabilityEngine.swift
[915/974] Compiling RightClickCore CapabilityExecutableSnapshotPool.swift
[916/974] Compiling RightClickCore CapabilityExperience.swift
[917/974] Compiling RightClickCore CapabilityExperienceLedger.swift
[918/974] Compiling RightClickCore CapabilityInterface.swift
[919/974] Compiling RightClickCore A2AReflector.swift
[920/974] Compiling RightClickCore ARDRegistrySource.swift
[921/974] Compiling RightClickCore ActionExtensionCatalog.swift
[922/974] Compiling RightClickCore BonjourGRPCSource.swift
[923/974] Compiling RightClickCore BonjourGraphQLSource.swift
[924/974] Compiling RightClickCore BonjourOpenAPISource.swift
[925/974] Compiling RightClickCore BoundedCapabilityProcess.swift
[926/974] Compiling RightClickCore BuildMetadata.generated.swift
[927/974] Compiling RightClickCore BuildProvenance.swift
[928/974] Compiling RightClickCore BundleScan.swift
[929/974] Compiling RightClickCore Capability.swift
[930/974] Compiling RightClickCore CapabilityABI.swift
[931/974] Compiling RightClickCore CapabilityABIAdapter.swift
[932/974] Compiling RightClickCore CapabilityArtifactResolver.swift
[933/974] Compiling RightClickCore ServiceCatalog.swift
/private/tmp/rightclick-adoption-recovered-01a1175f/Sources/RightClickCore/SharingCatalog.swift:26:41: warning: 'sharingServices(forItems:)' was deprecated in macOS 13.0: Use -[NSSharingServicePicker standardShareMenuItem] instead. [#DeprecatedDeclaration]
 24 |         let items = pasteboardItems(for: item)
 25 |         guard !items.isEmpty else { return [] }
 26 |         let services = NSSharingService.sharingServices(forItems: items)
    |                                         `- warning: 'sharingServices(forItems:)' was deprecated in macOS 13.0: Use -[NSSharingServicePicker standardShareMenuItem] instead. [#DeprecatedDeclaration]
 27 |         return services.compactMap { service in
 28 |             guard service.canPerform(withItems: items) else { return nil }

/private/tmp/rightclick-adoption-recovered-01a1175f/Sources/RightClickCore/SharingCatalog.swift:37:41: warning: 'sharingServices(forItems:)' was deprecated in macOS 13.0: Use -[NSSharingServicePicker standardShareMenuItem] instead. [#DeprecatedDeclaration]
 35 |     static func launch(executionId: String, capabilityID: String, item: ContentItem) {
 36 |         let items = pasteboardItems(for: item)
 37 |         let services = NSSharingService.sharingServices(forItems: items)
    |                                         `- warning: 'sharingServices(forItems:)' was deprecated in macOS 13.0: Use -[NSSharingServicePicker standardShareMenuItem] instead. [#DeprecatedDeclaration]
 38 |         ExecutionLog.write("\(executionId) discovered services: \(services.map(\.title).joined(separator: ", "))")
 39 |         guard pthread_main_np() != 0 else {

[#DeprecatedDeclaration]: <https://docs.swift.org/compiler/documentation/diagnostics/deprecated-declaration>
[934/974] Compiling RightClickCore ServiceContext.swift
/private/tmp/rightclick-adoption-recovered-01a1175f/Sources/RightClickCore/SharingCatalog.swift:26:41: warning: 'sharingServices(forItems:)' was deprecated in macOS 13.0: Use -[NSSharingServicePicker standardShareMenuItem] instead. [#DeprecatedDeclaration]
 24 |         let items = pasteboardItems(for: item)
 25 |         guard !items.isEmpty else { return [] }
 26 |         let services = NSSharingService.sharingServices(forItems: items)
    |                                         `- warning: 'sharingServices(forItems:)' was deprecated in macOS 13.0: Use -[NSSharingServicePicker standardShareMenuItem] instead. [#DeprecatedDeclaration]
 27 |         return services.compactMap { service in
 28 |             guard service.canPerform(withItems: items) else { return nil }

/private/tmp/rightclick-adoption-recovered-01a1175f/Sources/RightClickCore/SharingCatalog.swift:37:41: warning: 'sharingServices(forItems:)' was deprecated in macOS 13.0: Use -[NSSharingServicePicker standardShareMenuItem] instead. [#DeprecatedDeclaration]
 35 |     static func launch(executionId: String, capabilityID: String, item: ContentItem) {
 36 |         let items = pasteboardItems(for: item)
 37 |         let services = NSSharingService.sharingServices(forItems: items)
    |                                         `- warning: 'sharingServices(forItems:)' was deprecated in macOS 13.0: Use -[NSSharingServicePicker standardShareMenuItem] instead. [#DeprecatedDeclaration]
 38 |         ExecutionLog.write("\(executionId) discovered services: \(services.map(\.title).joined(separator: ", "))")
 39 |         guard pthread_main_np() != 0 else {

[#DeprecatedDeclaration]: <https://docs.swift.org/compiler/documentation/diagnostics/deprecated-declaration>
[935/974] Compiling RightClickCore ServiceOutcome.swift
/private/tmp/rightclick-adoption-recovered-01a1175f/Sources/RightClickCore/SharingCatalog.swift:26:41: warning: 'sharingServices(forItems:)' was deprecated in macOS 13.0: Use -[NSSharingServicePicker standardShareMenuItem] instead. [#DeprecatedDeclaration]
 24 |         let items = pasteboardItems(for: item)
 25 |         guard !items.isEmpty else { return [] }
 26 |         let services = NSSharingService.sharingServices(forItems: items)
    |                                         `- warning: 'sharingServices(forItems:)' was deprecated in macOS 13.0: Use -[NSSharingServicePicker standardShareMenuItem] instead. [#DeprecatedDeclaration]
 27 |         return services.compactMap { service in
 28 |             guard service.canPerform(withItems: items) else { return nil }

/private/tmp/rightclick-adoption-recovered-01a1175f/Sources/RightClickCore/SharingCatalog.swift:37:41: warning: 'sharingServices(forItems:)' was deprecated in macOS 13.0: Use -[NSSharingServicePicker standardShareMenuItem] instead. [#DeprecatedDeclaration]
 35 |     static func launch(executionId: String, capabilityID: String, item: ContentItem) {
 36 |         let items = pasteboardItems(for: item)
 37 |         let services = NSSharingService.sharingServices(forItems: items)
    |                                         `- warning: 'sharingServices(forItems:)' was deprecated in macOS 13.0: Use -[NSSharingServicePicker standardShareMenuItem] instead. [#DeprecatedDeclaration]
 38 |         ExecutionLog.write("\(executionId) discovered services: \(services.map(\.title).joined(separator: ", "))")
 39 |         guard pthread_main_np() != 0 else {

[#DeprecatedDeclaration]: <https://docs.swift.org/compiler/documentation/diagnostics/deprecated-declaration>
[936/974] Compiling RightClickCore SharingCatalog.swift
/private/tmp/rightclick-adoption-recovered-01a1175f/Sources/RightClickCore/SharingCatalog.swift:26:41: warning: 'sharingServices(forItems:)' was deprecated in macOS 13.0: Use -[NSSharingServicePicker standardShareMenuItem] instead. [#DeprecatedDeclaration]
 24 |         let items = pasteboardItems(for: item)
 25 |         guard !items.isEmpty else { return [] }
 26 |         let services = NSSharingService.sharingServices(forItems: items)
    |                                         `- warning: 'sharingServices(forItems:)' was deprecated in macOS 13.0: Use -[NSSharingServicePicker standardShareMenuItem] instead. [#DeprecatedDeclaration]
 27 |         return services.compactMap { service in
 28 |             guard service.canPerform(withItems: items) else { return nil }

/private/tmp/rightclick-adoption-recovered-01a1175f/Sources/RightClickCore/SharingCatalog.swift:37:41: warning: 'sharingServices(forItems:)' was deprecated in macOS 13.0: Use -[NSSharingServicePicker standardShareMenuItem] instead. [#DeprecatedDeclaration]
 35 |     static func launch(executionId: String, capabilityID: String, item: ContentItem) {
 36 |         let items = pasteboardItems(for: item)
 37 |         let services = NSSharingService.sharingServices(forItems: items)
    |                                         `- warning: 'sharingServices(forItems:)' was deprecated in macOS 13.0: Use -[NSSharingServicePicker standardShareMenuItem] instead. [#DeprecatedDeclaration]
 38 |         ExecutionLog.write("\(executionId) discovered services: \(services.map(\.title).joined(separator: ", "))")
 39 |         guard pthread_main_np() != 0 else {

[#DeprecatedDeclaration]: <https://docs.swift.org/compiler/documentation/diagnostics/deprecated-declaration>
[937/974] Compiling RightClickCore SharingExecutionModel.swift
/private/tmp/rightclick-adoption-recovered-01a1175f/Sources/RightClickCore/SharingCatalog.swift:26:41: warning: 'sharingServices(forItems:)' was deprecated in macOS 13.0: Use -[NSSharingServicePicker standardShareMenuItem] instead. [#DeprecatedDeclaration]
 24 |         let items = pasteboardItems(for: item)
 25 |         guard !items.isEmpty else { return [] }
 26 |         let services = NSSharingService.sharingServices(forItems: items)
    |                                         `- warning: 'sharingServices(forItems:)' was deprecated in macOS 13.0: Use -[NSSharingServicePicker standardShareMenuItem] instead. [#DeprecatedDeclaration]
 27 |         return services.compactMap { service in
 28 |             guard service.canPerform(withItems: items) else { return nil }

/private/tmp/rightclick-adoption-recovered-01a1175f/Sources/RightClickCore/SharingCatalog.swift:37:41: warning: 'sharingServices(forItems:)' was deprecated in macOS 13.0: Use -[NSSharingServicePicker standardShareMenuItem] instead. [#DeprecatedDeclaration]
 35 |     static func launch(executionId: String, capabilityID: String, item: ContentItem) {
 36 |         let items = pasteboardItems(for: item)
 37 |         let services = NSSharingService.sharingServices(forItems: items)
    |                                         `- warning: 'sharingServices(forItems:)' was deprecated in macOS 13.0: Use -[NSSharingServicePicker standardShareMenuItem] instead. [#DeprecatedDeclaration]
 38 |         ExecutionLog.write("\(executionId) discovered services: \(services.map(\.title).joined(separator: ", "))")
 39 |         guard pthread_main_np() != 0 else {

[#DeprecatedDeclaration]: <https://docs.swift.org/compiler/documentation/diagnostics/deprecated-declaration>
[938/974] Compiling RightClickCore WASMCapabilityArtifactResolver.swift
/private/tmp/rightclick-adoption-recovered-01a1175f/Sources/RightClickCore/SharingCatalog.swift:26:41: warning: 'sharingServices(forItems:)' was deprecated in macOS 13.0: Use -[NSSharingServicePicker standardShareMenuItem] instead. [#DeprecatedDeclaration]
 24 |         let items = pasteboardItems(for: item)
 25 |         guard !items.isEmpty else { return [] }
 26 |         let services = NSSharingService.sharingServices(forItems: items)
    |                                         `- warning: 'sharingServices(forItems:)' was deprecated in macOS 13.0: Use -[NSSharingServicePicker standardShareMenuItem] instead. [#DeprecatedDeclaration]
 27 |         return services.compactMap { service in
 28 |             guard service.canPerform(withItems: items) else { return nil }

/private/tmp/rightclick-adoption-recovered-01a1175f/Sources/RightClickCore/SharingCatalog.swift:37:41: warning: 'sharingServices(forItems:)' was deprecated in macOS 13.0: Use -[NSSharingServicePicker standardShareMenuItem] instead. [#DeprecatedDeclaration]
 35 |     static func launch(executionId: String, capabilityID: String, item: ContentItem) {
 36 |         let items = pasteboardItems(for: item)
 37 |         let services = NSSharingService.sharingServices(forItems: items)
    |                                         `- warning: 'sharingServices(forItems:)' was deprecated in macOS 13.0: Use -[NSSharingServicePicker standardShareMenuItem] instead. [#DeprecatedDeclaration]
 38 |         ExecutionLog.write("\(executionId) discovered services: \(services.map(\.title).joined(separator: ", "))")
 39 |         guard pthread_main_np() != 0 else {

[#DeprecatedDeclaration]: <https://docs.swift.org/compiler/documentation/diagnostics/deprecated-declaration>
[939/974] Compiling RightClickCore ConfiguredOpenAPISource.swift
[940/974] Compiling RightClickCore ContentItem.swift
[941/974] Compiling RightClickCore DBusCapabilityArtifactResolver.swift
[942/974] Compiling RightClickCore DBusIntrospection.swift
[943/974] Compiling RightClickCore DBusSessionSource.swift
[944/974] Compiling RightClickCore GRPCReflectionTransport.swift
[945/974] Compiling RightClickCore GRPCReflector.swift
[946/974] Compiling RightClickCore GRPCWireCodec.swift
/private/tmp/rightclick-adoption-recovered-01a1175f/Sources/RightClickCore/KafkaCapabilityArtifactResolver.swift:17:13: warning: immutable property will not be decoded because it is declared with an initial value which cannot be overwritten
 15 |         let succeeded: Bool
 16 |         let process: BoundedCapabilityProcess.Diagnostic?
 17 |         let recordedAtUptime = ProcessInfo.processInfo.systemUptime
    |             |- warning: immutable property will not be decoded because it is declared with an initial value which cannot be overwritten
    |             |- note: set the initial value via the initializer or explicitly define a CodingKeys enum including a 'recordedAtUptime' case to silence this warning
    |             `- note: make the property mutable instead
 18 |     }
 19 |     public let kind = "kafka"
[947/974] Compiling RightClickCore GraphQLHTTP.swift
/private/tmp/rightclick-adoption-recovered-01a1175f/Sources/RightClickCore/KafkaCapabilityArtifactResolver.swift:17:13: warning: immutable property will not be decoded because it is declared with an initial value which cannot be overwritten
 15 |         let succeeded: Bool
 16 |         let process: BoundedCapabilityProcess.Diagnostic?
 17 |         let recordedAtUptime = ProcessInfo.processInfo.systemUptime
    |             |- warning: immutable property will not be decoded because it is declared with an initial value which cannot be overwritten
    |             |- note: set the initial value via the initializer or explicitly define a CodingKeys enum including a 'recordedAtUptime' case to silence this warning
    |             `- note: make the property mutable instead
 18 |     }
 19 |     public let kind = "kafka"
[948/974] Compiling RightClickCore GraphQLReflector.swift
/private/tmp/rightclick-adoption-recovered-01a1175f/Sources/RightClickCore/KafkaCapabilityArtifactResolver.swift:17:13: warning: immutable property will not be decoded because it is declared with an initial value which cannot be overwritten
 15 |         let succeeded: Bool
 16 |         let process: BoundedCapabilityProcess.Diagnostic?
 17 |         let recordedAtUptime = ProcessInfo.processInfo.systemUptime
    |             |- warning: immutable property will not be decoded because it is declared with an initial value which cannot be overwritten
    |             |- note: set the initial value via the initializer or explicitly define a CodingKeys enum including a 'recordedAtUptime' case to silence this warning
    |             `- note: make the property mutable instead
 18 |     }
 19 |     public let kind = "kafka"
[949/974] Compiling RightClickCore KafkaCapabilityArtifactResolver.swift
/private/tmp/rightclick-adoption-recovered-01a1175f/Sources/RightClickCore/KafkaCapabilityArtifactResolver.swift:17:13: warning: immutable property will not be decoded because it is declared with an initial value which cannot be overwritten
 15 |         let succeeded: Bool
 16 |         let process: BoundedCapabilityProcess.Diagnostic?
 17 |         let recordedAtUptime = ProcessInfo.processInfo.systemUptime
    |             |- warning: immutable property will not be decoded because it is declared with an initial value which cannot be overwritten
    |             |- note: set the initial value via the initializer or explicitly define a CodingKeys enum including a 'recordedAtUptime' case to silence this warning
    |             `- note: make the property mutable instead
 18 |     }
 19 |     public let kind = "kafka"
[950/974] Compiling RightClickCore KubernetesCapabilityArtifactResolver.swift
/private/tmp/rightclick-adoption-recovered-01a1175f/Sources/RightClickCore/KafkaCapabilityArtifactResolver.swift:17:13: warning: immutable property will not be decoded because it is declared with an initial value which cannot be overwritten
 15 |         let succeeded: Bool
 16 |         let process: BoundedCapabilityProcess.Diagnostic?
 17 |         let recordedAtUptime = ProcessInfo.processInfo.systemUptime
    |             |- warning: immutable property will not be decoded because it is declared with an initial value which cannot be overwritten
    |             |- note: set the initial value via the initializer or explicitly define a CodingKeys enum including a 'recordedAtUptime' case to silence this warning
    |             `- note: make the property mutable instead
 18 |     }
 19 |     public let kind = "kafka"
[951/974] Compiling RightClickCore MCPCapabilityArtifactResolver.swift
/private/tmp/rightclick-adoption-recovered-01a1175f/Sources/RightClickCore/KafkaCapabilityArtifactResolver.swift:17:13: warning: immutable property will not be decoded because it is declared with an initial value which cannot be overwritten
 15 |         let succeeded: Bool
 16 |         let process: BoundedCapabilityProcess.Diagnostic?
 17 |         let recordedAtUptime = ProcessInfo.processInfo.systemUptime
    |             |- warning: immutable property will not be decoded because it is declared with an initial value which cannot be overwritten
    |             |- note: set the initial value via the initializer or explicitly define a CodingKeys enum including a 'recordedAtUptime' case to silence this warning
    |             `- note: make the property mutable instead
 18 |     }
 19 |     public let kind = "kafka"
[952/974] Compiling RightClickCore RCIRHostObservation.swift
[953/974] Compiling RightClickCore RCIRProvisionedSigner.swift
[954/974] Compiling RightClickCore RCIRSignedReceipt.swift
[955/974] Compiling RightClickCore RCIRUnaryInvocation.swift
[956/974] Compiling RightClickCore RuntimePlatform.swift
[957/974] Compiling RightClickCore SafetyPolicy.swift
[958/974] Compiling RightClickCore RCIR.swift
[959/974] Compiling RightClickCore RCIRAuthority.swift
[960/974] Compiling RightClickCore RCIRDeferredExecution.swift
[961/974] Compiling RightClickCore RCIRDisposableHost.swift
[962/974] Compiling RightClickCore RCIRExecutionHost.swift
[963/974] Compiling RightClickCore RCIRHTTPObservation.swift
[964/974] Compiling RightClickCore OAuthOIDCAuthority.swift
[965/974] Compiling RightClickCore OpenAPIAuthority.swift
[966/974] Compiling RightClickCore OpenAPIReflector.swift
[967/974] Compiling RightClickCore OriginPinnedHTTP.swift
[968/974] Compiling RightClickCore OutcomeVerifier.swift
[969/974] Compiling RightClickCore ProductSurface.swift
[970/1064] Compiling RightClickMCP PortableStdioTransport.swift
[971/1064] Compiling RightClickMCP ModernMCPStdioTransport.swift
[972/1064] Compiling RightClickMCP HTTPListener.swift
[973/1064] Compiling RightClickMCP Server.swift
/private/tmp/rightclick-adoption-recovered-01a1175f/Sources/RightClickMCP/Server.swift:319:37: warning: 'text(_:metadata:)' is deprecated: Use .text(text:annotations:_meta:) instead. [#DeprecatedDeclaration]
317 |                 transport: transport
318 |             )
319 |             return .init(content: [.text(text)], isError: false)
    |                                     `- warning: 'text(_:metadata:)' is deprecated: Use .text(text:annotations:_meta:) instead. [#DeprecatedDeclaration]
320 |         } catch {
321 |             return .init(content: [.text(String(describing: error))], isError: true)

/private/tmp/rightclick-adoption-recovered-01a1175f/Sources/RightClickMCP/Server.swift:321:37: warning: 'text(_:metadata:)' is deprecated: Use .text(text:annotations:_meta:) instead. [#DeprecatedDeclaration]
319 |             return .init(content: [.text(text)], isError: false)
320 |         } catch {
321 |             return .init(content: [.text(String(describing: error))], isError: true)
    |                                     `- warning: 'text(_:metadata:)' is deprecated: Use .text(text:annotations:_meta:) instead. [#DeprecatedDeclaration]
322 |         }
323 |     }

[#DeprecatedDeclaration]: <https://docs.swift.org/compiler/documentation/diagnostics/deprecated-declaration>
[974/1064] Emitting module RightClickMCP
[975/1064] Compiling RightClickMCP Federation.swift
/private/tmp/rightclick-adoption-recovered-01a1175f/Sources/RightClickMCP/Federation.swift:965:29: warning: reference to captured var 'request' in concurrently-executing code; this is an error in the Swift 6 language mode [#SendableClosureCaptures]
 963 |                     .data(
 964 |                         for:
 965 |                             request
     |                             `- warning: reference to captured var 'request' in concurrently-executing code; this is an error in the Swift 6 language mode [#SendableClosureCaptures]
 966 |                     )
 967 | 

[#SendableClosureCaptures]: <https://docs.swift.org/compiler/documentation/diagnostics/sendable-closure-captures>
[976/1094] Emitting module RightClickMCPTests
[977/1094] Compiling RightClickMCPTests MCPInitializationCompatibilityTests.swift
[978/1094] Compiling RightClickMCPTests FederationTests.swift
[979/1094] Compiling RightClickMCPTests ToolCatalogueVerificationTests.swift
[980/1094] Compiling RightClickCoreTests MOAT005G1PathAndJSONBodyTests.swift
[981/1094] Compiling RightClickCoreTests MOAT005G2MultiplePathArgumentsTests.swift
[982/1094] Compiling RightClickCoreTests MOAT005G3GitHubRequestSchemaTests.swift
[983/1094] Compiling RightClickCoreTests MOAT005G4MutationJSONResponseFallbackTests.swift
[984/1094] Compiling RightClickCoreTests MOAT005G5FullFrozenGitHubContractTests.swift
[985/1094] Compiling RightClickCoreTests MOAT005G6MultiSegmentPathTests.swift
[986/1094] Compiling RightClickCoreTests NativeBoundedHTTPTests.swift
[987/1094] Compiling RightClickCoreTests NativeHTTPFixture.swift
[988/1094] Compiling RightClickCoreTests NetworkOriginAuthorityTests.swift
[989/1103] Compiling RightClickCLI SetupAllTransaction.swift
[990/1103] Compiling RightClickCLI SetupState.swift
[991/1105] Emitting module RightClickCLI
[992/1105] Compiling RightClickCLI AuthorityConfigurationCLI.swift
[993/1105] Compiling RightClickCLI BridgeRuntime.swift
[994/1105] Compiling RightClickCLI ChatGPTBridge.swift
[995/1105] Compiling RightClickCLI ChatGPTBridgeInstaller.swift
[996/1105] Compiling RightClickCLI ChatGPTLiveAttestation.swift
[997/1105] Compiling RightClickCLI ChatGPTOnboarding.swift
[998/1105] Compiling RightClickCLI LocalLifecycle.swift
[999/1105] Compiling RightClickCLI LocalOnboarding.swift
[1000/1105] Compiling RightClickCLI LocalStdioProbe.swift
[1001/1105] Compiling RightClickCLI ChatGPTOnboardingTransaction.swift
[1002/1105] Compiling RightClickCLI ClaudeClientAdapter.swift
[1003/1105] Compiling RightClickCLI ClientChildProcess.swift
[1004/1105] Compiling RightClickCLI ProviderConfigurationCLI.swift
[1005/1105] Compiling RightClickCLI RuntimeStatus.swift
[1008/1105] Compiling RightClickCLI Sandbox.swift
[1009/1105] Compiling RightClickCLI Setup.swift
[1010/1105] Compiling RightClickCLI StableEntrypoint.swift
[1011/1105] Compiling RightClickCLI main.swift
[1012/1105] Compiling RightClickCoreTests InvocationBindingTests.swift
[1016/1105] Compiling RightClickCLI PortableClientSupport.swift
[1021/1105] Compiling RightClickCoreTests A2ARealLifecycleTests.swift
[1022/1105] Compiling RightClickCoreTests ARDAcquisitionGateTests.swift
[1023/1105] Compiling RightClickCoreTests AcquisitionTests.swift
[1024/1105] Compiling RightClickCoreTests AdoptionSecurityMCPCookiesTests.swift
[1025/1105] Compiling RightClickCoreTests BonjourGRPCSourceTests.swift
[1026/1105] Compiling RightClickCoreTests BonjourOpenAPISourceTests.swift
[1027/1105] Compiling RightClickCoreTests BonjourRealLifecycleAcceptanceTests.swift
[1028/1105] Compiling RightClickCoreTests BoundedCapabilityProcessDiagnosticTests.swift
[1029/1105] Compiling RightClickCoreTests CapabilityABIAdapterTests.swift
[1030/1105] Compiling RightClickCoreTests CapabilityABIBoundaryTests.swift
[1031/1105] Compiling RightClickCoreTests OAuthOIDCAuthorityTests.swift
[1032/1105] Compiling RightClickCoreTests OpenAPIAcknowledgementTests.swift
[1033/1105] Compiling RightClickCoreTests OpenAPIAcquisitionBoundsTests.swift
[1034/1105] Compiling RightClickCoreTests OpenAPIAuthorityManagementTests.swift
[1035/1105] Compiling RightClickCoreTests OpenAPIAuthorityTests.swift
[1036/1105] Compiling RightClickCoreTests OpenAPIRealProviderAcceptanceTests.swift
[1037/1105] Compiling RightClickCoreTests OpenAPIReflectorTests.swift
[1038/1105] Compiling RightClickCoreTests OutcomeVerifierTests.swift
[1039/1105] Compiling RightClickCoreTests PolicyTests.swift
[1043/1105] Compiling RightClickCoreTests PortableRuntimeTests.swift
[1044/1105] Compiling RightClickCoreTests ProductSurfaceRuntimeTests.swift
[1045/1105] Compiling RightClickCoreTests RCIRAuthorityDispatchTests.swift
[1046/1105] Compiling RightClickCoreTests RCIRAuthorityTests.swift
[1047/1105] Compiling RightClickCoreTests RCIRBoundaryTests.swift
[1048/1105] Compiling RightClickCoreTests RCIRDeferredCapacityTests.swift
[1049/1105] Compiling RightClickCoreTests RCIRDeferredProductionTests.swift
[1050/1105] Compiling RightClickCoreTests RCIRHTTPJSONCausalityTests.swift
[1051/1105] Compiling RightClickCoreTests RCIRHTTPJSONObservationTests.swift
[1052/1105] Emitting module RightClickCoreTests
[1053/1105] Compiling RightClickCLI NativeRegistrationBackend.swift
[1054/1105] Compiling RightClickCLI OnboardingEngine.swift
[1055/1105] Compiling RightClickCLI OpenAIPluginSetup.swift
[1059/1105] Compiling RightClickCLI ClientRegistry.swift
[1060/1105] Compiling RightClickCLI CodexClientAdapter.swift
[1061/1105] Compiling RightClickCLI Connect.swift
[1071/1105] Compiling RightClickCoreTests RCIRIntegrationTests.swift
[1072/1105] Compiling RightClickCoreTests RCIRInvocationBindingTests.swift
[1073/1105] Compiling RightClickCoreTests RCIRInvocationIsolationTests.swift
[1074/1105] Compiling RightClickCoreTests RCIRNoOutputTests.swift
[1075/1105] Compiling RightClickCoreTests RCIRProductionDispatchTests.swift
[1076/1105] Compiling RightClickCoreTests RCIRProvisionedSignerTests.swift
[1077/1105] Compiling RightClickCoreTests RCIRSigningLifecycleTests.swift
[1078/1105] Compiling RightClickCoreTests RCIRStructuredObservationTests.swift
[1079/1105] Compiling RightClickCoreTests RCIRTests.swift
[1080/1105] Compiling RightClickCoreTests KafkaAcquisitionStabilityTests.swift
[1081/1105] Compiling RightClickCoreTests KafkaCapabilityTests.swift
[1082/1105] Compiling RightClickCoreTests KubernetesCapabilityArtifactTests.swift
[1083/1105] Compiling RightClickCoreTests MOAT004G1AcquisitionTests.swift
[1084/1105] Compiling RightClickCoreTests MOAT004G2SplitOriginTests.swift
[1085/1105] Compiling RightClickCoreTests MOAT004G3ZeroArgumentGETTests.swift
[1086/1105] Compiling RightClickCoreTests MOAT004G4JSONSyntaxFallbackTests.swift
[1087/1105] Compiling RightClickCoreTests MOAT004G5ExternalBearerAuthorityTests.swift
[1088/1105] Compiling RightClickCoreTests MOAT004G6RealGitHubAuthenticatedCompatibilityTests.swift
/private/tmp/rightclick-adoption-recovered-01a1175f/Sources/RightClickCLI/LocalLifecycle.swift:255:59: warning: backward matching of the unlabeled trailing closure is deprecated; label the argument with 'verify' to suppress this warning [#TrailingClosureMatching]
123 |     /// Client registrations and their ownership record form one transaction.
124 |     /// A post-write local transport probe is independent of client connection.
125 |     static func apply(_ prepared: [RightClickSetupAllTransaction.PreparedClient], home: URL,
    |                 `- note: 'apply(_:home:disconnect:afterOwnershipReplace:verify:)' declared here
126 |                       disconnect: Bool = false, afterOwnershipReplace: (() throws -> Void)? = nil,
127 |                       verify: () throws -> Void = {}) throws
    :
253 |             let before = try probe()
254 |             var after = "NOT_RUN"
255 |             let applied = try apply(prepared, home: home) { after = try probe() }
    |                                                           `- warning: backward matching of the unlabeled trailing closure is deprecated; label the argument with 'verify' to suppress this warning [#TrailingClosureMatching]
256 |             emit(["status": "REPAIRED", "configurationChanged": applied.contains { $0.prepared.plan.mutation.changed },
257 |                   "localProbe": after, "preflightProbe": before, "mcpConnection": "NOT_OBSERVED",

/private/tmp/rightclick-adoption-recovered-01a1175f/Sources/RightClickCLI/LocalOnboarding.swift:662:106: warning: backward matching of the unlabeled trailing closure is deprecated; label the argument with 'verify' to suppress this warning [#TrailingClosureMatching]
660 |         do {
661 |             applied =
662 |                 try RightClickLocalLifecycle.apply(prepared, home: home, disconnect: options.disconnect) {
    |                                                                                                          `- warning: backward matching of the unlabeled trailing closure is deprecated; label the argument with 'verify' to suppress this warning [#TrailingClosureMatching]
663 |                     if !options.disconnect { probeResult = try probe() }
664 |                 }

/private/tmp/rightclick-adoption-recovered-01a1175f/Sources/RightClickCLI/LocalLifecycle.swift:125:17: note: 'apply(_:home:disconnect:afterOwnershipReplace:verify:)' declared here
123 |     /// Client registrations and their ownership record form one transaction.
124 |     /// A post-write local transport probe is independent of client connection.
125 |     static func apply(_ prepared: [RightClickSetupAllTransaction.PreparedClient], home: URL,
    |                 `- note: 'apply(_:home:disconnect:afterOwnershipReplace:verify:)' declared here
126 |                       disconnect: Bool = false, afterOwnershipReplace: (() throws -> Void)? = nil,
127 |                       verify: () throws -> Void = {}) throws

/private/tmp/rightclick-adoption-recovered-01a1175f/Sources/RightClickCLI/LocalOnboarding.swift:952:118: warning: backward matching of the unlabeled trailing closure is deprecated; label the argument with 'verify' to suppress this warning [#TrailingClosureMatching]
950 |             if !options.disconnect { payload["localProbe"] = try probe() }
951 |             let prepared = RightClickSetupAllTransaction.PreparedClient(adapter: adapter, plan: onboarding)
952 |             let applied = try RightClickLocalLifecycle.apply([prepared], home: home, disconnect: options.disconnect) {
    |                                                                                                                      `- warning: backward matching of the unlabeled trailing closure is deprecated; label the argument with 'verify' to suppress this warning [#TrailingClosureMatching]
953 |                 if !options.disconnect { payload["localProbe"] = try probe() }
954 |             }

/private/tmp/rightclick-adoption-recovered-01a1175f/Sources/RightClickCLI/LocalLifecycle.swift:125:17: note: 'apply(_:home:disconnect:afterOwnershipReplace:verify:)' declared here
123 |     /// Client registrations and their ownership record form one transaction.
124 |     /// A post-write local transport probe is independent of client connection.
125 |     static func apply(_ prepared: [RightClickSetupAllTransaction.PreparedClient], home: URL,
    |                 `- note: 'apply(_:home:disconnect:afterOwnershipReplace:verify:)' declared here
126 |                       disconnect: Bool = false, afterOwnershipReplace: (() throws -> Void)? = nil,
127 |                       verify: () throws -> Void = {}) throws

[#TrailingClosureMatching]: <https://docs.swift.org/compiler/documentation/diagnostics/trailing-closure-matching>
/private/tmp/rightclick-adoption-recovered-01a1175f/Sources/RightClickCLI/LocalLifecycle.swift:255:59: warning: backward matching of the unlabeled trailing closure is deprecated; label the argument with 'verify' to suppress this warning [#TrailingClosureMatching]
123 |     /// Client registrations and their ownership record form one transaction.
124 |     /// A post-write local transport probe is independent of client connection.
125 |     static func apply(_ prepared: [RightClickSetupAllTransaction.PreparedClient], home: URL,
    |                 `- note: 'apply(_:home:disconnect:afterOwnershipReplace:verify:)' declared here
126 |                       disconnect: Bool = false, afterOwnershipReplace: (() throws -> Void)? = nil,
127 |                       verify: () throws -> Void = {}) throws
    :
253 |             let before = try probe()
254 |             var after = "NOT_RUN"
255 |             let applied = try apply(prepared, home: home) { after = try probe() }
    |                                                           `- warning: backward matching of the unlabeled trailing closure is deprecated; label the argument with 'verify' to suppress this warning [#TrailingClosureMatching]
256 |             emit(["status": "REPAIRED", "configurationChanged": applied.contains { $0.prepared.plan.mutation.changed },
257 |                   "localProbe": after, "preflightProbe": before, "mcpConnection": "NOT_OBSERVED",

/private/tmp/rightclick-adoption-recovered-01a1175f/Sources/RightClickCLI/LocalOnboarding.swift:662:106: warning: backward matching of the unlabeled trailing closure is deprecated; label the argument with 'verify' to suppress this warning [#TrailingClosureMatching]
660 |         do {
661 |             applied =
662 |                 try RightClickLocalLifecycle.apply(prepared, home: home, disconnect: options.disconnect) {
    |                                                                                                          `- warning: backward matching of the unlabeled trailing closure is deprecated; label the argument with 'verify' to suppress this warning [#TrailingClosureMatching]
663 |                     if !options.disconnect { probeResult = try probe() }
664 |                 }

/private/tmp/rightclick-adoption-recovered-01a1175f/Sources/RightClickCLI/LocalLifecycle.swift:125:17: note: 'apply(_:home:disconnect:afterOwnershipReplace:verify:)' declared here
123 |     /// Client registrations and their ownership record form one transaction.
124 |     /// A post-write local transport probe is independent of client connection.
125 |     static func apply(_ prepared: [RightClickSetupAllTransaction.PreparedClient], home: URL,
    |                 `- note: 'apply(_:home:disconnect:afterOwnershipReplace:verify:)' declared here
126 |                       disconnect: Bool = false, afterOwnershipReplace: (() throws -> Void)? = nil,
127 |                       verify: () throws -> Void = {}) throws

/private/tmp/rightclick-adoption-recovered-01a1175f/Sources/RightClickCLI/LocalOnboarding.swift:952:118: warning: backward matching of the unlabeled trailing closure is deprecated; label the argument with 'verify' to suppress this warning [#TrailingClosureMatching]
950 |             if !options.disconnect { payload["localProbe"] = try probe() }
951 |             let prepared = RightClickSetupAllTransaction.PreparedClient(adapter: adapter, plan: onboarding)
952 |             let applied = try RightClickLocalLifecycle.apply([prepared], home: home, disconnect: options.disconnect) {
    |                                                                                                                      `- warning: backward matching of the unlabeled trailing closure is deprecated; label the argument with 'verify' to suppress this warning [#TrailingClosureMatching]
953 |                 if !options.disconnect { payload["localProbe"] = try probe() }
954 |             }

/private/tmp/rightclick-adoption-recovered-01a1175f/Sources/RightClickCLI/LocalLifecycle.swift:125:17: note: 'apply(_:home:disconnect:afterOwnershipReplace:verify:)' declared here
123 |     /// Client registrations and their ownership record form one transaction.
124 |     /// A post-write local transport probe is independent of client connection.
125 |     static func apply(_ prepared: [RightClickSetupAllTransaction.PreparedClient], home: URL,
    |                 `- note: 'apply(_:home:disconnect:afterOwnershipReplace:verify:)' declared here
126 |                       disconnect: Bool = false, afterOwnershipReplace: (() throws -> Void)? = nil,
127 |                       verify: () throws -> Void = {}) throws

[#TrailingClosureMatching]: <https://docs.swift.org/compiler/documentation/diagnostics/trailing-closure-matching>
/private/tmp/rightclick-adoption-recovered-01a1175f/Sources/RightClickCLI/LocalLifecycle.swift:255:59: warning: backward matching of the unlabeled trailing closure is deprecated; label the argument with 'verify' to suppress this warning [#TrailingClosureMatching]
123 |     /// Client registrations and their ownership record form one transaction.
124 |     /// A post-write local transport probe is independent of client connection.
125 |     static func apply(_ prepared: [RightClickSetupAllTransaction.PreparedClient], home: URL,
    |                 `- note: 'apply(_:home:disconnect:afterOwnershipReplace:verify:)' declared here
126 |                       disconnect: Bool = false, afterOwnershipReplace: (() throws -> Void)? = nil,
127 |                       verify: () throws -> Void = {}) throws
    :
253 |             let before = try probe()
254 |             var after = "NOT_RUN"
255 |             let applied = try apply(prepared, home: home) { after = try probe() }
    |                                                           `- warning: backward matching of the unlabeled trailing closure is deprecated; label the argument with 'verify' to suppress this warning [#TrailingClosureMatching]
256 |             emit(["status": "REPAIRED", "configurationChanged": applied.contains { $0.prepared.plan.mutation.changed },
257 |                   "localProbe": after, "preflightProbe": before, "mcpConnection": "NOT_OBSERVED",

/private/tmp/rightclick-adoption-recovered-01a1175f/Sources/RightClickCLI/LocalOnboarding.swift:662:106: warning: backward matching of the unlabeled trailing closure is deprecated; label the argument with 'verify' to suppress this warning [#TrailingClosureMatching]
660 |         do {
661 |             applied =
662 |                 try RightClickLocalLifecycle.apply(prepared, home: home, disconnect: options.disconnect) {
    |                                                                                                          `- warning: backward matching of the unlabeled trailing closure is deprecated; label the argument with 'verify' to suppress this warning [#TrailingClosureMatching]
663 |                     if !options.disconnect { probeResult = try probe() }
664 |                 }

/private/tmp/rightclick-adoption-recovered-01a1175f/Sources/RightClickCLI/LocalLifecycle.swift:125:17: note: 'apply(_:home:disconnect:afterOwnershipReplace:verify:)' declared here
123 |     /// Client registrations and their ownership record form one transaction.
124 |     /// A post-write local transport probe is independent of client connection.
125 |     static func apply(_ prepared: [RightClickSetupAllTransaction.PreparedClient], home: URL,
    |                 `- note: 'apply(_:home:disconnect:afterOwnershipReplace:verify:)' declared here
126 |                       disconnect: Bool = false, afterOwnershipReplace: (() throws -> Void)? = nil,
127 |                       verify: () throws -> Void = {}) throws

/private/tmp/rightclick-adoption-recovered-01a1175f/Sources/RightClickCLI/LocalOnboarding.swift:952:118: warning: backward matching of the unlabeled trailing closure is deprecated; label the argument with 'verify' to suppress this warning [#TrailingClosureMatching]
950 |             if !options.disconnect { payload["localProbe"] = try probe() }
951 |             let prepared = RightClickSetupAllTransaction.PreparedClient(adapter: adapter, plan: onboarding)
952 |             let applied = try RightClickLocalLifecycle.apply([prepared], home: home, disconnect: options.disconnect) {
    |                                                                                                                      `- warning: backward matching of the unlabeled trailing closure is deprecated; label the argument with 'verify' to suppress this warning [#TrailingClosureMatching]
953 |                 if !options.disconnect { payload["localProbe"] = try probe() }
954 |             }

/private/tmp/rightclick-adoption-recovered-01a1175f/Sources/RightClickCLI/LocalLifecycle.swift:125:17: note: 'apply(_:home:disconnect:afterOwnershipReplace:verify:)' declared here
123 |     /// Client registrations and their ownership record form one transaction.
124 |     /// A post-write local transport probe is independent of client connection.
125 |     static func apply(_ prepared: [RightClickSetupAllTransaction.PreparedClient], home: URL,
    |                 `- note: 'apply(_:home:disconnect:afterOwnershipReplace:verify:)' declared here
126 |                       disconnect: Bool = false, afterOwnershipReplace: (() throws -> Void)? = nil,
127 |                       verify: () throws -> Void = {}) throws

[#TrailingClosureMatching]: <https://docs.swift.org/compiler/documentation/diagnostics/trailing-closure-matching>
[1091/1105] Write Objects.LinkFileList
[1093/1105] Compiling RightClickCoreTests RCIRUnaryAdmissionTests.swift
[1094/1105] Compiling RightClickCoreTests RCIRUnitCompletionTests.swift
[1095/1105] Compiling RightClickCoreTests RuntimeIdentityCompatibilityTests.swift
[1096/1105] Compiling RightClickCoreTests RuntimeProvenanceTests.swift
[1097/1105] Compiling RightClickCoreTests ServiceContextTests.swift
[1098/1105] Compiling RightClickCoreTests ServiceOutcomeTests.swift
[1099/1105] Compiling RightClickCoreTests SharingExecutionTests.swift
[1100/1105] Compiling RightClickCoreTests UniversalReflectorContractTests.swift
[1101/1105] Compiling RightClickCoreTests VerificationIntegrationTests.swift
[1101/1105] Linking rightclick
[1102/1105] Applying rightclick
[1104/1133] Compiling RightClickCLITests AdoptionSecurityClaudeIdentityTests.swift
[1105/1133] Compiling RightClickCLITests AdoptionSecurityNativeFailureTests.swift
[1106/1133] Compiling RightClickCLITests AdoptionSecurityProcessTests.swift
[1107/1133] Emitting module RightClickCLITests
[1108/1135] Compiling RightClickCLITests SetupStateTests.swift
[1109/1135] Compiling RightClickCLITests SetupTests.swift
[1110/1135] Compiling RightClickCLITests StableEntrypointTests.swift
[1111/1135] Compiling RightClickCLITests ChatGPTBridgeTests.swift
[1112/1135] Compiling RightClickCLITests ChatGPTLiveAttestationTests.swift
[1113/1135] Compiling RightClickCLITests ChatGPTOnboardingTests.swift
[1114/1135] Compiling RightClickCLITests AuthorityConfigurationCLITests.swift
[1115/1135] Compiling RightClickCLITests BridgeRuntimeTests.swift
[1116/1135] Compiling RightClickCLITests ChatGPTBridgeInstallerTests.swift
[1117/1135] Compiling RightClickCLITests AdoptionSecurityRollbackTests.swift
[1118/1135] Compiling RightClickCLITests AdoptionSecuritySandboxTests.swift
[1119/1135] Compiling RightClickCLITests AdoptionSecurityStdioIdentityTests.swift
[1120/1135] Compiling RightClickCLITests LocalOnboardingTests.swift
[1121/1135] Compiling RightClickCLITests NativeMutationLeaseRedTests.swift
[1122/1135] Compiling RightClickCLITests OnboardingEngineTests.swift
[1123/1135] Compiling RightClickCLITests ChatGPTOnboardingTransactionTests.swift
[1124/1135] Compiling RightClickCLITests ClaudeConfigDirTruthTests.swift
[1125/1135] Compiling RightClickCLITests ClaudeOnboardingRedTests.swift
[1126/1135] Compiling RightClickCLITests PortableClientLifecycleTests.swift
[1127/1135] Compiling RightClickCLITests ProviderConfigurationCLITests.swift
[1128/1135] Compiling RightClickCLITests SetupAllTransactionRedTests.swift
[1129/1135] Compiling RightClickCLITests ClientRegistryRedTests.swift
[1130/1135] Compiling RightClickCLITests CodexOnboardingRedTests.swift
[1131/1135] Compiling RightClickCLITests ConnectTests.swift
[1132/1135] Compiling RightClickCLITests StableProfileIntegrityTests.swift
[1133/1135] Compiling RightClickCLITests StableUpgradeReconciliationTests.swift
[1134/1137] Emitting module rightclick_mcpPackageTests
[1135/1137] Compiling rightclick_mcpPackageTests runner.swift
[1135/1137] Write Objects.LinkFileList
[1136/1137] Linking rightclick-mcpPackageTests
Build complete! (221.62s)
Test Suite 'All tests' started at 2026-10-07 20:20:42.348.
Test Suite 'rightclick-mcpPackageTests.xctest' started at 2026-10-07 20:20:42.352.
Test Suite 'A2ARealLifecycleTests' started at 2026-10-07 20:20:42.352.
Test Case '-[RightClickCoreTests.A2ARealLifecycleTests testAcceptedAndCompletedTaskWithMismatchedEffectFailsWithSignedReceipt]' started.
Test Case '-[RightClickCoreTests.A2ARealLifecycleTests testAcceptedAndCompletedTaskWithMismatchedEffectFailsWithSignedReceipt]' passed (1.136 seconds).
Test Case '-[RightClickCoreTests.A2ARealLifecycleTests testCompletedUnverifiedTaskCannotObserveAfterPolicyRevocation]' started.
Test Case '-[RightClickCoreTests.A2ARealLifecycleTests testCompletedUnverifiedTaskCannotObserveAfterPolicyRevocation]' passed (0.857 seconds).
Test Case '-[RightClickCoreTests.A2ARealLifecycleTests testCompletedWithoutIndependentEffectRemainsUnverified]' started.
Test Case '-[RightClickCoreTests.A2ARealLifecycleTests testCompletedWithoutIndependentEffectRemainsUnverified]' passed (0.864 seconds).
Test Case '-[RightClickCoreTests.A2ARealLifecycleTests testDeadlineIsUnknownWithoutRetryingOrFabricatingCompletion]' started.
Test Case '-[RightClickCoreTests.A2ARealLifecycleTests testDeadlineIsUnknownWithoutRetryingOrFabricatingCompletion]' passed (0.481 seconds).
Test Case '-[RightClickCoreTests.A2ARealLifecycleTests testGenuineDelegationObservesEffectAndSignsTerminalReceipt]' started.
Test Case '-[RightClickCoreTests.A2ARealLifecycleTests testGenuineDelegationObservesEffectAndSignsTerminalReceipt]' passed (1.824 seconds).
Test Case '-[RightClickCoreTests.A2ARealLifecycleTests testPolicyAndConfirmationDenialsHaveZeroDelegatedEffects]' started.
Test Case '-[RightClickCoreTests.A2ARealLifecycleTests testPolicyAndConfirmationDenialsHaveZeroDelegatedEffects]' passed (0.462 seconds).
Test Case '-[RightClickCoreTests.A2ARealLifecycleTests testPolicyRevocationDuringTaskCannotBeSilentlyIgnored]' started.
Test Case '-[RightClickCoreTests.A2ARealLifecycleTests testPolicyRevocationDuringTaskCannotBeSilentlyIgnored]' passed (0.537 seconds).
Test Case '-[RightClickCoreTests.A2ARealLifecycleTests testProviderDisappearingMidTaskIsSignedUnknownWithoutReplay]' started.
Test Case '-[RightClickCoreTests.A2ARealLifecycleTests testProviderDisappearingMidTaskIsSignedUnknownWithoutReplay]' passed (0.371 seconds).
Test Case '-[RightClickCoreTests.A2ARealLifecycleTests testRemoteTaskFailureCannotBecomeSemanticSuccess]' started.
Test Case '-[RightClickCoreTests.A2ARealLifecycleTests testRemoteTaskFailureCannotBecomeSemanticSuccess]' passed (0.894 seconds).
Test Case '-[RightClickCoreTests.A2ARealLifecycleTests testUnpinnedIndependentObserverFailsBeforeDispatch]' started.
Test Case '-[RightClickCoreTests.A2ARealLifecycleTests testUnpinnedIndependentObserverFailsBeforeDispatch]' passed (0.402 seconds).
Test Suite 'A2ARealLifecycleTests' passed at 2026-10-07 20:20:50.181.
	 Executed 10 tests, with 0 failures (0 unexpected) in 7.827 (7.829) seconds
Test Suite 'ARDAcquisitionGateTests' started at 2026-10-07 20:20:50.181.
Test Case '-[RightClickCoreTests.ARDAcquisitionGateTests testG13ARDSearchResponseBecomesOpenAPIAcquisitionCandidate]' started.
Test Case '-[RightClickCoreTests.ARDAcquisitionGateTests testG13ARDSearchResponseBecomesOpenAPIAcquisitionCandidate]' passed (0.003 seconds).
Test Case '-[RightClickCoreTests.ARDAcquisitionGateTests testG14CapabilityIsAbsentBeforeARDAndAppearsAfterDiscovery]' started.
Test Case '-[RightClickCoreTests.ARDAcquisitionGateTests testG14CapabilityIsAbsentBeforeARDAndAppearsAfterDiscovery]' passed (0.002 seconds).
Test Case '-[RightClickCoreTests.ARDAcquisitionGateTests testG15ExecutesARDAcquiredCapabilityThroughCapabilityEngine]' started.
Test Case '-[RightClickCoreTests.ARDAcquisitionGateTests testG15ExecutesARDAcquiredCapabilityThroughCapabilityEngine]' passed (0.012 seconds).
Test Case '-[RightClickCoreTests.ARDAcquisitionGateTests testG16IndependentReadBackVerifiesDurableState]' started.
Test Case '-[RightClickCoreTests.ARDAcquisitionGateTests testG16IndependentReadBackVerifiesDurableState]' passed (0.023 seconds).
Test Suite 'ARDAcquisitionGateTests' passed at 2026-10-07 20:20:50.221.
	 Executed 4 tests, with 0 failures (0 unexpected) in 0.039 (0.040) seconds
Test Suite 'ARDPortableTests' started at 2026-10-07 20:20:50.221.
Test Case '-[RightClickARDTests.ARDPortableTests testAmbiguousOpenAPIServerBindingAbstains]' started.
Test Case '-[RightClickARDTests.ARDPortableTests testAmbiguousOpenAPIServerBindingAbstains]' passed (0.000 seconds).
Test Case '-[RightClickARDTests.ARDPortableTests testG13DecodesHfDiscoverSearchResponseShape]' started.
Test Case '-[RightClickARDTests.ARDPortableTests testG13DecodesHfDiscoverSearchResponseShape]' passed (0.000 seconds).
Test Case '-[RightClickARDTests.ARDPortableTests testG13ExtractsSupportedOpenAPICandidate]' started.
Test Case '-[RightClickARDTests.ARDPortableTests testG13ExtractsSupportedOpenAPICandidate]' passed (0.000 seconds).
Test Case '-[RightClickARDTests.ARDPortableTests testSearchRequestMatchesARDEnvelope]' started.
Test Case '-[RightClickARDTests.ARDPortableTests testSearchRequestMatchesARDEnvelope]' passed (0.000 seconds).
Test Case '-[RightClickARDTests.ARDPortableTests testSearchResponseRequiresExactlyOneValueOrReference]' started.
Test Case '-[RightClickARDTests.ARDPortableTests testSearchResponseRequiresExactlyOneValueOrReference]' passed (0.001 seconds).
Test Suite 'ARDPortableTests' passed at 2026-10-07 20:20:50.224.
	 Executed 5 tests, with 0 failures (0 unexpected) in 0.002 (0.002) seconds
Test Suite 'AcquisitionTests' started at 2026-10-07 20:20:50.224.
Test Case '-[RightClickCoreTests.AcquisitionTests testDeclaredTextRepresentationsRoundTripOnThePasteboard]' started.
Test Case '-[RightClickCoreTests.AcquisitionTests testDeclaredTextRepresentationsRoundTripOnThePasteboard]' passed (0.019 seconds).
Test Case '-[RightClickCoreTests.AcquisitionTests testDirectoryAndURLClassification]' started.
Test Case '-[RightClickCoreTests.AcquisitionTests testDirectoryAndURLClassification]' passed (0.001 seconds).
Test Case '-[RightClickCoreTests.AcquisitionTests testDuplicateIDsCollapse]' started.
Test Case '-[RightClickCoreTests.AcquisitionTests testDuplicateIDsCollapse]' passed (0.000 seconds).
Test Case '-[RightClickCoreTests.AcquisitionTests testFinancialRequiresConfirmation]' started.
Test Case '-[RightClickCoreTests.AcquisitionTests testFinancialRequiresConfirmation]' passed (0.000 seconds).
Test Case '-[RightClickCoreTests.AcquisitionTests testImageServiceDoesNotApplyToPlainText]' started.
Test Case '-[RightClickCoreTests.AcquisitionTests testImageServiceDoesNotApplyToPlainText]' passed (0.000 seconds).
Test Case '-[RightClickCoreTests.AcquisitionTests testMalformedPathIsAnError]' started.
Test Case '-[RightClickCoreTests.AcquisitionTests testMalformedPathIsAnError]' passed (0.000 seconds).
Test Case '-[RightClickCoreTests.AcquisitionTests testProofURLPayloadRoundTrip]' started.
Test Case '-[RightClickCoreTests.AcquisitionTests testProofURLPayloadRoundTrip]' passed (0.003 seconds).
Test Case '-[RightClickCoreTests.AcquisitionTests testServiceAppearsAndDisappearsWithTheBundle]' started.
Test Case '-[RightClickCoreTests.AcquisitionTests testServiceAppearsAndDisappearsWithTheBundle]' passed (0.003 seconds).
Test Case '-[RightClickCoreTests.AcquisitionTests testStaleServiceIDFails]' started.
Test Case '-[RightClickCoreTests.AcquisitionTests testStaleServiceIDFails]' passed (0.406 seconds).
Test Case '-[RightClickCoreTests.AcquisitionTests testTextPasteboardTypesFollowDeclaredSendTypes]' started.
Test Case '-[RightClickCoreTests.AcquisitionTests testTextPasteboardTypesFollowDeclaredSendTypes]' passed (0.000 seconds).
Test Case '-[RightClickCoreTests.AcquisitionTests testUnknownRequiresConfirmation]' started.
Test Case '-[RightClickCoreTests.AcquisitionTests testUnknownRequiresConfirmation]' passed (0.000 seconds).
Test Case '-[RightClickCoreTests.AcquisitionTests testWebURLPayloadAbstainsForFileURLOnly]' started.
Test Case '-[RightClickCoreTests.AcquisitionTests testWebURLPayloadAbstainsForFileURLOnly]' passed (0.001 seconds).
Test Case '-[RightClickCoreTests.AcquisitionTests testWebURLPayloadUsesDeclaredPlainTextType]' started.
Test Case '-[RightClickCoreTests.AcquisitionTests testWebURLPayloadUsesDeclaredPlainTextType]' passed (0.002 seconds).
Test Case '-[RightClickCoreTests.AcquisitionTests testWebURLPayloadUsesDeclaredURLType]' started.
Test Case '-[RightClickCoreTests.AcquisitionTests testWebURLPayloadUsesDeclaredURLType]' passed (0.001 seconds).
Test Suite 'AcquisitionTests' passed at 2026-10-07 20:20:50.662.
	 Executed 14 tests, with 0 failures (0 unexpected) in 0.437 (0.438) seconds
Test Suite 'AdoptionSecurityClaudeIdentityTests' started at 2026-10-07 20:20:50.662.
Test Case '-[RightClickCLITests.AdoptionSecurityClaudeIdentityTests testClaudeCannotReportConnectedFromNotConnectedHealthText]' started.
Test Case '-[RightClickCLITests.AdoptionSecurityClaudeIdentityTests testClaudeCannotReportConnectedFromNotConnectedHealthText]' passed (0.463 seconds).
Test Case '-[RightClickCLITests.AdoptionSecurityClaudeIdentityTests testClaudeRejectsAdditionalArgumentsAfterMCPPrefix]' started.
Test Case '-[RightClickCLITests.AdoptionSecurityClaudeIdentityTests testClaudeRejectsAdditionalArgumentsAfterMCPPrefix]' passed (1.059 seconds).
Test Case '-[RightClickCLITests.AdoptionSecurityClaudeIdentityTests testClaudeRejectsCommandWithExpectedPathOnlyAsPrefix]' started.
Test Case '-[RightClickCLITests.AdoptionSecurityClaudeIdentityTests testClaudeRejectsCommandWithExpectedPathOnlyAsPrefix]' passed (0.442 seconds).
Test Case '-[RightClickCLITests.AdoptionSecurityClaudeIdentityTests testClaudeRejectsDuplicateCommandAuthorityFields]' started.
Test Case '-[RightClickCLITests.AdoptionSecurityClaudeIdentityTests testClaudeRejectsDuplicateCommandAuthorityFields]' passed (0.375 seconds).
Test Suite 'AdoptionSecurityClaudeIdentityTests' passed at 2026-10-07 20:20:53.002.
	 Executed 4 tests, with 0 failures (0 unexpected) in 2.340 (2.340) seconds
Test Suite 'AdoptionSecurityMCPCookiesTests' started at 2026-10-07 20:20:53.002.
Test Case '-[RightClickCoreTests.AdoptionSecurityMCPCookiesTests testDescriptorAcquisitionCannotBorrowAmbientCookiesOrPersistProviderCookies]' started.
Test Case '-[RightClickCoreTests.AdoptionSecurityMCPCookiesTests testDescriptorAcquisitionCannotBorrowAmbientCookiesOrPersistProviderCookies]' passed (0.233 seconds).
Test Suite 'AdoptionSecurityMCPCookiesTests' passed at 2026-10-07 20:20:53.236.
	 Executed 1 test, with 0 failures (0 unexpected) in 0.233 (0.234) seconds
Test Suite 'AdoptionSecurityNativeFailureTests' started at 2026-10-07 20:20:53.236.
Test Case '-[RightClickCLITests.AdoptionSecurityNativeFailureTests testFailedNativeAddPreservesNewerConflictingRegistration]' started.
Test Case '-[RightClickCLITests.AdoptionSecurityNativeFailureTests testFailedNativeAddPreservesNewerConflictingRegistration]' passed (1.680 seconds).
Test Case '-[RightClickCLITests.AdoptionSecurityNativeFailureTests testFailedNativeAddThatAlreadyMutatedRestoresUnconfiguredState]' started.
Test Case '-[RightClickCLITests.AdoptionSecurityNativeFailureTests testFailedNativeAddThatAlreadyMutatedRestoresUnconfiguredState]' passed (1.451 seconds).
Test Case '-[RightClickCLITests.AdoptionSecurityNativeFailureTests testFailedNativeRemoveThatAlreadyMutatedRestoresExactRegistration]' started.
Test Case '-[RightClickCLITests.AdoptionSecurityNativeFailureTests testFailedNativeRemoveThatAlreadyMutatedRestoresExactRegistration]' passed (0.969 seconds).
Test Case '-[RightClickCLITests.AdoptionSecurityNativeFailureTests testTimedOutNativeAddThatAlreadyMutatedRestoresUnconfiguredState]' started.
Test Case '-[RightClickCLITests.AdoptionSecurityNativeFailureTests testTimedOutNativeAddThatAlreadyMutatedRestoresUnconfiguredState]' passed (6.062 seconds).
Test Suite 'AdoptionSecurityNativeFailureTests' passed at 2026-10-07 20:21:03.398.
	 Executed 4 tests, with 0 failures (0 unexpected) in 10.162 (10.162) seconds
Test Suite 'AdoptionSecurityProcessTests' started at 2026-10-07 20:21:03.398.
Test Case '-[RightClickCLITests.AdoptionSecurityProcessTests testExcessNativeOutputIsBoundedAndDoesNotEchoSecretOutput]' started.
Test Case '-[RightClickCLITests.AdoptionSecurityProcessTests testExcessNativeOutputIsBoundedAndDoesNotEchoSecretOutput]' passed (0.335 seconds).
Test Case '-[RightClickCLITests.AdoptionSecurityProcessTests testNativeOutputLargerThanPipeBufferCompletesWithoutDeadlock]' started.
Test Case '-[RightClickCLITests.AdoptionSecurityProcessTests testNativeOutputLargerThanPipeBufferCompletesWithoutDeadlock]' passed (0.286 seconds).
Test Case '-[RightClickCLITests.AdoptionSecurityProcessTests testNativeProcessDeadlineReturnsAndDoesNotEchoSecretOutput]' started.
Test Case '-[RightClickCLITests.AdoptionSecurityProcessTests testNativeProcessDeadlineReturnsAndDoesNotEchoSecretOutput]' passed (0.125 seconds).
Test Case '-[RightClickCLITests.AdoptionSecurityProcessTests testTimedOutNativeCommandDoesNotLeaveDescendantRunning]' started.
Test Case '-[RightClickCLITests.AdoptionSecurityProcessTests testTimedOutNativeCommandDoesNotLeaveDescendantRunning]' passed (2.165 seconds).
Test Suite 'AdoptionSecurityProcessTests' passed at 2026-10-07 20:21:06.310.
	 Executed 4 tests, with 0 failures (0 unexpected) in 2.911 (2.912) seconds
Test Suite 'AdoptionSecurityRollbackTests' started at 2026-10-07 20:21:06.310.
Test Case '-[RightClickCLITests.AdoptionSecurityRollbackTests testFailedJSONPostconditionPreservesNewerFileCreatedFromNothing]' started.
Test Case '-[RightClickCLITests.AdoptionSecurityRollbackTests testFailedJSONPostconditionPreservesNewerFileCreatedFromNothing]' passed (0.009 seconds).
Test Case '-[RightClickCLITests.AdoptionSecurityRollbackTests testFailedJSONPostconditionPreservesNewerValidClientEdit]' started.
Test Case '-[RightClickCLITests.AdoptionSecurityRollbackTests testFailedJSONPostconditionPreservesNewerValidClientEdit]' passed (0.010 seconds).
Test Case '-[RightClickCLITests.AdoptionSecurityRollbackTests testJSONRollbackRejectsPathReplacedWithSymlinkWithoutTouchingTarget]' started.
Test Case '-[RightClickCLITests.AdoptionSecurityRollbackTests testJSONRollbackRejectsPathReplacedWithSymlinkWithoutTouchingTarget]' passed (0.006 seconds).
Test Case '-[RightClickCLITests.AdoptionSecurityRollbackTests testNativeConfigureRollbackPreservesNewerRegistration]' started.
Test Case '-[RightClickCLITests.AdoptionSecurityRollbackTests testNativeConfigureRollbackPreservesNewerRegistration]' passed (0.538 seconds).
Test Case '-[RightClickCLITests.AdoptionSecurityRollbackTests testNativeDisconnectRollbackPreservesNewerRegistration]' started.
Test Case '-[RightClickCLITests.AdoptionSecurityRollbackTests testNativeDisconnectRollbackPreservesNewerRegistration]' passed (0.635 seconds).
Test Suite 'AdoptionSecurityRollbackTests' passed at 2026-10-07 20:21:07.510.
	 Executed 5 tests, with 0 failures (0 unexpected) in 1.199 (1.200) seconds
Test Suite 'AdoptionSecuritySandboxTests' started at 2026-10-07 20:21:07.510.
Test Case '-[RightClickCLITests.AdoptionSecuritySandboxTests testDisposableSandboxCannotImportHostPolicyObserversOrSigningReferences]' started.
Test Case '-[RightClickCLITests.AdoptionSecuritySandboxTests testDisposableSandboxCannotImportHostPolicyObserversOrSigningReferences]' passed (0.012 seconds).
Test Case '-[RightClickCLITests.AdoptionSecuritySandboxTests testSandboxCleanupRemovesEffectAndDirectoryAfterFixtureLifetime]' started.
Test Case '-[RightClickCLITests.AdoptionSecuritySandboxTests testSandboxCleanupRemovesEffectAndDirectoryAfterFixtureLifetime]' passed (0.008 seconds).
Test Suite 'AdoptionSecuritySandboxTests' passed at 2026-10-07 20:21:07.531.
	 Executed 2 tests, with 0 failures (0 unexpected) in 0.020 (0.021) seconds
Test Suite 'AdoptionSecurityStdioIdentityTests' started at 2026-10-07 20:21:07.531.
Test Case '-[RightClickCLITests.AdoptionSecurityStdioIdentityTests testExactCounterfeitProtocolControlCompletesLocalProbe]' started.
Test Case '-[RightClickCLITests.AdoptionSecurityStdioIdentityTests testExactCounterfeitProtocolControlCompletesLocalProbe]' passed (0.496 seconds).
Test Case '-[RightClickCLITests.AdoptionSecurityStdioIdentityTests testProbeChildFoundationHomeRemainsInsideExplicitLexicalHome]' started.
Test Case '-[RightClickCLITests.AdoptionSecurityStdioIdentityTests testProbeChildFoundationHomeRemainsInsideExplicitLexicalHome]' passed (1.263 seconds).
Test Case '-[RightClickCLITests.AdoptionSecurityStdioIdentityTests testRuntimeIdentityTextRejectsConflictingPIDWithExpectedValueFirst]' started.
Test Case '-[RightClickCLITests.AdoptionSecurityStdioIdentityTests testRuntimeIdentityTextRejectsConflictingPIDWithExpectedValueFirst]' passed (0.527 seconds).
Test Case '-[RightClickCLITests.AdoptionSecurityStdioIdentityTests testRuntimeIdentityTextRejectsConflictingPIDWithExpectedValueLast]' started.
Test Case '-[RightClickCLITests.AdoptionSecurityStdioIdentityTests testRuntimeIdentityTextRejectsConflictingPIDWithExpectedValueLast]' passed (0.431 seconds).
Test Case '-[RightClickCLITests.AdoptionSecurityStdioIdentityTests testRuntimeIdentityTextRejectsDuplicateIdenticalPID]' started.
Test Case '-[RightClickCLITests.AdoptionSecurityStdioIdentityTests testRuntimeIdentityTextRejectsDuplicateIdenticalPID]' passed (0.407 seconds).
Test Suite 'AdoptionSecurityStdioIdentityTests' passed at 2026-10-07 20:21:10.657.
	 Executed 5 tests, with 0 failures (0 unexpected) in 3.125 (3.126) seconds
Test Suite 'AuthorityConfigurationCLITests' started at 2026-10-07 20:21:10.657.
Test Case '-[RightClickCLITests.AuthorityConfigurationCLITests testCredentialCommandLineFlagsAreRejectedBeforeInput]' started.
Test Case '-[RightClickCLITests.AuthorityConfigurationCLITests testCredentialCommandLineFlagsAreRejectedBeforeInput]' passed (0.043 seconds).
Test Case '-[RightClickCLITests.AuthorityConfigurationCLITests testInvalidOriginAndSchemeFailBeforeCredentialRead]' started.
Test Case '-[RightClickCLITests.AuthorityConfigurationCLITests testInvalidOriginAndSchemeFailBeforeCredentialRead]' passed (0.001 seconds).
Test Case '-[RightClickCLITests.AuthorityConfigurationCLITests testSetStatusDeleteRoundTripNeverDisclosesCredential]' started.
Test Case '-[RightClickCLITests.AuthorityConfigurationCLITests testSetStatusDeleteRoundTripNeverDisclosesCredential]' passed (0.052 seconds).
Test Case '-[RightClickCLITests.AuthorityConfigurationCLITests testStatusIsBoundToExactOriginAndScheme]' started.
Test Case '-[RightClickCLITests.AuthorityConfigurationCLITests testStatusIsBoundToExactOriginAndScheme]' passed (0.034 seconds).
Test Suite 'AuthorityConfigurationCLITests' passed at 2026-10-07 20:21:10.788.
	 Executed 4 tests, with 0 failures (0 unexpected) in 0.130 (0.131) seconds
Test Suite 'BonjourGRPCSourceTests' started at 2026-10-07 20:21:10.788.
Test Case '-[RightClickCoreTests.BonjourGRPCSourceTests testMalformedSchemeAbstainsWithoutReflection]' started.
Test Case '-[RightClickCoreTests.BonjourGRPCSourceTests testMalformedSchemeAbstainsWithoutReflection]' passed (0.001 seconds).
Test Case '-[RightClickCoreTests.BonjourGRPCSourceTests testResolvedAdvertisementCreatesAndRemovesGRPCReflector]' started.
Test Case '-[RightClickCoreTests.BonjourGRPCSourceTests testResolvedAdvertisementCreatesAndRemovesGRPCReflector]' passed (0.007 seconds).
Test Case '-[RightClickCoreTests.BonjourGRPCSourceTests testUnsupportedAuthorityAdvertisementFailsClosedBeforeReflection]' started.
Test Case '-[RightClickCoreTests.BonjourGRPCSourceTests testUnsupportedAuthorityAdvertisementFailsClosedBeforeReflection]' passed (0.000 seconds).
Test Suite 'BonjourGRPCSourceTests' passed at 2026-10-07 20:21:10.797.
	 Executed 3 tests, with 0 failures (0 unexpected) in 0.008 (0.009) seconds
Test Suite 'BonjourOpenAPISourceTests' started at 2026-10-07 20:21:10.797.
Test Case '-[RightClickCoreTests.BonjourOpenAPISourceTests testAbsoluteBonjourDNSNameCanonicalizesTerminalRootDot]' started.
Test Case '-[RightClickCoreTests.BonjourOpenAPISourceTests testAbsoluteBonjourDNSNameCanonicalizesTerminalRootDot]' passed (0.003 seconds).
Test Case '-[RightClickCoreTests.BonjourOpenAPISourceTests testEndpointReplacementChangesCapabilityIdentity]' started.
Test Case '-[RightClickCoreTests.BonjourOpenAPISourceTests testEndpointReplacementChangesCapabilityIdentity]' passed (0.003 seconds).
Test Case '-[RightClickCoreTests.BonjourOpenAPISourceTests testMalformedMetadataAbstainsWithoutFetching]' started.
Test Case '-[RightClickCoreTests.BonjourOpenAPISourceTests testMalformedMetadataAbstainsWithoutFetching]' passed (0.000 seconds).
Test Case '-[RightClickCoreTests.BonjourOpenAPISourceTests testMultipleTerminalRootDotsAreRejected]' started.
Test Case '-[RightClickCoreTests.BonjourOpenAPISourceTests testMultipleTerminalRootDotsAreRejected]' passed (0.000 seconds).
Test Case '-[RightClickCoreTests.BonjourOpenAPISourceTests testRemovalMakesStaleCapabilityUnavailable]' started.
Test Case '-[RightClickCoreTests.BonjourOpenAPISourceTests testRemovalMakesStaleCapabilityUnavailable]' passed (0.002 seconds).
Test Case '-[RightClickCoreTests.BonjourOpenAPISourceTests testResolvedAdvertisementCreatesDynamicOpenAPIReflector]' started.
Test Case '-[RightClickCoreTests.BonjourOpenAPISourceTests testResolvedAdvertisementCreatesDynamicOpenAPIReflector]' passed (0.002 seconds).
Test Case '-[RightClickCoreTests.BonjourOpenAPISourceTests testTXTMetadataCannotRedirectToExternalHost]' started.
Test Case '-[RightClickCoreTests.BonjourOpenAPISourceTests testTXTMetadataCannotRedirectToExternalHost]' passed (0.000 seconds).
Test Suite 'BonjourOpenAPISourceTests' passed at 2026-10-07 20:21:10.808.
	 Executed 7 tests, with 0 failures (0 unexpected) in 0.010 (0.011) seconds
Test Suite 'BonjourRealLifecycleAcceptanceTests' started at 2026-10-07 20:21:10.808.
Test Case '-[RightClickCoreTests.BonjourRealLifecycleAcceptanceTests testRealDNSServiceDiscoveryLifecycle]' started.
/private/tmp/rightclick-adoption-recovered-01a1175f/Tests/RightClickCoreTests/BonjourRealLifecycleAcceptanceTests.swift:30: -[RightClickCoreTests.BonjourRealLifecycleAcceptanceTests testRealDNSServiceDiscoveryLifecycle] : Test skipped - NS005_REAL_DNSSD=1 is required.
Test Case '-[RightClickCoreTests.BonjourRealLifecycleAcceptanceTests testRealDNSServiceDiscoveryLifecycle]' skipped (0.003 seconds).
Test Suite 'BonjourRealLifecycleAcceptanceTests' passed at 2026-10-07 20:21:10.811.
	 Executed 1 test, with 1 test skipped and 0 failures (0 unexpected) in 0.003 (0.003) seconds
Test Suite 'BoundedCapabilityProcessDiagnosticTests' started at 2026-10-07 20:21:10.811.
Test Case '-[RightClickCoreTests.BoundedCapabilityProcessDiagnosticTests testDeniedStartReportsNoLaunchAndProducesNoRealEffect]' started.
Test Case '-[RightClickCoreTests.BoundedCapabilityProcessDiagnosticTests testDeniedStartReportsNoLaunchAndProducesNoRealEffect]' passed (0.002 seconds).
Test Case '-[RightClickCoreTests.BoundedCapabilityProcessDiagnosticTests testDiagnosticSeparatesRealDeadlineExitAndInvalidInputWithoutChangingErrors]' started.
Test Case '-[RightClickCoreTests.BoundedCapabilityProcessDiagnosticTests testDiagnosticSeparatesRealDeadlineExitAndInvalidInputWithoutChangingErrors]' passed (0.393 seconds).
Test Case '-[RightClickCoreTests.BoundedCapabilityProcessDiagnosticTests testTerminalMeasurementsContainNoArgumentsInputOutputOrErrorBytes]' started.
Test Case '-[RightClickCoreTests.BoundedCapabilityProcessDiagnosticTests testTerminalMeasurementsContainNoArgumentsInputOutputOrErrorBytes]' passed (0.304 seconds).
Test Suite 'BoundedCapabilityProcessDiagnosticTests' passed at 2026-10-07 20:21:11.510.
	 Executed 3 tests, with 0 failures (0 unexpected) in 0.699 (0.699) seconds
Test Suite 'BridgeRuntimeTests' started at 2026-10-07 20:21:11.510.
Test Case '-[RightClickCLITests.BridgeRuntimeTests testBundledCandidateTracksStableHomebrewPrefix]' started.
Test Case '-[RightClickCLITests.BridgeRuntimeTests testBundledCandidateTracksStableHomebrewPrefix]' passed (0.001 seconds).
Test Case '-[RightClickCLITests.BridgeRuntimeTests testBundledTunnelClientIsPreferredOverStoredRuntime]' started.
Test Case '-[RightClickCLITests.BridgeRuntimeTests testBundledTunnelClientIsPreferredOverStoredRuntime]' passed (0.004 seconds).
Test Case '-[RightClickCLITests.BridgeRuntimeTests testChildConfigurationKeepsSecretOutOfArguments]' started.
Test Case '-[RightClickCLITests.BridgeRuntimeTests testChildConfigurationKeepsSecretOutOfArguments]' passed (0.001 seconds).
Test Case '-[RightClickCLITests.BridgeRuntimeTests testForwardTerminationStopsRunningChild]' started.
Test Case '-[RightClickCLITests.BridgeRuntimeTests testForwardTerminationStopsRunningChild]' passed (0.064 seconds).
Test Case '-[RightClickCLITests.BridgeRuntimeTests testRuntimeAPIKeyValidation]' started.
Test Case '-[RightClickCLITests.BridgeRuntimeTests testRuntimeAPIKeyValidation]' passed (0.000 seconds).
Test Case '-[RightClickCLITests.BridgeRuntimeTests testTunnelClientResolutionDoesNotAcceptNonExecutableFile]' started.
Test Case '-[RightClickCLITests.BridgeRuntimeTests testTunnelClientResolutionDoesNotAcceptNonExecutableFile]' passed (0.001 seconds).
Test Case '-[RightClickCLITests.BridgeRuntimeTests testTunnelClientResolutionPrefersExplicitOverride]' started.
Test Case '-[RightClickCLITests.BridgeRuntimeTests testTunnelClientResolutionPrefersExplicitOverride]' passed (0.001 seconds).
Test Suite 'BridgeRuntimeTests' passed at 2026-10-07 20:21:11.584.
	 Executed 7 tests, with 0 failures (0 unexpected) in 0.073 (0.074) seconds
Test Suite 'CapabilityABIAdapterTests' started at 2026-10-07 20:21:11.584.
Test Case '-[RightClickCoreTests.CapabilityABIAdapterTests testChangesInAuthorityOrPolicyMetadataChangeFingerprint]' started.
Test Case '-[RightClickCoreTests.CapabilityABIAdapterTests testChangesInAuthorityOrPolicyMetadataChangeFingerprint]' passed (0.001 seconds).
Test Case '-[RightClickCoreTests.CapabilityABIAdapterTests testGenericAdapterPreservesDeclarationsAndDoesNotMutateCapability]' started.
Test Case '-[RightClickCoreTests.CapabilityABIAdapterTests testGenericAdapterPreservesDeclarationsAndDoesNotMutateCapability]' passed (0.001 seconds).
Test Case '-[RightClickCoreTests.CapabilityABIAdapterTests testSHA256MatchesCanonicalBytesAndHasNoSignatureSemantics]' started.
Test Case '-[RightClickCoreTests.CapabilityABIAdapterTests testSHA256MatchesCanonicalBytesAndHasNoSignatureSemantics]' passed (0.001 seconds).
Test Case '-[RightClickCoreTests.CapabilityABIAdapterTests testUnownedCapabilitiesCannotAcquireAnABIIdentity]' started.
Test Case '-[RightClickCoreTests.CapabilityABIAdapterTests testUnownedCapabilitiesCannotAcquireAnABIIdentity]' passed (0.000 seconds).
Test Suite 'CapabilityABIAdapterTests' passed at 2026-10-07 20:21:11.587.
	 Executed 4 tests, with 0 failures (0 unexpected) in 0.002 (0.003) seconds
Test Suite 'CapabilityABIBoundaryTests' started at 2026-10-07 20:21:11.587.
Test Case '-[RightClickCoreTests.CapabilityABIBoundaryTests testDeterministicGeneratedRoundTrips]' started.
Test Case '-[RightClickCoreTests.CapabilityABIBoundaryTests testDeterministicGeneratedRoundTrips]' passed (0.019 seconds).
Test Case '-[RightClickCoreTests.CapabilityABIBoundaryTests testLimitsCannotBeRaisedAboveReviewedCeilings]' started.
Test Case '-[RightClickCoreTests.CapabilityABIBoundaryTests testLimitsCannotBeRaisedAboveReviewedCeilings]' passed (0.000 seconds).
Test Case '-[RightClickCoreTests.CapabilityABIBoundaryTests testNestedCodableWrapperCannotBypassValueValidation]' started.
Test Case '-[RightClickCoreTests.CapabilityABIBoundaryTests testNestedCodableWrapperCannotBypassValueValidation]' passed (0.003 seconds).
Test Case '-[RightClickCoreTests.CapabilityABIBoundaryTests testResultSchemaIsBoundIntoContract]' started.
Test Case '-[RightClickCoreTests.CapabilityABIBoundaryTests testResultSchemaIsBoundIntoContract]' passed (0.000 seconds).
Test Case '-[RightClickCoreTests.CapabilityABIBoundaryTests testSchemaDoesNotAcceptUnicodeEquivalentButDifferentKeyBytes]' started.
Test Case '-[RightClickCoreTests.CapabilityABIBoundaryTests testSchemaDoesNotAcceptUnicodeEquivalentButDifferentKeyBytes]' passed (0.000 seconds).
Test Case '-[RightClickCoreTests.CapabilityABIBoundaryTests testSchemaRequiredKeysMustMatchExactUTF8]' started.
Test Case '-[RightClickCoreTests.CapabilityABIBoundaryTests testSchemaRequiredKeysMustMatchExactUTF8]' passed (0.000 seconds).
Test Case '-[RightClickCoreTests.CapabilityABIBoundaryTests testVeryDeepSchemaAndVeryWideValuesReject]' started.
Test Case '-[RightClickCoreTests.CapabilityABIBoundaryTests testVeryDeepSchemaAndVeryWideValuesReject]' passed (0.002 seconds).
Test Suite 'CapabilityABIBoundaryTests' passed at 2026-10-07 20:21:11.611.
	 Executed 7 tests, with 0 failures (0 unexpected) in 0.024 (0.025) seconds
Test Suite 'CapabilityABITests' started at 2026-10-07 20:21:11.611.
Test Case '-[RightClickCoreTests.CapabilityABITests testAllValueKindsRoundTripWithoutCoercion]' started.
Test Case '-[RightClickCoreTests.CapabilityABITests testAllValueKindsRoundTripWithoutCoercion]' passed (0.002 seconds).
Test Case '-[RightClickCoreTests.CapabilityABITests testArrayOrderAndOriginalUTF8Matter]' started.
Test Case '-[RightClickCoreTests.CapabilityABITests testArrayOrderAndOriginalUTF8Matter]' passed (0.000 seconds).
Test Case '-[RightClickCoreTests.CapabilityABITests testCanonicalByteLimitIncludesHeaderAndFraming]' started.
Test Case '-[RightClickCoreTests.CapabilityABITests testCanonicalByteLimitIncludesHeaderAndFraming]' passed (0.000 seconds).
Test Case '-[RightClickCoreTests.CapabilityABITests testCanonicalGoldenVectors]' started.
Test Case '-[RightClickCoreTests.CapabilityABITests testCanonicalGoldenVectors]' passed (0.000 seconds).
Test Case '-[RightClickCoreTests.CapabilityABITests testClosedObjectSchemaValidatesNestedValues]' started.
Test Case '-[RightClickCoreTests.CapabilityABITests testClosedObjectSchemaValidatesNestedValues]' passed (0.000 seconds).
Test Case '-[RightClickCoreTests.CapabilityABITests testClosedSchemaRejectsUnknownMissingAndWrongTypes]' started.
Test Case '-[RightClickCoreTests.CapabilityABITests testClosedSchemaRejectsUnknownMissingAndWrongTypes]' passed (0.000 seconds).
Test Case '-[RightClickCoreTests.CapabilityABITests testContractAndValueCanonicalDomainsAreDifferent]' started.
Test Case '-[RightClickCoreTests.CapabilityABITests testContractAndValueCanonicalDomainsAreDifferent]' passed (0.000 seconds).
Test Case '-[RightClickCoreTests.CapabilityABITests testContractBindsIdentitySchemaAndDeclaration]' started.
Test Case '-[RightClickCoreTests.CapabilityABITests testContractBindsIdentitySchemaAndDeclaration]' passed (0.000 seconds).
Test Case '-[RightClickCoreTests.CapabilityABITests testDepthLimitIsExact]' started.
Test Case '-[RightClickCoreTests.CapabilityABITests testDepthLimitIsExact]' passed (0.001 seconds).
Test Case '-[RightClickCoreTests.CapabilityABITests testDuplicateObjectKeysRejectedRatherThanOverwritten]' started.
Test Case '-[RightClickCoreTests.CapabilityABITests testDuplicateObjectKeysRejectedRatherThanOverwritten]' passed (0.000 seconds).
Test Case '-[RightClickCoreTests.CapabilityABITests testEnumsAndInvalidSchemaDeclarationsFailClosed]' started.
Test Case '-[RightClickCoreTests.CapabilityABITests testEnumsAndInvalidSchemaDeclarationsFailClosed]' passed (0.000 seconds).
Test Case '-[RightClickCoreTests.CapabilityABITests testInvalidContractIdentityRejected]' started.
Test Case '-[RightClickCoreTests.CapabilityABITests testInvalidContractIdentityRejected]' passed (0.000 seconds).
Test Case '-[RightClickCoreTests.CapabilityABITests testInvalidLimitsFailClosed]' started.
Test Case '-[RightClickCoreTests.CapabilityABITests testInvalidLimitsFailClosed]' passed (0.000 seconds).
Test Case '-[RightClickCoreTests.CapabilityABITests testLargeIntegerWireDoesNotUseFloatingPoint]' started.
Test Case '-[RightClickCoreTests.CapabilityABITests testLargeIntegerWireDoesNotUseFloatingPoint]' passed (0.000 seconds).
Test Case '-[RightClickCoreTests.CapabilityABITests testLegacyAdapterNeverStringifiesRicherValues]' started.
Test Case '-[RightClickCoreTests.CapabilityABITests testLegacyAdapterNeverStringifiesRicherValues]' passed (0.000 seconds).
Test Case '-[RightClickCoreTests.CapabilityABITests testLegacyStringsRoundTripAndNilIsPreserved]' started.
Test Case '-[RightClickCoreTests.CapabilityABITests testLegacyStringsRoundTripAndNilIsPreserved]' passed (0.000 seconds).
Test Case '-[RightClickCoreTests.CapabilityABITests testLengthFramingPreventsConcatenationAmbiguity]' started.
Test Case '-[RightClickCoreTests.CapabilityABITests testLengthFramingPreventsConcatenationAmbiguity]' passed (0.000 seconds).
Test Case '-[RightClickCoreTests.CapabilityABITests testNodeLimitCountsKeysAndValues]' started.
Test Case '-[RightClickCoreTests.CapabilityABITests testNodeLimitCountsKeysAndValues]' passed (0.000 seconds).
Test Case '-[RightClickCoreTests.CapabilityABITests testNonfiniteNumbersRejectedEverywhere]' started.
Test Case '-[RightClickCoreTests.CapabilityABITests testNonfiniteNumbersRejectedEverywhere]' passed (0.000 seconds).
Test Case '-[RightClickCoreTests.CapabilityABITests testNullableAndOptionalAreDifferent]' started.
Test Case '-[RightClickCoreTests.CapabilityABITests testNullableAndOptionalAreDifferent]' passed (0.000 seconds).
Test Case '-[RightClickCoreTests.CapabilityABITests testObjectInsertionOrderDoesNotMatter]' started.
Test Case '-[RightClickCoreTests.CapabilityABITests testObjectInsertionOrderDoesNotMatter]' passed (0.000 seconds).
Test Case '-[RightClickCoreTests.CapabilityABITests testSchemaSetOrderIsCanonical]' started.
Test Case '-[RightClickCoreTests.CapabilityABITests testSchemaSetOrderIsCanonical]' passed (0.000 seconds).
Test Case '-[RightClickCoreTests.CapabilityABITests testStrictWireRejectsUnknownTrailingOrMalformedValues]' started.
Test Case '-[RightClickCoreTests.CapabilityABITests testStrictWireRejectsUnknownTrailingOrMalformedValues]' passed (0.001 seconds).
Test Case '-[RightClickCoreTests.CapabilityABITests testTypesAndSignedZeroHaveDifferentCanonicalBytes]' started.
Test Case '-[RightClickCoreTests.CapabilityABITests testTypesAndSignedZeroHaveDifferentCanonicalBytes]' passed (0.000 seconds).
Test Case '-[RightClickCoreTests.CapabilityABITests testUnknownArgumentSchemaIsNotUnrestricted]' started.
Test Case '-[RightClickCoreTests.CapabilityABITests testUnknownArgumentSchemaIsNotUnrestricted]' passed (0.000 seconds).
Test Case '-[RightClickCoreTests.CapabilityABITests testWireByteLimitIsCheckedBeforeParsing]' started.
Test Case '-[RightClickCoreTests.CapabilityABITests testWireByteLimitIsCheckedBeforeParsing]' passed (0.000 seconds).
Test Suite 'CapabilityABITests' passed at 2026-10-07 20:21:11.623.
	 Executed 26 tests, with 0 failures (0 unexpected) in 0.009 (0.011) seconds
Test Suite 'CapabilityAcquisitionLifecycleTests' started at 2026-10-07 20:21:11.623.
Test Case '-[RightClickCoreTests.CapabilityAcquisitionLifecycleTests testRealProviderWithdrawalAndChangedReappearanceWithUnchangedConfiguration]' started.
Test Case '-[RightClickCoreTests.CapabilityAcquisitionLifecycleTests testRealProviderWithdrawalAndChangedReappearanceWithUnchangedConfiguration]' passed (11.200 seconds).
Test Case '-[RightClickCoreTests.CapabilityAcquisitionLifecycleTests testUnchangedConfigurationDoesNotRetainWithdrawnProviderForever]' started.
Test Case '-[RightClickCoreTests.CapabilityAcquisitionLifecycleTests testUnchangedConfigurationDoesNotRetainWithdrawnProviderForever]' passed (5.107 seconds).
Test Suite 'CapabilityAcquisitionLifecycleTests' passed at 2026-10-07 20:21:27.931.
	 Executed 2 tests, with 0 failures (0 unexpected) in 16.308 (16.308) seconds
Test Suite 'CapabilityArtifactResolverTests' started at 2026-10-07 20:21:27.931.
Test Case '-[RightClickCoreTests.CapabilityArtifactResolverTests testConfiguredSourceCachesResolvedSnapshotWithinRefreshWindow]' started.
Test Case '-[RightClickCoreTests.CapabilityArtifactResolverTests testConfiguredSourceCachesResolvedSnapshotWithinRefreshWindow]' passed (0.001 seconds).
Test Case '-[RightClickCoreTests.CapabilityArtifactResolverTests testConfiguredSourceComposesDifferentSubstratesIntoOneEngine]' started.
Test Case '-[RightClickCoreTests.CapabilityArtifactResolverTests testConfiguredSourceComposesDifferentSubstratesIntoOneEngine]' passed (0.001 seconds).
Test Case '-[RightClickCoreTests.CapabilityArtifactResolverTests testConfiguredSourceDropsAmbiguousDuplicateReflectorIdentity]' started.
Test Case '-[RightClickCoreTests.CapabilityArtifactResolverTests testConfiguredSourceDropsAmbiguousDuplicateReflectorIdentity]' passed (0.000 seconds).
Test Case '-[RightClickCoreTests.CapabilityArtifactResolverTests testDefaultRegistryAdvertisesGenericSubstrates]' started.
Test Case '-[RightClickCoreTests.CapabilityArtifactResolverTests testDefaultRegistryAdvertisesGenericSubstrates]' passed (0.000 seconds).
Test Case '-[RightClickCoreTests.CapabilityArtifactResolverTests testDuplicateConfiguredDescriptorIDsFailClosed]' started.
Test Case '-[RightClickCoreTests.CapabilityArtifactResolverTests testDuplicateConfiguredDescriptorIDsFailClosed]' passed (0.000 seconds).
Test Case '-[RightClickCoreTests.CapabilityArtifactResolverTests testDuplicateResolverKindFailsClosed]' started.
Test Case '-[RightClickCoreTests.CapabilityArtifactResolverTests testDuplicateResolverKindFailsClosed]' passed (0.000 seconds).
Test Case '-[RightClickCoreTests.CapabilityArtifactResolverTests testPlainGRPCIsLoopbackOnly]' started.
Test Case '-[RightClickCoreTests.CapabilityArtifactResolverTests testPlainGRPCIsLoopbackOnly]' passed (0.000 seconds).
Test Case '-[RightClickCoreTests.CapabilityArtifactResolverTests testPlainHTTPIsLoopbackOnly]' started.
Test Case '-[RightClickCoreTests.CapabilityArtifactResolverTests testPlainHTTPIsLoopbackOnly]' passed (0.000 seconds).
Test Case '-[RightClickCoreTests.CapabilityArtifactResolverTests testRegistryAcceptsOpaqueARDURNIdentity]' started.
Test Case '-[RightClickCoreTests.CapabilityArtifactResolverTests testRegistryAcceptsOpaqueARDURNIdentity]' passed (0.000 seconds).
Test Case '-[RightClickCoreTests.CapabilityArtifactResolverTests testRegistryRoutesByNormalizedKind]' started.
Test Case '-[RightClickCoreTests.CapabilityArtifactResolverTests testRegistryRoutesByNormalizedKind]' passed (0.000 seconds).
Test Suite 'CapabilityArtifactResolverTests' passed at 2026-10-07 20:21:27.936.
	 Executed 10 tests, with 0 failures (0 unexpected) in 0.004 (0.005) seconds
Test Suite 'CapabilityExecutableSnapshotPoolTests' started at 2026-10-07 20:21:27.936.
Test Case '-[RightClickCoreTests.CapabilityExecutableSnapshotPoolTests testEntryByteAndAbsoluteRetentionBudgetsDoNotGrowOnReuse]' started.
Test Case '-[RightClickCoreTests.CapabilityExecutableSnapshotPoolTests testEntryByteAndAbsoluteRetentionBudgetsDoNotGrowOnReuse]' passed (0.006 seconds).
Test Case '-[RightClickCoreTests.CapabilityExecutableSnapshotPoolTests testIdleRetentionCleanupReleasesOnlyThePoolReference]' started.
Test Case '-[RightClickCoreTests.CapabilityExecutableSnapshotPoolTests testIdleRetentionCleanupReleasesOnlyThePoolReference]' passed (0.024 seconds).
Test Case '-[RightClickCoreTests.CapabilityExecutableSnapshotPoolTests testNonExecutableSecretReferenceAndPermissionWithdrawalFailClosed]' started.
Test Case '-[RightClickCoreTests.CapabilityExecutableSnapshotPoolTests testNonExecutableSecretReferenceAndPermissionWithdrawalFailClosed]' passed (0.002 seconds).
Test Case '-[RightClickCoreTests.CapabilityExecutableSnapshotPoolTests testPooledExecutableReplacementAtFinalRCIRGateBlocksActualChildEffect]' started.
Test Case '-[RightClickCoreTests.CapabilityExecutableSnapshotPoolTests testPooledExecutableReplacementAtFinalRCIRGateBlocksActualChildEffect]' passed (0.944 seconds).
Test Case '-[RightClickCoreTests.CapabilityExecutableSnapshotPoolTests testReturnRaceRechecksWholeBytesAndDoesNotEvictConcurrentNewIncarnation]' started.
Test Case '-[RightClickCoreTests.CapabilityExecutableSnapshotPoolTests testReturnRaceRechecksWholeBytesAndDoesNotEvictConcurrentNewIncarnation]' passed (0.004 seconds).
Test Case '-[RightClickCoreTests.CapabilityExecutableSnapshotPoolTests testReusesExactPrivateIncarnationWhileReadingCurrentByteIdentity]' started.
Test Case '-[RightClickCoreTests.CapabilityExecutableSnapshotPoolTests testReusesExactPrivateIncarnationWhileReadingCurrentByteIdentity]' passed (0.003 seconds).
Test Case '-[RightClickCoreTests.CapabilityExecutableSnapshotPoolTests testSourceWithdrawalAndRestorationCannotReturnWithdrawnCacheEntry]' started.
Test Case '-[RightClickCoreTests.CapabilityExecutableSnapshotPoolTests testSourceWithdrawalAndRestorationCannotReturnWithdrawnCacheEntry]' passed (0.003 seconds).
Test Suite 'CapabilityExecutableSnapshotPoolTests' passed at 2026-10-07 20:21:28.924.
	 Executed 7 tests, with 0 failures (0 unexpected) in 0.987 (0.988) seconds
Test Suite 'CapabilityExperienceLedgerTests' started at 2026-10-07 20:21:28.924.
Test Case '-[RightClickCoreTests.CapabilityExperienceLedgerTests testAcceptanceRemainsUnverified]' started.
Test Case '-[RightClickCoreTests.CapabilityExperienceLedgerTests testAcceptanceRemainsUnverified]' passed (0.000 seconds).
Test Case '-[RightClickCoreTests.CapabilityExperienceLedgerTests testCapacityEvictsOldestAndPreservesNewest]' started.
Test Case '-[RightClickCoreTests.CapabilityExperienceLedgerTests testCapacityEvictsOldestAndPreservesNewest]' passed (0.001 seconds).
Test Case '-[RightClickCoreTests.CapabilityExperienceLedgerTests testCorruptDataIsRejectedNotSilentlyOverwritten]' started.
Test Case '-[RightClickCoreTests.CapabilityExperienceLedgerTests testCorruptDataIsRejectedNotSilentlyOverwritten]' passed (0.003 seconds).
Test Case '-[RightClickCoreTests.CapabilityExperienceLedgerTests testDuplicateExecutionIsNotDoubleCounted]' started.
Test Case '-[RightClickCoreTests.CapabilityExperienceLedgerTests testDuplicateExecutionIsNotDoubleCounted]' passed (0.000 seconds).
Test Case '-[RightClickCoreTests.CapabilityExperienceLedgerTests testEmptyLedgerHasNoLearnedEvidence]' started.
Test Case '-[RightClickCoreTests.CapabilityExperienceLedgerTests testEmptyLedgerHasNoLearnedEvidence]' passed (0.000 seconds).
Test Case '-[RightClickCoreTests.CapabilityExperienceLedgerTests testExecutionCannotBeReboundToChangedContract]' started.
Test Case '-[RightClickCoreTests.CapabilityExperienceLedgerTests testExecutionCannotBeReboundToChangedContract]' passed (0.000 seconds).
Test Case '-[RightClickCoreTests.CapabilityExperienceLedgerTests testExpiryDoesNotRefreshOnReadOrRepeatedCallback]' started.
Test Case '-[RightClickCoreTests.CapabilityExperienceLedgerTests testExpiryDoesNotRefreshOnReadOrRepeatedCallback]' passed (0.000 seconds).
Test Case '-[RightClickCoreTests.CapabilityExperienceLedgerTests testForgetAllPersists]' started.
Test Case '-[RightClickCoreTests.CapabilityExperienceLedgerTests testForgetAllPersists]' passed (0.004 seconds).
Test Case '-[RightClickCoreTests.CapabilityExperienceLedgerTests testFutureDatedEvidenceIsNotReusedAfterClockRollback]' started.
Test Case '-[RightClickCoreTests.CapabilityExperienceLedgerTests testFutureDatedEvidenceIsNotReusedAfterClockRollback]' passed (0.000 seconds).
Test Case '-[RightClickCoreTests.CapabilityExperienceLedgerTests testHardLinkedFileIsRejected]' started.
Test Case '-[RightClickCoreTests.CapabilityExperienceLedgerTests testHardLinkedFileIsRejected]' passed (0.002 seconds).
Test Case '-[RightClickCoreTests.CapabilityExperienceLedgerTests testHeldProcessLockFailsPromptlyInsteadOfHanging]' started.
Test Case '-[RightClickCoreTests.CapabilityExperienceLedgerTests testHeldProcessLockFailsPromptlyInsteadOfHanging]' passed (0.001 seconds).
Test Case '-[RightClickCoreTests.CapabilityExperienceLedgerTests testInvalidKeysAndBoundsAreRejected]' started.
Test Case '-[RightClickCoreTests.CapabilityExperienceLedgerTests testInvalidKeysAndBoundsAreRejected]' passed (0.000 seconds).
Test Case '-[RightClickCoreTests.CapabilityExperienceLedgerTests testLateAcceptanceDoesNotEraseFailure]' started.
Test Case '-[RightClickCoreTests.CapabilityExperienceLedgerTests testLateAcceptanceDoesNotEraseFailure]' passed (0.000 seconds).
Test Case '-[RightClickCoreTests.CapabilityExperienceLedgerTests testLateAcceptanceDoesNotEraseVerification]' started.
Test Case '-[RightClickCoreTests.CapabilityExperienceLedgerTests testLateAcceptanceDoesNotEraseVerification]' passed (0.000 seconds).
Test Case '-[RightClickCoreTests.CapabilityExperienceLedgerTests testOversizedDataIsRejected]' started.
Test Case '-[RightClickCoreTests.CapabilityExperienceLedgerTests testOversizedDataIsRejected]' passed (0.002 seconds).
Test Case '-[RightClickCoreTests.CapabilityExperienceLedgerTests testPersistedSchemaHasOnlyAllowlistedFields]' started.
Test Case '-[RightClickCoreTests.CapabilityExperienceLedgerTests testPersistedSchemaHasOnlyAllowlistedFields]' passed (0.001 seconds).
Test Case '-[RightClickCoreTests.CapabilityExperienceLedgerTests testPersistenceSurvivesNewInstance]' started.
Test Case '-[RightClickCoreTests.CapabilityExperienceLedgerTests testPersistenceSurvivesNewInstance]' passed (0.002 seconds).
Test Case '-[RightClickCoreTests.CapabilityExperienceLedgerTests testPrivateFilePermissions]' started.
Test Case '-[RightClickCoreTests.CapabilityExperienceLedgerTests testPrivateFilePermissions]' passed (0.002 seconds).
Test Case '-[RightClickCoreTests.CapabilityExperienceLedgerTests testSymlinkDataAndLockFilesAreRejectedWithoutChangingTarget]' started.
Test Case '-[RightClickCoreTests.CapabilityExperienceLedgerTests testSymlinkDataAndLockFilesAreRejectedWithoutChangingTarget]' passed (0.002 seconds).
Test Case '-[RightClickCoreTests.CapabilityExperienceLedgerTests testSymlinkDirectoryIsRejected]' started.
Test Case '-[RightClickCoreTests.CapabilityExperienceLedgerTests testSymlinkDirectoryIsRejected]' passed (0.001 seconds).
Test Case '-[RightClickCoreTests.CapabilityExperienceLedgerTests testTwoInstancesDoNotOverwriteEachOthersEvidence]' started.
Test Case '-[RightClickCoreTests.CapabilityExperienceLedgerTests testTwoInstancesDoNotOverwriteEachOthersEvidence]' passed (0.004 seconds).
Test Case '-[RightClickCoreTests.CapabilityExperienceLedgerTests testUnknownVersionAndDuplicateExecutionIDsAreRejected]' started.
Test Case '-[RightClickCoreTests.CapabilityExperienceLedgerTests testUnknownVersionAndDuplicateExecutionIDsAreRejected]' passed (0.004 seconds).
Test Case '-[RightClickCoreTests.CapabilityExperienceLedgerTests testUnsafeDirectoryPermissionsAreRejected]' started.
Test Case '-[RightClickCoreTests.CapabilityExperienceLedgerTests testUnsafeDirectoryPermissionsAreRejected]' passed (0.001 seconds).
Test Case '-[RightClickCoreTests.CapabilityExperienceLedgerTests testVerificationReplacesAcceptanceRatherThanAddingSuccess]' started.
Test Case '-[RightClickCoreTests.CapabilityExperienceLedgerTests testVerificationReplacesAcceptanceRatherThanAddingSuccess]' passed (0.000 seconds).
Test Suite 'CapabilityExperienceLedgerTests' passed at 2026-10-07 20:21:28.960.
	 Executed 24 tests, with 0 failures (0 unexpected) in 0.033 (0.035) seconds
Test Suite 'CapabilityExperienceTests' started at 2026-10-07 20:21:28.960.
Test Case '-[RightClickCoreTests.CapabilityExperienceTests testContractKeyChangesWithAuthoritySchemaRouteAndPolicy]' started.
Test Case '-[RightClickCoreTests.CapabilityExperienceTests testContractKeyChangesWithAuthoritySchemaRouteAndPolicy]' passed (0.001 seconds).
Test Case '-[RightClickCoreTests.CapabilityExperienceTests testDisabledExperienceDoesNotAddHints]' started.
Test Case '-[RightClickCoreTests.CapabilityExperienceTests testDisabledExperienceDoesNotAddHints]' passed (0.001 seconds).
Test Case '-[RightClickCoreTests.CapabilityExperienceTests testEmptyFailedOrUnevaluatedPredicatesNeverTeachVerifiedSuccess]' started.
Test Case '-[RightClickCoreTests.CapabilityExperienceTests testEmptyFailedOrUnevaluatedPredicatesNeverTeachVerifiedSuccess]' passed (0.001 seconds).
Test Case '-[RightClickCoreTests.CapabilityExperienceTests testGatedAndMismatchedResultsAreNotRecorded]' started.
Test Case '-[RightClickCoreTests.CapabilityExperienceTests testGatedAndMismatchedResultsAreNotRecorded]' passed (0.001 seconds).
Test Case '-[RightClickCoreTests.CapabilityExperienceTests testNamespaceSeparatesExperience]' started.
Test Case '-[RightClickCoreTests.CapabilityExperienceTests testNamespaceSeparatesExperience]' passed (0.000 seconds).
Test Case '-[RightClickCoreTests.CapabilityExperienceTests testNoCapabilitiesAreResurrectedByRecall]' started.
Test Case '-[RightClickCoreTests.CapabilityExperienceTests testNoCapabilitiesAreResurrectedByRecall]' passed (0.000 seconds).
Test Case '-[RightClickCoreTests.CapabilityExperienceTests testOnlyFingerprintsAndOutcomesPersistNotUserData]' started.
Test Case '-[RightClickCoreTests.CapabilityExperienceTests testOnlyFingerprintsAndOutcomesPersistNotUserData]' passed (0.002 seconds).
Test Case '-[RightClickCoreTests.CapabilityExperienceTests testProviderCannotForgeExperienceMetadata]' started.
Test Case '-[RightClickCoreTests.CapabilityExperienceTests testProviderCannotForgeExperienceMetadata]' passed (0.001 seconds).
Test Case '-[RightClickCoreTests.CapabilityExperienceTests testProviderExperienceKeysCannotBlockFreshDispatchOrForgeHints]' started.
Test Case '-[RightClickCoreTests.CapabilityExperienceTests testProviderExperienceKeysCannotBlockFreshDispatchOrForgeHints]' passed (0.001 seconds).
Test Case '-[RightClickCoreTests.CapabilityExperienceTests testRemovalSchemaDriftAndRevokedAuthorityRemainEnforced]' started.
Test Case '-[RightClickCoreTests.CapabilityExperienceTests testRemovalSchemaDriftAndRevokedAuthorityRemainEnforced]' passed (0.001 seconds).
Test Case '-[RightClickCoreTests.CapabilityExperienceTests testRepeatedRunAndBeginRemainUsableWithAdvisoryHistory]' started.
Test Case '-[RightClickCoreTests.CapabilityExperienceTests testRepeatedRunAndBeginRemainUsableWithAdvisoryHistory]' passed (0.004 seconds).
Test Case '-[RightClickCoreTests.CapabilityExperienceTests testRuntimeBeginLearnsVerifiedPredicatesButNextRunIsNotVerifiedByHistory]' started.
Test Case '-[RightClickCoreTests.CapabilityExperienceTests testRuntimeBeginLearnsVerifiedPredicatesButNextRunIsNotVerifiedByHistory]' passed (0.002 seconds).
Test Case '-[RightClickCoreTests.CapabilityExperienceTests testRuntimeRunLearnsAcceptanceWithoutSkippingConfirmation]' started.
Test Case '-[RightClickCoreTests.CapabilityExperienceTests testRuntimeRunLearnsAcceptanceWithoutSkippingConfirmation]' passed (0.001 seconds).
Test Case '-[RightClickCoreTests.CapabilityExperienceTests testRuntimeRunLearnsGenericVerification]' started.
Test Case '-[RightClickCoreTests.CapabilityExperienceTests testRuntimeRunLearnsGenericVerification]' passed (0.001 seconds).
Test Case '-[RightClickCoreTests.CapabilityExperienceTests testVerifiedBooleanAloneNeverTeachesVerifiedSuccess]' started.
Test Case '-[RightClickCoreTests.CapabilityExperienceTests testVerifiedBooleanAloneNeverTeachesVerifiedSuccess]' passed (0.000 seconds).
Test Suite 'CapabilityExperienceTests' passed at 2026-10-07 20:21:28.979.
	 Executed 15 tests, with 0 failures (0 unexpected) in 0.018 (0.020) seconds
Test Suite 'CapabilityIntegerRangeTests' started at 2026-10-07 20:21:28.979.
Test Case '-[RightClickCoreTests.CapabilityIntegerRangeTests testInclusiveNarrowRangeRejectsOverflowAndOtherValueKinds]' started.
Test Case '-[RightClickCoreTests.CapabilityIntegerRangeTests testInclusiveNarrowRangeRejectsOverflowAndOtherValueKinds]' passed (0.001 seconds).
Test Case '-[RightClickCoreTests.CapabilityIntegerRangeTests testRangeIsPartOfCanonicalContractAndExistingIntegerBytesRemainStable]' started.
Test Case '-[RightClickCoreTests.CapabilityIntegerRangeTests testRangeIsPartOfCanonicalContractAndExistingIntegerBytesRemainStable]' passed (0.000 seconds).
Test Suite 'CapabilityIntegerRangeTests' passed at 2026-10-07 20:21:28.981.
	 Executed 2 tests, with 0 failures (0 unexpected) in 0.001 (0.001) seconds
Test Suite 'CapabilityInterfaceTests' started at 2026-10-07 20:21:28.981.
Test Case '-[RightClickCoreTests.CapabilityInterfaceTests testBoundedExecutorAbstainsForOfflineTool]' started.
Test Case '-[RightClickCoreTests.CapabilityInterfaceTests testBoundedExecutorAbstainsForOfflineTool]' passed (0.000 seconds).
Test Case '-[RightClickCoreTests.CapabilityInterfaceTests testBoundedExecutorRejectsInvalidLimitsAndEnforcesMonotonicDeadline]' started.
Test Case '-[RightClickCoreTests.CapabilityInterfaceTests testBoundedExecutorRejectsInvalidLimitsAndEnforcesMonotonicDeadline]' passed (0.138 seconds).
Test Case '-[RightClickCoreTests.CapabilityInterfaceTests testBoundedExecutorUsesBoundedStdinWithoutShellInterpolation]' started.
Test Case '-[RightClickCoreTests.CapabilityInterfaceTests testBoundedExecutorUsesBoundedStdinWithoutShellInterpolation]' passed (0.139 seconds).
Test Case '-[RightClickCoreTests.CapabilityInterfaceTests testCompilerSelectedObserverReachesDefaultSharedHostAndCannotIgnoreCallerConstraint]' started.
Test Case '-[RightClickCoreTests.CapabilityInterfaceTests testCompilerSelectedObserverReachesDefaultSharedHostAndCannotIgnoreCallerConstraint]' passed (0.003 seconds).
Test Case '-[RightClickCoreTests.CapabilityInterfaceTests testDuplicateInterfaceNamesFailClosed]' started.
Test Case '-[RightClickCoreTests.CapabilityInterfaceTests testDuplicateInterfaceNamesFailClosed]' passed (0.000 seconds).
Test Case '-[RightClickCoreTests.CapabilityInterfaceTests testImporterPreservesTypedResultAndDoesNotCoerceLegacyStrings]' started.
Test Case '-[RightClickCoreTests.CapabilityInterfaceTests testImporterPreservesTypedResultAndDoesNotCoerceLegacyStrings]' passed (0.000 seconds).
Test Case '-[RightClickCoreTests.CapabilityInterfaceTests testImporterRejectsUnsupportedConstraintsAndOpenObjects]' started.
Test Case '-[RightClickCoreTests.CapabilityInterfaceTests testImporterRejectsUnsupportedConstraintsAndOpenObjects]' passed (0.000 seconds).
Test Case '-[RightClickCoreTests.CapabilityInterfaceTests testPreflightReturnCannotClaimConsumedLeaseOrSemanticSuccess]' started.
Test Case '-[RightClickCoreTests.CapabilityInterfaceTests testPreflightReturnCannotClaimConsumedLeaseOrSemanticSuccess]' passed (0.003 seconds).
Test Case '-[RightClickCoreTests.CapabilityInterfaceTests testPrivateSnapshotDoesNotFollowSourceReplacementAndWithdrawsStaleIdentity]' started.
Test Case '-[RightClickCoreTests.CapabilityInterfaceTests testPrivateSnapshotDoesNotFollowSourceReplacementAndWithdrawsStaleIdentity]' passed (0.003 seconds).
Test Case '-[RightClickCoreTests.CapabilityInterfaceTests testProtectedReferenceRejectsReadableAndSymlinkedCredentialFiles]' started.
Test Case '-[RightClickCoreTests.CapabilityInterfaceTests testProtectedReferenceRejectsReadableAndSymlinkedCredentialFiles]' passed (0.001 seconds).
Test Case '-[RightClickCoreTests.CapabilityInterfaceTests testRealWASMComponentWhenProvisioned]' started.
/private/tmp/rightclick-adoption-recovered-01a1175f/Tests/RightClickCoreTests/CapabilityInterfaceTests.swift:192: -[RightClickCoreTests.CapabilityInterfaceTests testRealWASMComponentWhenProvisioned] : Test skipped - Real component toolchain not provisioned; no WASM GREEN claimed by this skip.
Test Case '-[RightClickCoreTests.CapabilityInterfaceTests testRealWASMComponentWhenProvisioned]' skipped (0.001 seconds).
Test Case '-[RightClickCoreTests.CapabilityInterfaceTests testSharedHostPreservesAcceptedVersusVerifiedAndExactPolicyDenial]' started.
Test Case '-[RightClickCoreTests.CapabilityInterfaceTests testSharedHostPreservesAcceptedVersusVerifiedAndExactPolicyDenial]' passed (0.005 seconds).
Test Case '-[RightClickCoreTests.CapabilityInterfaceTests testTypedBridgeRejectsOutOfRangeIntegersAndDeepValues]' started.
Test Case '-[RightClickCoreTests.CapabilityInterfaceTests testTypedBridgeRejectsOutOfRangeIntegersAndDeepValues]' passed (0.000 seconds).
Test Case '-[RightClickCoreTests.CapabilityInterfaceTests testWASMSourceReplacementCannotExecuteNewBytesUnderOldCapability]' started.
/private/tmp/rightclick-adoption-recovered-01a1175f/Tests/RightClickCoreTests/CapabilityInterfaceTests.swift:162: -[RightClickCoreTests.CapabilityInterfaceTests testWASMSourceReplacementCannotExecuteNewBytesUnderOldCapability] : Test skipped - Real component not provisioned; no source-race GREEN claimed by this skip.
Test Case '-[RightClickCoreTests.CapabilityInterfaceTests testWASMSourceReplacementCannotExecuteNewBytesUnderOldCapability]' skipped (0.000 seconds).
Test Suite 'CapabilityInterfaceTests' passed at 2026-10-07 20:21:29.278.
	 Executed 14 tests, with 2 tests skipped and 0 failures (0 unexpected) in 0.295 (0.297) seconds
Test Suite 'CapabilityReflectorSourceTests' started at 2026-10-07 20:21:29.278.
Test Case '-[RightClickCoreTests.CapabilityReflectorSourceTests testDynamicSourceStillUsesReflectorOwnershipForExecution]' started.
Test Case '-[RightClickCoreTests.CapabilityReflectorSourceTests testDynamicSourceStillUsesReflectorOwnershipForExecution]' passed (0.001 seconds).
Test Case '-[RightClickCoreTests.CapabilityReflectorSourceTests testDynamicSourceUsesExistingGenericVerifier]' started.
Test Case '-[RightClickCoreTests.CapabilityReflectorSourceTests testDynamicSourceUsesExistingGenericVerifier]' passed (0.001 seconds).
Test Case '-[RightClickCoreTests.CapabilityReflectorSourceTests testSameEngineGainsAndLosesDynamicReflector]' started.
Test Case '-[RightClickCoreTests.CapabilityReflectorSourceTests testSameEngineGainsAndLosesDynamicReflector]' passed (0.001 seconds).
Test Suite 'CapabilityReflectorSourceTests' passed at 2026-10-07 20:21:29.281.
	 Executed 3 tests, with 0 failures (0 unexpected) in 0.003 (0.003) seconds
Test Suite 'CapabilityRuntimeDefaultsTests' started at 2026-10-07 20:21:29.281.
Test Case '-[RightClickCoreTests.CapabilityRuntimeDefaultsTests testDefaultSourceRegistryContainsDynamicProtocolSources]' started.
Test Case '-[RightClickCoreTests.CapabilityRuntimeDefaultsTests testDefaultSourceRegistryContainsDynamicProtocolSources]' passed (0.001 seconds).
Test Case '-[RightClickCoreTests.CapabilityRuntimeDefaultsTests testRuntimeDefaultsConsumeLiveSuppliedSource]' started.
Test Case '-[RightClickCoreTests.CapabilityRuntimeDefaultsTests testRuntimeDefaultsConsumeLiveSuppliedSource]' passed (20.080 seconds).
Test Suite 'CapabilityRuntimeDefaultsTests' passed at 2026-10-07 20:21:49.363.
	 Executed 2 tests, with 0 failures (0 unexpected) in 20.082 (20.082) seconds
Test Suite 'CapabilitySnapshotBoundaryTests' started at 2026-10-07 20:21:49.363.
Test Case '-[RightClickCoreTests.CapabilitySnapshotBoundaryTests testConcurrentObserversShareOneAcquisition]' started.
Test Case '-[RightClickCoreTests.CapabilitySnapshotBoundaryTests testConcurrentObserversShareOneAcquisition]' passed (0.001 seconds).
Test Case '-[RightClickCoreTests.CapabilitySnapshotBoundaryTests testEngineRefreshInvalidatesGenericSourcesWithoutNewOperations]' started.
Test Case '-[RightClickCoreTests.CapabilitySnapshotBoundaryTests testEngineRefreshInvalidatesGenericSourcesWithoutNewOperations]' passed (0.002 seconds).
Test Case '-[RightClickCoreTests.CapabilitySnapshotBoundaryTests testExpiryWithdrawsProviderAndAllowsChangedReappearance]' started.
Test Case '-[RightClickCoreTests.CapabilitySnapshotBoundaryTests testExpiryWithdrawsProviderAndAllowsChangedReappearance]' passed (0.000 seconds).
Test Case '-[RightClickCoreTests.CapabilitySnapshotBoundaryTests testHostCannotRaiseSnapshotLifetimeAboveFiveMinutes]' started.
Test Case '-[RightClickCoreTests.CapabilitySnapshotBoundaryTests testHostCannotRaiseSnapshotLifetimeAboveFiveMinutes]' passed (0.000 seconds).
Test Case '-[RightClickCoreTests.CapabilitySnapshotBoundaryTests testInvalidationCannotBeOverwrittenByAnInFlightAcquisition]' started.
Test Case '-[RightClickCoreTests.CapabilitySnapshotBoundaryTests testInvalidationCannotBeOverwrittenByAnInFlightAcquisition]' passed (0.051 seconds).
Test Case '-[RightClickCoreTests.CapabilitySnapshotBoundaryTests testInvalidTimesAndLifetimesNeverCreateImmortalSnapshots]' started.
Test Case '-[RightClickCoreTests.CapabilitySnapshotBoundaryTests testInvalidTimesAndLifetimesNeverCreateImmortalSnapshots]' passed (0.001 seconds).
Test Case '-[RightClickCoreTests.CapabilitySnapshotBoundaryTests testRegressedClockCannotExtendOldSnapshot]' started.
Test Case '-[RightClickCoreTests.CapabilitySnapshotBoundaryTests testRegressedClockCannotExtendOldSnapshot]' passed (0.000 seconds).
Test Suite 'CapabilitySnapshotBoundaryTests' passed at 2026-10-07 20:21:49.420.
	 Executed 7 tests, with 0 failures (0 unexpected) in 0.055 (0.056) seconds
Test Suite 'CapabilityStringConstraintTests' started at 2026-10-07 20:21:49.420.
Test Case '-[RightClickCoreTests.CapabilityStringConstraintTests testActualChallengeDeclarationAcceptsExactBoundsAndCharacterSet]' started.
Test Case '-[RightClickCoreTests.CapabilityStringConstraintTests testActualChallengeDeclarationAcceptsExactBoundsAndCharacterSet]' passed (0.001 seconds).
Test Case '-[RightClickCoreTests.CapabilityStringConstraintTests testChangingBoundOrCharacterSetChangesContractIdentity]' started.
Test Case '-[RightClickCoreTests.CapabilityStringConstraintTests testChangingBoundOrCharacterSetChangesContractIdentity]' passed (0.002 seconds).
Test Case '-[RightClickCoreTests.CapabilityStringConstraintTests testEquivalentCharacterClassesAndEnumOrderHaveCanonicalIdentity]' started.
Test Case '-[RightClickCoreTests.CapabilityStringConstraintTests testEquivalentCharacterClassesAndEnumOrderHaveCanonicalIdentity]' passed (0.001 seconds).
Test Case '-[RightClickCoreTests.CapabilityStringConstraintTests testLengthUsesUnicodeScalarsRatherThanGraphemesOrBytes]' started.
Test Case '-[RightClickCoreTests.CapabilityStringConstraintTests testLengthUsesUnicodeScalarsRatherThanGraphemesOrBytes]' passed (0.000 seconds).
Test Case '-[RightClickCoreTests.CapabilityStringConstraintTests testMalformedLengthsAndEmptyIntersectionAbstain]' started.
Test Case '-[RightClickCoreTests.CapabilityStringConstraintTests testMalformedLengthsAndEmptyIntersectionAbstain]' passed (0.001 seconds).
Test Case '-[RightClickCoreTests.CapabilityStringConstraintTests testNestedImportKeepsRequiredClosedObjectAndStringConstraint]' started.
Test Case '-[RightClickCoreTests.CapabilityStringConstraintTests testNestedImportKeepsRequiredClosedObjectAndStringConstraint]' passed (0.001 seconds).
Test Case '-[RightClickCoreTests.CapabilityStringConstraintTests testOpenAPIOmitsUnsupportedPatternRatherThanErasingIt]' started.
Test Case '-[RightClickCoreTests.CapabilityStringConstraintTests testOpenAPIOmitsUnsupportedPatternRatherThanErasingIt]' passed (0.001 seconds).
Test Case '-[RightClickCoreTests.CapabilityStringConstraintTests testOpenAPIPreservesActualProviderPatternInDiscoveredContract]' started.
Test Case '-[RightClickCoreTests.CapabilityStringConstraintTests testOpenAPIPreservesActualProviderPatternInDiscoveredContract]' passed (0.002 seconds).
Test Case '-[RightClickCoreTests.CapabilityStringConstraintTests testOpenAPIRejectsInvalidValueBeforeTransport]' started.
Test Case '-[RightClickCoreTests.CapabilityStringConstraintTests testOpenAPIRejectsInvalidValueBeforeTransport]' passed (0.005 seconds).
Test Case '-[RightClickCoreTests.CapabilityStringConstraintTests testPatternLengthAndEnumAreIntersectedWithoutWidening]' started.
Test Case '-[RightClickCoreTests.CapabilityStringConstraintTests testPatternLengthAndEnumAreIntersectedWithoutWidening]' passed (0.001 seconds).
Test Case '-[RightClickCoreTests.CapabilityStringConstraintTests testUnsupportedRegexGrammarAndUnboundedRepetitionAbstain]' started.
Test Case '-[RightClickCoreTests.CapabilityStringConstraintTests testUnsupportedRegexGrammarAndUnboundedRepetitionAbstain]' passed (0.000 seconds).
Test Case '-[RightClickCoreTests.CapabilityStringConstraintTests testZeroAndExactQuantifierRemainExact]' started.
Test Case '-[RightClickCoreTests.CapabilityStringConstraintTests testZeroAndExactQuantifierRemainExact]' passed (0.000 seconds).
Test Suite 'CapabilityStringConstraintTests' passed at 2026-10-07 20:21:49.435.
	 Executed 12 tests, with 0 failures (0 unexpected) in 0.015 (0.016) seconds
Test Suite 'CapabilityTypedCoreBoundaryTests' started at 2026-10-07 20:21:49.435.
Test Case '-[RightClickCoreTests.CapabilityTypedCoreBoundaryTests testAdapterPreservesLiteralStringsAndExactIntegerBits]' started.
Test Case '-[RightClickCoreTests.CapabilityTypedCoreBoundaryTests testAdapterPreservesLiteralStringsAndExactIntegerBits]' passed (0.000 seconds).
Test Case '-[RightClickCoreTests.CapabilityTypedCoreBoundaryTests testAdapterRejectsCoercionUnknownFieldsWrongTagsAndInvalidNumbers]' started.
Test Case '-[RightClickCoreTests.CapabilityTypedCoreBoundaryTests testAdapterRejectsCoercionUnknownFieldsWrongTagsAndInvalidNumbers]' passed (0.000 seconds).
Test Case '-[RightClickCoreTests.CapabilityTypedCoreBoundaryTests testArrayRetainsTypedElementsAndRejectsDepthLimit]' started.
Test Case '-[RightClickCoreTests.CapabilityTypedCoreBoundaryTests testArrayRetainsTypedElementsAndRejectsDepthLimit]' passed (0.000 seconds).
Test Case '-[RightClickCoreTests.CapabilityTypedCoreBoundaryTests testDeclaredBooleanCanReachCommonHostWithExactTaggedCoreValue]' started.
Test Case '-[RightClickCoreTests.CapabilityTypedCoreBoundaryTests testDeclaredBooleanCanReachCommonHostWithExactTaggedCoreValue]' passed (0.003 seconds).
Test Suite 'CapabilityTypedCoreBoundaryTests' passed at 2026-10-07 20:21:49.439.
	 Executed 4 tests, with 0 failures (0 unexpected) in 0.004 (0.004) seconds
Test Suite 'ChatGPTBridgeInstallerTests' started at 2026-10-07 20:21:49.439.
Test Case '-[RightClickCLITests.ChatGPTBridgeInstallerTests testActivationFailsClosedWhenBootstrapFails]' started.
Test Case '-[RightClickCLITests.ChatGPTBridgeInstallerTests testActivationFailsClosedWhenBootstrapFails]' passed (0.004 seconds).
Test Case '-[RightClickCLITests.ChatGPTBridgeInstallerTests testActivationUsesExpectedLaunchctlSequence]' started.
Test Case '-[RightClickCLITests.ChatGPTBridgeInstallerTests testActivationUsesExpectedLaunchctlSequence]' passed (0.003 seconds).
Test Case '-[RightClickCLITests.ChatGPTBridgeInstallerTests testBridgeStatusReportsLoadedService]' started.
Test Case '-[RightClickCLITests.ChatGPTBridgeInstallerTests testBridgeStatusReportsLoadedService]' passed (0.000 seconds).
Test Case '-[RightClickCLITests.ChatGPTBridgeInstallerTests testBridgeStatusReportsStoppedService]' started.
Test Case '-[RightClickCLITests.ChatGPTBridgeInstallerTests testBridgeStatusReportsStoppedService]' passed (0.000 seconds).
Test Case '-[RightClickCLITests.ChatGPTBridgeInstallerTests testDeactivateBootsOutLoadedBridge]' started.
Test Case '-[RightClickCLITests.ChatGPTBridgeInstallerTests testDeactivateBootsOutLoadedBridge]' passed (0.003 seconds).
Test Case '-[RightClickCLITests.ChatGPTBridgeInstallerTests testPrepareRejectsOldTunnelClient]' started.
Test Case '-[RightClickCLITests.ChatGPTBridgeInstallerTests testPrepareRejectsOldTunnelClient]' passed (0.296 seconds).
Test Case '-[RightClickCLITests.ChatGPTBridgeInstallerTests testPrepareRequiresStoredRuntimeKey]' started.
Test Case '-[RightClickCLITests.ChatGPTBridgeInstallerTests testPrepareRequiresStoredRuntimeKey]' passed (0.448 seconds).
Test Case '-[RightClickCLITests.ChatGPTBridgeInstallerTests testPrepareWritesProfileLaunchAgentAndBridgeState]' started.
Test Case '-[RightClickCLITests.ChatGPTBridgeInstallerTests testPrepareWritesProfileLaunchAgentAndBridgeState]' passed (0.900 seconds).
Test Suite 'ChatGPTBridgeInstallerTests' passed at 2026-10-07 20:21:51.095.
	 Executed 8 tests, with 0 failures (0 unexpected) in 1.654 (1.655) seconds
Test Suite 'ChatGPTBridgeTests' started at 2026-10-07 20:21:51.095.
Test Case '-[RightClickCLITests.ChatGPTBridgeTests testBridgeFilesAreDeterministicAndPrivate]' started.
Test Case '-[RightClickCLITests.ChatGPTBridgeTests testBridgeFilesAreDeterministicAndPrivate]' passed (0.005 seconds).
Test Case '-[RightClickCLITests.ChatGPTBridgeTests testBridgeWritingCreatesRuntimeDirectories]' started.
Test Case '-[RightClickCLITests.ChatGPTBridgeTests testBridgeWritingCreatesRuntimeDirectories]' passed (0.002 seconds).
Test Case '-[RightClickCLITests.ChatGPTBridgeTests testInvalidTunnelIDsAreRejected]' started.
Test Case '-[RightClickCLITests.ChatGPTBridgeTests testInvalidTunnelIDsAreRejected]' passed (0.000 seconds).
Test Case '-[RightClickCLITests.ChatGPTBridgeTests testLaunchAgentUsesStableRightClickEntryPoint]' started.
Test Case '-[RightClickCLITests.ChatGPTBridgeTests testLaunchAgentUsesStableRightClickEntryPoint]' passed (0.000 seconds).
Test Case '-[RightClickCLITests.ChatGPTBridgeTests testProfileMatchesOpenAIStdioTunnelShape]' started.
Test Case '-[RightClickCLITests.ChatGPTBridgeTests testProfileMatchesOpenAIStdioTunnelShape]' passed (0.000 seconds).
Test Case '-[RightClickCLITests.ChatGPTBridgeTests testTunnelClientMinimumVersionGate]' started.
Test Case '-[RightClickCLITests.ChatGPTBridgeTests testTunnelClientMinimumVersionGate]' passed (0.000 seconds).
Test Suite 'ChatGPTBridgeTests' passed at 2026-10-07 20:21:51.104.
	 Executed 6 tests, with 0 failures (0 unexpected) in 0.009 (0.010) seconds
Test Suite 'ChatGPTLiveAttestationTests' started at 2026-10-07 20:21:51.104.
Test Case '-[RightClickCLITests.ChatGPTLiveAttestationTests testConflictingRightClickMCPChildFailsClosed]' started.
Test Case '-[RightClickCLITests.ChatGPTLiveAttestationTests testConflictingRightClickMCPChildFailsClosed]' passed (0.001 seconds).
Test Case '-[RightClickCLITests.ChatGPTLiveAttestationTests testExpectedMCPWithAuxiliaryCodexChildPasses]' started.
Test Case '-[RightClickCLITests.ChatGPTLiveAttestationTests testExpectedMCPWithAuxiliaryCodexChildPasses]' passed (0.000 seconds).
Test Case '-[RightClickCLITests.ChatGPTLiveAttestationTests testMissingExpectedRightClickMCPFailsClosed]' started.
Test Case '-[RightClickCLITests.ChatGPTLiveAttestationTests testMissingExpectedRightClickMCPFailsClosed]' passed (0.000 seconds).
Test Case '-[RightClickCLITests.ChatGPTLiveAttestationTests testNonRunningMCPHealthFails]' started.
Test Case '-[RightClickCLITests.ChatGPTLiveAttestationTests testNonRunningMCPHealthFails]' passed (0.003 seconds).
Test Case '-[RightClickCLITests.ChatGPTLiveAttestationTests testNotObservedMCPHealthWithRunningChildPasses]' started.
Test Case '-[RightClickCLITests.ChatGPTLiveAttestationTests testNotObservedMCPHealthWithRunningChildPasses]' passed (0.002 seconds).
Test Case '-[RightClickCLITests.ChatGPTLiveAttestationTests testNotReadyTunnelFailsHealthAttestation]' started.
Test Case '-[RightClickCLITests.ChatGPTLiveAttestationTests testNotReadyTunnelFailsHealthAttestation]' passed (0.002 seconds).
Test Suite 'ChatGPTLiveAttestationTests' passed at 2026-10-07 20:21:51.113.
	 Executed 6 tests, with 0 failures (0 unexpected) in 0.008 (0.008) seconds
Test Suite 'ChatGPTOnboardingTests' started at 2026-10-07 20:21:51.113.
Test Case '-[RightClickCLITests.ChatGPTOnboardingTests testDriftWithoutYesRequiresConsent]' started.
Test Case '-[RightClickCLITests.ChatGPTOnboardingTests testDriftWithoutYesRequiresConsent]' passed (0.325 seconds).
Test Case '-[RightClickCLITests.ChatGPTOnboardingTests testFullyAlignedPlanReportsAligned]' started.
Test Case '-[RightClickCLITests.ChatGPTOnboardingTests testFullyAlignedPlanReportsAligned]' passed (0.329 seconds).
Test Case '-[RightClickCLITests.ChatGPTOnboardingTests testLaunchAgentArgumentsParse]' started.
Test Case '-[RightClickCLITests.ChatGPTOnboardingTests testLaunchAgentArgumentsParse]' passed (0.007 seconds).
Test Case '-[RightClickCLITests.ChatGPTOnboardingTests testLaunchAgentDriftIsDetected]' started.
Test Case '-[RightClickCLITests.ChatGPTOnboardingTests testLaunchAgentDriftIsDetected]' passed (0.456 seconds).
Test Case '-[RightClickCLITests.ChatGPTOnboardingTests testMissingKeyIsReported]' started.
Test Case '-[RightClickCLITests.ChatGPTOnboardingTests testMissingKeyIsReported]' passed (0.007 seconds).
Test Case '-[RightClickCLITests.ChatGPTOnboardingTests testMissingStateRequiresPairing]' started.
Test Case '-[RightClickCLITests.ChatGPTOnboardingTests testMissingStateRequiresPairing]' passed (0.003 seconds).
Test Case '-[RightClickCLITests.ChatGPTOnboardingTests testNonDryRunDoesNotModifyAnything]' started.
Test Case '-[RightClickCLITests.ChatGPTOnboardingTests testNonDryRunDoesNotModifyAnything]' passed (1.412 seconds).
Test Case '-[RightClickCLITests.ChatGPTOnboardingTests testOptionsAcceptPreview]' started.
Test Case '-[RightClickCLITests.ChatGPTOnboardingTests testOptionsAcceptPreview]' passed (0.000 seconds).
Test Case '-[RightClickCLITests.ChatGPTOnboardingTests testProfileCommandParsesGeneratedProfile]' started.
Test Case '-[RightClickCLITests.ChatGPTOnboardingTests testProfileCommandParsesGeneratedProfile]' passed (0.004 seconds).
Test Case '-[RightClickCLITests.ChatGPTOnboardingTests testProfileDriftIsDetected]' started.
Test Case '-[RightClickCLITests.ChatGPTOnboardingTests testProfileDriftIsDetected]' passed (0.261 seconds).
Test Case '-[RightClickCLITests.ChatGPTOnboardingTests testStoppedBridgeIsNotAligned]' started.
Test Case '-[RightClickCLITests.ChatGPTOnboardingTests testStoppedBridgeIsNotAligned]' passed (0.768 seconds).
Test Case '-[RightClickCLITests.ChatGPTOnboardingTests testUnknownOptionFails]' started.
Test Case '-[RightClickCLITests.ChatGPTOnboardingTests testUnknownOptionFails]' passed (0.001 seconds).
Test Suite 'ChatGPTOnboardingTests' passed at 2026-10-07 20:21:54.689.
	 Executed 12 tests, with 0 failures (0 unexpected) in 3.574 (3.576) seconds
Test Suite 'ChatGPTOnboardingTransactionTests' started at 2026-10-07 20:21:54.689.
Test Case '-[RightClickCLITests.ChatGPTOnboardingTransactionTests testActivationFailureRestoresExactOwnedFiles]' started.
Test Case '-[RightClickCLITests.ChatGPTOnboardingTransactionTests testActivationFailureRestoresExactOwnedFiles]' passed (0.343 seconds).
Test Case '-[RightClickCLITests.ChatGPTOnboardingTransactionTests testAttestationFailureRestoresExactOwnedFiles]' started.
Test Case '-[RightClickCLITests.ChatGPTOnboardingTransactionTests testAttestationFailureRestoresExactOwnedFiles]' passed (5.252 seconds).
Test Case '-[RightClickCLITests.ChatGPTOnboardingTransactionTests testSuccessfulMigrationUpdatesAllOwnedFiles]' started.
Test Case '-[RightClickCLITests.ChatGPTOnboardingTransactionTests testSuccessfulMigrationUpdatesAllOwnedFiles]' passed (0.470 seconds).
Test Suite 'ChatGPTOnboardingTransactionTests' passed at 2026-10-07 20:22:00.755.
	 Executed 3 tests, with 0 failures (0 unexpected) in 6.065 (6.066) seconds
Test Suite 'ClaudeConfigDirTruthTests' started at 2026-10-07 20:22:00.755.
Test Case '-[RightClickCLITests.ClaudeConfigDirTruthTests testClaudeConfigurationSurfaceHonorsClaudeConfigDirOverride]' started.
Test Case '-[RightClickCLITests.ClaudeConfigDirTruthTests testClaudeConfigurationSurfaceHonorsClaudeConfigDirOverride]' passed (0.001 seconds).
Test Suite 'ClaudeConfigDirTruthTests' passed at 2026-10-07 20:22:00.756.
	 Executed 1 test, with 0 failures (0 unexpected) in 0.001 (0.001) seconds
Test Suite 'ClaudeOnboardingRedTests' started at 2026-10-07 20:22:00.756.
Test Case '-[RightClickCLITests.ClaudeOnboardingRedTests testClaudeConflictingRegistrationFailsClosed]' started.
Test Case '-[RightClickCLITests.ClaudeOnboardingRedTests testClaudeConflictingRegistrationFailsClosed]' passed (0.369 seconds).
Test Case '-[RightClickCLITests.ClaudeOnboardingRedTests testClaudeDisconnectRefusesConflictingRegistration]' started.
Test Case '-[RightClickCLITests.ClaudeOnboardingRedTests testClaudeDisconnectRefusesConflictingRegistration]' passed (0.388 seconds).
Test Case '-[RightClickCLITests.ClaudeOnboardingRedTests testClaudeDisconnectUsesNativeUserScopeRemove]' started.
Test Case '-[RightClickCLITests.ClaudeOnboardingRedTests testClaudeDisconnectUsesNativeUserScopeRemove]' passed (0.484 seconds).
Test Case '-[RightClickCLITests.ClaudeOnboardingRedTests testClaudeDryRunUsesNativeInspectionAndNeverMutates]' started.
Test Case '-[RightClickCLITests.ClaudeOnboardingRedTests testClaudeDryRunUsesNativeInspectionAndNeverMutates]' passed (0.389 seconds).
Test Case '-[RightClickCLITests.ClaudeOnboardingRedTests testClaudeExactExistingRegistrationIsIdempotent]' started.
Test Case '-[RightClickCLITests.ClaudeOnboardingRedTests testClaudeExactExistingRegistrationIsIdempotent]' passed (0.462 seconds).
Test Case '-[RightClickCLITests.ClaudeOnboardingRedTests testClaudeNonInteractiveRequiresConsentWithoutNativeMutation]' started.
Test Case '-[RightClickCLITests.ClaudeOnboardingRedTests testClaudeNonInteractiveRequiresConsentWithoutNativeMutation]' passed (0.378 seconds).
Test Case '-[RightClickCLITests.ClaudeOnboardingRedTests testClaudeYesUsesFrozenNativeUserScopeBackendAndVerifiesConnection]' started.
Test Case '-[RightClickCLITests.ClaudeOnboardingRedTests testClaudeYesUsesFrozenNativeUserScopeBackendAndVerifiesConnection]' passed (0.717 seconds).
Test Case '-[RightClickCLITests.ClaudeOnboardingRedTests testOptionsAcceptClaudeAsSecondClient]' started.
Test Case '-[RightClickCLITests.ClaudeOnboardingRedTests testOptionsAcceptClaudeAsSecondClient]' passed (0.000 seconds).
Test Suite 'ClaudeOnboardingRedTests' passed at 2026-10-07 20:22:03.944.
	 Executed 8 tests, with 0 failures (0 unexpected) in 3.187 (3.188) seconds
Test Suite 'ClientRegistryRedTests' started at 2026-10-07 20:22:03.944.
Test Case '-[RightClickCLITests.ClientRegistryRedTests testAdaptersOwnClientSpecificPresentationInsteadOfLocalRouter]' started.
Test Case '-[RightClickCLITests.ClientRegistryRedTests testAdaptersOwnClientSpecificPresentationInsteadOfLocalRouter]' passed (0.004 seconds).
Test Case '-[RightClickCLITests.ClientRegistryRedTests testAllCurrentlySupportedExplicitClientIDsRemainAccepted]' started.
Test Case '-[RightClickCLITests.ClientRegistryRedTests testAllCurrentlySupportedExplicitClientIDsRemainAccepted]' passed (0.000 seconds).
Test Case '-[RightClickCLITests.ClientRegistryRedTests testLocalOnboardingDelegatesClientCatalogAndRoutingToRegistry]' started.
Test Case '-[RightClickCLITests.ClientRegistryRedTests testLocalOnboardingDelegatesClientCatalogAndRoutingToRegistry]' passed (0.011 seconds).
Test Case '-[RightClickCLITests.ClientRegistryRedTests testRegistrySourceOwnsExistingAdaptersInStableOrder]' started.
Test Case '-[RightClickCLITests.ClientRegistryRedTests testRegistrySourceOwnsExistingAdaptersInStableOrder]' passed (0.001 seconds).
Test Case '-[RightClickCLITests.ClientRegistryRedTests testUnknownClientStillFailsClosed]' started.
Test Case '-[RightClickCLITests.ClientRegistryRedTests testUnknownClientStillFailsClosed]' passed (0.000 seconds).
Test Suite 'ClientRegistryRedTests' passed at 2026-10-07 20:22:03.962.
	 Executed 5 tests, with 0 failures (0 unexpected) in 0.017 (0.017) seconds
Test Suite 'CodexOnboardingRedTests' started at 2026-10-07 20:22:03.962.
Test Case '-[RightClickCLITests.CodexOnboardingRedTests testCodexConflictingCommandFailsClosedBeforeNativeAdd]' started.
Test Case '-[RightClickCLITests.CodexOnboardingRedTests testCodexConflictingCommandFailsClosedBeforeNativeAdd]' passed (0.403 seconds).
Test Case '-[RightClickCLITests.CodexOnboardingRedTests testCodexDisconnectRefusesConflictingRegistration]' started.
Test Case '-[RightClickCLITests.CodexOnboardingRedTests testCodexDisconnectRefusesConflictingRegistration]' passed (0.375 seconds).
Test Case '-[RightClickCLITests.CodexOnboardingRedTests testCodexDisconnectUsesNativeGlobalRemove]' started.
Test Case '-[RightClickCLITests.CodexOnboardingRedTests testCodexDisconnectUsesNativeGlobalRemove]' passed (0.497 seconds).
Test Case '-[RightClickCLITests.CodexOnboardingRedTests testCodexDryRunUsesNativeInspectionAndNeverMutates]' started.
Test Case '-[RightClickCLITests.CodexOnboardingRedTests testCodexDryRunUsesNativeInspectionAndNeverMutates]' passed (0.398 seconds).
Test Case '-[RightClickCLITests.CodexOnboardingRedTests testCodexExactExistingRegistrationIsIdempotent]' started.
Test Case '-[RightClickCLITests.CodexOnboardingRedTests testCodexExactExistingRegistrationIsIdempotent]' passed (0.463 seconds).
Test Case '-[RightClickCLITests.CodexOnboardingRedTests testCodexNonInteractiveRequiresConsentWithoutMutation]' started.
Test Case '-[RightClickCLITests.CodexOnboardingRedTests testCodexNonInteractiveRequiresConsentWithoutMutation]' passed (0.387 seconds).
Test Case '-[RightClickCLITests.CodexOnboardingRedTests testCodexSameCommandDifferentArgsAlsoFailsClosed]' started.
Test Case '-[RightClickCLITests.CodexOnboardingRedTests testCodexSameCommandDifferentArgsAlsoFailsClosed]' passed (0.393 seconds).
Test Case '-[RightClickCLITests.CodexOnboardingRedTests testCodexYesUsesNativeGlobalBackendWithoutFalseConnectionClaim]' started.
Test Case '-[RightClickCLITests.CodexOnboardingRedTests testCodexYesUsesNativeGlobalBackendWithoutFalseConnectionClaim]' passed (0.541 seconds).
Test Case '-[RightClickCLITests.CodexOnboardingRedTests testOptionsAcceptCodexAsThirdClient]' started.
Test Case '-[RightClickCLITests.CodexOnboardingRedTests testOptionsAcceptCodexAsThirdClient]' passed (0.000 seconds).
Test Suite 'CodexOnboardingRedTests' passed at 2026-10-07 20:22:07.421.
	 Executed 9 tests, with 0 failures (0 unexpected) in 3.458 (3.459) seconds
Test Suite 'ConfiguredOpenAPISourceTests' started at 2026-10-07 20:22:07.421.
Test Case '-[RightClickCoreTests.ConfiguredOpenAPISourceTests testCredentialLikeUnknownFieldFailsClosed]' started.
Test Case '-[RightClickCoreTests.ConfiguredOpenAPISourceTests testCredentialLikeUnknownFieldFailsClosed]' passed (0.002 seconds).
Test Case '-[RightClickCoreTests.ConfiguredOpenAPISourceTests testDuplicateProviderIDsFailClosed]' started.
Test Case '-[RightClickCoreTests.ConfiguredOpenAPISourceTests testDuplicateProviderIDsFailClosed]' passed (0.000 seconds).
Test Case '-[RightClickCoreTests.ConfiguredOpenAPISourceTests testLongLivedEngineObservesConfiguredAddReplaceAndRemove]' started.
Test Case '-[RightClickCoreTests.ConfiguredOpenAPISourceTests testLongLivedEngineObservesConfiguredAddReplaceAndRemove]' passed (0.006 seconds).
Test Case '-[RightClickCoreTests.ConfiguredOpenAPISourceTests testMalformedConfigurationRemovesPreviouslyVisibleReflector]' started.
Test Case '-[RightClickCoreTests.ConfiguredOpenAPISourceTests testMalformedConfigurationRemovesPreviouslyVisibleReflector]' passed (0.003 seconds).
Test Case '-[RightClickCoreTests.ConfiguredOpenAPISourceTests testRegistryRejectsNonHTTPSAndCredentialBearingURLs]' started.
Test Case '-[RightClickCoreTests.ConfiguredOpenAPISourceTests testRegistryRejectsNonHTTPSAndCredentialBearingURLs]' passed (0.001 seconds).
Test Case '-[RightClickCoreTests.ConfiguredOpenAPISourceTests testRegistryWriteIsDeterministicAndPrivate]' started.
Test Case '-[RightClickCoreTests.ConfiguredOpenAPISourceTests testRegistryWriteIsDeterministicAndPrivate]' passed (0.003 seconds).
Test Case '-[RightClickCoreTests.ConfiguredOpenAPISourceTests testUnchangedConfigurationDoesNotRefetchSpecification]' started.
Test Case '-[RightClickCoreTests.ConfiguredOpenAPISourceTests testUnchangedConfigurationDoesNotRefetchSpecification]' passed (0.003 seconds).
Test Suite 'ConfiguredOpenAPISourceTests' passed at 2026-10-07 20:22:07.439.
	 Executed 7 tests, with 0 failures (0 unexpected) in 0.017 (0.018) seconds
Test Suite 'ConnectTests' started at 2026-10-07 20:22:07.439.
Test Case '-[RightClickCLITests.ConnectTests testCompilationFailureIsSanitizedAndPreservesRegistry]' started.
Test Case '-[RightClickCLITests.ConnectTests testCompilationFailureIsSanitizedAndPreservesRegistry]' passed (0.002 seconds).
Test Case '-[RightClickCLITests.ConnectTests testCredentialURLsRejectedBeforeAcquisitionAndNeverEchoed]' started.
Test Case '-[RightClickCLITests.ConnectTests testCredentialURLsRejectedBeforeAcquisitionAndNeverEchoed]' passed (0.002 seconds).
Test Case '-[RightClickCLITests.ConnectTests testCrossOriginServerAndManifestLinksDoNotRegisterOrFetchEscapedTarget]' started.
Test Case '-[RightClickCLITests.ConnectTests testCrossOriginServerAndManifestLinksDoNotRegisterOrFetchEscapedTarget]' passed (0.004 seconds).
Test Case '-[RightClickCLITests.ConnectTests testDirectOpenAPICompilesRealDeclarationBeforeDurableRegistration]' started.
Test Case '-[RightClickCLITests.ConnectTests testDirectOpenAPICompilesRealDeclarationBeforeDurableRegistration]' passed (0.004 seconds).
Test Case '-[RightClickCLITests.ConnectTests testDuplicateAndEscapedManifestMembersRejectBeforeLinkedAcquisitionOrPersistence]' started.
Test Case '-[RightClickCLITests.ConnectTests testDuplicateAndEscapedManifestMembersRejectBeforeLinkedAcquisitionOrPersistence]' passed (0.014 seconds).
Test Case '-[RightClickCLITests.ConnectTests testDuplicateOpenAPIMembersRejectDirectAndLinkedDeclarationsWithoutPersistence]' started.
Test Case '-[RightClickCLITests.ConnectTests testDuplicateOpenAPIMembersRejectDirectAndLinkedDeclarationsWithoutPersistence]' passed (0.003 seconds).
Test Case '-[RightClickCLITests.ConnectTests testExplicitGRPCUsesGenericReflectionAndRejectsRemotePlaintext]' started.
Test Case '-[RightClickCLITests.ConnectTests testExplicitGRPCUsesGenericReflectionAndRejectsRemotePlaintext]' passed (0.002 seconds).
Test Case '-[RightClickCLITests.ConnectTests testGraphQLAndMCPUseGenericLiveResolverWithoutGETOrSecrets]' started.
Test Case '-[RightClickCLITests.ConnectTests testGraphQLAndMCPUseGenericLiveResolverWithoutGETOrSecrets]' passed (0.005 seconds).
Test Case '-[RightClickCLITests.ConnectTests testOriginFallbackOnlyAfterAbsentManifest]' started.
Test Case '-[RightClickCLITests.ConnectTests testOriginFallbackOnlyAfterAbsentManifest]' passed (0.003 seconds).
Test Case '-[RightClickCLITests.ConnectTests testOriginFindsSingleStandardManifestLink]' started.
Test Case '-[RightClickCLITests.ConnectTests testOriginFindsSingleStandardManifestLink]' passed (0.002 seconds).
Test Case '-[RightClickCLITests.ConnectTests testRealMCPTransportConnectsDurablyAndIsDiscoverableInNewSource]' started.
Test Case '-[RightClickCLITests.ConnectTests testRealMCPTransportConnectsDurablyAndIsDiscoverableInNewSource]' passed (0.203 seconds).
Test Case '-[RightClickCLITests.ConnectTests testRedirectOversizeAndHTTPFailuresLeaveExistingRegistryIntact]' started.
Test Case '-[RightClickCLITests.ConnectTests testRedirectOversizeAndHTTPFailuresLeaveExistingRegistryIntact]' passed (0.004 seconds).
Test Case '-[RightClickCLITests.ConnectTests testUnknownFlagsDuplicateFlagsAndUnsupportedStandardsFailBeforeAcquisition]' started.
Test Case '-[RightClickCLITests.ConnectTests testUnknownFlagsDuplicateFlagsAndUnsupportedStandardsFailBeforeAcquisition]' passed (0.002 seconds).
Test Suite 'ConnectTests' passed at 2026-10-07 20:22:07.692.
	 Executed 13 tests, with 0 failures (0 unexpected) in 0.251 (0.252) seconds
Test Suite 'ConnectedGraphQLTransportTests' started at 2026-10-07 20:22:07.692.
Test Case '-[RightClickCoreTests.ConnectedGraphQLTransportTests testConnectedGraphQLIntrospectionAndInvocationExcludeAmbientAuthorityAndRejectDeclaredOversizeEarly]' started.
Test Case '-[RightClickCoreTests.ConnectedGraphQLTransportTests testConnectedGraphQLIntrospectionAndInvocationExcludeAmbientAuthorityAndRejectDeclaredOversizeEarly]' passed (0.185 seconds).
Test Suite 'ConnectedGraphQLTransportTests' passed at 2026-10-07 20:22:07.877.
	 Executed 1 test, with 0 failures (0 unexpected) in 0.185 (0.185) seconds
Test Suite 'ConnectedProviderStoreTests' started at 2026-10-07 20:22:07.877.
Test Case '-[RightClickCoreTests.ConnectedProviderStoreTests testAmbiguousExistingRegistryIsPreservedAndWithdrawsLiveSource]' started.
Test Case '-[RightClickCoreTests.ConnectedProviderStoreTests testAmbiguousExistingRegistryIsPreservedAndWithdrawsLiveSource]' passed (0.004 seconds).
Test Case '-[RightClickCoreTests.ConnectedProviderStoreTests testConcurrentTransactionFailsWithoutPartialPublication]' started.
Test Case '-[RightClickCoreTests.ConnectedProviderStoreTests testConcurrentTransactionFailsWithoutPartialPublication]' passed (0.003 seconds).
Test Case '-[RightClickCoreTests.ConnectedProviderStoreTests testDefaultHomeKeepsCanonicalOperatorPathAndExplicitAliasStillFailsClosed]' started.
Test Case '-[RightClickCoreTests.ConnectedProviderStoreTests testDefaultHomeKeepsCanonicalOperatorPathAndExplicitAliasStillFailsClosed]' passed (0.004 seconds).
Test Case '-[RightClickCoreTests.ConnectedProviderStoreTests testExistingMalformedRegistryIsNeverOverwritten]' started.
Test Case '-[RightClickCoreTests.ConnectedProviderStoreTests testExistingMalformedRegistryIsNeverOverwritten]' passed (0.002 seconds).
Test Case '-[RightClickCoreTests.ConnectedProviderStoreTests testLinkedDirectoryAndPublicFileRefused]' started.
Test Case '-[RightClickCoreTests.ConnectedProviderStoreTests testLinkedDirectoryAndPublicFileRefused]' passed (0.002 seconds).
Test Case '-[RightClickCoreTests.ConnectedProviderStoreTests testProtectedRoundTripAndRemoval]' started.
Test Case '-[RightClickCoreTests.ConnectedProviderStoreTests testProtectedRoundTripAndRemoval]' passed (0.006 seconds).
Test Case '-[RightClickCoreTests.ConnectedProviderStoreTests testRawDuplicateAndEscapedEquivalentObjectMembersAreRejected]' started.
Test Case '-[RightClickCoreTests.ConnectedProviderStoreTests testRawDuplicateAndEscapedEquivalentObjectMembersAreRejected]' passed (0.000 seconds).
Test Case '-[RightClickCoreTests.ConnectedProviderStoreTests testSourceReloadsAdditionsAndWithdrawsRemovalAndMalformedConfiguration]' started.
Test Case '-[RightClickCoreTests.ConnectedProviderStoreTests testSourceReloadsAdditionsAndWithdrawsRemovalAndMalformedConfiguration]' passed (0.006 seconds).
Test Case '-[RightClickCoreTests.ConnectedProviderStoreTests testStrictNumericVersionAcceptsOneAndRejectsBoolean]' started.
Test Case '-[RightClickCoreTests.ConnectedProviderStoreTests testStrictNumericVersionAcceptsOneAndRejectsBoolean]' passed (0.000 seconds).
Test Case '-[RightClickCoreTests.ConnectedProviderStoreTests testSymlinkAndHardlinkRegistryRefusedWithoutChangingTarget]' started.
Test Case '-[RightClickCoreTests.ConnectedProviderStoreTests testSymlinkAndHardlinkRegistryRefusedWithoutChangingTarget]' passed (0.003 seconds).
Test Case '-[RightClickCoreTests.ConnectedProviderStoreTests testUnknownCredentialInlineAndExecutableFieldsRejected]' started.
Test Case '-[RightClickCoreTests.ConnectedProviderStoreTests testUnknownCredentialInlineAndExecutableFieldsRejected]' passed (0.001 seconds).
Test Suite 'ConnectedProviderStoreTests' passed at 2026-10-07 20:22:07.910.
	 Executed 11 tests, with 0 failures (0 unexpected) in 0.032 (0.033) seconds
Test Suite 'DBusRuntimeTests' started at 2026-10-07 20:22:07.910.
Test Case '-[RightClickCoreTests.DBusRuntimeTests testBusRestartCannotReuseAnOldUniqueOwnerAndDeclaration]' started.
Test Case '-[RightClickCoreTests.DBusRuntimeTests testBusRestartCannotReuseAnOldUniqueOwnerAndDeclaration]' passed (0.004 seconds).
Test Case '-[RightClickCoreTests.DBusRuntimeTests testNativeIntrospectionPreservesBooleanArrayOrderAndUnit]' started.
Test Case '-[RightClickCoreTests.DBusRuntimeTests testNativeIntrospectionPreservesBooleanArrayOrderAndUnit]' passed (0.001 seconds).
Test Case '-[RightClickCoreTests.DBusRuntimeTests testNativeUnitCompletionIsAcceptedAndNeverInventsJSONNullOutput]' started.
Test Case '-[RightClickCoreTests.DBusRuntimeTests testNativeUnitCompletionIsAcceptedAndNeverInventsJSONNullOutput]' passed (0.004 seconds).
Test Case '-[RightClickCoreTests.DBusRuntimeTests testTrustedMarkerIsHiddenAndReplacedOnlyByAdmittedTaskIdentity]' started.
Test Case '-[RightClickCoreTests.DBusRuntimeTests testTrustedMarkerIsHiddenAndReplacedOnlyByAdmittedTaskIdentity]' passed (0.004 seconds).
Test Case '-[RightClickCoreTests.DBusRuntimeTests testUnknownNativeTypesAndNoReplyAnnotationsAbstain]' started.
Test Case '-[RightClickCoreTests.DBusRuntimeTests testUnknownNativeTypesAndNoReplyAnnotationsAbstain]' passed (0.000 seconds).
Test Case '-[RightClickCoreTests.DBusRuntimeTests testWithdrawalReplacementAndChangedTypedMetadataInvalidateOldReflector]' started.
Test Case '-[RightClickCoreTests.DBusRuntimeTests testWithdrawalReplacementAndChangedTypedMetadataInvalidateOldReflector]' passed (0.001 seconds).
Test Case '-[RightClickCoreTests.DBusRuntimeTests testXMLRejectsEntitiesMalformedNamesDuplicateMethodsAndDeepTrees]' started.
Test Case '-[RightClickCoreTests.DBusRuntimeTests testXMLRejectsEntitiesMalformedNamesDuplicateMethodsAndDeepTrees]' passed (0.001 seconds).
Test Suite 'DBusRuntimeTests' passed at 2026-10-07 20:22:07.926.
	 Executed 7 tests, with 0 failures (0 unexpected) in 0.015 (0.016) seconds
Test Suite 'DispatchContractBindingTests' started at 2026-10-07 20:22:07.926.
Test Case '-[RightClickCoreTests.DispatchContractBindingTests testChangedAuthorityOriginIsNotDispatched]' started.
Test Case '-[RightClickCoreTests.DispatchContractBindingTests testChangedAuthorityOriginIsNotDispatched]' passed (0.001 seconds).
Test Case '-[RightClickCoreTests.DispatchContractBindingTests testChangedEndpointIsNotDispatched]' started.
Test Case '-[RightClickCoreTests.DispatchContractBindingTests testChangedEndpointIsNotDispatched]' passed (0.001 seconds).
Test Case '-[RightClickCoreTests.DispatchContractBindingTests testChangedInvocationOrProviderIsNotDispatched]' started.
Test Case '-[RightClickCoreTests.DispatchContractBindingTests testChangedInvocationOrProviderIsNotDispatched]' passed (0.001 seconds).
Test Case '-[RightClickCoreTests.DispatchContractBindingTests testChangedSchemaOrMethodIsNotDispatched]' started.
Test Case '-[RightClickCoreTests.DispatchContractBindingTests testChangedSchemaOrMethodIsNotDispatched]' passed (0.002 seconds).
Test Case '-[RightClickCoreTests.DispatchContractBindingTests testConfirmationStillStopsBeforeRevalidationOrDispatch]' started.
Test Case '-[RightClickCoreTests.DispatchContractBindingTests testConfirmationStillStopsBeforeRevalidationOrDispatch]' passed (0.001 seconds).
Test Case '-[RightClickCoreTests.DispatchContractBindingTests testConflictingDuplicateCannotHideBehindFirstMatch]' started.
Test Case '-[RightClickCoreTests.DispatchContractBindingTests testConflictingDuplicateCannotHideBehindFirstMatch]' passed (0.001 seconds).
Test Case '-[RightClickCoreTests.DispatchContractBindingTests testDelegatedVerificationCannotBypassBinding]' started.
Test Case '-[RightClickCoreTests.DispatchContractBindingTests testDelegatedVerificationCannotBypassBinding]' passed (0.002 seconds).
Test Case '-[RightClickCoreTests.DispatchContractBindingTests testDistinctUnicodeAuthorityBytesAreNotConflated]' started.
Test Case '-[RightClickCoreTests.DispatchContractBindingTests testDistinctUnicodeAuthorityBytesAreNotConflated]' passed (0.001 seconds).
Test Case '-[RightClickCoreTests.DispatchContractBindingTests testEngineAssignedOwnershipStillWinsOverProviderMetadata]' started.
Test Case '-[RightClickCoreTests.DispatchContractBindingTests testEngineAssignedOwnershipStillWinsOverProviderMetadata]' passed (0.001 seconds).
Test Case '-[RightClickCoreTests.DispatchContractBindingTests testEquivalentRecreatedReflectorRemainsUsable]' started.
Test Case '-[RightClickCoreTests.DispatchContractBindingTests testEquivalentRecreatedReflectorRemainsUsable]' passed (0.001 seconds).
Test Case '-[RightClickCoreTests.DispatchContractBindingTests testFailedRevalidationIsNotDispatched]' started.
Test Case '-[RightClickCoreTests.DispatchContractBindingTests testFailedRevalidationIsNotDispatched]' passed (0.001 seconds).
Test Case '-[RightClickCoreTests.DispatchContractBindingTests testIdenticalDuplicateDoesNotBreakExistingProviders]' started.
Test Case '-[RightClickCoreTests.DispatchContractBindingTests testIdenticalDuplicateDoesNotBreakExistingProviders]' passed (0.002 seconds).
Test Case '-[RightClickCoreTests.DispatchContractBindingTests testMetadataKeyOrderDoesNotInvalidateContract]' started.
Test Case '-[RightClickCoreTests.DispatchContractBindingTests testMetadataKeyOrderDoesNotInvalidateContract]' passed (0.001 seconds).
Test Case '-[RightClickCoreTests.DispatchContractBindingTests testSafetyEscalationCannotInheritUnconfirmedRead]' started.
Test Case '-[RightClickCoreTests.DispatchContractBindingTests testSafetyEscalationCannotInheritUnconfirmedRead]' passed (0.001 seconds).
Test Case '-[RightClickCoreTests.DispatchContractBindingTests testWithdrawnCapabilityIsNotDispatched]' started.
Test Case '-[RightClickCoreTests.DispatchContractBindingTests testWithdrawnCapabilityIsNotDispatched]' passed (0.001 seconds).
Test Suite 'DispatchContractBindingTests' passed at 2026-10-07 20:22:07.946.
	 Executed 15 tests, with 0 failures (0 unexpected) in 0.019 (0.020) seconds
Test Suite 'EngineTests' started at 2026-10-07 20:22:07.946.
Test Case '-[RightClickCoreTests.EngineTests testAcceptedServiceInvocationDoesNotEstablishSemanticSuccess]' started.
Test Case '-[RightClickCoreTests.EngineTests testAcceptedServiceInvocationDoesNotEstablishSemanticSuccess]' passed (7.625 seconds).
Test Case '-[RightClickCoreTests.EngineTests testExplicitReturnedTextPostconditionVerifiesOnlyReturnedText]' started.
Test Case '-[RightClickCoreTests.EngineTests testExplicitReturnedTextPostconditionVerifiesOnlyReturnedText]' passed (7.662 seconds).
Test Case '-[RightClickCoreTests.EngineTests testExternalShareIsGated]' started.
Test Case '-[RightClickCoreTests.EngineTests testExternalShareIsGated]' passed (8.295 seconds).
Test Case '-[RightClickCoreTests.EngineTests testFixturesDifferentiateSharingAndQuickActions]' started.
Test Case '-[RightClickCoreTests.EngineTests testFixturesDifferentiateSharingAndQuickActions]' passed (30.957 seconds).
Test Case '-[RightClickCoreTests.EngineTests testFullWidthServiceRoundTrip]' started.
Test Case '-[RightClickCoreTests.EngineTests testFullWidthServiceRoundTrip]' passed (9.288 seconds).
Test Case '-[RightClickCoreTests.EngineTests testMarkupIsDiscoveredButNotInvokable]' started.
Test Case '-[RightClickCoreTests.EngineTests testMarkupIsDiscoveredButNotInvokable]' passed (9.060 seconds).
Test Suite 'EngineTests' passed at 2026-10-07 20:23:20.835.
	 Executed 6 tests, with 0 failures (0 unexpected) in 72.887 (72.889) seconds
Test Suite 'ExecutionCapacityAdmissionTests' started at 2026-10-07 20:23:20.835.
Test Case '-[RightClickCoreTests.ExecutionCapacityAdmissionTests testFullActiveHistoryRefusesBothEngineEntryPointsBeforeProviderStart]' started.
Test Case '-[RightClickCoreTests.ExecutionCapacityAdmissionTests testFullActiveHistoryRefusesBothEngineEntryPointsBeforeProviderStart]' passed (1.587 seconds).
Test Case '-[RightClickCoreTests.ExecutionCapacityAdmissionTests testThrowingBeginReleasesReservationForBothEngineEntryPoints]' started.
Test Case '-[RightClickCoreTests.ExecutionCapacityAdmissionTests testThrowingBeginReleasesReservationForBothEngineEntryPoints]' passed (0.016 seconds).
Test Suite 'ExecutionCapacityAdmissionTests' passed at 2026-10-07 20:23:22.438.
	 Executed 2 tests, with 0 failures (0 unexpected) in 1.603 (1.604) seconds
Test Suite 'ExecutionRetentionTests' started at 2026-10-07 20:23:22.439.
Test Case '-[RightClickCoreTests.ExecutionRetentionTests testActualLargeEvidenceAndRecordFloodRespectIndependentBounds]' started.
Test Case '-[RightClickCoreTests.ExecutionRetentionTests testActualLargeEvidenceAndRecordFloodRespectIndependentBounds]' passed (0.069 seconds).
Test Case '-[RightClickCoreTests.ExecutionRetentionTests testByteCapacityRefusalPreservesEveryExistingActiveReservation]' started.
Test Case '-[RightClickCoreTests.ExecutionRetentionTests testByteCapacityRefusalPreservesEveryExistingActiveReservation]' passed (0.004 seconds).
Test Case '-[RightClickCoreTests.ExecutionRetentionTests testBytePressureEvictsOldestTerminalAndReadsNeverRefreshOrder]' started.
Test Case '-[RightClickCoreTests.ExecutionRetentionTests testBytePressureEvictsOldestTerminalAndReadsNeverRefreshOrder]' passed (0.001 seconds).
Test Case '-[RightClickCoreTests.ExecutionRetentionTests testCompactedRCIRAcceptedTaskRetainsPendingOwnershipUntilTerminalSnapshot]' started.
Test Case '-[RightClickCoreTests.ExecutionRetentionTests testCompactedRCIRAcceptedTaskRetainsPendingOwnershipUntilTerminalSnapshot]' passed (0.001 seconds).
Test Case '-[RightClickCoreTests.ExecutionRetentionTests testConcurrentUpdatesKeepSynchronizedAccountingAndActiveCallbacks]' started.
Test Case '-[RightClickCoreTests.ExecutionRetentionTests testConcurrentUpdatesKeepSynchronizedAccountingAndActiveCallbacks]' passed (0.122 seconds).
Test Case '-[RightClickCoreTests.ExecutionRetentionTests testLargeActualSignedReceiptCompactionRetainsDigestWithoutInventingReceipt]' started.
Test Case '-[RightClickCoreTests.ExecutionRetentionTests testLargeActualSignedReceiptCompactionRetainsDigestWithoutInventingReceipt]' passed (0.012 seconds).
Test Case '-[RightClickCoreTests.ExecutionRetentionTests testMonotonicExpiryIgnoresRegressionAndUpdatesReadsDoNotExtendTTL]' started.
Test Case '-[RightClickCoreTests.ExecutionRetentionTests testMonotonicExpiryIgnoresRegressionAndUpdatesReadsDoNotExtendTTL]' passed (0.001 seconds).
Test Case '-[RightClickCoreTests.ExecutionRetentionTests testStartedReservationsSurviveExpiryAndFloodThenReleaseAtTerminalCallback]' started.
Test Case '-[RightClickCoreTests.ExecutionRetentionTests testStartedReservationsSurviveExpiryAndFloodThenReleaseAtTerminalCallback]' passed (0.005 seconds).
Test Case '-[RightClickCoreTests.ExecutionRetentionTests testUnconfirmedAwaitingUserDoesNotReserveActiveCapacity]' started.
Test Case '-[RightClickCoreTests.ExecutionRetentionTests testUnconfirmedAwaitingUserDoesNotReserveActiveCapacity]' passed (0.000 seconds).
Test Case '-[RightClickCoreTests.ExecutionRetentionTests testUpdateReaccountsLargeAndShrinkingOutputsAndCannotMoveIdentity]' started.
Test Case '-[RightClickCoreTests.ExecutionRetentionTests testUpdateReaccountsLargeAndShrinkingOutputsAndCannotMoveIdentity]' passed (0.003 seconds).
Test Suite 'ExecutionRetentionTests' passed at 2026-10-07 20:23:22.659.
	 Executed 10 tests, with 0 failures (0 unexpected) in 0.219 (0.220) seconds
Test Suite 'FederationTests' started at 2026-10-07 20:23:22.659.
Test Case '-[RightClickMCPTests.FederationTests testExplicitVerificationRunsAtRemoteBoundary]' started.
Test Case '-[RightClickMCPTests.FederationTests testExplicitVerificationRunsAtRemoteBoundary]' passed (0.004 seconds).
Test Case '-[RightClickMCPTests.FederationTests testFederatedCapabilityAppearsAndDisappearsLive]' started.
Test Case '-[RightClickMCPTests.FederationTests testFederatedCapabilityAppearsAndDisappearsLive]' passed (0.001 seconds).
Test Case '-[RightClickMCPTests.FederationTests testFederationDoesNotReexportFederatedCapability]' started.
Test Case '-[RightClickMCPTests.FederationTests testFederationDoesNotReexportFederatedCapability]' passed (0.000 seconds).
Test Case '-[RightClickMCPTests.FederationTests testIncompleteRemoteVerificationIsDowngraded]' started.
Test Case '-[RightClickMCPTests.FederationTests testIncompleteRemoteVerificationIsDowngraded]' passed (0.003 seconds).
Test Case '-[RightClickMCPTests.FederationTests testLoopbackIPPeersCanonicalizeToLocalhostForTransport]' started.
Test Case '-[RightClickMCPTests.FederationTests testLoopbackIPPeersCanonicalizeToLocalhostForTransport]' passed (0.001 seconds).
Test Case '-[RightClickMCPTests.FederationTests testModelFacingToolSurfaceRemainsSevenGenericOperations]' started.
Test Case '-[RightClickMCPTests.FederationTests testModelFacingToolSurfaceRemainsSevenGenericOperations]' passed (0.000 seconds).
Test Case '-[RightClickMCPTests.FederationTests testNonRightClickPeerContributesNoCapabilities]' started.
Test Case '-[RightClickMCPTests.FederationTests testNonRightClickPeerContributesNoCapabilities]' passed (0.001 seconds).
Test Case '-[RightClickMCPTests.FederationTests testPeerConfigurationFailsClosedOutsideLoopback]' started.
Test Case '-[RightClickMCPTests.FederationTests testPeerConfigurationFailsClosedOutsideLoopback]' passed (0.001 seconds).
Test Suite 'FederationTests' passed at 2026-10-07 20:23:22.670.
	 Executed 8 tests, with 0 failures (0 unexpected) in 0.011 (0.012) seconds
Test Suite 'GRPCRealProviderAcceptanceTests' started at 2026-10-07 20:23:22.671.
Test Case '-[RightClickCoreTests.GRPCRealProviderAcceptanceTests testRealServerReflectionDiscoversProviderCapabilities]' started.
/private/tmp/rightclick-adoption-recovered-01a1175f/Tests/RightClickCoreTests/GRPCRealProviderAcceptanceTests.swift:21: -[RightClickCoreTests.GRPCRealProviderAcceptanceTests testRealServerReflectionDiscoversProviderCapabilities] : Test skipped - RIGHTCLICK_GRPC_REAL_HOST required for real gRPC reflection acceptance.
Test Case '-[RightClickCoreTests.GRPCRealProviderAcceptanceTests testRealServerReflectionDiscoversProviderCapabilities]' skipped (0.002 seconds).
Test Suite 'GRPCRealProviderAcceptanceTests' passed at 2026-10-07 20:23:22.673.
	 Executed 1 test, with 1 test skipped and 0 failures (0 unexpected) in 0.002 (0.002) seconds
Test Suite 'GRPCReflectionTransportTests' started at 2026-10-07 20:23:22.673.
Test Case '-[RightClickCoreTests.GRPCReflectionTransportTests testFileDescriptorResponseReturnsRawDescriptorBytes]' started.
Test Case '-[RightClickCoreTests.GRPCReflectionTransportTests testFileDescriptorResponseReturnsRawDescriptorBytes]' passed (0.001 seconds).
Test Case '-[RightClickCoreTests.GRPCReflectionTransportTests testListServicesResponseParsesStandardReflectionEnvelope]' started.
Test Case '-[RightClickCoreTests.GRPCReflectionTransportTests testListServicesResponseParsesStandardReflectionEnvelope]' passed (0.000 seconds).
Test Case '-[RightClickCoreTests.GRPCReflectionTransportTests testReflectionRequestsUseStandardWireFieldNumbers]' started.
Test Case '-[RightClickCoreTests.GRPCReflectionTransportTests testReflectionRequestsUseStandardWireFieldNumbers]' passed (0.000 seconds).
Test Suite 'GRPCReflectionTransportTests' passed at 2026-10-07 20:23:22.675.
	 Executed 3 tests, with 0 failures (0 unexpected) in 0.001 (0.002) seconds
Test Suite 'GRPCReflectorTests' started at 2026-10-07 20:23:22.675.
Test Case '-[RightClickCoreTests.GRPCReflectorTests testDescriptorReflectsUnaryAndStreamingMethodsWithoutGeneratedStubs]' started.
Test Case '-[RightClickCoreTests.GRPCReflectorTests testDescriptorReflectsUnaryAndStreamingMethodsWithoutGeneratedStubs]' passed (0.003 seconds).
Test Case '-[RightClickCoreTests.GRPCReflectorTests testStreamingMethodFailsClosedBeforeTransport]' started.
Test Case '-[RightClickCoreTests.GRPCReflectorTests testStreamingMethodFailsClosedBeforeTransport]' passed (0.002 seconds).
Test Case '-[RightClickCoreTests.GRPCReflectorTests testUnaryExecutionEncodesAndDecodesDynamicProtobuf]' started.
Test Case '-[RightClickCoreTests.GRPCReflectorTests testUnaryExecutionEncodesAndDecodesDynamicProtobuf]' passed (0.010 seconds).
Test Case '-[RightClickCoreTests.GRPCReflectorTests testUnknownArgumentFailsBeforeTransport]' started.
Test Case '-[RightClickCoreTests.GRPCReflectorTests testUnknownArgumentFailsBeforeTransport]' passed (0.005 seconds).
Test Suite 'GRPCReflectorTests' passed at 2026-10-07 20:23:22.696.
	 Executed 4 tests, with 0 failures (0 unexpected) in 0.020 (0.021) seconds
Test Suite 'GraphQLReflectorTests' started at 2026-10-07 20:23:22.696.
Test Case '-[RightClickCoreTests.GraphQLReflectorTests testExecutesMutationWithJSONEncodedInputObject]' started.
Test Case '-[RightClickCoreTests.GraphQLReflectorTests testExecutesMutationWithJSONEncodedInputObject]' passed (0.024 seconds).
Test Case '-[RightClickCoreTests.GraphQLReflectorTests testExecutesQueryWithVariablesAndSynthesizedSelection]' started.
Test Case '-[RightClickCoreTests.GraphQLReflectorTests testExecutesQueryWithVariablesAndSynthesizedSelection]' passed (0.023 seconds).
Test Case '-[RightClickCoreTests.GraphQLReflectorTests testGraphQLErrorsFailEvenWhenPartialDataExists]' started.
Test Case '-[RightClickCoreTests.GraphQLReflectorTests testGraphQLErrorsFailEvenWhenPartialDataExists]' passed (0.025 seconds).
Test Case '-[RightClickCoreTests.GraphQLReflectorTests testInvalidNestedEnumFailsBeforeTransport]' started.
Test Case '-[RightClickCoreTests.GraphQLReflectorTests testInvalidNestedEnumFailsBeforeTransport]' passed (0.008 seconds).
Test Case '-[RightClickCoreTests.GraphQLReflectorTests testMutationRequiresConfirmationBeforeTransport]' started.
Test Case '-[RightClickCoreTests.GraphQLReflectorTests testMutationRequiresConfirmationBeforeTransport]' passed (0.005 seconds).
Test Case '-[RightClickCoreTests.GraphQLReflectorTests testReflectsQueriesAndMutationsBehindGenericCapabilities]' started.
Test Case '-[RightClickCoreTests.GraphQLReflectorTests testReflectsQueriesAndMutationsBehindGenericCapabilities]' passed (0.004 seconds).
Test Suite 'GraphQLReflectorTests' passed at 2026-10-07 20:23:22.786.
	 Executed 6 tests, with 0 failures (0 unexpected) in 0.089 (0.090) seconds
Test Suite 'HostProtectedReferenceTests' started at 2026-10-07 20:23:22.786.
Test Case '-[RightClickCoreTests.HostProtectedReferenceTests testBroaderNativeReadAuthorityIsDenied]' started.
Test Case '-[RightClickCoreTests.HostProtectedReferenceTests testBroaderNativeReadAuthorityIsDenied]' passed (0.003 seconds).
Test Case '-[RightClickCoreTests.HostProtectedReferenceTests testConfiguredPolicySigningAndObserverReferencesUseOneProtectedBackend]' started.
Test Case '-[RightClickCoreTests.HostProtectedReferenceTests testConfiguredPolicySigningAndObserverReferencesUseOneProtectedBackend]' passed (0.004 seconds).
Test Case '-[RightClickCoreTests.HostProtectedReferenceTests testDirectoriesAndOversizedFilesNeverBecomeReferences]' started.
Test Case '-[RightClickCoreTests.HostProtectedReferenceTests testDirectoriesAndOversizedFilesNeverBecomeReferences]' passed (0.001 seconds).
Test Case '-[RightClickCoreTests.HostProtectedReferenceTests testPrivateSnapshotRetainsExactBytesWhenSelectedSourceChanges]' started.
Test Case '-[RightClickCoreTests.HostProtectedReferenceTests testPrivateSnapshotRetainsExactBytesWhenSelectedSourceChanges]' passed (0.002 seconds).
Test Suite 'HostProtectedReferenceTests' passed at 2026-10-07 20:23:22.797.
	 Executed 4 tests, with 0 failures (0 unexpected) in 0.011 (0.011) seconds
Test Suite 'InvocationBindingTests' started at 2026-10-07 20:23:22.797.
Test Case '-[RightClickCoreTests.InvocationBindingTests testFreshMarkersVerifyForBothTransports]' started.
Test Case '-[RightClickCoreTests.InvocationBindingTests testFreshMarkersVerifyForBothTransports]' passed (14.288 seconds).
Test Case '-[RightClickCoreTests.InvocationBindingTests testMatchingStaleKafkaRecordCannotVerifyCurrentAppend]' started.
Test Case '-[RightClickCoreTests.InvocationBindingTests testMatchingStaleKafkaRecordCannotVerifyCurrentAppend]' passed (7.045 seconds).
Test Case '-[RightClickCoreTests.InvocationBindingTests testMatchingStaleKubernetesResourceCannotVerifyCurrentCreate]' started.
Test Case '-[RightClickCoreTests.InvocationBindingTests testMatchingStaleKubernetesResourceCannotVerifyCurrentCreate]' passed (10.865 seconds).
Test Suite 'InvocationBindingTests' passed at 2026-10-07 20:23:54.997.
	 Executed 3 tests, with 0 failures (0 unexpected) in 32.198 (32.199) seconds
Test Suite 'KafkaAcquisitionStabilityTests' started at 2026-10-07 20:23:54.997.
Test Case '-[RightClickCoreTests.KafkaAcquisitionStabilityTests testRealMetadataReadinessAndByteBindingCostWithoutConcurrentLoad]' started.
/private/tmp/rightclick-adoption-recovered-01a1175f/Tests/RightClickCoreTests/KafkaAcquisitionStabilityTests.swift:40: -[RightClickCoreTests.KafkaAcquisitionStabilityTests testRealMetadataReadinessAndByteBindingCostWithoutConcurrentLoad] : Test skipped - Real scoped Kafka stability probe not provisioned; no stability GREEN claimed.
Test Case '-[RightClickCoreTests.KafkaAcquisitionStabilityTests testRealMetadataReadinessAndByteBindingCostWithoutConcurrentLoad]' skipped (0.001 seconds).
Test Case '-[RightClickCoreTests.KafkaAcquisitionStabilityTests testRealMetadataReadinessDuringBoundedConcurrentMetadataLoad]' started.
/private/tmp/rightclick-adoption-recovered-01a1175f/Tests/RightClickCoreTests/KafkaAcquisitionStabilityTests.swift:40: -[RightClickCoreTests.KafkaAcquisitionStabilityTests testRealMetadataReadinessDuringBoundedConcurrentMetadataLoad] : Test skipped - Real scoped Kafka stability probe not provisioned; no stability GREEN claimed.
Test Case '-[RightClickCoreTests.KafkaAcquisitionStabilityTests testRealMetadataReadinessDuringBoundedConcurrentMetadataLoad]' skipped (0.000 seconds).
Test Case '-[RightClickCoreTests.KafkaAcquisitionStabilityTests testRealReadinessDuringBoundedConcurrentFreshAcquisition]' started.
/private/tmp/rightclick-adoption-recovered-01a1175f/Tests/RightClickCoreTests/KafkaAcquisitionStabilityTests.swift:40: -[RightClickCoreTests.KafkaAcquisitionStabilityTests testRealReadinessDuringBoundedConcurrentFreshAcquisition] : Test skipped - Real scoped Kafka stability probe not provisioned; no stability GREEN claimed.
Test Case '-[RightClickCoreTests.KafkaAcquisitionStabilityTests testRealReadinessDuringBoundedConcurrentFreshAcquisition]' skipped (0.000 seconds).
Test Case '-[RightClickCoreTests.KafkaAcquisitionStabilityTests testRealReadinessDuringFiveFreshClients]' started.
/private/tmp/rightclick-adoption-recovered-01a1175f/Tests/RightClickCoreTests/KafkaAcquisitionStabilityTests.swift:40: -[RightClickCoreTests.KafkaAcquisitionStabilityTests testRealReadinessDuringFiveFreshClients] : Test skipped - Real scoped Kafka stability probe not provisioned; no stability GREEN claimed.
Test Case '-[RightClickCoreTests.KafkaAcquisitionStabilityTests testRealReadinessDuringFiveFreshClients]' skipped (0.000 seconds).
Test Suite 'KafkaAcquisitionStabilityTests' passed at 2026-10-07 20:23:55.000.
	 Executed 4 tests, with 4 tests skipped and 0 failures (0 unexpected) in 0.002 (0.003) seconds
Test Suite 'KafkaCapabilityTests' started at 2026-10-07 20:23:55.000.
Test Case '-[RightClickCoreTests.KafkaCapabilityTests testObserverCannotReuseWriterPrincipalAndCredentials]' started.
/private/tmp/rightclick-adoption-recovered-01a1175f/Tests/RightClickCoreTests/KafkaCapabilityTests.swift:19: -[RightClickCoreTests.KafkaCapabilityTests testObserverCannotReuseWriterPrincipalAndCredentials] : Test skipped - Genuine scoped Kafka broker not provisioned; no Kafka GREEN claimed.
Test Case '-[RightClickCoreTests.KafkaCapabilityTests testObserverCannotReuseWriterPrincipalAndCredentials]' skipped (0.001 seconds).
Test Case '-[RightClickCoreTests.KafkaCapabilityTests testRealScopedKafkaHasUnverifiedACKThenIndependentArgumentBoundConsumerReceipt]' started.
/private/tmp/rightclick-adoption-recovered-01a1175f/Tests/RightClickCoreTests/KafkaCapabilityTests.swift:19: -[RightClickCoreTests.KafkaCapabilityTests testRealScopedKafkaHasUnverifiedACKThenIndependentArgumentBoundConsumerReceipt] : Test skipped - Genuine scoped Kafka broker not provisioned; no Kafka GREEN claimed.
Test Case '-[RightClickCoreTests.KafkaCapabilityTests testRealScopedKafkaHasUnverifiedACKThenIndependentArgumentBoundConsumerReceipt]' skipped (0.000 seconds).
Test Suite 'KafkaCapabilityTests' passed at 2026-10-07 20:23:55.001.
	 Executed 2 tests, with 2 tests skipped and 0 failures (0 unexpected) in 0.001 (0.002) seconds
Test Suite 'KubernetesCapabilityArtifactTests' started at 2026-10-07 20:23:55.001.
Test Case '-[RightClickCoreTests.KubernetesCapabilityArtifactTests testCredentialPluginsAndTLSBypassAreRejectedBeforeAcquisition]' started.
Test Case '-[RightClickCoreTests.KubernetesCapabilityArtifactTests testCredentialPluginsAndTLSBypassAreRejectedBeforeAcquisition]' passed (0.010 seconds).
Test Case '-[RightClickCoreTests.KubernetesCapabilityArtifactTests testProviderDescriptorCannotSelectExecutableCredentialOrNamespace]' started.
Test Case '-[RightClickCoreTests.KubernetesCapabilityArtifactTests testProviderDescriptorCannotSelectExecutableCredentialOrNamespace]' passed (0.001 seconds).
Test Case '-[RightClickCoreTests.KubernetesCapabilityArtifactTests testRealNamespaceResourceIsVerifiedThroughIndependentGETIdentity]' started.
/private/tmp/rightclick-adoption-recovered-01a1175f/Tests/RightClickCoreTests/KubernetesCapabilityArtifactTests.swift:45: -[RightClickCoreTests.KubernetesCapabilityArtifactTests testRealNamespaceResourceIsVerifiedThroughIndependentGETIdentity] : Test skipped - Genuine scoped Kubernetes provider not provisioned; this skip is not substrate GREEN.
Test Case '-[RightClickCoreTests.KubernetesCapabilityArtifactTests testRealNamespaceResourceIsVerifiedThroughIndependentGETIdentity]' skipped (0.001 seconds).
Test Suite 'KubernetesCapabilityArtifactTests' passed at 2026-10-07 20:23:55.013.
	 Executed 3 tests, with 1 test skipped and 0 failures (0 unexpected) in 0.011 (0.011) seconds
Test Suite 'LocalOnboardingTests' started at 2026-10-07 20:23:55.013.
Test Case '-[RightClickCLITests.LocalOnboardingTests testAdditionalRightclickSettingsAreNotSilentlyDropped]' started.
Test Case '-[RightClickCLITests.LocalOnboardingTests testAdditionalRightclickSettingsAreNotSilentlyDropped]' passed (0.006 seconds).
Test Case '-[RightClickCLITests.LocalOnboardingTests testBridgeIsOnlyExplicitAndCannotMixModes]' started.
Test Case '-[RightClickCLITests.LocalOnboardingTests testBridgeIsOnlyExplicitAndCannotMixModes]' passed (0.001 seconds).
Test Case '-[RightClickCLITests.LocalOnboardingTests testChangesAfterPreviewAreNotOverwritten]' started.
Test Case '-[RightClickCLITests.LocalOnboardingTests testChangesAfterPreviewAreNotOverwritten]' passed (0.006 seconds).
Test Case '-[RightClickCLITests.LocalOnboardingTests testConcurrentInstallerLockPreventsWrite]' started.
Test Case '-[RightClickCLITests.LocalOnboardingTests testConcurrentInstallerLockPreventsWrite]' passed (0.005 seconds).
Test Case '-[RightClickCLITests.LocalOnboardingTests testCreateHasExpectedStdioEntryAndPrivatePermissions]' started.
Test Case '-[RightClickCLITests.LocalOnboardingTests testCreateHasExpectedStdioEntryAndPrivatePermissions]' passed (0.009 seconds).
Test Case '-[RightClickCLITests.LocalOnboardingTests testDanglingSymlinkIsRejected]' started.
Test Case '-[RightClickCLITests.LocalOnboardingTests testDanglingSymlinkIsRejected]' passed (0.002 seconds).
Test Case '-[RightClickCLITests.LocalOnboardingTests testDeclineAndEOFDoNotChangeConfig]' started.
Test Case '-[RightClickCLITests.LocalOnboardingTests testDeclineAndEOFDoNotChangeConfig]' passed (0.007 seconds).
Test Case '-[RightClickCLITests.LocalOnboardingTests testDetectsOnlySupportedClientLocations]' started.
Test Case '-[RightClickCLITests.LocalOnboardingTests testDetectsOnlySupportedClientLocations]' passed (0.002 seconds).
Test Case '-[RightClickCLITests.LocalOnboardingTests testDifferentRightclickEntryNeverOverwrittenOrRemoved]' started.
Test Case '-[RightClickCLITests.LocalOnboardingTests testDifferentRightclickEntryNeverOverwrittenOrRemoved]' passed (0.016 seconds).
Test Case '-[RightClickCLITests.LocalOnboardingTests testDirectoryAtConfigPathIsRejected]' started.
Test Case '-[RightClickCLITests.LocalOnboardingTests testDirectoryAtConfigPathIsRejected]' passed (0.002 seconds).
Test Case '-[RightClickCLITests.LocalOnboardingTests testDisconnectAbsentConfigIsNoOp]' started.
Test Case '-[RightClickCLITests.LocalOnboardingTests testDisconnectAbsentConfigIsNoOp]' passed (0.002 seconds).
Test Case '-[RightClickCLITests.LocalOnboardingTests testDisconnectRemovesOnlyMatchingEntryAndKeepsLaterEdits]' started.
Test Case '-[RightClickCLITests.LocalOnboardingTests testDisconnectRemovesOnlyMatchingEntryAndKeepsLaterEdits]' passed (0.018 seconds).
Test Case '-[RightClickCLITests.LocalOnboardingTests testDryRunDoesNotWritePromptOrProbe]' started.
Test Case '-[RightClickCLITests.LocalOnboardingTests testDryRunDoesNotWritePromptOrProbe]' passed (0.002 seconds).
Test Case '-[RightClickCLITests.LocalOnboardingTests testDuplicateJSONKeysAreRejectedWithoutLosingData]' started.
Test Case '-[RightClickCLITests.LocalOnboardingTests testDuplicateJSONKeysAreRejectedWithoutLosingData]' passed (0.009 seconds).
Test Case '-[RightClickCLITests.LocalOnboardingTests testEquivalentLegacyEntryIsPreservedByteForByte]' started.
Test Case '-[RightClickCLITests.LocalOnboardingTests testEquivalentLegacyEntryIsPreservedByteForByte]' passed (0.004 seconds).
Test Case '-[RightClickCLITests.LocalOnboardingTests testFileAppearingAfterPreviewIsNotOverwritten]' started.
Test Case '-[RightClickCLITests.LocalOnboardingTests testFileAppearingAfterPreviewIsNotOverwritten]' passed (0.005 seconds).
Test Case '-[RightClickCLITests.LocalOnboardingTests testHardLinkedConfigIsRejected]' started.
Test Case '-[RightClickCLITests.LocalOnboardingTests testHardLinkedConfigIsRejected]' passed (0.003 seconds).
Test Case '-[RightClickCLITests.LocalOnboardingTests testHelpNeverProbesOrWrites]' started.
Test Case '-[RightClickCLITests.LocalOnboardingTests testHelpNeverProbesOrWrites]' passed (0.001 seconds).
Test Case '-[RightClickCLITests.LocalOnboardingTests testInteractiveYesAppliesOnlyAfterPrompt]' started.
Test Case '-[RightClickCLITests.LocalOnboardingTests testInteractiveYesAppliesOnlyAfterPrompt]' passed (0.020 seconds).
Test Case '-[RightClickCLITests.LocalOnboardingTests testInvalidRootAndMalformedJSONArePreserved]' started.
Test Case '-[RightClickCLITests.LocalOnboardingTests testInvalidRootAndMalformedJSONArePreserved]' passed (0.012 seconds).
Test Case '-[RightClickCLITests.LocalOnboardingTests testInvalidServerContainersArePreserved]' started.
Test Case '-[RightClickCLITests.LocalOnboardingTests testInvalidServerContainersArePreserved]' passed (0.011 seconds).
Test Case '-[RightClickCLITests.LocalOnboardingTests testJSONNeverPromptsEvenWithTerminal]' started.
Test Case '-[RightClickCLITests.LocalOnboardingTests testJSONNeverPromptsEvenWithTerminal]' passed (0.003 seconds).
Test Case '-[RightClickCLITests.LocalOnboardingTests testLocalSetupIgnoresSavedBridgeAndOtherClientFiles]' started.
Test Case '-[RightClickCLITests.LocalOnboardingTests testLocalSetupIgnoresSavedBridgeAndOtherClientFiles]' passed (0.022 seconds).
Test Case '-[RightClickCLITests.LocalOnboardingTests testMergePreservesOtherServersAndRootFieldsWithPrivateExactBackup]' started.
Test Case '-[RightClickCLITests.LocalOnboardingTests testMergePreservesOtherServersAndRootFieldsWithPrivateExactBackup]' passed (0.009 seconds).
Test Case '-[RightClickCLITests.LocalOnboardingTests testNestedJSONEscapesAndArraysAreAccepted]' started.
Test Case '-[RightClickCLITests.LocalOnboardingTests testNestedJSONEscapesAndArraysAreAccepted]' passed (0.009 seconds).
Test Case '-[RightClickCLITests.LocalOnboardingTests testNewPlanDoesNotCreateDirectories]' started.
Test Case '-[RightClickCLITests.LocalOnboardingTests testNewPlanDoesNotCreateDirectories]' passed (0.002 seconds).
Test Case '-[RightClickCLITests.LocalOnboardingTests testNoClientAndMissingExecutableDoNotWrite]' started.
Test Case '-[RightClickCLITests.LocalOnboardingTests testNoClientAndMissingExecutableDoNotWrite]' passed (0.003 seconds).
Test Case '-[RightClickCLITests.LocalOnboardingTests testNonInteractiveNeedsExplicitConsent]' started.
Test Case '-[RightClickCLITests.LocalOnboardingTests testNonInteractiveNeedsExplicitConsent]' passed (0.002 seconds).
Test Case '-[RightClickCLITests.LocalOnboardingTests testOptionsAcceptExplicitLocalPlan]' started.
Test Case '-[RightClickCLITests.LocalOnboardingTests testOptionsAcceptExplicitLocalPlan]' passed (0.000 seconds).
Test Case '-[RightClickCLITests.LocalOnboardingTests testOptionsRejectUnknownOrIncompleteArguments]' started.
Test Case '-[RightClickCLITests.LocalOnboardingTests testOptionsRejectUnknownOrIncompleteArguments]' passed (0.000 seconds).
Test Case '-[RightClickCLITests.LocalOnboardingTests testOversizedConfigIsRejected]' started.
Test Case '-[RightClickCLITests.LocalOnboardingTests testOversizedConfigIsRejected]' passed (0.102 seconds).
Test Case '-[RightClickCLITests.LocalOnboardingTests testProbeFailurePreventsConfigWrite]' started.
Test Case '-[RightClickCLITests.LocalOnboardingTests testProbeFailurePreventsConfigWrite]' passed (0.003 seconds).
Test Case '-[RightClickCLITests.LocalOnboardingTests testRejectsUnsafeExecutablePaths]' started.
Test Case '-[RightClickCLITests.LocalOnboardingTests testRejectsUnsafeExecutablePaths]' passed (0.000 seconds).
Test Case '-[RightClickCLITests.LocalOnboardingTests testSecondRunIsByteIdenticalWithoutAnotherBackup]' started.
Test Case '-[RightClickCLITests.LocalOnboardingTests testSecondRunIsByteIdenticalWithoutAnotherBackup]' passed (0.009 seconds).
Test Case '-[RightClickCLITests.LocalOnboardingTests testSuccessDoesNotClaimClientConnectionOrOutcomeAndDoesNotLeakConfigSecrets]' started.
Test Case '-[RightClickCLITests.LocalOnboardingTests testSuccessDoesNotClaimClientConnectionOrOutcomeAndDoesNotLeakConfigSecrets]' passed (0.022 seconds).
Test Case '-[RightClickCLITests.LocalOnboardingTests testSymlinkDirectoryIsRejected]' started.
Test Case '-[RightClickCLITests.LocalOnboardingTests testSymlinkDirectoryIsRejected]' passed (0.003 seconds).
Test Case '-[RightClickCLITests.LocalOnboardingTests testSymlinkFileIsRejected]' started.
Test Case '-[RightClickCLITests.LocalOnboardingTests testSymlinkFileIsRejected]' passed (0.003 seconds).
Test Suite 'LocalOnboardingTests' passed at 2026-10-07 20:23:55.354.
	 Executed 37 tests, with 0 failures (0 unexpected) in 0.336 (0.341) seconds
Test Suite 'MCPInitializationCompatibilityTests' started at 2026-10-07 20:23:55.354.
Test Case '-[RightClickMCPTests.MCPInitializationCompatibilityTests testOtherMessagesAndMalformedCapabilityShapesAreNotRewritten]' started.
Test Case '-[RightClickMCPTests.MCPInitializationCompatibilityTests testOtherMessagesAndMalformedCapabilityShapesAreNotRewritten]' passed (0.001 seconds).
Test Case '-[RightClickMCPTests.MCPInitializationCompatibilityTests testRealClientObjectExtensionDoesNotPreventSupportedHandshake]' started.
Test Case '-[RightClickMCPTests.MCPInitializationCompatibilityTests testRealClientObjectExtensionDoesNotPreventSupportedHandshake]' passed (0.003 seconds).
Test Suite 'MCPInitializationCompatibilityTests' passed at 2026-10-07 20:23:55.358.
	 Executed 2 tests, with 0 failures (0 unexpected) in 0.004 (0.004) seconds
Test Suite 'MOAT004G1AcquisitionTests' started at 2026-10-07 20:23:55.358.
Test Case '-[RightClickCoreTests.MOAT004G1AcquisitionTests testExactFrozenGitHubSpecificationLoadsThroughOpenAPISpecificBound]' started.
/private/tmp/rightclick-adoption-recovered-01a1175f/Tests/RightClickCoreTests/MOAT004G1AcquisitionTests.swift:320: -[RightClickCoreTests.MOAT004G1AcquisitionTests testExactFrozenGitHubSpecificationLoadsThroughOpenAPISpecificBound] : Test skipped - MOAT004_G1_SPEC_URL and MOAT004_G1_SPEC_SHA256 required.
Test Case '-[RightClickCoreTests.MOAT004G1AcquisitionTests testExactFrozenGitHubSpecificationLoadsThroughOpenAPISpecificBound]' skipped (0.001 seconds).
Test Case '-[RightClickCoreTests.MOAT004G1AcquisitionTests testFrozenBoundsRemainExplicit]' started.
Test Case '-[RightClickCoreTests.MOAT004G1AcquisitionTests testFrozenBoundsRemainExplicit]' passed (0.000 seconds).
Test Case '-[RightClickCoreTests.MOAT004G1AcquisitionTests testGenericDefaultLoaderStillRejectsOneByteOverOneMiB]' started.
Test Case '-[RightClickCoreTests.MOAT004G1AcquisitionTests testGenericDefaultLoaderStillRejectsOneByteOverOneMiB]' passed (0.003 seconds).
Test Case '-[RightClickCoreTests.MOAT004G1AcquisitionTests testOpenAPISpecificationLoaderAcceptsFrozenGitHubSize]' started.
Test Case '-[RightClickCoreTests.MOAT004G1AcquisitionTests testOpenAPISpecificationLoaderAcceptsFrozenGitHubSize]' passed (0.012 seconds).
Test Case '-[RightClickCoreTests.MOAT004G1AcquisitionTests testOpenAPISpecificationLoaderRejectsOneByteOverSixteenMiB]' started.
Test Case '-[RightClickCoreTests.MOAT004G1AcquisitionTests testOpenAPISpecificationLoaderRejectsOneByteOverSixteenMiB]' passed (0.029 seconds).
Test Case '-[RightClickCoreTests.MOAT004G1AcquisitionTests testOpenAPISpecificationLoaderRejectsRedirectResponse]' started.
Test Case '-[RightClickCoreTests.MOAT004G1AcquisitionTests testOpenAPISpecificationLoaderRejectsRedirectResponse]' passed (0.005 seconds).
Test Suite 'MOAT004G1AcquisitionTests' passed at 2026-10-07 20:23:55.409.
	 Executed 6 tests, with 1 test skipped and 0 failures (0 unexpected) in 0.050 (0.051) seconds
Test Suite 'MOAT004G2SplitOriginTests' started at 2026-10-07 20:23:55.409.
Test Case '-[RightClickCoreTests.MOAT004G2SplitOriginTests testAbsoluteHTTPSModeLoadsSpecificationFromIndependentOriginAndReflectsBaseOrigin]' started.
Test Case '-[RightClickCoreTests.MOAT004G2SplitOriginTests testAbsoluteHTTPSModeLoadsSpecificationFromIndependentOriginAndReflectsBaseOrigin]' passed (0.004 seconds).
Test Case '-[RightClickCoreTests.MOAT004G2SplitOriginTests testAbsoluteModeRequiresBothSpecificationAndBaseURLs]' started.
Test Case '-[RightClickCoreTests.MOAT004G2SplitOriginTests testAbsoluteModeRequiresBothSpecificationAndBaseURLs]' passed (0.001 seconds).
Test Case '-[RightClickCoreTests.MOAT004G2SplitOriginTests testAbsoluteModeRequiresHTTPS]' started.
Test Case '-[RightClickCoreTests.MOAT004G2SplitOriginTests testAbsoluteModeRequiresHTTPS]' passed (0.001 seconds).
Test Case '-[RightClickCoreTests.MOAT004G2SplitOriginTests testDeclaredLiteralServerMustMatchAdvertisedExecutionBase]' started.
Test Case '-[RightClickCoreTests.MOAT004G2SplitOriginTests testDeclaredLiteralServerMustMatchAdvertisedExecutionBase]' passed (0.001 seconds).
Test Case '-[RightClickCoreTests.MOAT004G2SplitOriginTests testExactFrozenGitHubContractAcceptsSplitOriginButTargetRemainsOutsideG2]' started.
/private/tmp/rightclick-adoption-recovered-01a1175f/Tests/RightClickCoreTests/MOAT004G2SplitOriginTests.swift:646: -[RightClickCoreTests.MOAT004G2SplitOriginTests testExactFrozenGitHubContractAcceptsSplitOriginButTargetRemainsOutsideG2] : Test skipped - MOAT004_G2_SPEC_PATH and MOAT004_G2_SPEC_URL required.
Test Case '-[RightClickCoreTests.MOAT004G2SplitOriginTests testExactFrozenGitHubContractAcceptsSplitOriginButTargetRemainsOutsideG2]' skipped (0.001 seconds).
Test Case '-[RightClickCoreTests.MOAT004G2SplitOriginTests testLegacyRelativeAdvertisementModeRemainsSupported]' started.
Test Case '-[RightClickCoreTests.MOAT004G2SplitOriginTests testLegacyRelativeAdvertisementModeRemainsSupported]' passed (0.001 seconds).
Test Case '-[RightClickCoreTests.MOAT004G2SplitOriginTests testLiteralServerAndExecutionBaseCanonicalizeBeforeComparison]' started.
Test Case '-[RightClickCoreTests.MOAT004G2SplitOriginTests testLiteralServerAndExecutionBaseCanonicalizeBeforeComparison]' passed (0.001 seconds).
Test Case '-[RightClickCoreTests.MOAT004G2SplitOriginTests testMixedLegacyAndAbsoluteAdvertisementModesAreRejected]' started.
Test Case '-[RightClickCoreTests.MOAT004G2SplitOriginTests testMixedLegacyAndAbsoluteAdvertisementModesAreRejected]' passed (0.000 seconds).
Test Case '-[RightClickCoreTests.MOAT004G2SplitOriginTests testServerVariablesRemainUnsupported]' started.
Test Case '-[RightClickCoreTests.MOAT004G2SplitOriginTests testServerVariablesRemainUnsupported]' passed (0.000 seconds).
Test Suite 'MOAT004G2SplitOriginTests' passed at 2026-10-07 20:23:55.420.
	 Executed 9 tests, with 1 test skipped and 0 failures (0 unexpected) in 0.010 (0.011) seconds
Test Suite 'MOAT004G3ZeroArgumentGETTests' started at 2026-10-07 20:23:55.420.
Test Case '-[RightClickCoreTests.MOAT004G3ZeroArgumentGETTests testAbsentOperationParametersReflectsZeroArgumentGETWithoutArgumentsSchema]' started.
Test Case '-[RightClickCoreTests.MOAT004G3ZeroArgumentGETTests testAbsentOperationParametersReflectsZeroArgumentGETWithoutArgumentsSchema]' passed (0.002 seconds).
Test Case '-[RightClickCoreTests.MOAT004G3ZeroArgumentGETTests testExistingRequiredStringPathGETRemainsSupported]' started.
Test Case '-[RightClickCoreTests.MOAT004G3ZeroArgumentGETTests testExistingRequiredStringPathGETRemainsSupported]' passed (0.002 seconds).
Test Case '-[RightClickCoreTests.MOAT004G3ZeroArgumentGETTests testExplicitEmptyOperationParametersAlsoReflectZeroArgumentGET]' started.
Test Case '-[RightClickCoreTests.MOAT004G3ZeroArgumentGETTests testExplicitEmptyOperationParametersAlsoReflectZeroArgumentGET]' passed (0.002 seconds).
Test Case '-[RightClickCoreTests.MOAT004G3ZeroArgumentGETTests testFrozenGitHubAuthenticatedUserStillDoesNotReflectUntilG4]' started.
/private/tmp/rightclick-adoption-recovered-01a1175f/Tests/RightClickCoreTests/MOAT004G3ZeroArgumentGETTests.swift:704: -[RightClickCoreTests.MOAT004G3ZeroArgumentGETTests testFrozenGitHubAuthenticatedUserStillDoesNotReflectUntilG4] : Test skipped - MOAT004_G3_SPEC_PATH required.
Test Case '-[RightClickCoreTests.MOAT004G3ZeroArgumentGETTests testFrozenGitHubAuthenticatedUserStillDoesNotReflectUntilG4]' skipped (0.001 seconds).
Test Case '-[RightClickCoreTests.MOAT004G3ZeroArgumentGETTests testGETWithRequestBodyDoesNotBecomeZeroArgumentGET]' started.
Test Case '-[RightClickCoreTests.MOAT004G3ZeroArgumentGETTests testGETWithRequestBodyDoesNotBecomeZeroArgumentGET]' passed (0.001 seconds).
Test Case '-[RightClickCoreTests.MOAT004G3ZeroArgumentGETTests testPathLevelParametersDoNotBecomeZeroArgumentGET]' started.
Test Case '-[RightClickCoreTests.MOAT004G3ZeroArgumentGETTests testPathLevelParametersDoNotBecomeZeroArgumentGET]' passed (0.001 seconds).
Test Case '-[RightClickCoreTests.MOAT004G3ZeroArgumentGETTests testQueryParameterGETDoesNotBecomeZeroArgumentGET]' started.
Test Case '-[RightClickCoreTests.MOAT004G3ZeroArgumentGETTests testQueryParameterGETDoesNotBecomeZeroArgumentGET]' passed (0.001 seconds).
Test Case '-[RightClickCoreTests.MOAT004G3ZeroArgumentGETTests testZeroArgumentGETExecutesWithoutBodyOrContentType]' started.
Test Case '-[RightClickCoreTests.MOAT004G3ZeroArgumentGETTests testZeroArgumentGETExecutesWithoutBodyOrContentType]' passed (0.017 seconds).
Test Case '-[RightClickCoreTests.MOAT004G3ZeroArgumentGETTests testZeroArgumentGETRejectsUnexpectedArgumentsBeforeTransport]' started.
Test Case '-[RightClickCoreTests.MOAT004G3ZeroArgumentGETTests testZeroArgumentGETRejectsUnexpectedArgumentsBeforeTransport]' passed (0.005 seconds).
Test Suite 'MOAT004G3ZeroArgumentGETTests' passed at 2026-10-07 20:23:55.453.
	 Executed 9 tests, with 1 test skipped and 0 failures (0 unexpected) in 0.032 (0.033) seconds
Test Suite 'MOAT004G4JSONSyntaxFallbackTests' started at 2026-10-07 20:23:55.453.
Test Case '-[RightClickCoreTests.MOAT004G4JSONSyntaxFallbackTests testFrozenGitHubUserReflectsForFirstTimeButHasNoExternalAuthorityYet]' started.
/private/tmp/rightclick-adoption-recovered-01a1175f/Tests/RightClickCoreTests/MOAT004G4JSONSyntaxFallbackTests.swift:749: -[RightClickCoreTests.MOAT004G4JSONSyntaxFallbackTests testFrozenGitHubUserReflectsForFirstTimeButHasNoExternalAuthorityYet] : Test skipped - MOAT004_G4_SPEC_PATH required.
Test Case '-[RightClickCoreTests.MOAT004G4JSONSyntaxFallbackTests testFrozenGitHubUserReflectsForFirstTimeButHasNoExternalAuthorityYet]' skipped (0.001 seconds).
Test Case '-[RightClickCoreTests.MOAT004G4JSONSyntaxFallbackTests testGETWithoutDeclaredJSONSchemaStillAbstains]' started.
Test Case '-[RightClickCoreTests.MOAT004G4JSONSyntaxFallbackTests testGETWithoutDeclaredJSONSchemaStillAbstains]' passed (0.001 seconds).
Test Case '-[RightClickCoreTests.MOAT004G4JSONSyntaxFallbackTests testMutatingOperationWithUnsupportedJSONResponseUsesSyntaxOnlyMetadata]' started.
Test Case '-[RightClickCoreTests.MOAT004G4JSONSyntaxFallbackTests testMutatingOperationWithUnsupportedJSONResponseUsesSyntaxOnlyMetadata]' passed (0.001 seconds).
Test Case '-[RightClickCoreTests.MOAT004G4JSONSyntaxFallbackTests testStrongClosedResponseSchemaRemainsPreferred]' started.
Test Case '-[RightClickCoreTests.MOAT004G4JSONSyntaxFallbackTests testStrongClosedResponseSchemaRemainsPreferred]' passed (0.001 seconds).
Test Case '-[RightClickCoreTests.MOAT004G4JSONSyntaxFallbackTests testSyntaxOnlyGETAcceptsAndCanonicalizesValidJSON]' started.
Test Case '-[RightClickCoreTests.MOAT004G4JSONSyntaxFallbackTests testSyntaxOnlyGETAcceptsAndCanonicalizesValidJSON]' passed (0.012 seconds).
Test Case '-[RightClickCoreTests.MOAT004G4JSONSyntaxFallbackTests testSyntaxOnlyGETRejectsInvalidJSON]' started.
Test Case '-[RightClickCoreTests.MOAT004G4JSONSyntaxFallbackTests testSyntaxOnlyGETRejectsInvalidJSON]' passed (0.011 seconds).
Test Case '-[RightClickCoreTests.MOAT004G4JSONSyntaxFallbackTests testSyntaxOnlyGETStillRequiresApplicationJSONContentType]' started.
Test Case '-[RightClickCoreTests.MOAT004G4JSONSyntaxFallbackTests testSyntaxOnlyGETStillRequiresApplicationJSONContentType]' passed (0.009 seconds).
Test Case '-[RightClickCoreTests.MOAT004G4JSONSyntaxFallbackTests testUnsupportedDeclaredJSONSchemaReflectsGETWithSyntaxOnlyMetadata]' started.
Test Case '-[RightClickCoreTests.MOAT004G4JSONSyntaxFallbackTests testUnsupportedDeclaredJSONSchemaReflectsGETWithSyntaxOnlyMetadata]' passed (0.001 seconds).
Test Suite 'MOAT004G4JSONSyntaxFallbackTests' passed at 2026-10-07 20:23:55.492.
	 Executed 8 tests, with 1 test skipped and 0 failures (0 unexpected) in 0.038 (0.039) seconds
Test Suite 'MOAT004G5ExternalBearerAuthorityTests' started at 2026-10-07 20:23:55.492.
Test Case '-[RightClickCoreTests.MOAT004G5ExternalBearerAuthorityTests testChangingExternalAuthoritySchemeChangesCapabilityIdentity]' started.
/private/tmp/rightclick-adoption-recovered-01a1175f/Tests/RightClickCoreTests/MOAT004G5ExternalBearerAuthorityTests.swift:73: -[RightClickCoreTests.MOAT004G5ExternalBearerAuthorityTests testChangingExternalAuthoritySchemeChangesCapabilityIdentity] : Test skipped - MOAT004_G5_FIXTURE_PORT required.
Test Case '-[RightClickCoreTests.MOAT004G5ExternalBearerAuthorityTests testChangingExternalAuthoritySchemeChangesCapabilityIdentity]' skipped (0.001 seconds).
Test Case '-[RightClickCoreTests.MOAT004G5ExternalBearerAuthorityTests testContractDeclaredBearerTakesPrecedenceOverExternalFallback]' started.
/private/tmp/rightclick-adoption-recovered-01a1175f/Tests/RightClickCoreTests/MOAT004G5ExternalBearerAuthorityTests.swift:73: -[RightClickCoreTests.MOAT004G5ExternalBearerAuthorityTests testContractDeclaredBearerTakesPrecedenceOverExternalFallback] : Test skipped - MOAT004_G5_FIXTURE_PORT required.
Test Case '-[RightClickCoreTests.MOAT004G5ExternalBearerAuthorityTests testContractDeclaredBearerTakesPrecedenceOverExternalFallback]' skipped (0.001 seconds).
Test Case '-[RightClickCoreTests.MOAT004G5ExternalBearerAuthorityTests testCredentialForDifferentOriginIsNotUsed]' started.
/private/tmp/rightclick-adoption-recovered-01a1175f/Tests/RightClickCoreTests/MOAT004G5ExternalBearerAuthorityTests.swift:73: -[RightClickCoreTests.MOAT004G5ExternalBearerAuthorityTests testCredentialForDifferentOriginIsNotUsed] : Test skipped - MOAT004_G5_FIXTURE_PORT required.
Test Case '-[RightClickCoreTests.MOAT004G5ExternalBearerAuthorityTests testCredentialForDifferentOriginIsNotUsed]' skipped (0.000 seconds).
Test Case '-[RightClickCoreTests.MOAT004G5ExternalBearerAuthorityTests testExplicitEmptyOperationSecurityRemainsPublic]' started.
/private/tmp/rightclick-adoption-recovered-01a1175f/Tests/RightClickCoreTests/MOAT004G5ExternalBearerAuthorityTests.swift:73: -[RightClickCoreTests.MOAT004G5ExternalBearerAuthorityTests testExplicitEmptyOperationSecurityRemainsPublic] : Test skipped - MOAT004_G5_FIXTURE_PORT required.
Test Case '-[RightClickCoreTests.MOAT004G5ExternalBearerAuthorityTests testExplicitEmptyOperationSecurityRemainsPublic]' skipped (0.000 seconds).
Test Case '-[RightClickCoreTests.MOAT004G5ExternalBearerAuthorityTests testExplicitEmptyRootSecurityRemainsPublic]' started.
/private/tmp/rightclick-adoption-recovered-01a1175f/Tests/RightClickCoreTests/MOAT004G5ExternalBearerAuthorityTests.swift:73: -[RightClickCoreTests.MOAT004G5ExternalBearerAuthorityTests testExplicitEmptyRootSecurityRemainsPublic] : Test skipped - MOAT004_G5_FIXTURE_PORT required.
Test Case '-[RightClickCoreTests.MOAT004G5ExternalBearerAuthorityTests testExplicitEmptyRootSecurityRemainsPublic]' skipped (0.000 seconds).
Test Case '-[RightClickCoreTests.MOAT004G5ExternalBearerAuthorityTests testExternalBearerMetadataBindsToExecutionOriginWithoutSecret]' started.
/private/tmp/rightclick-adoption-recovered-01a1175f/Tests/RightClickCoreTests/MOAT004G5ExternalBearerAuthorityTests.swift:73: -[RightClickCoreTests.MOAT004G5ExternalBearerAuthorityTests testExternalBearerMetadataBindsToExecutionOriginWithoutSecret] : Test skipped - MOAT004_G5_FIXTURE_PORT required.
Test Case '-[RightClickCoreTests.MOAT004G5ExternalBearerAuthorityTests testExternalBearerMetadataBindsToExecutionOriginWithoutSecret]' skipped (0.001 seconds).
Test Case '-[RightClickCoreTests.MOAT004G5ExternalBearerAuthorityTests testExternalBearerUsesExistingOriginBoundKeychainStore]' started.
/private/tmp/rightclick-adoption-recovered-01a1175f/Tests/RightClickCoreTests/MOAT004G5ExternalBearerAuthorityTests.swift:73: -[RightClickCoreTests.MOAT004G5ExternalBearerAuthorityTests testExternalBearerUsesExistingOriginBoundKeychainStore] : Test skipped - MOAT004_G5_FIXTURE_PORT required.
Test Case '-[RightClickCoreTests.MOAT004G5ExternalBearerAuthorityTests testExternalBearerUsesExistingOriginBoundKeychainStore]' skipped (0.001 seconds).
Test Case '-[RightClickCoreTests.MOAT004G5ExternalBearerAuthorityTests testFrozenGitHubUserCarriesGenericExternalBearerAuthority]' started.
/private/tmp/rightclick-adoption-recovered-01a1175f/Tests/RightClickCoreTests/MOAT004G5ExternalBearerAuthorityTests.swift:956: -[RightClickCoreTests.MOAT004G5ExternalBearerAuthorityTests testFrozenGitHubUserCarriesGenericExternalBearerAuthority] : Test skipped - MOAT004_G5_SPEC_PATH required.
Test Case '-[RightClickCoreTests.MOAT004G5ExternalBearerAuthorityTests testFrozenGitHubUserCarriesGenericExternalBearerAuthority]' skipped (0.000 seconds).
Test Case '-[RightClickCoreTests.MOAT004G5ExternalBearerAuthorityTests testInvalidExternalAuthoritySchemeMetadataIsRejectedBeforeFetch]' started.
/private/tmp/rightclick-adoption-recovered-01a1175f/Tests/RightClickCoreTests/MOAT004G5ExternalBearerAuthorityTests.swift:73: -[RightClickCoreTests.MOAT004G5ExternalBearerAuthorityTests testInvalidExternalAuthoritySchemeMetadataIsRejectedBeforeFetch] : Test skipped - MOAT004_G5_FIXTURE_PORT required.
Test Case '-[RightClickCoreTests.MOAT004G5ExternalBearerAuthorityTests testInvalidExternalAuthoritySchemeMetadataIsRejectedBeforeFetch]' skipped (0.000 seconds).
Test Case '-[RightClickCoreTests.MOAT004G5ExternalBearerAuthorityTests testMissingExternalBearerFailsBeforeProviderTransport]' started.
/private/tmp/rightclick-adoption-recovered-01a1175f/Tests/RightClickCoreTests/MOAT004G5ExternalBearerAuthorityTests.swift:73: -[RightClickCoreTests.MOAT004G5ExternalBearerAuthorityTests testMissingExternalBearerFailsBeforeProviderTransport] : Test skipped - MOAT004_G5_FIXTURE_PORT required.
Test Case '-[RightClickCoreTests.MOAT004G5ExternalBearerAuthorityTests testMissingExternalBearerFailsBeforeProviderTransport]' skipped (0.000 seconds).
Test Case '-[RightClickCoreTests.MOAT004G5ExternalBearerAuthorityTests testUnsupportedDeclaredSecurityStillAbstains]' started.
/private/tmp/rightclick-adoption-recovered-01a1175f/Tests/RightClickCoreTests/MOAT004G5ExternalBearerAuthorityTests.swift:73: -[RightClickCoreTests.MOAT004G5ExternalBearerAuthorityTests testUnsupportedDeclaredSecurityStillAbstains] : Test skipped - MOAT004_G5_FIXTURE_PORT required.
Test Case '-[RightClickCoreTests.MOAT004G5ExternalBearerAuthorityTests testUnsupportedDeclaredSecurityStillAbstains]' skipped (0.000 seconds).
Test Suite 'MOAT004G5ExternalBearerAuthorityTests' passed at 2026-10-07 20:23:55.499.
	 Executed 11 tests, with 11 tests skipped and 0 failures (0 unexpected) in 0.006 (0.007) seconds
Test Suite 'MOAT004G6RealGitHubAuthenticatedCompatibilityTests' started at 2026-10-07 20:23:55.499.
Test Case '-[RightClickCoreTests.MOAT004G6RealGitHubAuthenticatedCompatibilityTests testFrozenOfficialContractDiscoversExactAuthenticatedUserCapability]' started.
/private/tmp/rightclick-adoption-recovered-01a1175f/Tests/RightClickCoreTests/MOAT004G6RealGitHubAuthenticatedCompatibilityTests.swift:21: -[RightClickCoreTests.MOAT004G6RealGitHubAuthenticatedCompatibilityTests testFrozenOfficialContractDiscoversExactAuthenticatedUserCapability] : Test skipped - MOAT004_G6_SPEC_URL required.
Test Case '-[RightClickCoreTests.MOAT004G6RealGitHubAuthenticatedCompatibilityTests testFrozenOfficialContractDiscoversExactAuthenticatedUserCapability]' skipped (0.001 seconds).
Test Case '-[RightClickCoreTests.MOAT004G6RealGitHubAuthenticatedCompatibilityTests testRealAuthenticatedGitHubUserMatchesIndependentControl]' started.
/private/tmp/rightclick-adoption-recovered-01a1175f/Tests/RightClickCoreTests/MOAT004G6RealGitHubAuthenticatedCompatibilityTests.swift:21: -[RightClickCoreTests.MOAT004G6RealGitHubAuthenticatedCompatibilityTests testRealAuthenticatedGitHubUserMatchesIndependentControl] : Test skipped - MOAT004_G6_EXPECTED_LOGIN required.
Test Case '-[RightClickCoreTests.MOAT004G6RealGitHubAuthenticatedCompatibilityTests testRealAuthenticatedGitHubUserMatchesIndependentControl]' skipped (0.000 seconds).
Test Suite 'MOAT004G6RealGitHubAuthenticatedCompatibilityTests' passed at 2026-10-07 20:23:55.501.
	 Executed 2 tests, with 2 tests skipped and 0 failures (0 unexpected) in 0.001 (0.001) seconds
Test Suite 'MOAT005G1PathAndJSONBodyTests' started at 2026-10-07 20:23:55.501.
Test Case '-[RightClickCoreTests.MOAT005G1PathAndJSONBodyTests testCombinedContractRejectsUnknownArgumentBeforeTransport]' started.
Test Case '-[RightClickCoreTests.MOAT005G1PathAndJSONBodyTests testCombinedContractRejectsUnknownArgumentBeforeTransport]' passed (0.005 seconds).
Test Case '-[RightClickCoreTests.MOAT005G1PathAndJSONBodyTests testPathAndBodyNameCollisionAbstains]' started.
Test Case '-[RightClickCoreTests.MOAT005G1PathAndJSONBodyTests testPathAndBodyNameCollisionAbstains]' passed (0.001 seconds).
Test Case '-[RightClickCoreTests.MOAT005G1PathAndJSONBodyTests testPathAndJSONBodyPartitionsArgumentsBeforeTransport]' started.
Test Case '-[RightClickCoreTests.MOAT005G1PathAndJSONBodyTests testPathAndJSONBodyPartitionsArgumentsBeforeTransport]' passed (0.015 seconds).
Test Case '-[RightClickCoreTests.MOAT005G1PathAndJSONBodyTests testPathAndJSONBodyReflectOneCombinedClosedArgumentSchema]' started.
Test Case '-[RightClickCoreTests.MOAT005G1PathAndJSONBodyTests testPathAndJSONBodyReflectOneCombinedClosedArgumentSchema]' passed (0.002 seconds).
Test Suite 'MOAT005G1PathAndJSONBodyTests' passed at 2026-10-07 20:23:55.523.
	 Executed 4 tests, with 0 failures (0 unexpected) in 0.022 (0.022) seconds
Test Suite 'MOAT005G2MultiplePathArgumentsTests' started at 2026-10-07 20:23:55.523.
Test Case '-[RightClickCoreTests.MOAT005G2MultiplePathArgumentsTests testDuplicatePathParameterNamesAbstain]' started.
Test Case '-[RightClickCoreTests.MOAT005G2MultiplePathArgumentsTests testDuplicatePathParameterNamesAbstain]' passed (0.001 seconds).
Test Case '-[RightClickCoreTests.MOAT005G2MultiplePathArgumentsTests testMissingOneRequiredPathArgumentFailsBeforeTransport]' started.
Test Case '-[RightClickCoreTests.MOAT005G2MultiplePathArgumentsTests testMissingOneRequiredPathArgumentFailsBeforeTransport]' passed (0.004 seconds).
Test Case '-[RightClickCoreTests.MOAT005G2MultiplePathArgumentsTests testMultiplePathArgumentsReflectInCombinedSchema]' started.
Test Case '-[RightClickCoreTests.MOAT005G2MultiplePathArgumentsTests testMultiplePathArgumentsReflectInCombinedSchema]' passed (0.001 seconds).
Test Case '-[RightClickCoreTests.MOAT005G2MultiplePathArgumentsTests testMultiplePathArgumentsSubstituteAndPartition]' started.
Test Case '-[RightClickCoreTests.MOAT005G2MultiplePathArgumentsTests testMultiplePathArgumentsSubstituteAndPartition]' passed (0.009 seconds).
Test Suite 'MOAT005G2MultiplePathArgumentsTests' passed at 2026-10-07 20:23:55.540.
	 Executed 4 tests, with 0 failures (0 unexpected) in 0.016 (0.017) seconds
Test Suite 'MOAT005G3GitHubRequestSchemaTests' started at 2026-10-07 20:23:55.540.
Test Case '-[RightClickCoreTests.MOAT005G3GitHubRequestSchemaTests testFrozenGitHubRequestSchemaReflectsThroughSafeNarrowing]' started.
Test Case '-[RightClickCoreTests.MOAT005G3GitHubRequestSchemaTests testFrozenGitHubRequestSchemaReflectsThroughSafeNarrowing]' passed (0.003 seconds).
Test Case '-[RightClickCoreTests.MOAT005G3GitHubRequestSchemaTests testNarrowedSchemaRetainsRequiredTitleAndOptionalBody]' started.
Test Case '-[RightClickCoreTests.MOAT005G3GitHubRequestSchemaTests testNarrowedSchemaRetainsRequiredTitleAndOptionalBody]' passed (0.002 seconds).
Test Case '-[RightClickCoreTests.MOAT005G3GitHubRequestSchemaTests testTitleOneOfIsSafelyNarrowedToString]' started.
Test Case '-[RightClickCoreTests.MOAT005G3GitHubRequestSchemaTests testTitleOneOfIsSafelyNarrowedToString]' passed (0.001 seconds).
Test Case '-[RightClickCoreTests.MOAT005G3GitHubRequestSchemaTests testUnsupportedOptionalProviderFieldIsRejectedBeforeTransport]' started.
Test Case '-[RightClickCoreTests.MOAT005G3GitHubRequestSchemaTests testUnsupportedOptionalProviderFieldIsRejectedBeforeTransport]' passed (0.004 seconds).
Test Suite 'MOAT005G3GitHubRequestSchemaTests' passed at 2026-10-07 20:23:55.550.
	 Executed 4 tests, with 0 failures (0 unexpected) in 0.010 (0.010) seconds
Test Suite 'MOAT005G4MutationJSONResponseFallbackTests' started at 2026-10-07 20:23:55.550.
Test Case '-[RightClickCoreTests.MOAT005G4MutationJSONResponseFallbackTests testMalformed201JSONFailsProviderContract]' started.
Test Case '-[RightClickCoreTests.MOAT005G4MutationJSONResponseFallbackTests testMalformed201JSONFailsProviderContract]' passed (0.013 seconds).
Test Case '-[RightClickCoreTests.MOAT005G4MutationJSONResponseFallbackTests testRealMutationResponseReflectsWithJSONSyntaxFallback]' started.
Test Case '-[RightClickCoreTests.MOAT005G4MutationJSONResponseFallbackTests testRealMutationResponseReflectsWithJSONSyntaxFallback]' passed (0.002 seconds).
Test Case '-[RightClickCoreTests.MOAT005G4MutationJSONResponseFallbackTests testValidRealStyle201JSONIsAcceptedButUnverified]' started.
Test Case '-[RightClickCoreTests.MOAT005G4MutationJSONResponseFallbackTests testValidRealStyle201JSONIsAcceptedButUnverified]' passed (0.011 seconds).
Test Suite 'MOAT005G4MutationJSONResponseFallbackTests' passed at 2026-10-07 20:23:55.577.
	 Executed 3 tests, with 0 failures (0 unexpected) in 0.026 (0.026) seconds
Test Suite 'MOAT005G5FullFrozenGitHubContractTests' started at 2026-10-07 20:23:55.577.
Test Case '-[RightClickCoreTests.MOAT005G5FullFrozenGitHubContractTests testFullContractExposesExactClosedArguments]' started.
Test Case '-[RightClickCoreTests.MOAT005G5FullFrozenGitHubContractTests testFullContractExposesExactClosedArguments]' passed (0.846 seconds).
Test Case '-[RightClickCoreTests.MOAT005G5FullFrozenGitHubContractTests testFullContractUsesOriginBoundExternalAuthority]' started.
Test Case '-[RightClickCoreTests.MOAT005G5FullFrozenGitHubContractTests testFullContractUsesOriginBoundExternalAuthority]' passed (1.587 seconds).
Test Case '-[RightClickCoreTests.MOAT005G5FullFrozenGitHubContractTests testFullContractUsesUnverifiedJSONSyntaxResponseFallback]' started.
Test Case '-[RightClickCoreTests.MOAT005G5FullFrozenGitHubContractTests testFullContractUsesUnverifiedJSONSyntaxResponseFallback]' passed (0.918 seconds).
Test Case '-[RightClickCoreTests.MOAT005G5FullFrozenGitHubContractTests testFullFrozenOfficialContractDiscoversIssuesCreate]' started.
Test Case '-[RightClickCoreTests.MOAT005G5FullFrozenGitHubContractTests testFullFrozenOfficialContractDiscoversIssuesCreate]' passed (0.784 seconds).
Test Suite 'MOAT005G5FullFrozenGitHubContractTests' passed at 2026-10-07 20:23:59.713.
	 Executed 4 tests, with 0 failures (0 unexpected) in 4.135 (4.136) seconds
Test Suite 'MOAT005G6MultiSegmentPathTests' started at 2026-10-07 20:23:59.713.
Test Case '-[RightClickCoreTests.MOAT005G6MultiSegmentPathTests testDeclaredMultiSegmentPathPreservesHierarchyButOrdinaryArgumentsDoNot]' started.
Test Case '-[RightClickCoreTests.MOAT005G6MultiSegmentPathTests testDeclaredMultiSegmentPathPreservesHierarchyButOrdinaryArgumentsDoNot]' passed (0.012 seconds).
Test Case '-[RightClickCoreTests.MOAT005G6MultiSegmentPathTests testDeclaredMultiSegmentPathReflectsAsOrdinaryClosedStringArgument]' started.
Test Case '-[RightClickCoreTests.MOAT005G6MultiSegmentPathTests testDeclaredMultiSegmentPathReflectsAsOrdinaryClosedStringArgument]' passed (0.003 seconds).
Test Case '-[RightClickCoreTests.MOAT005G6MultiSegmentPathTests testFullFrozenGitHubContractDiscoversCreateOrUpdateContents]' started.
Test Case '-[RightClickCoreTests.MOAT005G6MultiSegmentPathTests testFullFrozenGitHubContractDiscoversCreateOrUpdateContents]' passed (0.778 seconds).
Test Case '-[RightClickCoreTests.MOAT005G6MultiSegmentPathTests testMalformedMultiSegmentExtensionAbstains]' started.
Test Case '-[RightClickCoreTests.MOAT005G6MultiSegmentPathTests testMalformedMultiSegmentExtensionAbstains]' passed (0.002 seconds).
Test Case '-[RightClickCoreTests.MOAT005G6MultiSegmentPathTests testMultiSegmentPathTraversalAndEmptySegmentsFailBeforeTransport]' started.
Test Case '-[RightClickCoreTests.MOAT005G6MultiSegmentPathTests testMultiSegmentPathTraversalAndEmptySegmentsFailBeforeTransport]' passed (0.021 seconds).
Test Case '-[RightClickCoreTests.MOAT005G6MultiSegmentPathTests testUndeclaredMultiSegmentPathKeepsSlashEncodedAsData]' started.
Test Case '-[RightClickCoreTests.MOAT005G6MultiSegmentPathTests testUndeclaredMultiSegmentPathKeepsSlashEncodedAsData]' passed (0.010 seconds).
Test Suite 'MOAT005G6MultiSegmentPathTests' passed at 2026-10-07 20:24:00.540.
	 Executed 6 tests, with 0 failures (0 unexpected) in 0.826 (0.827) seconds
Test Suite 'NativeBoundedHTTPTests' started at 2026-10-07 20:24:00.540.
Test Case '-[RightClickCoreTests.NativeBoundedHTTPTests testDeadlineCancelsNativeExchangeWithinBound]' started.
Test Case '-[RightClickCoreTests.NativeBoundedHTTPTests testDeadlineCancelsNativeExchangeWithinBound]' passed (0.591 seconds).
Test Case '-[RightClickCoreTests.NativeBoundedHTTPTests testDeclaredAndChunkedOversizeNeverReturnAnAdmittedPrefix]' started.
Test Case '-[RightClickCoreTests.NativeBoundedHTTPTests testDeclaredAndChunkedOversizeNeverReturnAnAdmittedPrefix]' passed (0.529 seconds).
Test Case '-[RightClickCoreTests.NativeBoundedHTTPTests testNativeCompletionReleasesWaiterAndReturnsExactCap]' started.
Test Case '-[RightClickCoreTests.NativeBoundedHTTPTests testNativeCompletionReleasesWaiterAndReturnsExactCap]' passed (0.353 seconds).
Test Case '-[RightClickCoreTests.NativeBoundedHTTPTests testNativeErrorAndPrematureConnectionCloseRemainFailures]' started.
Test Case '-[RightClickCoreTests.NativeBoundedHTTPTests testNativeErrorAndPrematureConnectionCloseRemainFailures]' passed (0.338 seconds).
Test Case '-[RightClickCoreTests.NativeBoundedHTTPTests testRedirectNeverReachesNewTarget]' started.
Test Case '-[RightClickCoreTests.NativeBoundedHTTPTests testRedirectNeverReachesNewTarget]' passed (0.244 seconds).
Test Suite 'NativeBoundedHTTPTests' passed at 2026-10-07 20:24:02.595.
	 Executed 5 tests, with 0 failures (0 unexpected) in 2.054 (2.055) seconds
Test Suite 'NativeMutationLeaseRedTests' started at 2026-10-07 20:24:02.595.
Test Case '-[RightClickCLITests.NativeMutationLeaseRedTests testConfigureFailsClosedIfAbsentPlanDriftsToConflictBeforeApply]' started.
Test Case '-[RightClickCLITests.NativeMutationLeaseRedTests testConfigureFailsClosedIfAbsentPlanDriftsToConflictBeforeApply]' passed (0.465 seconds).
Test Case '-[RightClickCLITests.NativeMutationLeaseRedTests testConfigureFreshlyInspectsImmediatelyBeforeNativeAdd]' started.
Test Case '-[RightClickCLITests.NativeMutationLeaseRedTests testConfigureFreshlyInspectsImmediatelyBeforeNativeAdd]' passed (0.547 seconds).
Test Case '-[RightClickCLITests.NativeMutationLeaseRedTests testDisconnectFailsClosedIfExactPlanDriftsToConflictBeforeApply]' started.
Test Case '-[RightClickCLITests.NativeMutationLeaseRedTests testDisconnectFailsClosedIfExactPlanDriftsToConflictBeforeApply]' passed (0.448 seconds).
Test Case '-[RightClickCLITests.NativeMutationLeaseRedTests testDisconnectFreshlyInspectsImmediatelyBeforeNativeRemove]' started.
Test Case '-[RightClickCLITests.NativeMutationLeaseRedTests testDisconnectFreshlyInspectsImmediatelyBeforeNativeRemove]' passed (0.519 seconds).
Test Suite 'NativeMutationLeaseRedTests' passed at 2026-10-07 20:24:04.575.
	 Executed 4 tests, with 0 failures (0 unexpected) in 1.979 (1.980) seconds
Test Suite 'NetworkOriginAuthorityTests' started at 2026-10-07 20:24:04.575.
Test Case '-[RightClickCoreTests.NetworkOriginAuthorityTests testInvocationRedirectCannotEscapeDiscoveredOrigin]' started.
/private/tmp/rightclick-adoption-recovered-01a1175f/Tests/RightClickCoreTests/NetworkOriginAuthorityTests.swift:33: -[RightClickCoreTests.NetworkOriginAuthorityTests testInvocationRedirectCannotEscapeDiscoveredOrigin] : Test skipped - NS007_SOURCE_PORT and NS007_SINK_PORT required.
Test Case '-[RightClickCoreTests.NetworkOriginAuthorityTests testInvocationRedirectCannotEscapeDiscoveredOrigin]' skipped (0.001 seconds).
Test Case '-[RightClickCoreTests.NetworkOriginAuthorityTests testSpecificationRedirectCannotEscapeDiscoveredOrigin]' started.
/private/tmp/rightclick-adoption-recovered-01a1175f/Tests/RightClickCoreTests/NetworkOriginAuthorityTests.swift:33: -[RightClickCoreTests.NetworkOriginAuthorityTests testSpecificationRedirectCannotEscapeDiscoveredOrigin] : Test skipped - NS007_SOURCE_PORT and NS007_SINK_PORT required.
Test Case '-[RightClickCoreTests.NetworkOriginAuthorityTests testSpecificationRedirectCannotEscapeDiscoveredOrigin]' skipped (0.001 seconds).
Test Suite 'NetworkOriginAuthorityTests' passed at 2026-10-07 20:24:04.577.
	 Executed 2 tests, with 2 tests skipped and 0 failures (0 unexpected) in 0.002 (0.002) seconds
Test Suite 'OAuthOIDCAuthorityTests' started at 2026-10-07 20:24:04.577.
Test Case '-[RightClickCoreTests.OAuthOIDCAuthorityTests testAuthorizationURLUsesPKCES256AndNeverVerifier]' started.
Test Case '-[RightClickCoreTests.OAuthOIDCAuthorityTests testAuthorizationURLUsesPKCES256AndNeverVerifier]' passed (0.003 seconds).
Test Case '-[RightClickCoreTests.OAuthOIDCAuthorityTests testBindingIsExactAcrossIssuerResourceClientAndScopes]' started.
Test Case '-[RightClickCoreTests.OAuthOIDCAuthorityTests testBindingIsExactAcrossIssuerResourceClientAndScopes]' passed (0.002 seconds).
Test Case '-[RightClickCoreTests.OAuthOIDCAuthorityTests testKeychainRoundTripIsBoundToExactAuthorityLease]' started.
Test Case '-[RightClickCoreTests.OAuthOIDCAuthorityTests testKeychainRoundTripIsBoundToExactAuthorityLease]' passed (0.068 seconds).
Test Case '-[RightClickCoreTests.OAuthOIDCAuthorityTests testLoopbackRedirectAndSecretValidationFailClosed]' started.
Test Case '-[RightClickCoreTests.OAuthOIDCAuthorityTests testLoopbackRedirectAndSecretValidationFailClosed]' passed (0.002 seconds).
Test Case '-[RightClickCoreTests.OAuthOIDCAuthorityTests testMetadataDiscoveryURLsPreserveIssuerPathSemantics]' started.
Test Case '-[RightClickCoreTests.OAuthOIDCAuthorityTests testMetadataDiscoveryURLsPreserveIssuerPathSemantics]' passed (0.000 seconds).
Test Case '-[RightClickCoreTests.OAuthOIDCAuthorityTests testMetadataRequiresExactIssuerHTTPSAndS256]' started.
Test Case '-[RightClickCoreTests.OAuthOIDCAuthorityTests testMetadataRequiresExactIssuerHTTPSAndS256]' passed (0.001 seconds).
Test Case '-[RightClickCoreTests.OAuthOIDCAuthorityTests testRFC7636S256Vector]' started.
Test Case '-[RightClickCoreTests.OAuthOIDCAuthorityTests testRFC7636S256Vector]' passed (0.000 seconds).
Test Case '-[RightClickCoreTests.OAuthOIDCAuthorityTests testTokenBundleScopeAndExpiryLease]' started.
Test Case '-[RightClickCoreTests.OAuthOIDCAuthorityTests testTokenBundleScopeAndExpiryLease]' passed (0.000 seconds).
Test Suite 'OAuthOIDCAuthorityTests' passed at 2026-10-07 20:24:04.656.
	 Executed 8 tests, with 0 failures (0 unexpected) in 0.077 (0.078) seconds
Test Suite 'OnboardingEngineTests' started at 2026-10-07 20:24:04.656.
Test Case '-[RightClickCLITests.OnboardingEngineTests testClientStateVocabularySeparatesConfigurationConnectionAndAttestation]' started.
Test Case '-[RightClickCLITests.OnboardingEngineTests testClientStateVocabularySeparatesConfigurationConnectionAndAttestation]' passed (0.000 seconds).
Test Case '-[RightClickCLITests.OnboardingEngineTests testDisconnectRemovesOnlyOwnedEntryAfterIndependentEdits]' started.
Test Case '-[RightClickCLITests.OnboardingEngineTests testDisconnectRemovesOnlyOwnedEntryAfterIndependentEdits]' passed (0.024 seconds).
Test Case '-[RightClickCLITests.OnboardingEngineTests testGenericEngineFailsClosedOnConflictingOwnedEntry]' started.
Test Case '-[RightClickCLITests.OnboardingEngineTests testGenericEngineFailsClosedOnConflictingOwnedEntry]' passed (0.006 seconds).
Test Case '-[RightClickCLITests.OnboardingEngineTests testGenericEngineUsesAdapterAndPreservesUnrelatedConfiguration]' started.
Test Case '-[RightClickCLITests.OnboardingEngineTests testGenericEngineUsesAdapterAndPreservesUnrelatedConfiguration]' passed (0.014 seconds).
Test Case '-[RightClickCLITests.OnboardingEngineTests testPostWriteFailureRemovesConfigurationCreatedFromNothing]' started.
Test Case '-[RightClickCLITests.OnboardingEngineTests testPostWriteFailureRemovesConfigurationCreatedFromNothing]' passed (0.011 seconds).
Test Case '-[RightClickCLITests.OnboardingEngineTests testPostWriteVerificationFailurePreservesNewerClientContent]' started.
Test Case '-[RightClickCLITests.OnboardingEngineTests testPostWriteVerificationFailurePreservesNewerClientContent]' passed (0.013 seconds).
Test Suite 'OnboardingEngineTests' passed at 2026-10-07 20:24:04.724.
	 Executed 6 tests, with 0 failures (0 unexpected) in 0.067 (0.069) seconds
Test Suite 'OpenAPIAcknowledgementTests' started at 2026-10-07 20:24:04.724.
Test Case '-[RightClickCoreTests.OpenAPIAcknowledgementTests testAcknowledgementCannotSatisfyCallerReturnedValuePostcondition]' started.
Test Case '-[RightClickCoreTests.OpenAPIAcknowledgementTests testAcknowledgementCannotSatisfyCallerReturnedValuePostcondition]' passed (0.901 seconds).
Test Case '-[RightClickCoreTests.OpenAPIAcknowledgementTests testAcknowledgementHasNoTypedOutputAndRemainsUnverified]' started.
Test Case '-[RightClickCoreTests.OpenAPIAcknowledgementTests testAcknowledgementHasNoTypedOutputAndRemainsUnverified]' passed (0.598 seconds).
Test Case '-[RightClickCoreTests.OpenAPIAcknowledgementTests testConfirmationAndCurrentHostPolicyStopAcknowledgementMutation]' started.
Test Case '-[RightClickCoreTests.OpenAPIAcknowledgementTests testConfirmationAndCurrentHostPolicyStopAcknowledgementMutation]' passed (0.507 seconds).
Test Case '-[RightClickCoreTests.OpenAPIAcknowledgementTests testIndependentStructuredObservationVerifiesActualEffectAndSignsReceipt]' started.
Test Case '-[RightClickCoreTests.OpenAPIAcknowledgementTests testIndependentStructuredObservationVerifiesActualEffectAndSignsReceipt]' passed (0.730 seconds).
Test Case '-[RightClickCoreTests.OpenAPIAcknowledgementTests testUndeclared2xxStatusRemainsUnknownDespiteActualEffect]' started.
Test Case '-[RightClickCoreTests.OpenAPIAcknowledgementTests testUndeclared2xxStatusRemainsUnknownDespiteActualEffect]' passed (0.516 seconds).
Test Case '-[RightClickCoreTests.OpenAPIAcknowledgementTests testWrongOrMissingExternalEffectNeverBecomesSuccess]' started.
Test Case '-[RightClickCoreTests.OpenAPIAcknowledgementTests testWrongOrMissingExternalEffectNeverBecomesSuccess]' passed (0.657 seconds).
Test Suite 'OpenAPIAcknowledgementTests' passed at 2026-10-07 20:24:08.634.
	 Executed 6 tests, with 0 failures (0 unexpected) in 3.909 (3.910) seconds
Test Suite 'OpenAPIAcquisitionBoundsTests' started at 2026-10-07 20:24:08.634.
Test Case '-[RightClickCoreTests.OpenAPIAcquisitionBoundsTests testSmallSpecificationIsAccepted]' started.
/private/tmp/rightclick-adoption-recovered-01a1175f/Tests/RightClickCoreTests/OpenAPIAcquisitionBoundsTests.swift:27: -[RightClickCoreTests.OpenAPIAcquisitionBoundsTests testSmallSpecificationIsAccepted] : Test skipped - NS008_FIXTURE_PORT required.
Test Case '-[RightClickCoreTests.OpenAPIAcquisitionBoundsTests testSmallSpecificationIsAccepted]' skipped (0.001 seconds).
Test Case '-[RightClickCoreTests.OpenAPIAcquisitionBoundsTests testSpecificationAcquisitionHasFiveSecondDeadline]' started.
/private/tmp/rightclick-adoption-recovered-01a1175f/Tests/RightClickCoreTests/OpenAPIAcquisitionBoundsTests.swift:27: -[RightClickCoreTests.OpenAPIAcquisitionBoundsTests testSpecificationAcquisitionHasFiveSecondDeadline] : Test skipped - NS008_FIXTURE_PORT required.
Test Case '-[RightClickCoreTests.OpenAPIAcquisitionBoundsTests testSpecificationAcquisitionHasFiveSecondDeadline]' skipped (0.000 seconds).
Test Case '-[RightClickCoreTests.OpenAPIAcquisitionBoundsTests testSpecificationExactlyAtByteLimitIsAccepted]' started.
/private/tmp/rightclick-adoption-recovered-01a1175f/Tests/RightClickCoreTests/OpenAPIAcquisitionBoundsTests.swift:27: -[RightClickCoreTests.OpenAPIAcquisitionBoundsTests testSpecificationExactlyAtByteLimitIsAccepted] : Test skipped - NS008_FIXTURE_PORT required.
Test Case '-[RightClickCoreTests.OpenAPIAcquisitionBoundsTests testSpecificationExactlyAtByteLimitIsAccepted]' skipped (0.000 seconds).
Test Case '-[RightClickCoreTests.OpenAPIAcquisitionBoundsTests testSpecificationOneByteOverLegacyGenericLimitIsAcceptedByOpenAPISource]' started.
/private/tmp/rightclick-adoption-recovered-01a1175f/Tests/RightClickCoreTests/OpenAPIAcquisitionBoundsTests.swift:27: -[RightClickCoreTests.OpenAPIAcquisitionBoundsTests testSpecificationOneByteOverLegacyGenericLimitIsAcceptedByOpenAPISource] : Test skipped - NS008_FIXTURE_PORT required.
Test Case '-[RightClickCoreTests.OpenAPIAcquisitionBoundsTests testSpecificationOneByteOverLegacyGenericLimitIsAcceptedByOpenAPISource]' skipped (0.001 seconds).
Test Suite 'OpenAPIAcquisitionBoundsTests' passed at 2026-10-07 20:24:08.637.
	 Executed 4 tests, with 4 tests skipped and 0 failures (0 unexpected) in 0.002 (0.003) seconds
Test Suite 'OpenAPIAuthorityManagementTests' started at 2026-10-07 20:24:08.637.
Test Case '-[RightClickCoreTests.OpenAPIAuthorityManagementTests testAuthorityDeleteIsScopedToExactOriginAndScheme]' started.
Test Case '-[RightClickCoreTests.OpenAPIAuthorityManagementTests testAuthorityDeleteIsScopedToExactOriginAndScheme]' passed (0.067 seconds).
Test Case '-[RightClickCoreTests.OpenAPIAuthorityManagementTests testAuthorityManagementRequiresCredentialFreeHTTPSOrigin]' started.
Test Case '-[RightClickCoreTests.OpenAPIAuthorityManagementTests testAuthorityManagementRequiresCredentialFreeHTTPSOrigin]' passed (0.001 seconds).
Test Case '-[RightClickCoreTests.OpenAPIAuthorityManagementTests testManagementStoreWritesTheExactAccountExecutionReads]' started.
Test Case '-[RightClickCoreTests.OpenAPIAuthorityManagementTests testManagementStoreWritesTheExactAccountExecutionReads]' passed (0.023 seconds).
Test Suite 'OpenAPIAuthorityManagementTests' passed at 2026-10-07 20:24:08.729.
	 Executed 3 tests, with 0 failures (0 unexpected) in 0.091 (0.091) seconds
Test Suite 'OpenAPIAuthorityTests' started at 2026-10-07 20:24:08.729.
Test Case '-[RightClickCoreTests.OpenAPIAuthorityTests testBearerAuthorityDoesNotCrossOrigin]' started.
Test Case '-[RightClickCoreTests.OpenAPIAuthorityTests testBearerAuthorityDoesNotCrossOrigin]' passed (0.025 seconds).
Test Case '-[RightClickCoreTests.OpenAPIAuthorityTests testBearerAuthorityIsInjectedFromOriginBoundKeychainWithoutSecretDisclosure]' started.
Test Case '-[RightClickCoreTests.OpenAPIAuthorityTests testBearerAuthorityIsInjectedFromOriginBoundKeychainWithoutSecretDisclosure]' passed (0.041 seconds).
Test Case '-[RightClickCoreTests.OpenAPIAuthorityTests testBearerSecurityRequirementReflectsGenericAuthorityMetadataWithoutSecret]' started.
Test Case '-[RightClickCoreTests.OpenAPIAuthorityTests testBearerSecurityRequirementReflectsGenericAuthorityMetadataWithoutSecret]' passed (0.002 seconds).
Test Case '-[RightClickCoreTests.OpenAPIAuthorityTests testExplicitEmptyOperationSecurityOverridesRootSecurityAsPublic]' started.
Test Case '-[RightClickCoreTests.OpenAPIAuthorityTests testExplicitEmptyOperationSecurityOverridesRootSecurityAsPublic]' passed (0.012 seconds).
Test Case '-[RightClickCoreTests.OpenAPIAuthorityTests testMissingBearerAuthorityFailsBeforeTransport]' started.
Test Case '-[RightClickCoreTests.OpenAPIAuthorityTests testMissingBearerAuthorityFailsBeforeTransport]' passed (0.007 seconds).
Test Case '-[RightClickCoreTests.OpenAPIAuthorityTests testRootLevelSecurityIsNotSilentlyIgnored]' started.
Test Case '-[RightClickCoreTests.OpenAPIAuthorityTests testRootLevelSecurityIsNotSilentlyIgnored]' passed (0.007 seconds).
Test Case '-[RightClickCoreTests.OpenAPIAuthorityTests testUnsupportedSecurityRequirementsAbstainRatherThanGuessing]' started.
Test Case '-[RightClickCoreTests.OpenAPIAuthorityTests testUnsupportedSecurityRequirementsAbstainRatherThanGuessing]' passed (0.006 seconds).
Test Suite 'OpenAPIAuthorityTests' passed at 2026-10-07 20:24:08.828.
	 Executed 7 tests, with 0 failures (0 unexpected) in 0.098 (0.099) seconds
Test Suite 'OpenAPIRealProviderAcceptanceTests' started at 2026-10-07 20:24:08.828.
Test Case '-[RightClickCoreTests.OpenAPIRealProviderAcceptanceTests testRealLocalhostProviderThroughUniversalRuntime]' started.
/private/tmp/rightclick-adoption-recovered-01a1175f/Tests/RightClickCoreTests/OpenAPIRealProviderAcceptanceTests.swift:62: -[RightClickCoreTests.OpenAPIRealProviderAcceptanceTests testRealLocalhostProviderThroughUniversalRuntime] : Test skipped - NS004_OPENAPI_BASE_URL is required for the real-provider gate.
Test Case '-[RightClickCoreTests.OpenAPIRealProviderAcceptanceTests testRealLocalhostProviderThroughUniversalRuntime]' skipped (0.001 seconds).
Test Suite 'OpenAPIRealProviderAcceptanceTests' passed at 2026-10-07 20:24:08.829.
	 Executed 1 test, with 1 test skipped and 0 failures (0 unexpected) in 0.001 (0.001) seconds
Test Suite 'OpenAPIReflectorTests' started at 2026-10-07 20:24:08.829.
Test Case '-[RightClickCoreTests.OpenAPIReflectorTests testCapabilityIdentityBindsEndpointAndSpecification]' started.
Test Case '-[RightClickCoreTests.OpenAPIReflectorTests testCapabilityIdentityBindsEndpointAndSpecification]' passed (0.003 seconds).
Test Case '-[RightClickCoreTests.OpenAPIReflectorTests testExistingVerifierCanVerifyOpenAPIResult]' started.
Test Case '-[RightClickCoreTests.OpenAPIReflectorTests testExistingVerifierCanVerifyOpenAPIResult]' passed (0.007 seconds).
Test Case '-[RightClickCoreTests.OpenAPIReflectorTests testExistingVerifierRejectsWrongOpenAPIResult]' started.
Test Case '-[RightClickCoreTests.OpenAPIReflectorTests testExistingVerifierRejectsWrongOpenAPIResult]' passed (0.007 seconds).
Test Case '-[RightClickCoreTests.OpenAPIReflectorTests testGETPathParameterArgumentsFailClosedBeforeTransport]' started.
Test Case '-[RightClickCoreTests.OpenAPIReflectorTests testGETPathParameterArgumentsFailClosedBeforeTransport]' passed (0.008 seconds).
Test Case '-[RightClickCoreTests.OpenAPIReflectorTests testGETPathParameterUsesGenericArgumentsPercentEncodesAndSendsNoBody]' started.
Test Case '-[RightClickCoreTests.OpenAPIReflectorTests testGETPathParameterUsesGenericArgumentsPercentEncodesAndSendsNoBody]' passed (0.008 seconds).
Test Case '-[RightClickCoreTests.OpenAPIReflectorTests testGETUnsupportedParameterShapesAbstainRatherThanGuessing]' started.
Test Case '-[RightClickCoreTests.OpenAPIReflectorTests testGETUnsupportedParameterShapesAbstainRatherThanGuessing]' passed (0.002 seconds).
Test Case '-[RightClickCoreTests.OpenAPIReflectorTests testGETWithRequiredStringPathParameterReflectsGenericArgumentSchema]' started.
Test Case '-[RightClickCoreTests.OpenAPIReflectorTests testGETWithRequiredStringPathParameterReflectsGenericArgumentSchema]' passed (0.002 seconds).
Test Case '-[RightClickCoreTests.OpenAPIReflectorTests testHTTPAcceptanceIsNotSemanticSuccess]' started.
Test Case '-[RightClickCoreTests.OpenAPIReflectorTests testHTTPAcceptanceIsNotSemanticSuccess]' passed (0.007 seconds).
Test Case '-[RightClickCoreTests.OpenAPIReflectorTests testMissingOperationIDAbstains]' started.
Test Case '-[RightClickCoreTests.OpenAPIReflectorTests testMissingOperationIDAbstains]' passed (0.001 seconds).
Test Case '-[RightClickCoreTests.OpenAPIReflectorTests testStructuredJSONObjectArgumentsFailClosedBeforeTransport]' started.
Test Case '-[RightClickCoreTests.OpenAPIReflectorTests testStructuredJSONObjectArgumentsFailClosedBeforeTransport]' passed (0.008 seconds).
Test Case '-[RightClickCoreTests.OpenAPIReflectorTests testStructuredJSONObjectOperationUsesGenericArgumentsAndReturnsCanonicalJSON]' started.
Test Case '-[RightClickCoreTests.OpenAPIReflectorTests testStructuredJSONObjectOperationUsesGenericArgumentsAndReturnsCanonicalJSON]' passed (0.008 seconds).
Test Case '-[RightClickCoreTests.OpenAPIReflectorTests testSupportedStructuredJSONObjectOperationReflectsGenericArgumentSchema]' started.
Test Case '-[RightClickCoreTests.OpenAPIReflectorTests testSupportedStructuredJSONObjectOperationReflectsGenericArgumentSchema]' passed (0.001 seconds).
Test Case '-[RightClickCoreTests.OpenAPIReflectorTests testUnknownOpenAPISpecReflectsTextOperation]' started.
Test Case '-[RightClickCoreTests.OpenAPIReflectorTests testUnknownOpenAPISpecReflectsTextOperation]' passed (0.001 seconds).
Test Case '-[RightClickCoreTests.OpenAPIReflectorTests testUnsupportedSchemaAbstainsRatherThanGuessing]' started.
Test Case '-[RightClickCoreTests.OpenAPIReflectorTests testUnsupportedSchemaAbstainsRatherThanGuessing]' passed (0.001 seconds).
Test Suite 'OpenAPIReflectorTests' passed at 2026-10-07 20:24:08.894.
	 Executed 14 tests, with 0 failures (0 unexpected) in 0.063 (0.065) seconds
Test Suite 'OutcomeVerifierTests' started at 2026-10-07 20:24:08.894.
Test Case '-[RightClickCoreTests.OutcomeVerifierTests testAnyFalseRequiredPredicateMakesWholeOutcomeFail]' started.
Test Case '-[RightClickCoreTests.OutcomeVerifierTests testAnyFalseRequiredPredicateMakesWholeOutcomeFail]' passed (0.007 seconds).
Test Case '-[RightClickCoreTests.OutcomeVerifierTests testExactReturnedTextCanVerifySuccess]' started.
Test Case '-[RightClickCoreTests.OutcomeVerifierTests testExactReturnedTextCanVerifySuccess]' passed (0.000 seconds).
Test Case '-[RightClickCoreTests.OutcomeVerifierTests testMetadataValueStillPresentIsVerifiedFailure]' started.
Test Case '-[RightClickCoreTests.OutcomeVerifierTests testMetadataValueStillPresentIsVerifiedFailure]' passed (0.013 seconds).
Test Case '-[RightClickCoreTests.OutcomeVerifierTests testNoPostconditionsCannotBecomeSuccess]' started.
Test Case '-[RightClickCoreTests.OutcomeVerifierTests testNoPostconditionsCannotBecomeSuccess]' passed (0.000 seconds).
Test Case '-[RightClickCoreTests.OutcomeVerifierTests testVerificationSpecRoundTripsThroughJSON]' started.
Test Case '-[RightClickCoreTests.OutcomeVerifierTests testVerificationSpecRoundTripsThroughJSON]' passed (0.001 seconds).
Test Case '-[RightClickCoreTests.OutcomeVerifierTests testXattrRemovalAndUnchangedBytesVerifySuccess]' started.
Test Case '-[RightClickCoreTests.OutcomeVerifierTests testXattrRemovalAndUnchangedBytesVerifySuccess]' passed (0.136 seconds).
Test Suite 'OutcomeVerifierTests' passed at 2026-10-07 20:24:09.052.
	 Executed 6 tests, with 0 failures (0 unexpected) in 0.157 (0.158) seconds
Test Suite 'PolicyTests' started at 2026-10-07 20:24:09.052.
Test Case '-[RightClickCoreTests.PolicyTests testActionExtensionIsNotInvokable]' started.
Test Case '-[RightClickCoreTests.PolicyTests testActionExtensionIsNotInvokable]' passed (0.000 seconds).
Test Case '-[RightClickCoreTests.PolicyTests testCodeExecutionRequiresConfirmationEvenWithTextOutput]' started.
Test Case '-[RightClickCoreTests.PolicyTests testCodeExecutionRequiresConfirmationEvenWithTextOutput]' passed (0.000 seconds).
Test Case '-[RightClickCoreTests.PolicyTests testContentClassification]' started.
Test Case '-[RightClickCoreTests.PolicyTests testContentClassification]' passed (0.000 seconds).
Test Case '-[RightClickCoreTests.PolicyTests testDedupeKeepsFirstIdentifier]' started.
Test Case '-[RightClickCoreTests.PolicyTests testDedupeKeepsFirstIdentifier]' passed (0.000 seconds).
Test Case '-[RightClickCoreTests.PolicyTests testDestructiveRequiresConfirmation]' started.
Test Case '-[RightClickCoreTests.PolicyTests testDestructiveRequiresConfirmation]' passed (0.000 seconds).
Test Case '-[RightClickCoreTests.PolicyTests testExternalShareRequiresConfirmation]' started.
Test Case '-[RightClickCoreTests.PolicyTests testExternalShareRequiresConfirmation]' passed (0.000 seconds).
Test Case '-[RightClickCoreTests.PolicyTests testSecurityChangeRequiresConfirmationEvenWithTextOutput]' started.
Test Case '-[RightClickCoreTests.PolicyTests testSecurityChangeRequiresConfirmationEvenWithTextOutput]' passed (0.000 seconds).
Test Case '-[RightClickCoreTests.PolicyTests testServiceIdentifierPrefersMessage]' started.
Test Case '-[RightClickCoreTests.PolicyTests testServiceIdentifierPrefersMessage]' passed (0.000 seconds).
Test Case '-[RightClickCoreTests.PolicyTests testSharingIdentifierFallsBackToTitleSlug]' started.
Test Case '-[RightClickCoreTests.PolicyTests testSharingIdentifierFallsBackToTitleSlug]' passed (0.000 seconds).
Test Case '-[RightClickCoreTests.PolicyTests testSharingIdentifierUsesPublicName]' started.
Test Case '-[RightClickCoreTests.PolicyTests testSharingIdentifierUsesPublicName]' passed (0.000 seconds).
Test Case '-[RightClickCoreTests.PolicyTests testTextTransformContractStillRequiresConfirmation]' started.
Test Case '-[RightClickCoreTests.PolicyTests testTextTransformContractStillRequiresConfirmation]' passed (0.000 seconds).
Test Case '-[RightClickCoreTests.PolicyTests testUntrustedTextReturnContractCannotGrantReadOnlyPermission]' started.
Test Case '-[RightClickCoreTests.PolicyTests testUntrustedTextReturnContractCannotGrantReadOnlyPermission]' passed (0.000 seconds).
Test Suite 'PolicyTests' passed at 2026-10-07 20:24:09.056.
	 Executed 12 tests, with 0 failures (0 unexpected) in 0.003 (0.004) seconds
Test Suite 'PortableClientLifecycleTests' started at 2026-10-07 20:24:09.056.
Test Case '-[RightClickCLITests.PortableClientLifecycleTests testBoundedPathInspectionStillRejectsAnAncestorSymlink]' started.
Test Case '-[RightClickCLITests.PortableClientLifecycleTests testBoundedPathInspectionStillRejectsAnAncestorSymlink]' passed (0.004 seconds).
Test Case '-[RightClickCLITests.PortableClientLifecycleTests testConfigurationPathInspectionTerminatesAtRoot]' started.
Test Case '-[RightClickCLITests.PortableClientLifecycleTests testConfigurationPathInspectionTerminatesAtRoot]' passed (0.003 seconds).
Test Case '-[RightClickCLITests.PortableClientLifecycleTests testExecutableUpgradeDuringVerificationRestoresOriginalConfigAndOwnership]' started.
Test Case '-[RightClickCLITests.PortableClientLifecycleTests testExecutableUpgradeDuringVerificationRestoresOriginalConfigAndOwnership]' passed (0.045 seconds).
Test Case '-[RightClickCLITests.PortableClientLifecycleTests testFailedPostRepairProbeRestoresExactOriginalConfigAndOwnership]' started.
Test Case '-[RightClickCLITests.PortableClientLifecycleTests testFailedPostRepairProbeRestoresExactOriginalConfigAndOwnership]' passed (0.047 seconds).
Test Case '-[RightClickCLITests.PortableClientLifecycleTests testGenericCannotAbandonPriorRecordedConfigBySelectingAnotherFile]' started.
Test Case '-[RightClickCLITests.PortableClientLifecycleTests testGenericCannotAbandonPriorRecordedConfigBySelectingAnotherFile]' passed (0.023 seconds).
Test Case '-[RightClickCLITests.PortableClientLifecycleTests testGenericNeedsAnExplicitAbsoluteConfiguration]' started.
Test Case '-[RightClickCLITests.PortableClientLifecycleTests testGenericNeedsAnExplicitAbsoluteConfiguration]' passed (0.002 seconds).
Test Case '-[RightClickCLITests.PortableClientLifecycleTests testLiveProbeRejectsMissingExecutableWithoutChangingClientConfig]' started.
Test Case '-[RightClickCLITests.PortableClientLifecycleTests testLiveProbeRejectsMissingExecutableWithoutChangingClientConfig]' passed (0.002 seconds).
Test Case '-[RightClickCLITests.PortableClientLifecycleTests testOwnershipPostconditionConflictPreservesNewerLedgerAndReportsUnknown]' started.
Test Case '-[RightClickCLITests.PortableClientLifecycleTests testOwnershipPostconditionConflictPreservesNewerLedgerAndReportsUnknown]' passed (0.043 seconds).
Test Case '-[RightClickCLITests.PortableClientLifecycleTests testOwnershipRecordContainsOnlyRecipeAndExecutableEvidence]' started.
Test Case '-[RightClickCLITests.PortableClientLifecycleTests testOwnershipRecordContainsOnlyRecipeAndExecutableEvidence]' passed (0.023 seconds).
Test Case '-[RightClickCLITests.PortableClientLifecycleTests testPostRepairProbeCannotOverwriteNewerClientStateDuringRollback]' started.
Test Case '-[RightClickCLITests.PortableClientLifecycleTests testPostRepairProbeCannotOverwriteNewerClientStateDuringRollback]' passed (0.048 seconds).
Test Case '-[RightClickCLITests.PortableClientLifecycleTests testRepairDoesNotAdoptExistingRegistrationWhenOwnershipMissing]' started.
Test Case '-[RightClickCLITests.PortableClientLifecycleTests testRepairDoesNotAdoptExistingRegistrationWhenOwnershipMissing]' passed (0.010 seconds).
Test Case '-[RightClickCLITests.PortableClientLifecycleTests testRepairDryRunDoesNotChangeOwnershipOrConfigurationOrProbe]' started.
Test Case '-[RightClickCLITests.PortableClientLifecycleTests testRepairDryRunDoesNotChangeOwnershipOrConfigurationOrProbe]' passed (0.023 seconds).
Test Case '-[RightClickCLITests.PortableClientLifecycleTests testRepairPreservesUnownedConflictingRegistration]' started.
Test Case '-[RightClickCLITests.PortableClientLifecycleTests testRepairPreservesUnownedConflictingRegistration]' passed (0.022 seconds).
Test Case '-[RightClickCLITests.PortableClientLifecycleTests testRepairReplacesOnlyRecordedRecipeAndPreservesOtherClientContent]' started.
Test Case '-[RightClickCLITests.PortableClientLifecycleTests testRepairReplacesOnlyRecordedRecipeAndPreservesOtherClientContent]' passed (0.043 seconds).
Test Case '-[RightClickCLITests.PortableClientLifecycleTests testSetupRollsBackWhenOwnershipLedgerIsMalformed]' started.
Test Case '-[RightClickCLITests.PortableClientLifecycleTests testSetupRollsBackWhenOwnershipLedgerIsMalformed]' passed (0.008 seconds).
Test Suite 'PortableClientLifecycleTests' passed at 2026-10-07 20:24:09.406.
	 Executed 15 tests, with 0 failures (0 unexpected) in 0.347 (0.350) seconds
Test Suite 'PortableRuntimeTests' started at 2026-10-07 20:24:09.406.
Test Case '-[RightClickCoreTests.PortableRuntimeTests testFilesAndUnknownExtensionsAreConservative]' started.
Test Case '-[RightClickCoreTests.PortableRuntimeTests testFilesAndUnknownExtensionsAreConservative]' passed (0.004 seconds).
Test Case '-[RightClickCoreTests.PortableRuntimeTests testHostStorageDoesNotAcceptRelativeEnvironmentPaths]' started.
Test Case '-[RightClickCoreTests.PortableRuntimeTests testHostStorageDoesNotAcceptRelativeEnvironmentPaths]' passed (0.001 seconds).
Test Case '-[RightClickCoreTests.PortableRuntimeTests testNativeCatalogIsAbsentOnOtherHosts]' started.
Test Case '-[RightClickCoreTests.PortableRuntimeTests testNativeCatalogIsAbsentOnOtherHosts]' passed (0.000 seconds).
Test Case '-[RightClickCoreTests.PortableRuntimeTests testNativeJSONBooleanIdentityCannotBecomeNumericLength]' started.
Test Case '-[RightClickCoreTests.PortableRuntimeTests testNativeJSONBooleanIdentityCannotBecomeNumericLength]' passed (0.001 seconds).
Test Case '-[RightClickCoreTests.PortableRuntimeTests testPKCEUsesPortableCryptographicRandomness]' started.
Test Case '-[RightClickCoreTests.PortableRuntimeTests testPKCEUsesPortableCryptographicRandomness]' passed (0.000 seconds).
Test Case '-[RightClickCoreTests.PortableRuntimeTests testStableTextAndURLClassification]' started.
Test Case '-[RightClickCoreTests.PortableRuntimeTests testStableTextAndURLClassification]' passed (0.001 seconds).
Test Case '-[RightClickCoreTests.PortableRuntimeTests testUnavailableSecureStorageAbstains]' started.
Test Case '-[RightClickCoreTests.PortableRuntimeTests testUnavailableSecureStorageAbstains]' passed (0.000 seconds).
Test Suite 'PortableRuntimeTests' passed at 2026-10-07 20:24:09.414.
	 Executed 7 tests, with 0 failures (0 unexpected) in 0.007 (0.008) seconds
Test Suite 'ProductSurfaceRuntimeTests' started at 2026-10-07 20:24:09.414.
Test Case '-[RightClickCoreTests.ProductSurfaceRuntimeTests testRuntimeIdentityReportsExactExecutableBytes]' started.
Test Case '-[RightClickCoreTests.ProductSurfaceRuntimeTests testRuntimeIdentityReportsExactExecutableBytes]' passed (0.001 seconds).
Test Suite 'ProductSurfaceRuntimeTests' passed at 2026-10-07 20:24:09.415.
	 Executed 1 test, with 0 failures (0 unexpected) in 0.001 (0.001) seconds
Test Suite 'ProviderConfigurationCLITests' started at 2026-10-07 20:24:09.415.
Test Case '-[RightClickCLITests.ProviderConfigurationCLITests testProviderAddListAndRemoveRoundTrip]' started.
Test Case '-[RightClickCLITests.ProviderConfigurationCLITests testProviderAddListAndRemoveRoundTrip]' passed (0.004 seconds).
Test Case '-[RightClickCLITests.ProviderConfigurationCLITests testProviderCLIRejectsCredentialOptionAndHTTPURL]' started.
Test Case '-[RightClickCLITests.ProviderConfigurationCLITests testProviderCLIRejectsCredentialOptionAndHTTPURL]' passed (0.001 seconds).
Test Suite 'ProviderConfigurationCLITests' passed at 2026-10-07 20:24:09.420.
	 Executed 2 tests, with 0 failures (0 unexpected) in 0.005 (0.005) seconds
Test Suite 'RCIRAuthorityDispatchTests' started at 2026-10-07 20:24:09.420.
Test Case '-[RightClickCoreTests.RCIRAuthorityDispatchTests testAncestorRevocationAtFinalGateProducesZeroActualHTTPRequests]' started.
Test Case '-[RightClickCoreTests.RCIRAuthorityDispatchTests testAncestorRevocationAtFinalGateProducesZeroActualHTTPRequests]' passed (0.311 seconds).
Test Case '-[RightClickCoreTests.RCIRAuthorityDispatchTests testAuthenticatedContextErrorsCannotLeakCredentialMaterial]' started.
Test Case '-[RightClickCoreTests.RCIRAuthorityDispatchTests testAuthenticatedContextErrorsCannotLeakCredentialMaterial]' passed (0.276 seconds).
Test Case '-[RightClickCoreTests.RCIRAuthorityDispatchTests testCredentialScopeWithdrawalAtFinalGateProducesZeroActualHTTPRequests]' started.
Test Case '-[RightClickCoreTests.RCIRAuthorityDispatchTests testCredentialScopeWithdrawalAtFinalGateProducesZeroActualHTTPRequests]' passed (0.291 seconds).
Test Case '-[RightClickCoreTests.RCIRAuthorityDispatchTests testLegalChildProducesIndependentlyObservedSignedEffect]' started.
Test Case '-[RightClickCoreTests.RCIRAuthorityDispatchTests testLegalChildProducesIndependentlyObservedSignedEffect]' passed (0.302 seconds).
Test Case '-[RightClickCoreTests.RCIRAuthorityDispatchTests testPolicyRevocationAtFinalGateProducesZeroActualHTTPRequests]' started.
Test Case '-[RightClickCoreTests.RCIRAuthorityDispatchTests testPolicyRevocationAtFinalGateProducesZeroActualHTTPRequests]' passed (0.227 seconds).
Test Case '-[RightClickCoreTests.RCIRAuthorityDispatchTests testRevocationAfterEffectWithholdsObservationAndSuccess]' started.
Test Case '-[RightClickCoreTests.RCIRAuthorityDispatchTests testRevocationAfterEffectWithholdsObservationAndSuccess]' passed (0.252 seconds).
Test Case '-[RightClickCoreTests.RCIRAuthorityDispatchTests testSiblingAndParentCannotExceedSharedBudget]' started.
Test Case '-[RightClickCoreTests.RCIRAuthorityDispatchTests testSiblingAndParentCannotExceedSharedBudget]' passed (0.270 seconds).
Test Case '-[RightClickCoreTests.RCIRAuthorityDispatchTests testWrongAudienceAtFinalGateProducesZeroActualHTTPRequests]' started.
Test Case '-[RightClickCoreTests.RCIRAuthorityDispatchTests testWrongAudienceAtFinalGateProducesZeroActualHTTPRequests]' passed (0.256 seconds).
Test Case '-[RightClickCoreTests.RCIRAuthorityDispatchTests testWrongSubjectAtFinalGateProducesZeroActualHTTPRequests]' started.
Test Case '-[RightClickCoreTests.RCIRAuthorityDispatchTests testWrongSubjectAtFinalGateProducesZeroActualHTTPRequests]' passed (0.246 seconds).
Test Suite 'RCIRAuthorityDispatchTests' passed at 2026-10-07 20:24:11.852.
	 Executed 9 tests, with 0 failures (0 unexpected) in 2.430 (2.431) seconds
Test Suite 'RCIRAuthorityTests' started at 2026-10-07 20:24:11.852.
Test Case '-[RightClickCoreTests.RCIRAuthorityTests testAudienceScopesEffectsAndTaskShapesCannotWiden]' started.
Test Case '-[RightClickCoreTests.RCIRAuthorityTests testAudienceScopesEffectsAndTaskShapesCannotWiden]' passed (0.002 seconds).
Test Case '-[RightClickCoreTests.RCIRAuthorityTests testAuthorityAggregateByteBudgetFailsClosedAndExpiredRecordsReap]' started.
Test Case '-[RightClickCoreTests.RCIRAuthorityTests testAuthorityAggregateByteBudgetFailsClosedAndExpiredRecordsReap]' passed (0.441 seconds).
Test Case '-[RightClickCoreTests.RCIRAuthorityTests testChildAndAncestorRevocationRejectPreparedLease]' started.
Test Case '-[RightClickCoreTests.RCIRAuthorityTests testChildAndAncestorRevocationRejectPreparedLease]' passed (0.003 seconds).
Test Case '-[RightClickCoreTests.RCIRAuthorityTests testChildrenAndParentShareInvocationBudget]' started.
Test Case '-[RightClickCoreTests.RCIRAuthorityTests testChildrenAndParentShareInvocationBudget]' passed (0.002 seconds).
Test Case '-[RightClickCoreTests.RCIRAuthorityTests testChildRevocationDoesNotRevokeSibling]' started.
Test Case '-[RightClickCoreTests.RCIRAuthorityTests testChildRevocationDoesNotRevokeSibling]' passed (0.001 seconds).
Test Case '-[RightClickCoreTests.RCIRAuthorityTests testClockRollbackAndInvalidLimitsFailClosed]' started.
Test Case '-[RightClickCoreTests.RCIRAuthorityTests testClockRollbackAndInvalidLimitsFailClosed]' passed (0.001 seconds).
Test Case '-[RightClickCoreTests.RCIRAuthorityTests testConcurrentFreshChildLeasesStartOnlyOnce]' started.
Test Case '-[RightClickCoreTests.RCIRAuthorityTests testConcurrentFreshChildLeasesStartOnlyOnce]' passed (0.010 seconds).
Test Case '-[RightClickCoreTests.RCIRAuthorityTests testCopiedLeaseWrongSubjectDoesNotStart]' started.
Test Case '-[RightClickCoreTests.RCIRAuthorityTests testCopiedLeaseWrongSubjectDoesNotStart]' passed (0.001 seconds).
Test Case '-[RightClickCoreTests.RCIRAuthorityTests testCredentialReferenceAggregateBudgetAndRevocationReleaseSpace]' started.
Test Case '-[RightClickCoreTests.RCIRAuthorityTests testCredentialReferenceAggregateBudgetAndRevocationReleaseSpace]' passed (0.103 seconds).
Test Case '-[RightClickCoreTests.RCIRAuthorityTests testCredentialReferencesAreHandlesAndCannotWiden]' started.
Test Case '-[RightClickCoreTests.RCIRAuthorityTests testCredentialReferencesAreHandlesAndCannotWiden]' passed (0.001 seconds).
Test Case '-[RightClickCoreTests.RCIRAuthorityTests testExactUTF8IdentitiesAndScopes]' started.
Test Case '-[RightClickCoreTests.RCIRAuthorityTests testExactUTF8IdentitiesAndScopes]' passed (0.001 seconds).
Test Case '-[RightClickCoreTests.RCIRAuthorityTests testExpiryInvocationCountAndDownstreamDepthCannotWiden]' started.
Test Case '-[RightClickCoreTests.RCIRAuthorityTests testExpiryInvocationCountAndDownstreamDepthCannotWiden]' passed (0.001 seconds).
Test Case '-[RightClickCoreTests.RCIRAuthorityTests testGrantSubstitutionAndCrossLedgerHandleRejected]' started.
Test Case '-[RightClickCoreTests.RCIRAuthorityTests testGrantSubstitutionAndCrossLedgerHandleRejected]' passed (0.002 seconds).
Test Case '-[RightClickCoreTests.RCIRAuthorityTests testLegacyScopeEntryPointCannotConsumeGrantLease]' started.
Test Case '-[RightClickCoreTests.RCIRAuthorityTests testLegacyScopeEntryPointCannotConsumeGrantLease]' passed (0.001 seconds).
Test Case '-[RightClickCoreTests.RCIRAuthorityTests testOneUseLeaseReplayRejected]' started.
Test Case '-[RightClickCoreTests.RCIRAuthorityTests testOneUseLeaseReplayRejected]' passed (0.001 seconds).
Test Case '-[RightClickCoreTests.RCIRAuthorityTests testOnlyAuthenticatedParentMayAttenuate]' started.
Test Case '-[RightClickCoreTests.RCIRAuthorityTests testOnlyAuthenticatedParentMayAttenuate]' passed (0.001 seconds).
Test Case '-[RightClickCoreTests.RCIRAuthorityTests testOutstandingLeaseByteBudgetFailsClosedAndExpiredRecordsReap]' started.
Test Case '-[RightClickCoreTests.RCIRAuthorityTests testOutstandingLeaseByteBudgetFailsClosedAndExpiredRecordsReap]' passed (1.903 seconds).
Test Case '-[RightClickCoreTests.RCIRAuthorityTests testPolicyDenialDoesNotConsumeAuthority]' started.
Test Case '-[RightClickCoreTests.RCIRAuthorityTests testPolicyDenialDoesNotConsumeAuthority]' passed (0.001 seconds).
Test Case '-[RightClickCoreTests.RCIRAuthorityTests testProviderAndCapabilityCannotWiden]' started.
Test Case '-[RightClickCoreTests.RCIRAuthorityTests testProviderAndCapabilityCannotWiden]' passed (0.001 seconds).
Test Case '-[RightClickCoreTests.RCIRAuthorityTests testProviderDescriptionCannotGrantAuthorityOrCredentialReferences]' started.
Test Case '-[RightClickCoreTests.RCIRAuthorityTests testProviderDescriptionCannotGrantAuthorityOrCredentialReferences]' passed (0.001 seconds).
Test Case '-[RightClickCoreTests.RCIRAuthorityTests testProviderRemovalAndRestorationRequireNewGrant]' started.
Test Case '-[RightClickCoreTests.RCIRAuthorityTests testProviderRemovalAndRestorationRequireNewGrant]' passed (0.002 seconds).
Test Case '-[RightClickCoreTests.RCIRAuthorityTests testReceiptRequestBindsCompleteAuthorityAncestry]' started.
Test Case '-[RightClickCoreTests.RCIRAuthorityTests testReceiptRequestBindsCompleteAuthorityAncestry]' passed (0.002 seconds).
Test Case '-[RightClickCoreTests.RCIRAuthorityTests testResourceAndEffectMustMatchAtIssue]' started.
Test Case '-[RightClickCoreTests.RCIRAuthorityTests testResourceAndEffectMustMatchAtIssue]' passed (0.001 seconds).
Test Case '-[RightClickCoreTests.RCIRAuthorityTests testRevokedCredentialReferenceRejectsPreparedGrantLease]' started.
Test Case '-[RightClickCoreTests.RCIRAuthorityTests testRevokedCredentialReferenceRejectsPreparedGrantLease]' passed (0.001 seconds).
Test Case '-[RightClickCoreTests.RCIRAuthorityTests testRootAndChildExpiryBoundEveryLease]' started.
Test Case '-[RightClickCoreTests.RCIRAuthorityTests testRootAndChildExpiryBoundEveryLease]' passed (0.001 seconds).
Test Case '-[RightClickCoreTests.RCIRAuthorityTests testUnicodeEquivalentSubjectAndAudienceDoNotAuthenticate]' started.
Test Case '-[RightClickCoreTests.RCIRAuthorityTests testUnicodeEquivalentSubjectAndAudienceDoNotAuthenticate]' passed (0.001 seconds).
Test Case '-[RightClickCoreTests.RCIRAuthorityTests testWrongArgumentConstraintCannotBeIssuedOrWidened]' started.
Test Case '-[RightClickCoreTests.RCIRAuthorityTests testWrongArgumentConstraintCannotBeIssuedOrWidened]' passed (0.001 seconds).
Test Case '-[RightClickCoreTests.RCIRAuthorityTests testWrongArgumentsAtConsumeDoNotDebitBudget]' started.
Test Case '-[RightClickCoreTests.RCIRAuthorityTests testWrongArgumentsAtConsumeDoNotDebitBudget]' passed (0.001 seconds).
Test Case '-[RightClickCoreTests.RCIRAuthorityTests testWrongAudienceDoesNotStart]' started.
Test Case '-[RightClickCoreTests.RCIRAuthorityTests testWrongAudienceDoesNotStart]' passed (0.001 seconds).
Test Suite 'RCIRAuthorityTests' passed at 2026-10-07 20:24:14.347.
	 Executed 29 tests, with 0 failures (0 unexpected) in 2.491 (2.495) seconds
Test Suite 'RCIRBoundaryTests' started at 2026-10-07 20:24:14.347.
Test Case '-[RightClickCoreTests.RCIRBoundaryTests testConcurrentConsumptionHasOneWinner]' started.
Test Case '-[RightClickCoreTests.RCIRBoundaryTests testConcurrentConsumptionHasOneWinner]' passed (0.002 seconds).
Test Case '-[RightClickCoreTests.RCIRBoundaryTests testFailedProviderResultStillDoesNotVerifyAnExternalFailure]' started.
Test Case '-[RightClickCoreTests.RCIRBoundaryTests testFailedProviderResultStillDoesNotVerifyAnExternalFailure]' passed (0.002 seconds).
Test Case '-[RightClickCoreTests.RCIRBoundaryTests testInvalidObservationCannotSetSemanticSuccess]' started.
Test Case '-[RightClickCoreTests.RCIRBoundaryTests testInvalidObservationCannotSetSemanticSuccess]' passed (0.001 seconds).
Test Case '-[RightClickCoreTests.RCIRBoundaryTests testRejectedArgumentsDoNotSpendAnOtherwiseValidLease]' started.
Test Case '-[RightClickCoreTests.RCIRBoundaryTests testRejectedArgumentsDoNotSpendAnOtherwiseValidLease]' passed (0.001 seconds).
Test Case '-[RightClickCoreTests.RCIRBoundaryTests testTaskCannotPredateLease]' started.
Test Case '-[RightClickCoreTests.RCIRBoundaryTests testTaskCannotPredateLease]' passed (0.001 seconds).
Test Suite 'RCIRBoundaryTests' passed at 2026-10-07 20:24:14.355.
	 Executed 5 tests, with 0 failures (0 unexpected) in 0.007 (0.008) seconds
Test Suite 'RCIRDeferredCapacityTests' started at 2026-10-07 20:24:14.355.
Test Case '-[RightClickCoreTests.RCIRDeferredCapacityTests testExpiredPendingTasksAreReceiptedAndReapedBeforeNewAdmission]' started.
Test Case '-[RightClickCoreTests.RCIRDeferredCapacityTests testExpiredPendingTasksAreReceiptedAndReapedBeforeNewAdmission]' passed (0.671 seconds).
Test Case '-[RightClickCoreTests.RCIRDeferredCapacityTests testInFlightReservationsCannotOverrunTheBoundedSessionCapacity]' started.
Test Case '-[RightClickCoreTests.RCIRDeferredCapacityTests testInFlightReservationsCannotOverrunTheBoundedSessionCapacity]' passed (0.438 seconds).
Test Suite 'RCIRDeferredCapacityTests' passed at 2026-10-07 20:24:15.464.
	 Executed 2 tests, with 0 failures (0 unexpected) in 1.109 (1.109) seconds
Test Suite 'RCIRDeferredProductionTests' started at 2026-10-07 20:24:15.464.
Test Case '-[RightClickCoreTests.RCIRDeferredProductionTests testAcceptedRemoteTaskRemainsPendingUntilLaterObservation]' started.
Test Case '-[RightClickCoreTests.RCIRDeferredProductionTests testAcceptedRemoteTaskRemainsPendingUntilLaterObservation]' passed (0.308 seconds).
Test Suite 'RCIRDeferredProductionTests' passed at 2026-10-07 20:24:15.772.
	 Executed 1 test, with 0 failures (0 unexpected) in 0.308 (0.308) seconds
Test Suite 'RCIRHTTPJSONCausalityTests' started at 2026-10-07 20:24:15.772.
Test Case '-[RightClickCoreTests.RCIRHTTPJSONCausalityTests testFreshIndependentMarkerMatchesHostTaskAndProducesSignedSuccess]' started.
Test Case '-[RightClickCoreTests.RCIRHTTPJSONCausalityTests testFreshIndependentMarkerMatchesHostTaskAndProducesSignedSuccess]' passed (0.666 seconds).
Test Case '-[RightClickCoreTests.RCIRHTTPJSONCausalityTests testInvalidCausalBindingPathsRejectBeforeActualMutation]' started.
Test Case '-[RightClickCoreTests.RCIRHTTPJSONCausalityTests testInvalidCausalBindingPathsRejectBeforeActualMutation]' passed (0.477 seconds).
Test Case '-[RightClickCoreTests.RCIRHTTPJSONCausalityTests testMissingIndependentMarkerRemainsSignedUnverified]' started.
Test Case '-[RightClickCoreTests.RCIRHTTPJSONCausalityTests testMissingIndependentMarkerRemainsSignedUnverified]' passed (0.525 seconds).
Test Case '-[RightClickCoreTests.RCIRHTTPJSONCausalityTests testNoOpAcknowledgementAndOldMatchingArtifactCannotVerifyCurrentMutation]' started.
Test Case '-[RightClickCoreTests.RCIRHTTPJSONCausalityTests testNoOpAcknowledgementAndOldMatchingArtifactCannotVerifyCurrentMutation]' passed (0.553 seconds).
Test Case '-[RightClickCoreTests.RCIRHTTPJSONCausalityTests testObserverCannotReflectProtectedCredentialIntoMetadataOrReceipt]' started.
Test Case '-[RightClickCoreTests.RCIRHTTPJSONCausalityTests testObserverCannotReflectProtectedCredentialIntoMetadataOrReceipt]' passed (0.785 seconds).
Test Case '-[RightClickCoreTests.RCIRHTTPJSONCausalityTests testStateOnlyPredicateDoesNotClaimCurrentMutationCausality]' started.
Test Case '-[RightClickCoreTests.RCIRHTTPJSONCausalityTests testStateOnlyPredicateDoesNotClaimCurrentMutationCausality]' passed (0.457 seconds).
Test Suite 'RCIRHTTPJSONCausalityTests' passed at 2026-10-07 20:24:19.237.
	 Executed 6 tests, with 0 failures (0 unexpected) in 3.463 (3.464) seconds
Test Suite 'RCIRHTTPJSONObservationTests' started at 2026-10-07 20:24:19.237.
Test Case '-[RightClickCoreTests.RCIRHTTPJSONObservationTests testAmbientCookiesCannotEnterObservationOrPersistResponseCookie]' started.
Test Case '-[RightClickCoreTests.RCIRHTTPJSONObservationTests testAmbientCookiesCannotEnterObservationOrPersistResponseCookie]' passed (0.790 seconds).
Test Case '-[RightClickCoreTests.RCIRHTTPJSONObservationTests testAmbiguousProjectionOrMissingCallerDigestFailsBeforeMutation]' started.
Test Case '-[RightClickCoreTests.RCIRHTTPJSONObservationTests testAmbiguousProjectionOrMissingCallerDigestFailsBeforeMutation]' passed (0.858 seconds).
Test Case '-[RightClickCoreTests.RCIRHTTPJSONObservationTests testDefaultCredentialStorageCannotSupplyObserverAuthority]' started.
Test Case '-[RightClickCoreTests.RCIRHTTPJSONObservationTests testDefaultCredentialStorageCannotSupplyObserverAuthority]' passed (1.057 seconds).
Test Case '-[RightClickCoreTests.RCIRHTTPJSONObservationTests testMismatchMissingAndUndeclaredObservationFieldsNeverSucceed]' started.
/private/tmp/rightclick-adoption-recovered-01a1175f/Tests/RightClickCoreTests/RCIRHTTPJSONObservationTests.swift:155: error: -[RightClickCoreTests.RCIRHTTPJSONObservationTests testMismatchMissingAndUndeclaredObservationFieldsNeverSucceed] : XCTAssertEqual failed: ("Optional("unverified")") is not equal to ("Optional("failed")")
Test Case '-[RightClickCoreTests.RCIRHTTPJSONObservationTests testMismatchMissingAndUndeclaredObservationFieldsNeverSucceed]' failed (1.577 seconds).
Test Case '-[RightClickCoreTests.RCIRHTTPJSONObservationTests testPinnedOriginAndRevokedReferenceAbstainWithoutObserverRead]' started.
Test Case '-[RightClickCoreTests.RCIRHTTPJSONObservationTests testPinnedOriginAndRevokedReferenceAbstainWithoutObserverRead]' passed (0.890 seconds).
Test Case '-[RightClickCoreTests.RCIRHTTPJSONObservationTests testPrintableJSONSegmentEncodesOnceWithoutTraversalOrAuthorityChange]' started.
Test Case '-[RightClickCoreTests.RCIRHTTPJSONObservationTests testPrintableJSONSegmentEncodesOnceWithoutTraversalOrAuthorityChange]' passed (0.744 seconds).
Test Case '-[RightClickCoreTests.RCIRHTTPJSONObservationTests testRealJSONObservationRetainsFullMetadataAndMatchesIndependentDigest]' started.
Test Case '-[RightClickCoreTests.RCIRHTTPJSONObservationTests testRealJSONObservationRetainsFullMetadataAndMatchesIndependentDigest]' passed (0.751 seconds).
Test Case '-[RightClickCoreTests.RCIRHTTPJSONObservationTests testRedirectNeverSendsObserverCredentialToAnotherOrigin]' started.
Test Case '-[RightClickCoreTests.RCIRHTTPJSONObservationTests testRedirectNeverSendsObserverCredentialToAnotherOrigin]' passed (0.921 seconds).
Test Case '-[RightClickCoreTests.RCIRHTTPJSONObservationTests testWriterCredentialCannotActAsReadonlyObserver]' started.
Test Case '-[RightClickCoreTests.RCIRHTTPJSONObservationTests testWriterCredentialCannotActAsReadonlyObserver]' passed (1.470 seconds).
Test Suite 'RCIRHTTPJSONObservationTests' failed at 2026-10-07 20:24:28.297.
	 Executed 9 tests, with 1 failure (0 unexpected) in 9.059 (9.060) seconds
Test Suite 'RCIRIntegrationTests' started at 2026-10-07 20:24:28.297.
Test Case '-[RightClickCoreTests.RCIRIntegrationTests testBackendSignatureRejectionIsNotIgnored]' started.
Test Case '-[RightClickCoreTests.RCIRIntegrationTests testBackendSignatureRejectionIsNotIgnored]' passed (0.002 seconds).
Test Case '-[RightClickCoreTests.RCIRIntegrationTests testEmbeddedKeyCannotEstablishTrust]' started.
Test Case '-[RightClickCoreTests.RCIRIntegrationTests testEmbeddedKeyCannotEstablishTrust]' passed (0.001 seconds).
Test Case '-[RightClickCoreTests.RCIRIntegrationTests testEmptyTerminalPageIsDistinguishableFromLiveIdle]' started.
Test Case '-[RightClickCoreTests.RCIRIntegrationTests testEmptyTerminalPageIsDistinguishableFromLiveIdle]' passed (0.001 seconds).
Test Case '-[RightClickCoreTests.RCIRIntegrationTests testEnvelopeRejectsNonReceiptPayload]' started.
Test Case '-[RightClickCoreTests.RCIRIntegrationTests testEnvelopeRejectsNonReceiptPayload]' passed (0.000 seconds).
Test Case '-[RightClickCoreTests.RCIRIntegrationTests testEnvelopeRejectsWrongSignatureAndKeyLengths]' started.
Test Case '-[RightClickCoreTests.RCIRIntegrationTests testEnvelopeRejectsWrongSignatureAndKeyLengths]' passed (0.001 seconds).
Test Case '-[RightClickCoreTests.RCIRIntegrationTests testEventPagesHaveBoundedStableCursors]' started.
Test Case '-[RightClickCoreTests.RCIRIntegrationTests testEventPagesHaveBoundedStableCursors]' passed (0.002 seconds).
Test Case '-[RightClickCoreTests.RCIRIntegrationTests testObserverReceivesExactArgumentsAndBinding]' started.
Test Case '-[RightClickCoreTests.RCIRIntegrationTests testObserverReceivesExactArgumentsAndBinding]' passed (0.001 seconds).
Test Case '-[RightClickCoreTests.RCIRIntegrationTests testPagesRejectInvalidCursorsAndLimits]' started.
Test Case '-[RightClickCoreTests.RCIRIntegrationTests testPagesRejectInvalidCursorsAndLimits]' passed (0.002 seconds).
Test Case '-[RightClickCoreTests.RCIRIntegrationTests testRealCryptoKitSignatureAndPinnedKey]' started.
Test Case '-[RightClickCoreTests.RCIRIntegrationTests testRealCryptoKitSignatureAndPinnedKey]' passed (0.002 seconds).
Test Case '-[RightClickCoreTests.RCIRIntegrationTests testRealCryptoKitSignatureDetectsPayloadTampering]' started.
Test Case '-[RightClickCoreTests.RCIRIntegrationTests testRealCryptoKitSignatureDetectsPayloadTampering]' passed (0.002 seconds).
Test Case '-[RightClickCoreTests.RCIRIntegrationTests testUnsignedFixtureIsExplicitlyNotCryptographicEvidence]' started.
Test Case '-[RightClickCoreTests.RCIRIntegrationTests testUnsignedFixtureIsExplicitlyNotCryptographicEvidence]' passed (0.001 seconds).
Test Case '-[RightClickCoreTests.RCIRIntegrationTests testWireTransportPreservesExactPayload]' started.
Test Case '-[RightClickCoreTests.RCIRIntegrationTests testWireTransportPreservesExactPayload]' passed (0.001 seconds).
Test Suite 'RCIRIntegrationTests' passed at 2026-10-07 20:24:28.315.
	 Executed 12 tests, with 0 failures (0 unexpected) in 0.017 (0.018) seconds
Test Suite 'RCIRInvocationBindingTests' started at 2026-10-07 20:24:28.315.
Test Case '-[RightClickCoreTests.RCIRInvocationBindingTests testInvocationBindingRejectsNoncanonicalIdentityAndUnboundedOrWildcardPaths]' started.
Test Case '-[RightClickCoreTests.RCIRInvocationBindingTests testInvocationBindingRejectsNoncanonicalIdentityAndUnboundedOrWildcardPaths]' passed (0.003 seconds).
Test Case '-[RightClickCoreTests.RCIRInvocationBindingTests testMatchingOldMarkerIsRetainedInSignedFailureInsteadOfVerifyingCurrentInvocation]' started.
Test Case '-[RightClickCoreTests.RCIRInvocationBindingTests testMatchingOldMarkerIsRetainedInSignedFailureInsteadOfVerifyingCurrentInvocation]' passed (0.003 seconds).
Test Case '-[RightClickCoreTests.RCIRInvocationBindingTests testOnlyHostTaskIdentityCanVerifyMatchingObservation]' started.
Test Case '-[RightClickCoreTests.RCIRInvocationBindingTests testOnlyHostTaskIdentityCanVerifyMatchingObservation]' passed (0.003 seconds).
Test Suite 'RCIRInvocationBindingTests' passed at 2026-10-07 20:24:28.324.
	 Executed 3 tests, with 0 failures (0 unexpected) in 0.009 (0.009) seconds
Test Suite 'RCIRInvocationIsolationTests' started at 2026-10-07 20:24:28.324.
Test Case '-[RightClickCoreTests.RCIRInvocationIsolationTests testCompilerCannotMixProviderIdentityOrArgumentTypes]' started.
Test Case '-[RightClickCoreTests.RCIRInvocationIsolationTests testCompilerCannotMixProviderIdentityOrArgumentTypes]' passed (0.003 seconds).
Test Case '-[RightClickCoreTests.RCIRInvocationIsolationTests testDiscoveryDriftInvalidatesOutstandingInvocation]' started.
Test Case '-[RightClickCoreTests.RCIRInvocationIsolationTests testDiscoveryDriftInvalidatesOutstandingInvocation]' passed (0.001 seconds).
Test Case '-[RightClickCoreTests.RCIRInvocationIsolationTests testEffectKindDriftInvalidatesOutstandingInvocation]' started.
Test Case '-[RightClickCoreTests.RCIRInvocationIsolationTests testEffectKindDriftInvalidatesOutstandingInvocation]' passed (0.001 seconds).
Test Case '-[RightClickCoreTests.RCIRInvocationIsolationTests testInvocationDoesNotTurnUnknownEffectsIntoAuthority]' started.
Test Case '-[RightClickCoreTests.RCIRInvocationIsolationTests testInvocationDoesNotTurnUnknownEffectsIntoAuthority]' passed (0.001 seconds).
Test Case '-[RightClickCoreTests.RCIRInvocationIsolationTests testPrincipalReplacementInvalidatesOutstandingInvocation]' started.
Test Case '-[RightClickCoreTests.RCIRInvocationIsolationTests testPrincipalReplacementInvalidatesOutstandingInvocation]' passed (0.001 seconds).
Test Case '-[RightClickCoreTests.RCIRInvocationIsolationTests testResourcesAndPostconditionsAreBoundToIndependentLeases]' started.
Test Case '-[RightClickCoreTests.RCIRInvocationIsolationTests testResourcesAndPostconditionsAreBoundToIndependentLeases]' passed (0.002 seconds).
Test Case '-[RightClickCoreTests.RCIRInvocationIsolationTests testTaskBudgetDriftInvalidatesOutstandingInvocation]' started.
Test Case '-[RightClickCoreTests.RCIRInvocationIsolationTests testTaskBudgetDriftInvalidatesOutstandingInvocation]' passed (0.001 seconds).
Test Case '-[RightClickCoreTests.RCIRInvocationIsolationTests testWithdrawalAndReappearanceCannotReviveOldLease]' started.
Test Case '-[RightClickCoreTests.RCIRInvocationIsolationTests testWithdrawalAndReappearanceCannotReviveOldLease]' passed (0.001 seconds).
Test Suite 'RCIRInvocationIsolationTests' passed at 2026-10-07 20:24:28.337.
	 Executed 8 tests, with 0 failures (0 unexpected) in 0.011 (0.012) seconds
Test Suite 'RCIRNoOutputTests' started at 2026-10-07 20:24:28.337.
Test Case '-[RightClickCoreTests.RCIRNoOutputTests testExactUnchangedWindowsDeclarationAcquiresAcknowledgementCapability]' started.
Test Case '-[RightClickCoreTests.RCIRNoOutputTests testExactUnchangedWindowsDeclarationAcquiresAcknowledgementCapability]' passed (0.002 seconds).
Test Case '-[RightClickCoreTests.RCIRNoOutputTests testInheritedSecurityUsesStrictSchemeResolutionAndOperationOverrides]' started.
Test Case '-[RightClickCoreTests.RCIRNoOutputTests testInheritedSecurityUsesStrictSchemeResolutionAndOperationOverrides]' passed (0.015 seconds).
Test Case '-[RightClickCoreTests.RCIRNoOutputTests testUnknownOrUndeclaredOutputCannotBeRecategorizedAsAcknowledgement]' started.
Test Case '-[RightClickCoreTests.RCIRNoOutputTests testUnknownOrUndeclaredOutputCannotBeRecategorizedAsAcknowledgement]' passed (0.003 seconds).
Test Suite 'RCIRNoOutputTests' passed at 2026-10-07 20:24:28.357.
	 Executed 3 tests, with 0 failures (0 unexpected) in 0.020 (0.020) seconds
Test Suite 'RCIRProductionDispatchTests' started at 2026-10-07 20:24:28.357.
Test Case '-[RightClickCoreTests.RCIRProductionDispatchTests testActualArtifactSchemaDriftRejectsOldInvocationAndReacquires]' started.
Test Case '-[RightClickCoreTests.RCIRProductionDispatchTests testActualArtifactSchemaDriftRejectsOldInvocationAndReacquires]' passed (0.784 seconds).
Test Case '-[RightClickCoreTests.RCIRProductionDispatchTests testActualContractDisappearanceDeniesEffectsAndRecoversNewLease]' started.
Test Case '-[RightClickCoreTests.RCIRProductionDispatchTests testActualContractDisappearanceDeniesEffectsAndRecoversNewLease]' passed (0.338 seconds).
Test Case '-[RightClickCoreTests.RCIRProductionDispatchTests testActualSchemaChangeAfterDispatchRemainsUnknownWithoutRetry]' started.
Test Case '-[RightClickCoreTests.RCIRProductionDispatchTests testActualSchemaChangeAfterDispatchRemainsUnknownWithoutRetry]' passed (0.277 seconds).
Test Case '-[RightClickCoreTests.RCIRProductionDispatchTests testBonjourReappearanceAfterDispatchPreservesUnknown]' started.
Test Case '-[RightClickCoreTests.RCIRProductionDispatchTests testBonjourReappearanceAfterDispatchPreservesUnknown]' passed (0.213 seconds).
Test Case '-[RightClickCoreTests.RCIRProductionDispatchTests testBonjourReappearanceCannotReviveLeaseWithoutIntermediateDiscovery]' started.
Test Case '-[RightClickCoreTests.RCIRProductionDispatchTests testBonjourReappearanceCannotReviveLeaseWithoutIntermediateDiscovery]' passed (0.282 seconds).
Test Case '-[RightClickCoreTests.RCIRProductionDispatchTests testBoundedLargeArgumentIsNotDuplicatedIntoContract]' started.
Test Case '-[RightClickCoreTests.RCIRProductionDispatchTests testBoundedLargeArgumentIsNotDuplicatedIntoContract]' passed (0.228 seconds).
Test Case '-[RightClickCoreTests.RCIRProductionDispatchTests testCallerPostconditionCannotBeSilentlyIgnoredByHostObserver]' started.
Test Case '-[RightClickCoreTests.RCIRProductionDispatchTests testCallerPostconditionCannotBeSilentlyIgnoredByHostObserver]' passed (0.361 seconds).
Test Case '-[RightClickCoreTests.RCIRProductionDispatchTests testChangedArgumentsCannotUseOriginalLease]' started.
Test Case '-[RightClickCoreTests.RCIRProductionDispatchTests testChangedArgumentsCannotUseOriginalLease]' passed (0.251 seconds).
Test Case '-[RightClickCoreTests.RCIRProductionDispatchTests testChangedEndpointBeforeDispatchProducesZeroProviderEffects]' started.
Test Case '-[RightClickCoreTests.RCIRProductionDispatchTests testChangedEndpointBeforeDispatchProducesZeroProviderEffects]' passed (0.268 seconds).
Test Case '-[RightClickCoreTests.RCIRProductionDispatchTests testCompetingConsumersStartAtMostOneRealRequest]' started.
Test Case '-[RightClickCoreTests.RCIRProductionDispatchTests testCompetingConsumersStartAtMostOneRealRequest]' passed (0.306 seconds).
Test Case '-[RightClickCoreTests.RCIRProductionDispatchTests testConfirmationDenialProducesZeroProviderEffects]' started.
Test Case '-[RightClickCoreTests.RCIRProductionDispatchTests testConfirmationDenialProducesZeroProviderEffects]' passed (0.230 seconds).
Test Case '-[RightClickCoreTests.RCIRProductionDispatchTests testCredentialFreeObserverCannotInheritInvocationCookie]' started.
Test Case '-[RightClickCoreTests.RCIRProductionDispatchTests testCredentialFreeObserverCannotInheritInvocationCookie]' passed (0.262 seconds).
Test Case '-[RightClickCoreTests.RCIRProductionDispatchTests testCrossOriginObserverBlocksBeforeAnyEffect]' started.
Test Case '-[RightClickCoreTests.RCIRProductionDispatchTests testCrossOriginObserverBlocksBeforeAnyEffect]' passed (0.203 seconds).
Test Case '-[RightClickCoreTests.RCIRProductionDispatchTests testCurrentPolicyRevocationProducesZeroProviderEffects]' started.
Test Case '-[RightClickCoreTests.RCIRProductionDispatchTests testCurrentPolicyRevocationProducesZeroProviderEffects]' passed (0.212 seconds).
Test Case '-[RightClickCoreTests.RCIRProductionDispatchTests testExpiredLeaseProducesZeroProviderEffects]' started.
Test Case '-[RightClickCoreTests.RCIRProductionDispatchTests testExpiredLeaseProducesZeroProviderEffects]' passed (0.227 seconds).
Test Case '-[RightClickCoreTests.RCIRProductionDispatchTests testIndependentInvocationsDoNotReplaceTheDiscoveredProviderGeneration]' started.
Test Case '-[RightClickCoreTests.RCIRProductionDispatchTests testIndependentInvocationsDoNotReplaceTheDiscoveredProviderGeneration]' passed (0.316 seconds).
Test Case '-[RightClickCoreTests.RCIRProductionDispatchTests testInvalidSignerBlocksBeforeAnyEffect]' started.
Test Case '-[RightClickCoreTests.RCIRProductionDispatchTests testInvalidSignerBlocksBeforeAnyEffect]' passed (0.234 seconds).
Test Case '-[RightClickCoreTests.RCIRProductionDispatchTests testLostResponseRetainsSignedUnknownAndDoesNotRetry]' started.
Test Case '-[RightClickCoreTests.RCIRProductionDispatchTests testLostResponseRetainsSignedUnknownAndDoesNotRetry]' passed (0.235 seconds).
Test Case '-[RightClickCoreTests.RCIRProductionDispatchTests testMissingExactOriginAuthorityProducesZeroProviderEffects]' started.
Test Case '-[RightClickCoreTests.RCIRProductionDispatchTests testMissingExactOriginAuthorityProducesZeroProviderEffects]' passed (0.234 seconds).
Test Case '-[RightClickCoreTests.RCIRProductionDispatchTests testNotYetValidLeaseProducesZeroProviderEffects]' started.
Test Case '-[RightClickCoreTests.RCIRProductionDispatchTests testNotYetValidLeaseProducesZeroProviderEffects]' passed (0.259 seconds).
Test Case '-[RightClickCoreTests.RCIRProductionDispatchTests testObserverTraversalAndDoubleEncodingCannotDispatch]' started.
Test Case '-[RightClickCoreTests.RCIRProductionDispatchTests testObserverTraversalAndDoubleEncodingCannotDispatch]' passed (0.274 seconds).
Test Case '-[RightClickCoreTests.RCIRProductionDispatchTests testPublicBeginConsumesOneLeaseAndRetainsTaskEvidence]' started.
Test Case '-[RightClickCoreTests.RCIRProductionDispatchTests testPublicBeginConsumesOneLeaseAndRetainsTaskEvidence]' passed (0.235 seconds).
Test Case '-[RightClickCoreTests.RCIRProductionDispatchTests testRemovalAfterDispatchPreservesUnknownWithoutRetry]' started.
Test Case '-[RightClickCoreTests.RCIRProductionDispatchTests testRemovalAfterDispatchPreservesUnknownWithoutRetry]' passed (0.243 seconds).
Test Case '-[RightClickCoreTests.RCIRProductionDispatchTests testRemovalAtTransportAdmissionProducesZeroProviderEffects]' started.
Test Case '-[RightClickCoreTests.RCIRProductionDispatchTests testRemovalAtTransportAdmissionProducesZeroProviderEffects]' passed (0.257 seconds).
Test Case '-[RightClickCoreTests.RCIRProductionDispatchTests testRemovalBeforeDispatchProducesZeroProviderEffects]' started.
Test Case '-[RightClickCoreTests.RCIRProductionDispatchTests testRemovalBeforeDispatchProducesZeroProviderEffects]' passed (0.297 seconds).
Test Case '-[RightClickCoreTests.RCIRProductionDispatchTests testRemovedInFlightBonjourAcquisitionCannotRestoreInvocation]' started.
Test Case '-[RightClickCoreTests.RCIRProductionDispatchTests testRemovedInFlightBonjourAcquisitionCannotRestoreInvocation]' passed (0.202 seconds).
Test Case '-[RightClickCoreTests.RCIRProductionDispatchTests testSameProviderReappearingCannotReviveOldGeneration]' started.
Test Case '-[RightClickCoreTests.RCIRProductionDispatchTests testSameProviderReappearingCannotReviveOldGeneration]' passed (0.259 seconds).
Test Case '-[RightClickCoreTests.RCIRProductionDispatchTests testSchemaDriftBeforeDispatchProducesZeroProviderEffects]' started.
Test Case '-[RightClickCoreTests.RCIRProductionDispatchTests testSchemaDriftBeforeDispatchProducesZeroProviderEffects]' passed (0.244 seconds).
Test Case '-[RightClickCoreTests.RCIRProductionDispatchTests testSeparateRepeatIssuesNewLeaseThroughBothEntryPoints]' started.
Test Case '-[RightClickCoreTests.RCIRProductionDispatchTests testSeparateRepeatIssuesNewLeaseThroughBothEntryPoints]' passed (0.214 seconds).
Test Case '-[RightClickCoreTests.RCIRProductionDispatchTests testSpentLeaseCannotDispatchAgain]' started.
Test Case '-[RightClickCoreTests.RCIRProductionDispatchTests testSpentLeaseCannotDispatchAgain]' passed (0.271 seconds).
Test Suite 'RCIRProductionDispatchTests' passed at 2026-10-07 20:24:36.577.
	 Executed 30 tests, with 0 failures (0 unexpected) in 8.214 (8.220) seconds
Test Suite 'RCIRProvisionedSignerTests' started at 2026-10-07 20:24:36.577.
Test Case '-[RightClickCoreTests.RCIRProvisionedSignerTests testWithdrawalAtPostSignatureBoundaryReturnsNoSignature]' started.
Test Case '-[RightClickCoreTests.RCIRProvisionedSignerTests testWithdrawalAtPostSignatureBoundaryReturnsNoSignature]' passed (0.003 seconds).
Test Suite 'RCIRProvisionedSignerTests' passed at 2026-10-07 20:24:36.580.
	 Executed 1 test, with 0 failures (0 unexpected) in 0.003 (0.003) seconds
Test Suite 'RCIRSigningLifecycleTests' started at 2026-10-07 20:24:36.580.
Test Case '-[RightClickCoreTests.RCIRSigningLifecycleTests testFreshInvocationAfterRotationUsesNewProvisionedKey]' started.
Test Case '-[RightClickCoreTests.RCIRSigningLifecycleTests testFreshInvocationAfterRotationUsesNewProvisionedKey]' passed (1.500 seconds).
Test Case '-[RightClickCoreTests.RCIRSigningLifecycleTests testKeyWithdrawalAtAdmissionBoundaryHasZeroProviderEffects]' started.
Test Case '-[RightClickCoreTests.RCIRSigningLifecycleTests testKeyWithdrawalAtAdmissionBoundaryHasZeroProviderEffects]' passed (0.372 seconds).
Test Case '-[RightClickCoreTests.RCIRSigningLifecycleTests testSamePathKeyRotationDoesNotSignWithRetainedOldKey]' started.
Test Case '-[RightClickCoreTests.RCIRSigningLifecycleTests testSamePathKeyRotationDoesNotSignWithRetainedOldKey]' passed (0.866 seconds).
Test Case '-[RightClickCoreTests.RCIRSigningLifecycleTests testSignerReferenceRotationPreservesUnknownEffectWithoutOldSignature]' started.
Test Case '-[RightClickCoreTests.RCIRSigningLifecycleTests testSignerReferenceRotationPreservesUnknownEffectWithoutOldSignature]' passed (0.856 seconds).
Test Case '-[RightClickCoreTests.RCIRSigningLifecycleTests testUnaryHTTPAfterKeyWithdrawalRetainsActualEffectAndUnsignedTruth]' started.
Test Case '-[RightClickCoreTests.RCIRSigningLifecycleTests testUnaryHTTPAfterKeyWithdrawalRetainsActualEffectAndUnsignedTruth]' passed (0.534 seconds).
Test Case '-[RightClickCoreTests.RCIRSigningLifecycleTests testUnchangedProvisionedSignerSignsGenuineEffect]' started.
Test Case '-[RightClickCoreTests.RCIRSigningLifecycleTests testUnchangedProvisionedSignerSignsGenuineEffect]' passed (0.842 seconds).
Test Case '-[RightClickCoreTests.RCIRSigningLifecycleTests testWithdrawnKeyAfterRealEffectAndProviderLossPreservesUnknown]' started.
Test Case '-[RightClickCoreTests.RCIRSigningLifecycleTests testWithdrawnKeyAfterRealEffectAndProviderLossPreservesUnknown]' passed (0.874 seconds).
Test Case '-[RightClickCoreTests.RCIRSigningLifecycleTests testWithdrawnKeyDoesNotSignAlreadyAdmittedVerifiedEffect]' started.
Test Case '-[RightClickCoreTests.RCIRSigningLifecycleTests testWithdrawnKeyDoesNotSignAlreadyAdmittedVerifiedEffect]' passed (0.845 seconds).
Test Suite 'RCIRSigningLifecycleTests' passed at 2026-10-07 20:24:43.271.
	 Executed 8 tests, with 0 failures (0 unexpected) in 6.689 (6.691) seconds
Test Suite 'RCIRStructuredObservationTests' started at 2026-10-07 20:24:43.271.
Test Case '-[RightClickCoreTests.RCIRStructuredObservationTests testArgumentBoundFieldsVerifyWhileAssignedMetadataRemainsInSignedBytes]' started.
Test Case '-[RightClickCoreTests.RCIRStructuredObservationTests testArgumentBoundFieldsVerifyWhileAssignedMetadataRemainsInSignedBytes]' passed (0.002 seconds).
Test Case '-[RightClickCoreTests.RCIRStructuredObservationTests testExistingUnaryEvidenceInitializerDoesNotRequireTaskEvents]' started.
Test Case '-[RightClickCoreTests.RCIRStructuredObservationTests testExistingUnaryEvidenceInitializerDoesNotRequireTaskEvents]' passed (0.000 seconds).
Test Case '-[RightClickCoreTests.RCIRStructuredObservationTests testFullObservationSchemaCannotBeDiscardedByProjection]' started.
Test Case '-[RightClickCoreTests.RCIRStructuredObservationTests testFullObservationSchemaCannotBeDiscardedByProjection]' passed (0.002 seconds).
Test Case '-[RightClickCoreTests.RCIRStructuredObservationTests testIndependentMismatchIsVerifiedFailure]' started.
Test Case '-[RightClickCoreTests.RCIRStructuredObservationTests testIndependentMismatchIsVerifiedFailure]' passed (0.001 seconds).
Test Case '-[RightClickCoreTests.RCIRStructuredObservationTests testObserverReceivesProviderCoordinatesAsUntrustedLocatorOnly]' started.
Test Case '-[RightClickCoreTests.RCIRStructuredObservationTests testObserverReceivesProviderCoordinatesAsUntrustedLocatorOnly]' passed (0.001 seconds).
Test Case '-[RightClickCoreTests.RCIRStructuredObservationTests testProjectionRejectsWildcardMissingAndUnboundedContracts]' started.
Test Case '-[RightClickCoreTests.RCIRStructuredObservationTests testProjectionRejectsWildcardMissingAndUnboundedContracts]' passed (0.001 seconds).
Test Suite 'RCIRStructuredObservationTests' passed at 2026-10-07 20:24:43.278.
	 Executed 6 tests, with 0 failures (0 unexpected) in 0.007 (0.008) seconds
Test Suite 'RCIRTests' started at 2026-10-07 20:24:43.278.
Test Case '-[RightClickCoreTests.RCIRTests testAcceptanceAndCompletionAreNotSemanticSuccess]' started.
Test Case '-[RightClickCoreTests.RCIRTests testAcceptanceAndCompletionAreNotSemanticSuccess]' passed (0.001 seconds).
Test Case '-[RightClickCoreTests.RCIRTests testArgumentTamperingRejected]' started.
Test Case '-[RightClickCoreTests.RCIRTests testArgumentTamperingRejected]' passed (0.001 seconds).
Test Case '-[RightClickCoreTests.RCIRTests testBufferOverflowNeverSilentlyDropsEvents]' started.
Test Case '-[RightClickCoreTests.RCIRTests testBufferOverflowNeverSilentlyDropsEvents]' passed (0.001 seconds).
Test Case '-[RightClickCoreTests.RCIRTests testByteBudgetEnforcedBeforeMutation]' started.
Test Case '-[RightClickCoreTests.RCIRTests testByteBudgetEnforcedBeforeMutation]' passed (0.001 seconds).
Test Case '-[RightClickCoreTests.RCIRTests testCancellationRequestIsNotAcknowledgement]' started.
Test Case '-[RightClickCoreTests.RCIRTests testCancellationRequestIsNotAcknowledgement]' passed (0.001 seconds).
Test Case '-[RightClickCoreTests.RCIRTests testCannotIssueFinalReceiptForRunningTask]' started.
Test Case '-[RightClickCoreTests.RCIRTests testCannotIssueFinalReceiptForRunningTask]' passed (0.001 seconds).
Test Case '-[RightClickCoreTests.RCIRTests testChangedContractInvalidatesLease]' started.
Test Case '-[RightClickCoreTests.RCIRTests testChangedContractInvalidatesLease]' passed (0.001 seconds).
Test Case '-[RightClickCoreTests.RCIRTests testClockRegressionRejected]' started.
Test Case '-[RightClickCoreTests.RCIRTests testClockRegressionRejected]' passed (0.001 seconds).
Test Case '-[RightClickCoreTests.RCIRTests testContractBindsEffects]' started.
Test Case '-[RightClickCoreTests.RCIRTests testContractBindsEffects]' passed (0.000 seconds).
Test Case '-[RightClickCoreTests.RCIRTests testContractBindsTaskShape]' started.
Test Case '-[RightClickCoreTests.RCIRTests testContractBindsTaskShape]' passed (0.000 seconds).
Test Case '-[RightClickCoreTests.RCIRTests testContractBindsVerification]' started.
Test Case '-[RightClickCoreTests.RCIRTests testContractBindsVerification]' passed (0.000 seconds).
Test Case '-[RightClickCoreTests.RCIRTests testContractRejectsUnboundedStream]' started.
Test Case '-[RightClickCoreTests.RCIRTests testContractRejectsUnboundedStream]' passed (0.000 seconds).
Test Case '-[RightClickCoreTests.RCIRTests testDeadlineProducesUnknownNotSuccessOrRetry]' started.
Test Case '-[RightClickCoreTests.RCIRTests testDeadlineProducesUnknownNotSuccessOrRetry]' passed (0.001 seconds).
Test Case '-[RightClickCoreTests.RCIRTests testExistingABIStillDistinguishesIntegerNumberAndString]' started.
Test Case '-[RightClickCoreTests.RCIRTests testExistingABIStillDistinguishesIntegerNumberAndString]' passed (0.000 seconds).
Test Case '-[RightClickCoreTests.RCIRTests testExternalMismatchIsSemanticFailure]' started.
Test Case '-[RightClickCoreTests.RCIRTests testExternalMismatchIsSemanticFailure]' passed (0.001 seconds).
Test Case '-[RightClickCoreTests.RCIRTests testIncorrectTypedArgumentsRejected]' started.
Test Case '-[RightClickCoreTests.RCIRTests testIncorrectTypedArgumentsRejected]' passed (0.001 seconds).
Test Case '-[RightClickCoreTests.RCIRTests testInvalidScopeFailsClosed]' started.
Test Case '-[RightClickCoreTests.RCIRTests testInvalidScopeFailsClosed]' passed (0.000 seconds).
Test Case '-[RightClickCoreTests.RCIRTests testLeaseCannotCrossAdmissionInstances]' started.
Test Case '-[RightClickCoreTests.RCIRTests testLeaseCannotCrossAdmissionInstances]' passed (0.001 seconds).
Test Case '-[RightClickCoreTests.RCIRTests testLeaseConsumesOnce]' started.
Test Case '-[RightClickCoreTests.RCIRTests testLeaseConsumesOnce]' passed (0.001 seconds).
Test Case '-[RightClickCoreTests.RCIRTests testLeaseExpiryBoundary]' started.
Test Case '-[RightClickCoreTests.RCIRTests testLeaseExpiryBoundary]' passed (0.001 seconds).
Test Case '-[RightClickCoreTests.RCIRTests testLeaseInvalidTimesAndTTLRejected]' started.
Test Case '-[RightClickCoreTests.RCIRTests testLeaseInvalidTimesAndTTLRejected]' passed (0.001 seconds).
Test Case '-[RightClickCoreTests.RCIRTests testLeastAuthorityIsExactRequiredSubset]' started.
Test Case '-[RightClickCoreTests.RCIRTests testLeastAuthorityIsExactRequiredSubset]' passed (0.001 seconds).
Test Case '-[RightClickCoreTests.RCIRTests testMissingAuthorityRejected]' started.
Test Case '-[RightClickCoreTests.RCIRTests testMissingAuthorityRejected]' passed (0.001 seconds).
Test Case '-[RightClickCoreTests.RCIRTests testMissingVerificationContractCannotSucceed]' started.
Test Case '-[RightClickCoreTests.RCIRTests testMissingVerificationContractCannotSucceed]' passed (0.001 seconds).
Test Case '-[RightClickCoreTests.RCIRTests testObserverTransportFailureDoesNotBecomeSuccess]' started.
Test Case '-[RightClickCoreTests.RCIRTests testObserverTransportFailureDoesNotBecomeSuccess]' passed (0.001 seconds).
Test Case '-[RightClickCoreTests.RCIRTests testOnlyBoundIndependentObserverCanVerify]' started.
Test Case '-[RightClickCoreTests.RCIRTests testOnlyBoundIndependentObserverCanVerify]' passed (0.001 seconds).
Test Case '-[RightClickCoreTests.RCIRTests testPolicyChangeAndAuthorityRevocationRejected]' started.
Test Case '-[RightClickCoreTests.RCIRTests testPolicyChangeAndAuthorityRevocationRejected]' passed (0.001 seconds).
Test Case '-[RightClickCoreTests.RCIRTests testPolicyDenyOverridesAuthority]' started.
Test Case '-[RightClickCoreTests.RCIRTests testPolicyDenyOverridesAuthority]' passed (0.001 seconds).
Test Case '-[RightClickCoreTests.RCIRTests testPrincipalBoundToSnapshot]' started.
Test Case '-[RightClickCoreTests.RCIRTests testPrincipalBoundToSnapshot]' passed (0.001 seconds).
Test Case '-[RightClickCoreTests.RCIRTests testProviderLossDuringWorkIsUnknown]' started.
Test Case '-[RightClickCoreTests.RCIRTests testProviderLossDuringWorkIsUnknown]' passed (0.001 seconds).
Test Case '-[RightClickCoreTests.RCIRTests testPureOperationNeedsNoAuthority]' started.
Test Case '-[RightClickCoreTests.RCIRTests testPureOperationNeedsNoAuthority]' passed (0.000 seconds).
Test Case '-[RightClickCoreTests.RCIRTests testReappearanceCannotResurrectOldLease]' started.
Test Case '-[RightClickCoreTests.RCIRTests testReappearanceCannotResurrectOldLease]' passed (0.001 seconds).
Test Case '-[RightClickCoreTests.RCIRTests testReceiptBindsObservedOutcomeAndHasDomainSeparator]' started.
Test Case '-[RightClickCoreTests.RCIRTests testReceiptBindsObservedOutcomeAndHasDomainSeparator]' passed (0.001 seconds).
Test Case '-[RightClickCoreTests.RCIRTests testRemovedProviderDisappearsAndOldBindingRejected]' started.
Test Case '-[RightClickCoreTests.RCIRTests testRemovedProviderDisappearsAndOldBindingRejected]' passed (0.001 seconds).
Test Case '-[RightClickCoreTests.RCIRTests testResultShapeCheckedWithoutPromotion]' started.
Test Case '-[RightClickCoreTests.RCIRTests testResultShapeCheckedWithoutPromotion]' passed (0.001 seconds).
Test Case '-[RightClickCoreTests.RCIRTests testSamePublicationDoesNotInvalidateBinding]' started.
Test Case '-[RightClickCoreTests.RCIRTests testSamePublicationDoesNotInvalidateBinding]' passed (0.001 seconds).
Test Case '-[RightClickCoreTests.RCIRTests testScopesUseExactUTF8]' started.
Test Case '-[RightClickCoreTests.RCIRTests testScopesUseExactUTF8]' passed (0.000 seconds).
Test Case '-[RightClickCoreTests.RCIRTests testStreamElementAndUnaryChunkValidation]' started.
Test Case '-[RightClickCoreTests.RCIRTests testStreamElementAndUnaryChunkValidation]' passed (0.001 seconds).
Test Case '-[RightClickCoreTests.RCIRTests testStreamSequenceReplayAndGapRejected]' started.
Test Case '-[RightClickCoreTests.RCIRTests testStreamSequenceReplayAndGapRejected]' passed (0.001 seconds).
Test Case '-[RightClickCoreTests.RCIRTests testTaskDeadlineMustBeFiniteAndForward]' started.
Test Case '-[RightClickCoreTests.RCIRTests testTaskDeadlineMustBeFiniteAndForward]' passed (0.001 seconds).
Test Case '-[RightClickCoreTests.RCIRTests testTerminalTaskCannotBeReopened]' started.
Test Case '-[RightClickCoreTests.RCIRTests testTerminalTaskCannotBeReopened]' passed (0.001 seconds).
Test Case '-[RightClickCoreTests.RCIRTests testUnknownArgumentSchemaRejected]' started.
Test Case '-[RightClickCoreTests.RCIRTests testUnknownArgumentSchemaRejected]' passed (0.001 seconds).
Test Case '-[RightClickCoreTests.RCIRTests testUnknownEffectsRejected]' started.
Test Case '-[RightClickCoreTests.RCIRTests testUnknownEffectsRejected]' passed (0.001 seconds).
Test Case '-[RightClickCoreTests.RCIRTests testUnsupportedCancellationRejected]' started.
Test Case '-[RightClickCoreTests.RCIRTests testUnsupportedCancellationRejected]' passed (0.001 seconds).
Test Case '-[RightClickCoreTests.RCIRTests testUnsupportedClientAndDuplexStreamsAbstain]' started.
Test Case '-[RightClickCoreTests.RCIRTests testUnsupportedClientAndDuplexStreamsAbstain]' passed (0.001 seconds).
Test Case '-[RightClickCoreTests.RCIRTests testVerifierCannotRunBeforeProviderCompletion]' started.
Test Case '-[RightClickCoreTests.RCIRTests testVerifierCannotRunBeforeProviderCompletion]' passed (0.001 seconds).
Test Suite 'RCIRTests' passed at 2026-10-07 20:24:43.314.
	 Executed 46 tests, with 0 failures (0 unexpected) in 0.032 (0.036) seconds
Test Suite 'RCIRUnaryAdmissionTests' started at 2026-10-07 20:24:43.314.
Test Case '-[RightClickCoreTests.RCIRUnaryAdmissionTests testAcceptedLegacyUnaryConsumesOneLeaseAndRetainsUnverifiedReceipt]' started.
Test Case '-[RightClickCoreTests.RCIRUnaryAdmissionTests testAcceptedLegacyUnaryConsumesOneLeaseAndRetainsUnverifiedReceipt]' passed (0.014 seconds).
Test Case '-[RightClickCoreTests.RCIRUnaryAdmissionTests testChangedArgumentsAtAdmissionStopLegacyUnaryTransport]' started.
Test Case '-[RightClickCoreTests.RCIRUnaryAdmissionTests testChangedArgumentsAtAdmissionStopLegacyUnaryTransport]' passed (0.007 seconds).
Test Case '-[RightClickCoreTests.RCIRUnaryAdmissionTests testCurrentHostPolicyDenialStopsLegacyUnaryTransport]' started.
Test Case '-[RightClickCoreTests.RCIRUnaryAdmissionTests testCurrentHostPolicyDenialStopsLegacyUnaryTransport]' passed (0.005 seconds).
Test Case '-[RightClickCoreTests.RCIRUnaryAdmissionTests testLostUnaryResponsePreservesUnknownWithoutReplay]' started.
Test Case '-[RightClickCoreTests.RCIRUnaryAdmissionTests testLostUnaryResponsePreservesUnknownWithoutReplay]' passed (0.007 seconds).
Test Suite 'RCIRUnaryAdmissionTests' passed at 2026-10-07 20:24:43.348.
	 Executed 4 tests, with 0 failures (0 unexpected) in 0.033 (0.034) seconds
Test Suite 'RCIRUnitCompletionTests' started at 2026-10-07 20:24:43.348.
Test Case '-[RightClickCoreTests.RCIRUnitCompletionTests testNoOutputCompletionCannotBypassDeclaredOrUnknownOutput]' started.
Test Case '-[RightClickCoreTests.RCIRUnitCompletionTests testNoOutputCompletionCannotBypassDeclaredOrUnknownOutput]' passed (0.002 seconds).
Test Case '-[RightClickCoreTests.RCIRUnitCompletionTests testNoOutputCompletionCarriesNoProviderValueAndRemainsUnverified]' started.
Test Case '-[RightClickCoreTests.RCIRUnitCompletionTests testNoOutputCompletionCarriesNoProviderValueAndRemainsUnverified]' passed (0.001 seconds).
Test Case '-[RightClickCoreTests.RCIRUnitCompletionTests testNoOutputHasCanonicalIdentityDistinctFromJSONNull]' started.
Test Case '-[RightClickCoreTests.RCIRUnitCompletionTests testNoOutputHasCanonicalIdentityDistinctFromJSONNull]' passed (0.000 seconds).
Test Case '-[RightClickCoreTests.RCIRUnitCompletionTests testOnlyIndependentObserverCanPromoteNoOutputOutcome]' started.
Test Case '-[RightClickCoreTests.RCIRUnitCompletionTests testOnlyIndependentObserverCanPromoteNoOutputOutcome]' passed (0.001 seconds).
Test Suite 'RCIRUnitCompletionTests' passed at 2026-10-07 20:24:43.352.
	 Executed 4 tests, with 0 failures (0 unexpected) in 0.003 (0.003) seconds
Test Suite 'RuntimeIdentityCompatibilityTests' started at 2026-10-07 20:24:43.352.
Test Case '-[RightClickCoreTests.RuntimeIdentityCompatibilityTests testActualInstalledCoreRuntimeIdentityRemainsDecodable]' started.
Test Case '-[RightClickCoreTests.RuntimeIdentityCompatibilityTests testActualInstalledCoreRuntimeIdentityRemainsDecodable]' passed (0.001 seconds).
Test Case '-[RightClickCoreTests.RuntimeIdentityCompatibilityTests testCurrentRuntimeAdvertisesOnlyTheExistingCoreProfile]' started.
Test Case '-[RightClickCoreTests.RuntimeIdentityCompatibilityTests testCurrentRuntimeAdvertisesOnlyTheExistingCoreProfile]' passed (0.002 seconds).
Test Suite 'RuntimeIdentityCompatibilityTests' passed at 2026-10-07 20:24:43.355.
	 Executed 2 tests, with 0 failures (0 unexpected) in 0.003 (0.003) seconds
Test Suite 'RuntimeProvenanceTests' started at 2026-10-07 20:24:43.355.
Test Case '-[RightClickCoreTests.RuntimeProvenanceTests testCurrentIdentityMeasuresBytesAndNamesVersionedContracts]' started.
Test Case '-[RightClickCoreTests.RuntimeProvenanceTests testCurrentIdentityMeasuresBytesAndNamesVersionedContracts]' passed (0.000 seconds).
Test Case '-[RightClickCoreTests.RuntimeProvenanceTests testLegacyRemoteIdentityDoesNotInheritLocalBuildFacts]' started.
Test Case '-[RightClickCoreTests.RuntimeProvenanceTests testLegacyRemoteIdentityDoesNotInheritLocalBuildFacts]' passed (0.000 seconds).
Test Suite 'RuntimeProvenanceTests' passed at 2026-10-07 20:24:43.355.
	 Executed 2 tests, with 0 failures (0 unexpected) in 0.000 (0.001) seconds
Test Suite 'ServiceContextTests' started at 2026-10-07 20:24:43.355.
Test Case '-[RightClickCoreTests.ServiceContextTests testApplicationContextUsesActualHostAndDoesNotInventSelectionLanguage]' started.
Test Case '-[RightClickCoreTests.ServiceContextTests testApplicationContextUsesActualHostAndDoesNotInventSelectionLanguage]' passed (0.001 seconds).
Test Case '-[RightClickCoreTests.ServiceContextTests testBundlelessWorkflowPathsPreventSharedMessageIdentityCollision]' started.
Test Case '-[RightClickCoreTests.ServiceContextTests testBundlelessWorkflowPathsPreventSharedMessageIdentityCollision]' passed (0.002 seconds).
Test Case '-[RightClickCoreTests.ServiceContextTests testContextDictionariesAreANDAndArrayIsOR]' started.
Test Case '-[RightClickCoreTests.ServiceContextTests testContextDictionariesAreANDAndArrayIsOR]' passed (0.002 seconds).
Test Case '-[RightClickCoreTests.ServiceContextTests testDuplicateMenuNamesCannotChooseTheWrongProvider]' started.
Test Case '-[RightClickCoreTests.ServiceContextTests testDuplicateMenuNamesCannotChooseTheWrongProvider]' passed (0.001 seconds).
Test Case '-[RightClickCoreTests.ServiceContextTests testFilePathContextEncodesPathRatherThanReadingFileContents]' started.
Test Case '-[RightClickCoreTests.ServiceContextTests testFilePathContextEncodesPathRatherThanReadingFileContents]' passed (0.003 seconds).
Test Case '-[RightClickCoreTests.ServiceContextTests testFilePathRequirementDoesNotApplyToOrdinaryTextOrWebURL]' started.
Test Case '-[RightClickCoreTests.ServiceContextTests testFilePathRequirementDoesNotApplyToOrdinaryTextOrWebURL]' passed (0.000 seconds).
Test Case '-[RightClickCoreTests.ServiceContextTests testUndeclaredEncodingsCannotBecomeApplicableThroughSubstringMatching]' started.
Test Case '-[RightClickCoreTests.ServiceContextTests testUndeclaredEncodingsCannotBecomeApplicableThroughSubstringMatching]' passed (0.000 seconds).
Test Case '-[RightClickCoreTests.ServiceContextTests testUnknownAndMalformedContextAbstain]' started.
Test Case '-[RightClickCoreTests.ServiceContextTests testUnknownAndMalformedContextAbstain]' passed (0.000 seconds).
Test Suite 'ServiceContextTests' passed at 2026-10-07 20:24:43.365.
	 Executed 8 tests, with 0 failures (0 unexpected) in 0.009 (0.010) seconds
Test Suite 'ServiceOutcomeTests' started at 2026-10-07 20:24:43.365.
Test Case '-[RightClickCoreTests.ServiceOutcomeTests testChangedCounterWithoutDeclaredOutputIsNotVerification]' started.
Test Case '-[RightClickCoreTests.ServiceOutcomeTests testChangedCounterWithoutDeclaredOutputIsNotVerification]' passed (0.000 seconds).
Test Case '-[RightClickCoreTests.ServiceOutcomeTests testEchoedInputWithChangedCounterIsNotSemanticProof]' started.
Test Case '-[RightClickCoreTests.ServiceOutcomeTests testEchoedInputWithChangedCounterIsNotSemanticProof]' passed (0.000 seconds).
Test Case '-[RightClickCoreTests.ServiceOutcomeTests testExactPostconditionChecksEmptyUnicodeAndWhitespaceWithoutNormalization]' started.
Test Case '-[RightClickCoreTests.ServiceOutcomeTests testExactPostconditionChecksEmptyUnicodeAndWhitespaceWithoutNormalization]' passed (0.000 seconds).
Test Case '-[RightClickCoreTests.ServiceOutcomeTests testRejectionAndDeadlineCannotSucceedOrLeakEchoedInput]' started.
Test Case '-[RightClickCoreTests.ServiceOutcomeTests testRejectionAndDeadlineCannotSucceedOrLeakEchoedInput]' passed (0.000 seconds).
Test Case '-[RightClickCoreTests.ServiceOutcomeTests testReturnedOutputWithoutPostconditionIsNotSemanticSuccess]' started.
Test Case '-[RightClickCoreTests.ServiceOutcomeTests testReturnedOutputWithoutPostconditionIsNotSemanticSuccess]' passed (0.000 seconds).
Test Case '-[RightClickCoreTests.ServiceOutcomeTests testUnchangedInputIsNotReturnedOrVerified]' started.
Test Case '-[RightClickCoreTests.ServiceOutcomeTests testUnchangedInputIsNotReturnedOrVerified]' passed (0.000 seconds).
Test Suite 'ServiceOutcomeTests' passed at 2026-10-07 20:24:43.367.
	 Executed 6 tests, with 0 failures (0 unexpected) in 0.001 (0.002) seconds
Test Suite 'SetupAllTransactionRedTests' started at 2026-10-07 20:24:43.367.
Test Case '-[RightClickCLITests.SetupAllTransactionRedTests testSetupAllApplyFailureRollsBackEarlierClientsExactly]' started.
Test Case '-[RightClickCLITests.SetupAllTransactionRedTests testSetupAllApplyFailureRollsBackEarlierClientsExactly]' passed (1.460 seconds).
Test Case '-[RightClickCLITests.SetupAllTransactionRedTests testSetupAllConfiguresEveryDetectedClientAfterOneProbe]' started.
Test Case '-[RightClickCLITests.SetupAllTransactionRedTests testSetupAllConfiguresEveryDetectedClientAfterOneProbe]' passed (1.024 seconds).
Test Case '-[RightClickCLITests.SetupAllTransactionRedTests testSetupAllDryRunPreflightsEveryDetectedClientWithoutMutation]' started.
Test Case '-[RightClickCLITests.SetupAllTransactionRedTests testSetupAllDryRunPreflightsEveryDetectedClientWithoutMutation]' passed (0.968 seconds).
Test Case '-[RightClickCLITests.SetupAllTransactionRedTests testSetupAllOptionIsExplicitAndMutuallyExclusiveWithClient]' started.
Test Case '-[RightClickCLITests.SetupAllTransactionRedTests testSetupAllOptionIsExplicitAndMutuallyExclusiveWithClient]' passed (0.000 seconds).
Test Case '-[RightClickCLITests.SetupAllTransactionRedTests testSetupAllPreflightConflictMutatesNothing]' started.
Test Case '-[RightClickCLITests.SetupAllTransactionRedTests testSetupAllPreflightConflictMutatesNothing]' passed (0.961 seconds).
Test Case '-[RightClickCLITests.SetupAllTransactionRedTests testSetupAllRequiresOneConsentBeforeAnyMutation]' started.
Test Case '-[RightClickCLITests.SetupAllTransactionRedTests testSetupAllRequiresOneConsentBeforeAnyMutation]' passed (0.801 seconds).
Test Suite 'SetupAllTransactionRedTests' passed at 2026-10-07 20:24:48.582.
	 Executed 6 tests, with 0 failures (0 unexpected) in 5.213 (5.215) seconds
Test Suite 'SetupStateTests' started at 2026-10-07 20:24:48.582.
Test Case '-[RightClickCLITests.SetupStateTests testMalformedExistingStateIsNeverOverwritten]' started.
Test Case '-[RightClickCLITests.SetupStateTests testMalformedExistingStateIsNeverOverwritten]' passed (0.004 seconds).
Test Case '-[RightClickCLITests.SetupStateTests testMCPContractContainsCurrentSevenTools]' started.
Test Case '-[RightClickCLITests.SetupStateTests testMCPContractContainsCurrentSevenTools]' passed (0.006 seconds).
Test Case '-[RightClickCLITests.SetupStateTests testReconcilePreservesChatGPTBridgeIdentity]' started.
Test Case '-[RightClickCLITests.SetupStateTests testReconcilePreservesChatGPTBridgeIdentity]' passed (0.006 seconds).
Test Case '-[RightClickCLITests.SetupStateTests testSetupStateRoundTripsExactly]' started.
Test Case '-[RightClickCLITests.SetupStateTests testSetupStateRoundTripsExactly]' passed (0.003 seconds).
Test Case '-[RightClickCLITests.SetupStateTests testSetupStateWriteIsDeterministic]' started.
Test Case '-[RightClickCLITests.SetupStateTests testSetupStateWriteIsDeterministic]' passed (0.004 seconds).
Test Suite 'SetupStateTests' passed at 2026-10-07 20:24:48.605.
	 Executed 5 tests, with 0 failures (0 unexpected) in 0.022 (0.023) seconds
Test Suite 'SetupTests' started at 2026-10-07 20:24:48.605.
Test Case '-[RightClickCLITests.SetupTests testAbsentConfigurationIsCreated]' started.
Test Case '-[RightClickCLITests.SetupTests testAbsentConfigurationIsCreated]' passed (0.002 seconds).
Test Case '-[RightClickCLITests.SetupTests testEveryFailedStagePreventsSuccessfulExit]' started.
Test Case '-[RightClickCLITests.SetupTests testEveryFailedStagePreventsSuccessfulExit]' passed (0.000 seconds).
Test Case '-[RightClickCLITests.SetupTests testExplicitChatGPTTunnelIDIsSelected]' started.
Test Case '-[RightClickCLITests.SetupTests testExplicitChatGPTTunnelIDIsSelected]' passed (0.000 seconds).
Test Case '-[RightClickCLITests.SetupTests testExplicitServeTokenOverridesStoredToken]' started.
Test Case '-[RightClickCLITests.SetupTests testExplicitServeTokenOverridesStoredToken]' passed (0.000 seconds).
Test Case '-[RightClickCLITests.SetupTests testExplicitTunnelIDOverridesStoredIdentity]' started.
Test Case '-[RightClickCLITests.SetupTests testExplicitTunnelIDOverridesStoredIdentity]' passed (0.000 seconds).
Test Case '-[RightClickCLITests.SetupTests testInvalidRootAndMalformedJSONRemainByteIdentical]' started.
Test Case '-[RightClickCLITests.SetupTests testInvalidRootAndMalformedJSONRemainByteIdentical]' passed (0.007 seconds).
Test Case '-[RightClickCLITests.SetupTests testInvalidServerContainersRemainByteIdentical]' started.
Test Case '-[RightClickCLITests.SetupTests testInvalidServerContainersRemainByteIdentical]' passed (0.006 seconds).
Test Case '-[RightClickCLITests.SetupTests testLongVersionFlagIsAccepted]' started.
Test Case '-[RightClickCLITests.SetupTests testLongVersionFlagIsAccepted]' passed (0.001 seconds).
Test Case '-[RightClickCLITests.SetupTests testOpenAIPluginPreservesMarketplaceAndIsIdempotent]' started.
Test Case '-[RightClickCLITests.SetupTests testOpenAIPluginPreservesMarketplaceAndIsIdempotent]' passed (0.010 seconds).
Test Case '-[RightClickCLITests.SetupTests testOpenAIPluginUsesCurrentPersonalMarketplaceLayout]' started.
Test Case '-[RightClickCLITests.SetupTests testOpenAIPluginUsesCurrentPersonalMarketplaceLayout]' passed (0.006 seconds).
Test Case '-[RightClickCLITests.SetupTests testStoredChatGPTTunnelIDIsReused]' started.
Test Case '-[RightClickCLITests.SetupTests testStoredChatGPTTunnelIDIsReused]' passed (0.000 seconds).
Test Case '-[RightClickCLITests.SetupTests testUnrelatedValuesAndOnlyOwnedEntryArePreserved]' started.
Test Case '-[RightClickCLITests.SetupTests testUnrelatedValuesAndOnlyOwnedEntryArePreserved]' passed (0.002 seconds).
Test Case '-[RightClickCLITests.SetupTests testWriteFailureIsReported]' started.
Test Case '-[RightClickCLITests.SetupTests testWriteFailureIsReported]' passed (0.003 seconds).
Test Suite 'SetupTests' passed at 2026-10-07 20:24:48.644.
	 Executed 13 tests, with 0 failures (0 unexpected) in 0.038 (0.039) seconds
Test Suite 'SharingExecutionTests' started at 2026-10-07 20:24:48.644.
Test Case '-[RightClickCoreTests.SharingExecutionTests testDeadlineDoesNotOverrideATerminalCallback]' started.
Test Case '-[RightClickCoreTests.SharingExecutionTests testDeadlineDoesNotOverrideATerminalCallback]' passed (0.000 seconds).
Test Case '-[RightClickCoreTests.SharingExecutionTests testDeadlineWithoutCallbackIsUnknown]' started.
Test Case '-[RightClickCoreTests.SharingExecutionTests testDeadlineWithoutCallbackIsUnknown]' passed (0.000 seconds).
Test Case '-[RightClickCoreTests.SharingExecutionTests testDidFailToShareItemsFails]' started.
Test Case '-[RightClickCoreTests.SharingExecutionTests testDidFailToShareItemsFails]' passed (0.000 seconds).
Test Case '-[RightClickCoreTests.SharingExecutionTests testDidShareItemsReportsAcceptanceWithoutIndependentOutcome]' started.
Test Case '-[RightClickCoreTests.SharingExecutionTests testDidShareItemsReportsAcceptanceWithoutIndependentOutcome]' passed (0.000 seconds).
Test Case '-[RightClickCoreTests.SharingExecutionTests testPerformReturnWithoutCallbackStaysStarted]' started.
Test Case '-[RightClickCoreTests.SharingExecutionTests testPerformReturnWithoutCallbackStaysStarted]' passed (0.000 seconds).
Test Case '-[RightClickCoreTests.SharingExecutionTests testWillShareItemsDoesNotFailTheExecution]' started.
Test Case '-[RightClickCoreTests.SharingExecutionTests testWillShareItemsDoesNotFailTheExecution]' passed (0.000 seconds).
Test Suite 'SharingExecutionTests' passed at 2026-10-07 20:24:48.646.
	 Executed 6 tests, with 0 failures (0 unexpected) in 0.001 (0.002) seconds
Test Suite 'StableEntrypointTests' started at 2026-10-07 20:24:48.646.
Test Case '-[RightClickCLITests.StableEntrypointTests testCurrentCellarBinaryCollapsesToStableBin]' started.
Test Case '-[RightClickCLITests.StableEntrypointTests testCurrentCellarBinaryCollapsesToStableBin]' passed (0.003 seconds).
Test Case '-[RightClickCLITests.StableEntrypointTests testDevelopmentBuildIsRejected]' started.
Test Case '-[RightClickCLITests.StableEntrypointTests testDevelopmentBuildIsRejected]' passed (0.002 seconds).
Test Case '-[RightClickCLITests.StableEntrypointTests testStableBinResolvesToItself]' started.
Test Case '-[RightClickCLITests.StableEntrypointTests testStableBinResolvesToItself]' passed (0.003 seconds).
Test Case '-[RightClickCLITests.StableEntrypointTests testStableSHAChangesWhenHomebrewRetargetsSymlink]' started.
Test Case '-[RightClickCLITests.StableEntrypointTests testStableSHAChangesWhenHomebrewRetargetsSymlink]' passed (0.005 seconds).
Test Case '-[RightClickCLITests.StableEntrypointTests testStableSymlinkCannotPointOutsideCellar]' started.
Test Case '-[RightClickCLITests.StableEntrypointTests testStableSymlinkCannotPointOutsideCellar]' passed (0.002 seconds).
Test Case '-[RightClickCLITests.StableEntrypointTests testStaleCellarBinaryIsRejectedAfterUpgrade]' started.
Test Case '-[RightClickCLITests.StableEntrypointTests testStaleCellarBinaryIsRejectedAfterUpgrade]' passed (0.004 seconds).
Test Suite 'StableEntrypointTests' passed at 2026-10-07 20:24:48.666.
	 Executed 6 tests, with 0 failures (0 unexpected) in 0.020 (0.021) seconds
Test Suite 'StableProfileIntegrityTests' started at 2026-10-07 20:24:48.666.
Test Case '-[RightClickCLITests.StableProfileIntegrityTests testDevelopmentRedirectIsRejected]' started.
Test Case '-[RightClickCLITests.StableProfileIntegrityTests testDevelopmentRedirectIsRejected]' passed (0.005 seconds).
Test Case '-[RightClickCLITests.StableProfileIntegrityTests testMissingProfileCommandIsRejected]' started.
Test Case '-[RightClickCLITests.StableProfileIntegrityTests testMissingProfileCommandIsRejected]' passed (0.004 seconds).
Test Case '-[RightClickCLITests.StableProfileIntegrityTests testStableProfileCommandIsAccepted]' started.
Test Case '-[RightClickCLITests.StableProfileIntegrityTests testStableProfileCommandIsAccepted]' passed (0.005 seconds).
Test Suite 'StableProfileIntegrityTests' passed at 2026-10-07 20:24:48.681.
	 Executed 3 tests, with 0 failures (0 unexpected) in 0.014 (0.014) seconds
Test Suite 'StableUpgradeReconciliationTests' started at 2026-10-07 20:24:48.681.
Test Case '-[RightClickCLITests.StableUpgradeReconciliationTests testCurrentStateIsByteIdenticalNoOp]' started.
Test Case '-[RightClickCLITests.StableUpgradeReconciliationTests testCurrentStateIsByteIdenticalNoOp]' passed (0.005 seconds).
Test Case '-[RightClickCLITests.StableUpgradeReconciliationTests testForeignStateIsNeverHijacked]' started.
Test Case '-[RightClickCLITests.StableUpgradeReconciliationTests testForeignStateIsNeverHijacked]' passed (0.005 seconds).
Test Case '-[RightClickCLITests.StableUpgradeReconciliationTests testMissingStateIsNeverCreated]' started.
Test Case '-[RightClickCLITests.StableUpgradeReconciliationTests testMissingStateIsNeverCreated]' passed (0.003 seconds).
Test Case '-[RightClickCLITests.StableUpgradeReconciliationTests testUpgradeReconcilesSHAAndPreservesTunnelIdentity]' started.
Test Case '-[RightClickCLITests.StableUpgradeReconciliationTests testUpgradeReconcilesSHAAndPreservesTunnelIdentity]' passed (0.008 seconds).
Test Suite 'StableUpgradeReconciliationTests' passed at 2026-10-07 20:24:48.703.
	 Executed 4 tests, with 0 failures (0 unexpected) in 0.021 (0.022) seconds
Test Suite 'ToolCatalogueVerificationTests' started at 2026-10-07 20:24:48.703.
Test Case '-[RightClickMCPTests.ToolCatalogueVerificationTests testKnownCatalogueIsAcceptedWhileUnknownProviderFieldsAreRejected]' started.
Test Case '-[RightClickMCPTests.ToolCatalogueVerificationTests testKnownCatalogueIsAcceptedWhileUnknownProviderFieldsAreRejected]' passed (0.002 seconds).
Test Case '-[RightClickMCPTests.ToolCatalogueVerificationTests testKnownSchemaDriftAndMissingOperationsAreRejected]' started.
Test Case '-[RightClickMCPTests.ToolCatalogueVerificationTests testKnownSchemaDriftAndMissingOperationsAreRejected]' passed (0.001 seconds).
Test Suite 'ToolCatalogueVerificationTests' passed at 2026-10-07 20:24:48.706.
	 Executed 2 tests, with 0 failures (0 unexpected) in 0.003 (0.003) seconds
Test Suite 'UniversalReflectorContractTests' started at 2026-10-07 20:24:48.706.
Test Case '-[RightClickCoreTests.UniversalReflectorContractTests testEngineRoutesByReflectorOwnershipNotCapabilitySource]' started.
Test Case '-[RightClickCoreTests.UniversalReflectorContractTests testEngineRoutesByReflectorOwnershipNotCapabilitySource]' passed (0.007 seconds).
Test Case '-[RightClickCoreTests.UniversalReflectorContractTests testGenericVerificationRemainsAboveReflectorBoundary]' started.
Test Case '-[RightClickCoreTests.UniversalReflectorContractTests testGenericVerificationRemainsAboveReflectorBoundary]' passed (0.003 seconds).
Test Case '-[RightClickCoreTests.UniversalReflectorContractTests testRemovingReflectorRemovesCapability]' started.
Test Case '-[RightClickCoreTests.UniversalReflectorContractTests testRemovingReflectorRemovesCapability]' passed (0.001 seconds).
Test Suite 'UniversalReflectorContractTests' passed at 2026-10-07 20:24:48.717.
	 Executed 3 tests, with 0 failures (0 unexpected) in 0.011 (0.011) seconds
Test Suite 'VerificationIntegrationTests' started at 2026-10-07 20:24:48.717.
Test Case '-[RightClickCoreTests.VerificationIntegrationTests testBeginStoresGenericVerificationInExecutionRecord]' started.
Test Case '-[RightClickCoreTests.VerificationIntegrationTests testBeginStoresGenericVerificationInExecutionRecord]' passed (7.151 seconds).
Test Case '-[RightClickCoreTests.VerificationIntegrationTests testNoVerificationSpecPreservesAcceptedUnverifiedBehaviour]' started.
Test Case '-[RightClickCoreTests.VerificationIntegrationTests testNoVerificationSpecPreservesAcceptedUnverifiedBehaviour]' passed (7.742 seconds).
Test Case '-[RightClickCoreTests.VerificationIntegrationTests testRunCanReportVerifiedSemanticFailureAfterAcceptedInvocation]' started.
Test Case '-[RightClickCoreTests.VerificationIntegrationTests testRunCanReportVerifiedSemanticFailureAfterAcceptedInvocation]' passed (6.773 seconds).
Test Case '-[RightClickCoreTests.VerificationIntegrationTests testRunPromotesAcceptedInvocationToVerifiedSuccess]' started.
Test Case '-[RightClickCoreTests.VerificationIntegrationTests testRunPromotesAcceptedInvocationToVerifiedSuccess]' passed (7.520 seconds).
Test Case '-[RightClickCoreTests.VerificationIntegrationTests testVerificationReceiptIsMachineReadableJSON]' started.
Test Case '-[RightClickCoreTests.VerificationIntegrationTests testVerificationReceiptIsMachineReadableJSON]' passed (7.126 seconds).
Test Case '-[RightClickCoreTests.VerificationIntegrationTests testVerificationSpecTimeoutRoundTripsThroughJSON]' started.
Test Case '-[RightClickCoreTests.VerificationIntegrationTests testVerificationSpecTimeoutRoundTripsThroughJSON]' passed (0.000 seconds).
Test Suite 'VerificationIntegrationTests' passed at 2026-10-07 20:25:25.032.
	 Executed 6 tests, with 0 failures (0 unexpected) in 36.313 (36.314) seconds
Test Suite 'rightclick-mcpPackageTests.xctest' failed at 2026-10-07 20:25:25.032.
	 Executed 860 tests, with 35 tests skipped and 1 failure (0 unexpected) in 282.553 (282.679) seconds
{"allAligned":"false","bridgeRunning":"true","client":"chatgpt","configurationChanged":"false","desiredExecutable":"\/var\/folders\/tz\/y04t4d0900xdbmz96jp608180000gn\/T\/rightclick-chatgpt-onboarding-31DE55CD-BD2E-4BAA-BDA8-ADD1DD3A999E\/bin\/rightclick","desiredExecutableSHA256":"306c6ca7407560340797866e077e053627ad409277d1b9da58106fce4cf717cb","desiredLaunchAgentTarget":"\/var\/folders\/tz\/y04t4d0900xdbmz96jp608180000gn\/T\/rightclick-chatgpt-onboarding-31DE55CD-BD2E-4BAA-BDA8-ADD1DD3A999E\/bin\/rightclick bridge run","desiredProfileTarget":"\/var\/folders\/tz\/y04t4d0900xdbmz96jp608180000gn\/T\/rightclick-chatgpt-onboarding-31DE55CD-BD2E-4BAA-BDA8-ADD1DD3A999E\/bin\/rightclick mcp","keychainCredentialStored":"true","launchAgent":"\/var\/folders\/tz\/y04t4d0900xdbmz96jp608180000gn\/T\/rightclick-chatgpt-onboarding-31DE55CD-BD2E-4BAA-BDA8-ADD1DD3A999E\/Library\/LaunchAgents\/ai.rightclick.chatgpt-bridge.plist","launchAgentAligned":"true","launchAgentTarget":"\/var\/folders\/tz\/y04t4d0900xdbmz96jp608180000gn\/T\/rightclick-chatgpt-onboarding-31DE55CD-BD2E-4BAA-BDA8-ADD1DD3A999E\/bin\/rightclick bridge run","mcpConnection":"NOT_ATTESTED_BY_THIS_PREVIEW","migrationRequired":"true","mode":"preview","next":"Review the migration plan, then run `rightclick setup chatgpt --yes`.","outcomeVerification":"NOT_RUN","profile":"\/var\/folders\/tz\/y04t4d0900xdbmz96jp608180000gn\/T\/rightclick-chatgpt-onboarding-31DE55CD-BD2E-4BAA-BDA8-ADD1DD3A999E\/.config\/tunnel-client\/rightclick.yaml","profileAligned":"false","profileTarget":"\/tmp\/stale-rightclick mcp","setupState":"\/var\/folders\/tz\/y04t4d0900xdbmz96jp608180000gn\/T\/rightclick-chatgpt-onboarding-31DE55CD-BD2E-4BAA-BDA8-ADD1DD3A999E\/Library\/Application Support\/RIGHTCLICK\/setup-state.json","stateAligned":"true","stateExecutable":"\/var\/folders\/tz\/y04t4d0900xdbmz96jp608180000gn\/T\/rightclick-chatgpt-onboarding-31DE55CD-BD2E-4BAA-BDA8-ADD1DD3A999E\/bin\/rightclick","stateExecutableSHA256":"306c6ca7407560340797866e077e053627ad409277d1b9da58106fce4cf717cb","status":"CONSENT_REQUIRED","tunnelClient":"\/var\/folders\/tz\/y04t4d0900xdbmz96jp608180000gn\/T\/rightclick-chatgpt-onboarding-31DE55CD-BD2E-4BAA-BDA8-ADD1DD3A999E\/bin\/tunnel-client","tunnelClientVersion":"0.0.15","tunnelIDPresent":"true"}
{"allAligned":"true","bridgeRunning":"true","client":"chatgpt","configurationChanged":"false","desiredExecutable":"\/var\/folders\/tz\/y04t4d0900xdbmz96jp608180000gn\/T\/rightclick-chatgpt-onboarding-D4F8D81A-F5E9-4003-AACA-022EFB74617F\/bin\/rightclick","desiredExecutableSHA256":"306c6ca7407560340797866e077e053627ad409277d1b9da58106fce4cf717cb","desiredLaunchAgentTarget":"\/var\/folders\/tz\/y04t4d0900xdbmz96jp608180000gn\/T\/rightclick-chatgpt-onboarding-D4F8D81A-F5E9-4003-AACA-022EFB74617F\/bin\/rightclick bridge run","desiredProfileTarget":"\/var\/folders\/tz\/y04t4d0900xdbmz96jp608180000gn\/T\/rightclick-chatgpt-onboarding-D4F8D81A-F5E9-4003-AACA-022EFB74617F\/bin\/rightclick mcp","keychainCredentialStored":"true","launchAgent":"\/var\/folders\/tz\/y04t4d0900xdbmz96jp608180000gn\/T\/rightclick-chatgpt-onboarding-D4F8D81A-F5E9-4003-AACA-022EFB74617F\/Library\/LaunchAgents\/ai.rightclick.chatgpt-bridge.plist","launchAgentAligned":"true","launchAgentTarget":"\/var\/folders\/tz\/y04t4d0900xdbmz96jp608180000gn\/T\/rightclick-chatgpt-onboarding-D4F8D81A-F5E9-4003-AACA-022EFB74617F\/bin\/rightclick bridge run","mcpConnection":"NOT_ATTESTED_BY_THIS_PREVIEW","migrationRequired":"false","mode":"preview","next":"No local ChatGPT bridge migration is required.","outcomeVerification":"NOT_RUN","profile":"\/var\/folders\/tz\/y04t4d0900xdbmz96jp608180000gn\/T\/rightclick-chatgpt-onboarding-D4F8D81A-F5E9-4003-AACA-022EFB74617F\/.config\/tunnel-client\/rightclick.yaml","profileAligned":"true","profileTarget":"\/var\/folders\/tz\/y04t4d0900xdbmz96jp608180000gn\/T\/rightclick-chatgpt-onboarding-D4F8D81A-F5E9-4003-AACA-022EFB74617F\/bin\/rightclick mcp","setupState":"\/var\/folders\/tz\/y04t4d0900xdbmz96jp608180000gn\/T\/rightclick-chatgpt-onboarding-D4F8D81A-F5E9-4003-AACA-022EFB74617F\/Library\/Application Support\/RIGHTCLICK\/setup-state.json","stateAligned":"true","stateExecutable":"\/var\/folders\/tz\/y04t4d0900xdbmz96jp608180000gn\/T\/rightclick-chatgpt-onboarding-D4F8D81A-F5E9-4003-AACA-022EFB74617F\/bin\/rightclick","stateExecutableSHA256":"306c6ca7407560340797866e077e053627ad409277d1b9da58106fce4cf717cb","status":"ALIGNED","tunnelClient":"\/var\/folders\/tz\/y04t4d0900xdbmz96jp608180000gn\/T\/rightclick-chatgpt-onboarding-D4F8D81A-F5E9-4003-AACA-022EFB74617F\/bin\/tunnel-client","tunnelClientVersion":"0.0.15","tunnelIDPresent":"true"}
0.2.2
Test Suite 'All tests' failed at 2026-10-07 20:25:25.032.
	 Executed 860 tests, with 35 tests skipped and 1 failure (0 unexpected) in 282.553 (282.684) seconds
◇ Test run started.
↳ Testing Library Version: 1902
↳ Target Platform: arm64e-apple-macos14.0
✔ Test run with 0 tests in 0 suites passed after 0.001 seconds.
