warning: /Users/ross/Library/org.swift.swiftpm/configuration is not accessible or not writable, disabling user-level cache features.
warning: /Users/ross/Library/org.swift.swiftpm/security is not accessible or not writable, disabling user-level cache features.
warning: /Users/ross/Library/Caches/org.swift.swiftpm is not accessible or not writable, disabling user-level cache features.
warning: 'rightclick-wit-typed-20261007': failed storing manifest for 'rightclick-wit-typed-20261007' in cache: attempt to write a readonly database
warning: 'swift-nio': failed storing manifest for 'swift-nio' in cache: attempt to write a readonly database
warning: 'swift-protobuf': failed storing manifest for 'swift-protobuf' in cache: attempt to write a readonly database
warning: 'grpc-swift': failed storing manifest for 'grpc-swift' in cache: attempt to write a readonly database
warning: 'swift-crypto': failed storing manifest for 'swift-crypto' in cache: attempt to write a readonly database
warning: 'mcp-swift-sdk': failed storing manifest for 'mcp-swift-sdk' in cache: attempt to write a readonly database
warning: 'swift-asn1': failed storing manifest for 'swift-asn1' in cache: attempt to write a readonly database
warning: 'swift-system': failed storing manifest for 'swift-system' in cache: attempt to write a readonly database
warning: 'swift-atomics': failed storing manifest for 'swift-atomics' in cache: attempt to write a readonly database
warning: 'swift-collections': failed storing manifest for 'swift-collections' in cache: attempt to write a readonly database
warning: 'swift-log': failed storing manifest for 'swift-log' in cache: attempt to write a readonly database
warning: 'swift-nio-extras': failed storing manifest for 'swift-nio-extras' in cache: attempt to write a readonly database
warning: 'swift-nio-transport-services': failed storing manifest for 'swift-nio-transport-services' in cache: attempt to write a readonly database
warning: 'swift-nio-http2': failed storing manifest for 'swift-nio-http2' in cache: attempt to write a readonly database
warning: 'swift-nio-ssl': failed storing manifest for 'swift-nio-ssl' in cache: attempt to write a readonly database
warning: 'swift-service-lifecycle': failed storing manifest for 'swift-service-lifecycle' in cache: attempt to write a readonly database
warning: 'swift-algorithms': failed storing manifest for 'swift-algorithms' in cache: attempt to write a readonly database
warning: 'swift-http-structured-headers': failed storing manifest for 'swift-http-structured-headers' in cache: attempt to write a readonly database
warning: 'swift-certificates': failed storing manifest for 'swift-certificates' in cache: attempt to write a readonly database
warning: 'swift-http-types': failed storing manifest for 'swift-http-types' in cache: attempt to write a readonly database
warning: 'swift-async-algorithms': failed storing manifest for 'swift-async-algorithms' in cache: attempt to write a readonly database
warning: 'swift-numerics': failed storing manifest for 'swift-numerics' in cache: attempt to write a readonly database
warning: 'eventsource': failed storing manifest for 'eventsource' in cache: attempt to write a readonly database
[1/1] Compiling plugin SwiftProtobufPlugin
[2/2] Compiling plugin GRPCSwiftPlugin
Building for debugging...
[2/476] Write rightclick-probe-entitlement.plist
[3/476] Copying PrivacyInfo.xcprivacy
[6/476] Write rightclick-marker-entitlement.plist
[7/476] Write rightclick-entitlement.plist
[8/476] Write rightclick-ard-probe-entitlement.plist
[9/476] Write sources
[11/476] Write swift-version--58304C5D6DBC2206.txt
[12/476] Write sources
[13/479] Compiling _AtomicsShims.c
[15/481] Emitting module _NIOBase64
[16/481] Compiling _NIOBase64 Base64.swift
[16/481] Copying PrivacyInfo.xcprivacy
[17/481] Write sources
[20/506] Emitting module _NIODataStructures
[21/506] Compiling SwiftProtobuf AnyMessageStorage.swift
[22/506] Compiling SwiftProtobuf AnyUnpackError.swift
[23/507] Compiling _NIODataStructures _TinyArray.swift
[24/507] Emitting module SwiftProtobuf
[24/531] Compiling RightClickProbePrivate RCPrivateExtensionProbe.m
[25/531] Write sources
[28/531] Compiling RightClickHostFiles HostFiles.c
[32/533] Compiling SwiftProtobuf AsyncMessageSequence.swift
[33/533] Compiling SwiftProtobuf BinaryDecoder.swift
[34/533] Compiling SwiftProtobuf BinaryDecodingError.swift
[35/533] Compiling SwiftProtobuf BinaryDecodingOptions.swift
[36/533] Compiling SwiftProtobuf BinaryDelimited.swift
[37/533] Compiling SwiftProtobuf BinaryEncoder.swift
[38/533] Compiling SwiftProtobuf BinaryEncodingError.swift
[39/533] Compiling SwiftProtobuf BinaryEncodingOptions.swift
[40/533] Compiling SwiftProtobuf BinaryEncodingSizeVisitor.swift
[41/533] Compiling SwiftProtobuf BinaryEncodingVisitor.swift
[42/533] Compiling SwiftProtobuf BytecodeInterpreter.swift
[43/533] Compiling SwiftProtobuf BytecodeReader.swift
[44/533] Compiling SwiftProtobuf CustomJSONCodable.swift
[45/533] Compiling SwiftProtobuf Decoder.swift
[46/533] Compiling SwiftProtobuf DoubleParser.swift
[47/533] Compiling SwiftProtobuf Enum.swift
[48/533] Compiling SwiftProtobuf ExtensibleMessage.swift
[49/533] Compiling SwiftProtobuf ExtensionFieldValueSet.swift
[50/533] Compiling SwiftProtobuf ExtensionFields.swift
[51/533] Compiling SwiftProtobuf ExtensionMap.swift
[52/533] Compiling SwiftProtobuf FieldTag.swift
[53/533] Compiling SwiftProtobuf FieldTypes.swift
[54/557] Compiling SwiftProtobuf Google_Protobuf_Any+Extensions.swift
[55/557] Compiling SwiftProtobuf Google_Protobuf_Any+Registry.swift
[56/557] Compiling SwiftProtobuf Google_Protobuf_Duration+Extensions.swift
[57/557] Compiling SwiftProtobuf Google_Protobuf_FieldMask+Extensions.swift
[58/557] Compiling SwiftProtobuf Google_Protobuf_ListValue+Extensions.swift
[59/557] Compiling SwiftProtobuf Google_Protobuf_NullValue+Extensions.swift
[60/557] Compiling SwiftProtobuf Google_Protobuf_Struct+Extensions.swift
[61/557] Compiling SwiftProtobuf Google_Protobuf_Timestamp+Extensions.swift
[62/557] Compiling SwiftProtobuf Google_Protobuf_Value+Extensions.swift
[63/557] Compiling SwiftProtobuf Google_Protobuf_Wrappers+Extensions.swift
[64/557] Compiling SwiftProtobuf HashVisitor.swift
[65/557] Compiling SwiftProtobuf Internal.swift
[66/557] Compiling SwiftProtobuf JSONDecoder.swift
[67/557] Compiling SwiftProtobuf JSONDecodingError.swift
[68/557] Compiling SwiftProtobuf JSONDecodingOptions.swift
[69/557] Compiling SwiftProtobuf JSONEncoder.swift
[70/557] Compiling SwiftProtobuf JSONEncodingError.swift
[71/557] Compiling SwiftProtobuf JSONEncodingOptions.swift
[72/557] Compiling SwiftProtobuf JSONEncodingVisitor.swift
[73/557] Compiling SwiftProtobuf JSONMapEncodingVisitor.swift
[74/557] Compiling SwiftProtobuf JSONScanner.swift
[75/557] Compiling SwiftProtobuf MathUtils.swift
[76/557] Compiling SwiftProtobuf Message+AnyAdditions.swift
[77/557] Compiling SwiftProtobuf Message+BinaryAdditions.swift
[78/580] Compiling SwiftProtobuf Message+BinaryAdditions_Data.swift
[79/580] Compiling SwiftProtobuf Message+FieldMask.swift
[80/580] Compiling SwiftProtobuf Message+JSONAdditions.swift
[81/580] Compiling SwiftProtobuf Message+JSONAdditions_Data.swift
[82/580] Compiling SwiftProtobuf Message+JSONArrayAdditions.swift
[83/580] Compiling SwiftProtobuf Message+JSONArrayAdditions_Data.swift
[84/580] Compiling SwiftProtobuf Message+TextFormatAdditions.swift
[85/580] Compiling SwiftProtobuf Message.swift
[86/580] Compiling SwiftProtobuf MessageExtension.swift
[87/580] Compiling SwiftProtobuf NameMap.swift
[88/580] Compiling SwiftProtobuf PathDecoder.swift
[89/580] Compiling SwiftProtobuf PathVisitor.swift
[90/580] Compiling SwiftProtobuf ProtoNameProviding.swift
[91/580] Compiling SwiftProtobuf ProtobufAPIVersionCheck.swift
[92/580] Compiling SwiftProtobuf ProtobufMap.swift
[93/580] Compiling SwiftProtobuf SelectiveVisitor.swift
[94/580] Compiling SwiftProtobuf SimpleExtensionMap.swift
[95/580] Compiling SwiftProtobuf StringUtils.swift
[96/580] Compiling SwiftProtobuf SwiftProtobufContiguousBytes.swift
[97/580] Compiling SwiftProtobuf SwiftProtobufError.swift
[98/580] Compiling SwiftProtobuf TextFormatDecoder.swift
[99/580] Compiling SwiftProtobuf TextFormatDecodingError.swift
[100/580] Compiling SwiftProtobuf TextFormatDecodingOptions.swift
[101/580] Compiling SwiftProtobuf TextFormatEncoder.swift
[102/580] Compiling SwiftProtobuf TextFormatEncodingOptions.swift
[103/580] Compiling SwiftProtobuf TextFormatEncodingVisitor.swift
[104/580] Compiling SwiftProtobuf TextFormatScanner.swift
[105/580] Compiling SwiftProtobuf TimeUtils.swift
[106/580] Compiling SwiftProtobuf UnknownStorage.swift
[107/580] Compiling SwiftProtobuf UnsafeRawPointer+Shims.swift
[108/580] Compiling SwiftProtobuf Varint.swift
[109/580] Compiling SwiftProtobuf Version.swift
[110/580] Compiling SwiftProtobuf Visitor.swift
[111/580] Compiling SwiftProtobuf WireFormat.swift
[112/580] Compiling SwiftProtobuf ZigZag.swift
[113/580] Compiling SwiftProtobuf any.pb.swift
[114/580] Compiling SwiftProtobuf api.pb.swift
[115/580] Compiling SwiftProtobuf descriptor.pb.swift
[116/580] Compiling SwiftProtobuf duration.pb.swift
[117/580] Compiling SwiftProtobuf empty.pb.swift
[118/580] Compiling SwiftProtobuf field_mask.pb.swift
[119/580] Compiling SwiftProtobuf source_context.pb.swift
[120/580] Compiling SwiftProtobuf struct.pb.swift
[121/580] Compiling SwiftProtobuf timestamp.pb.swift
[122/580] Compiling SwiftProtobuf type.pb.swift
[123/580] Compiling SwiftProtobuf wrappers.pb.swift
[124/580] Compiling SwiftProtobuf resource_bundle_accessor.swift
[125/582] Emitting module RightClickMarker
[126/582] Compiling RightClickMarker main.swift
[126/582] Write sources
[127/582] Write Objects.LinkFileList
[128/582] Write sources
[129/582] Linking rightclick-marker
[130/582] Write sources
[131/582] Applying rightclick-marker
[132/582] Write sources
[135/584] Compiling RightClickARD ARD.swift
[136/584] Emitting module RightClickARD
[136/584] Write sources
[138/586] Emitting module RightClickProbe
/private/tmp/rightclick-wit-typed-20261007/Sources/RightClickProbe/main.swift:231:27: warning: 'postOnFacebook' was deprecated in macOS 10.14: This service is no longer included with the system. [#DeprecatedDeclaration]
 229 |     KnownShareName(name: .useAsDesktopPicture, status: "PUBLIC_SUPPORTED"),
 230 |     KnownShareName(name: .cloudSharing, status: "PUBLIC_SUPPORTED"),
 231 |     KnownShareName(name: .postOnFacebook, status: "PUBLIC_DEPRECATED"),
     |                           `- warning: 'postOnFacebook' was deprecated in macOS 10.14: This service is no longer included with the system. [#DeprecatedDeclaration]
 232 |     KnownShareName(name: .postOnTwitter, status: "PUBLIC_DEPRECATED"),
 233 |     KnownShareName(name: .postOnSinaWeibo, status: "PUBLIC_DEPRECATED"),

/private/tmp/rightclick-wit-typed-20261007/Sources/RightClickProbe/main.swift:232:27: warning: 'postOnTwitter' was deprecated in macOS 10.14: This service is no longer included with the system. [#DeprecatedDeclaration]
 230 |     KnownShareName(name: .cloudSharing, status: "PUBLIC_SUPPORTED"),
 231 |     KnownShareName(name: .postOnFacebook, status: "PUBLIC_DEPRECATED"),
 232 |     KnownShareName(name: .postOnTwitter, status: "PUBLIC_DEPRECATED"),
     |                           `- warning: 'postOnTwitter' was deprecated in macOS 10.14: This service is no longer included with the system. [#DeprecatedDeclaration]
 233 |     KnownShareName(name: .postOnSinaWeibo, status: "PUBLIC_DEPRECATED"),
 234 |     KnownShareName(name: .postOnTencentWeibo, status: "PUBLIC_DEPRECATED"),

/private/tmp/rightclick-wit-typed-20261007/Sources/RightClickProbe/main.swift:233:27: warning: 'postOnSinaWeibo' was deprecated in macOS 10.14: This service is no longer included with the system. [#DeprecatedDeclaration]
 231 |     KnownShareName(name: .postOnFacebook, status: "PUBLIC_DEPRECATED"),
 232 |     KnownShareName(name: .postOnTwitter, status: "PUBLIC_DEPRECATED"),
 233 |     KnownShareName(name: .postOnSinaWeibo, status: "PUBLIC_DEPRECATED"),
     |                           `- warning: 'postOnSinaWeibo' was deprecated in macOS 10.14: This service is no longer included with the system. [#DeprecatedDeclaration]
 234 |     KnownShareName(name: .postOnTencentWeibo, status: "PUBLIC_DEPRECATED"),
 235 |     KnownShareName(name: .postOnLinkedIn, status: "PUBLIC_DEPRECATED"),

/private/tmp/rightclick-wit-typed-20261007/Sources/RightClickProbe/main.swift:234:27: warning: 'postOnTencentWeibo' was deprecated in macOS 10.14: This service is no longer included with the system. [#DeprecatedDeclaration]
 232 |     KnownShareName(name: .postOnTwitter, status: "PUBLIC_DEPRECATED"),
 233 |     KnownShareName(name: .postOnSinaWeibo, status: "PUBLIC_DEPRECATED"),
 234 |     KnownShareName(name: .postOnTencentWeibo, status: "PUBLIC_DEPRECATED"),
     |                           `- warning: 'postOnTencentWeibo' was deprecated in macOS 10.14: This service is no longer included with the system. [#DeprecatedDeclaration]
 235 |     KnownShareName(name: .postOnLinkedIn, status: "PUBLIC_DEPRECATED"),
 236 |     KnownShareName(name: .postImageOnFlickr, status: "PUBLIC_DEPRECATED"),

/private/tmp/rightclick-wit-typed-20261007/Sources/RightClickProbe/main.swift:235:27: warning: 'postOnLinkedIn' was deprecated in macOS 10.14: This service is no longer included with the system. [#DeprecatedDeclaration]
 233 |     KnownShareName(name: .postOnSinaWeibo, status: "PUBLIC_DEPRECATED"),
 234 |     KnownShareName(name: .postOnTencentWeibo, status: "PUBLIC_DEPRECATED"),
 235 |     KnownShareName(name: .postOnLinkedIn, status: "PUBLIC_DEPRECATED"),
     |                           `- warning: 'postOnLinkedIn' was deprecated in macOS 10.14: This service is no longer included with the system. [#DeprecatedDeclaration]
 236 |     KnownShareName(name: .postImageOnFlickr, status: "PUBLIC_DEPRECATED"),
 237 |     KnownShareName(name: .postVideoOnVimeo, status: "PUBLIC_DEPRECATED"),

/private/tmp/rightclick-wit-typed-20261007/Sources/RightClickProbe/main.swift:236:27: warning: 'postImageOnFlickr' was deprecated in macOS 10.14: This service is no longer included with the system. [#DeprecatedDeclaration]
 234 |     KnownShareName(name: .postOnTencentWeibo, status: "PUBLIC_DEPRECATED"),
 235 |     KnownShareName(name: .postOnLinkedIn, status: "PUBLIC_DEPRECATED"),
 236 |     KnownShareName(name: .postImageOnFlickr, status: "PUBLIC_DEPRECATED"),
     |                           `- warning: 'postImageOnFlickr' was deprecated in macOS 10.14: This service is no longer included with the system. [#DeprecatedDeclaration]
 237 |     KnownShareName(name: .postVideoOnVimeo, status: "PUBLIC_DEPRECATED"),
 238 |     KnownShareName(name: .postVideoOnYouku, status: "PUBLIC_DEPRECATED"),

/private/tmp/rightclick-wit-typed-20261007/Sources/RightClickProbe/main.swift:237:27: warning: 'postVideoOnVimeo' was deprecated in macOS 10.14: This service is no longer included with the system. [#DeprecatedDeclaration]
 235 |     KnownShareName(name: .postOnLinkedIn, status: "PUBLIC_DEPRECATED"),
 236 |     KnownShareName(name: .postImageOnFlickr, status: "PUBLIC_DEPRECATED"),
 237 |     KnownShareName(name: .postVideoOnVimeo, status: "PUBLIC_DEPRECATED"),
     |                           `- warning: 'postVideoOnVimeo' was deprecated in macOS 10.14: This service is no longer included with the system. [#DeprecatedDeclaration]
 238 |     KnownShareName(name: .postVideoOnYouku, status: "PUBLIC_DEPRECATED"),
 239 |     KnownShareName(name: .postVideoOnTudou, status: "PUBLIC_DEPRECATED"),

/private/tmp/rightclick-wit-typed-20261007/Sources/RightClickProbe/main.swift:238:27: warning: 'postVideoOnYouku' was deprecated in macOS 10.14: This service is no longer included with the system. [#DeprecatedDeclaration]
 236 |     KnownShareName(name: .postImageOnFlickr, status: "PUBLIC_DEPRECATED"),
 237 |     KnownShareName(name: .postVideoOnVimeo, status: "PUBLIC_DEPRECATED"),
 238 |     KnownShareName(name: .postVideoOnYouku, status: "PUBLIC_DEPRECATED"),
     |                           `- warning: 'postVideoOnYouku' was deprecated in macOS 10.14: This service is no longer included with the system. [#DeprecatedDeclaration]
 239 |     KnownShareName(name: .postVideoOnTudou, status: "PUBLIC_DEPRECATED"),
 240 | ]

/private/tmp/rightclick-wit-typed-20261007/Sources/RightClickProbe/main.swift:239:27: warning: 'postVideoOnTudou' was deprecated in macOS 10.14: This service is no longer included with the system. [#DeprecatedDeclaration]
 237 |     KnownShareName(name: .postVideoOnVimeo, status: "PUBLIC_DEPRECATED"),
 238 |     KnownShareName(name: .postVideoOnYouku, status: "PUBLIC_DEPRECATED"),
 239 |     KnownShareName(name: .postVideoOnTudou, status: "PUBLIC_DEPRECATED"),
     |                           `- warning: 'postVideoOnTudou' was deprecated in macOS 10.14: This service is no longer included with the system. [#DeprecatedDeclaration]
 240 | ]
 241 | 

[#DeprecatedDeclaration]: <https://docs.swift.org/compiler/documentation/diagnostics/deprecated-declaration>
[139/586] Compiling RightClickProbe main.swift
/private/tmp/rightclick-wit-typed-20261007/Sources/RightClickProbe/main.swift:231:27: warning: 'postOnFacebook' was deprecated in macOS 10.14: This service is no longer included with the system. [#DeprecatedDeclaration]
 229 |     KnownShareName(name: .useAsDesktopPicture, status: "PUBLIC_SUPPORTED"),
 230 |     KnownShareName(name: .cloudSharing, status: "PUBLIC_SUPPORTED"),
 231 |     KnownShareName(name: .postOnFacebook, status: "PUBLIC_DEPRECATED"),
     |                           `- warning: 'postOnFacebook' was deprecated in macOS 10.14: This service is no longer included with the system. [#DeprecatedDeclaration]
 232 |     KnownShareName(name: .postOnTwitter, status: "PUBLIC_DEPRECATED"),
 233 |     KnownShareName(name: .postOnSinaWeibo, status: "PUBLIC_DEPRECATED"),

/private/tmp/rightclick-wit-typed-20261007/Sources/RightClickProbe/main.swift:232:27: warning: 'postOnTwitter' was deprecated in macOS 10.14: This service is no longer included with the system. [#DeprecatedDeclaration]
 230 |     KnownShareName(name: .cloudSharing, status: "PUBLIC_SUPPORTED"),
 231 |     KnownShareName(name: .postOnFacebook, status: "PUBLIC_DEPRECATED"),
 232 |     KnownShareName(name: .postOnTwitter, status: "PUBLIC_DEPRECATED"),
     |                           `- warning: 'postOnTwitter' was deprecated in macOS 10.14: This service is no longer included with the system. [#DeprecatedDeclaration]
 233 |     KnownShareName(name: .postOnSinaWeibo, status: "PUBLIC_DEPRECATED"),
 234 |     KnownShareName(name: .postOnTencentWeibo, status: "PUBLIC_DEPRECATED"),

/private/tmp/rightclick-wit-typed-20261007/Sources/RightClickProbe/main.swift:233:27: warning: 'postOnSinaWeibo' was deprecated in macOS 10.14: This service is no longer included with the system. [#DeprecatedDeclaration]
 231 |     KnownShareName(name: .postOnFacebook, status: "PUBLIC_DEPRECATED"),
 232 |     KnownShareName(name: .postOnTwitter, status: "PUBLIC_DEPRECATED"),
 233 |     KnownShareName(name: .postOnSinaWeibo, status: "PUBLIC_DEPRECATED"),
     |                           `- warning: 'postOnSinaWeibo' was deprecated in macOS 10.14: This service is no longer included with the system. [#DeprecatedDeclaration]
 234 |     KnownShareName(name: .postOnTencentWeibo, status: "PUBLIC_DEPRECATED"),
 235 |     KnownShareName(name: .postOnLinkedIn, status: "PUBLIC_DEPRECATED"),

/private/tmp/rightclick-wit-typed-20261007/Sources/RightClickProbe/main.swift:234:27: warning: 'postOnTencentWeibo' was deprecated in macOS 10.14: This service is no longer included with the system. [#DeprecatedDeclaration]
 232 |     KnownShareName(name: .postOnTwitter, status: "PUBLIC_DEPRECATED"),
 233 |     KnownShareName(name: .postOnSinaWeibo, status: "PUBLIC_DEPRECATED"),
 234 |     KnownShareName(name: .postOnTencentWeibo, status: "PUBLIC_DEPRECATED"),
     |                           `- warning: 'postOnTencentWeibo' was deprecated in macOS 10.14: This service is no longer included with the system. [#DeprecatedDeclaration]
 235 |     KnownShareName(name: .postOnLinkedIn, status: "PUBLIC_DEPRECATED"),
 236 |     KnownShareName(name: .postImageOnFlickr, status: "PUBLIC_DEPRECATED"),

/private/tmp/rightclick-wit-typed-20261007/Sources/RightClickProbe/main.swift:235:27: warning: 'postOnLinkedIn' was deprecated in macOS 10.14: This service is no longer included with the system. [#DeprecatedDeclaration]
 233 |     KnownShareName(name: .postOnSinaWeibo, status: "PUBLIC_DEPRECATED"),
 234 |     KnownShareName(name: .postOnTencentWeibo, status: "PUBLIC_DEPRECATED"),
 235 |     KnownShareName(name: .postOnLinkedIn, status: "PUBLIC_DEPRECATED"),
     |                           `- warning: 'postOnLinkedIn' was deprecated in macOS 10.14: This service is no longer included with the system. [#DeprecatedDeclaration]
 236 |     KnownShareName(name: .postImageOnFlickr, status: "PUBLIC_DEPRECATED"),
 237 |     KnownShareName(name: .postVideoOnVimeo, status: "PUBLIC_DEPRECATED"),

/private/tmp/rightclick-wit-typed-20261007/Sources/RightClickProbe/main.swift:236:27: warning: 'postImageOnFlickr' was deprecated in macOS 10.14: This service is no longer included with the system. [#DeprecatedDeclaration]
 234 |     KnownShareName(name: .postOnTencentWeibo, status: "PUBLIC_DEPRECATED"),
 235 |     KnownShareName(name: .postOnLinkedIn, status: "PUBLIC_DEPRECATED"),
 236 |     KnownShareName(name: .postImageOnFlickr, status: "PUBLIC_DEPRECATED"),
     |                           `- warning: 'postImageOnFlickr' was deprecated in macOS 10.14: This service is no longer included with the system. [#DeprecatedDeclaration]
 237 |     KnownShareName(name: .postVideoOnVimeo, status: "PUBLIC_DEPRECATED"),
 238 |     KnownShareName(name: .postVideoOnYouku, status: "PUBLIC_DEPRECATED"),

/private/tmp/rightclick-wit-typed-20261007/Sources/RightClickProbe/main.swift:237:27: warning: 'postVideoOnVimeo' was deprecated in macOS 10.14: This service is no longer included with the system. [#DeprecatedDeclaration]
 235 |     KnownShareName(name: .postOnLinkedIn, status: "PUBLIC_DEPRECATED"),
 236 |     KnownShareName(name: .postImageOnFlickr, status: "PUBLIC_DEPRECATED"),
 237 |     KnownShareName(name: .postVideoOnVimeo, status: "PUBLIC_DEPRECATED"),
     |                           `- warning: 'postVideoOnVimeo' was deprecated in macOS 10.14: This service is no longer included with the system. [#DeprecatedDeclaration]
 238 |     KnownShareName(name: .postVideoOnYouku, status: "PUBLIC_DEPRECATED"),
 239 |     KnownShareName(name: .postVideoOnTudou, status: "PUBLIC_DEPRECATED"),

/private/tmp/rightclick-wit-typed-20261007/Sources/RightClickProbe/main.swift:238:27: warning: 'postVideoOnYouku' was deprecated in macOS 10.14: This service is no longer included with the system. [#DeprecatedDeclaration]
 236 |     KnownShareName(name: .postImageOnFlickr, status: "PUBLIC_DEPRECATED"),
 237 |     KnownShareName(name: .postVideoOnVimeo, status: "PUBLIC_DEPRECATED"),
 238 |     KnownShareName(name: .postVideoOnYouku, status: "PUBLIC_DEPRECATED"),
     |                           `- warning: 'postVideoOnYouku' was deprecated in macOS 10.14: This service is no longer included with the system. [#DeprecatedDeclaration]
 239 |     KnownShareName(name: .postVideoOnTudou, status: "PUBLIC_DEPRECATED"),
 240 | ]

/private/tmp/rightclick-wit-typed-20261007/Sources/RightClickProbe/main.swift:239:27: warning: 'postVideoOnTudou' was deprecated in macOS 10.14: This service is no longer included with the system. [#DeprecatedDeclaration]
 237 |     KnownShareName(name: .postVideoOnVimeo, status: "PUBLIC_DEPRECATED"),
 238 |     KnownShareName(name: .postVideoOnYouku, status: "PUBLIC_DEPRECATED"),
 239 |     KnownShareName(name: .postVideoOnTudou, status: "PUBLIC_DEPRECATED"),
     |                           `- warning: 'postVideoOnTudou' was deprecated in macOS 10.14: This service is no longer included with the system. [#DeprecatedDeclaration]
 240 | ]
 241 | 

/private/tmp/rightclick-wit-typed-20261007/Sources/RightClickProbe/main.swift:582:30: warning: 'sharingServices(forItems:)' was deprecated in macOS 13.0: Use -[NSSharingServicePicker standardShareMenuItem] instead. [#DeprecatedDeclaration]
 580 |         var errors: [String] = []
 581 |         let deprecated = safeShares {
 582 |             NSSharingService.sharingServices(forItems: items).map {
     |                              `- warning: 'sharingServices(forItems:)' was deprecated in macOS 13.0: Use -[NSSharingServicePicker standardShareMenuItem] instead. [#DeprecatedDeclaration]
 583 |                 record(for: $0, items: items, sourceAPI: "NSSharingService.sharingServices(forItems:) PUBLIC_DEPRECATED")
 584 |             }

/private/tmp/rightclick-wit-typed-20261007/Sources/RightClickProbe/main.swift:748:39: warning: 'sharingServices(forItems:)' was deprecated in macOS 13.0: Use -[NSSharingServicePicker standardShareMenuItem] instead. [#DeprecatedDeclaration]
 746 | func executeHarmlessShare(fixtures: FixtureSet) -> SharingExecution {
 747 |     let items: [Any] = [fixtures.webURL as NSURL]
 748 |     let discovered = NSSharingService.sharingServices(forItems: items)
     |                                       `- warning: 'sharingServices(forItems:)' was deprecated in macOS 13.0: Use -[NSSharingServicePicker standardShareMenuItem] instead. [#DeprecatedDeclaration]
 749 |     let titles = discovered.map(\.title)
 750 |     let readingListName = NSSharingService.Name.addToSafariReadingList

[#DeprecatedDeclaration]: <https://docs.swift.org/compiler/documentation/diagnostics/deprecated-declaration>
[139/586] Write sources
[140/586] Write Objects.LinkFileList
[141/586] Write sources
[143/586] Compiling RightClickARDProbe main.swift
[144/586] Emitting module RightClickARDProbe
[144/586] Write sources
[145/586] Write Objects.LinkFileList
[146/586] Write sources
[147/586] Linking rightclick-probe
[148/586] Write sources
[149/586] Applying rightclick-probe
[150/586] Write sources
[160/586] Linking rightclick-ard-probe
[162/609] Compiling InternalCollectionsUtilities BorrowingIteratorProtocol+Equality.swift
[163/609] Compiling InternalCollectionsUtilities BorrowingIteratorProtocol+Extras.swift
[164/609] Compiling InternalCollectionsUtilities Debugging.swift
[165/609] Compiling InternalCollectionsUtilities Descriptions.swift
[166/609] Compiling InternalCollectionsUtilities FixedWidthInteger+roundUpToPowerOfTwo.swift
[167/609] Compiling InternalCollectionsUtilities Integer rank.swift
[168/609] Emitting module Logging
[169/614] Emitting module InternalCollectionsUtilities
[176/614] Compiling Logging Logger+Attributes.swift
[177/614] Compiling Logging Logger+With.swift
[178/614] Compiling Logging Logger.swift
[179/614] Compiling Logging LoggingSystem.swift
[180/614] Compiling Logging MetadataProvider.swift
[181/614] Compiling InternalCollectionsUtilities MutableRef.swift
[182/614] Compiling InternalCollectionsUtilities MutableSpan+Extras.swift
[183/614] Compiling InternalCollectionsUtilities OutputSpan+Extras.swift
[184/614] Compiling InternalCollectionsUtilities RandomAccessCollection+Offsets.swift
[189/629] Applying rightclick-ard-probe
[190/629] Write sources
[194/632] Compiling InternalCollectionsUtilities Span+Extras.swift
[195/632] Compiling InternalCollectionsUtilities Strideable+LimitHelpers.swift
[196/632] Compiling InternalCollectionsUtilities String+Padding.swift
[197/632] Compiling InternalCollectionsUtilities TemporaryAllocation.swift
[198/632] Compiling InternalCollectionsUtilities _UnsafeBitSet+Index.swift
[199/632] Compiling InternalCollectionsUtilities _UnsafeBitSet+_Word.swift
[200/632] Compiling InternalCollectionsUtilities _UnsafeBitSet.swift
[201/632] Compiling InternalCollectionsUtilities UnsafeBufferPointer+Extras.swift
[202/632] Compiling InternalCollectionsUtilities UnsafeMutableBufferPointer+Extras.swift
[203/632] Compiling InternalCollectionsUtilities UnsafeMutablePointer+Extras.swift
[204/632] Compiling InternalCollectionsUtilities UnsafeMutableRawBufferPointer+Extras.swift
[205/632] Compiling InternalCollectionsUtilities UnsafePointer+Extras.swift
[206/632] Compiling InternalCollectionsUtilities UnsafeRawBufferPointer+Extras.swift
[207/632] Compiling InternalCollectionsUtilities _SortedCollection.swift
[208/632] Compiling InternalCollectionsUtilities _UniqueCollection.swift
[208/632] Write sources
[209/632] Compiling CSystem shims.c
[211/635] Compiling SpanPreview InputSpan.swift
[212/635] Compiling SpanPreview MutableSpan+InputSpanHelpers.swift
[213/635] Emitting module SpanPreview
[214/636] Compiling SpanPreview OutputSpan+InputSpanHelpers.swift
[215/655] Emitting module SystemPackage
[216/673] Compiling SystemPackage FileType.swift
[217/673] Compiling SystemPackage Identifiers.swift
[218/673] Compiling SystemPackage Stat.swift
[219/673] Compiling SystemPackage Backcompat.swift
[220/673] Compiling SystemPackage CInterop.swift
[221/673] Compiling SystemPackage Constants.swift
[222/673] Compiling SystemPackage Exports.swift
[223/673] Compiling SystemPackage Mocking.swift
[224/673] Compiling SystemPackage RawBuffer.swift
[225/673] Compiling SystemPackage Syscalls.swift
[226/673] Compiling SystemPackage WindowsSyscallAdapters.swift
[227/673] Compiling SystemPackage MachPort.swift
[228/673] Compiling SystemPackage PlatformString.swift
[229/673] Compiling SystemPackage SystemString.swift
[230/673] Compiling SystemPackage Util+StringArray.swift
[231/673] Compiling SystemPackage Util.swift
[232/673] Compiling SystemPackage UtilConsumers.swift
[233/673] Compiling SystemPackage WinSDK+Overlay.swift
[234/673] Compiling SystemPackage Errno.swift
[235/673] Compiling SystemPackage ErrnoWindows.swift
[236/673] Emitting module EventSource
[237/675] Compiling EventSource EventSource+AsyncHTTPClient.swift
[238/675] Compiling EventSource EventSource.swift
[239/699] Compiling DequeModule Deque+Codable.swift
[240/699] Compiling DequeModule Deque+Collection.swift
[241/699] Compiling DequeModule Deque+CustomReflectable.swift
[242/699] Compiling DequeModule Deque+Descriptions.swift
[243/699] Compiling DequeModule Deque+Equatable.swift
[244/699] Compiling DequeModule Deque+ExpressibleByArrayLiteral.swift
[245/699] Compiling DequeModule Deque+Extras.swift
[246/699] Compiling DequeModule Deque+Hashable.swift
[247/699] Compiling DequeModule Deque+Testing.swift
[248/699] Compiling DequeModule Deque._Storage.swift
[249/699] Compiling DequeModule Deque._UnsafeHandle.swift
[250/699] Compiling DequeModule Deque.swift
[251/699] Compiling DequeModule _DequeBuffer.swift
[252/699] Compiling DequeModule _DequeBufferHeader.swift
[253/699] Compiling DequeModule RigidDeque+Append.swift
[254/699] Compiling DequeModule RigidDeque+Consumption.swift
[255/699] Compiling DequeModule RigidDeque+ContainerOperations.swift
[256/699] Compiling DequeModule RigidDeque+Deprecations.swift
[257/724] Compiling Crypto AES-GCM.swift
[258/724] Compiling Crypto AES-GCM_boring.swift
[259/724] Compiling Crypto ChaChaPoly_boring.swift
[260/724] Compiling Crypto ChaChaPoly.swift
[261/724] Compiling Crypto Cipher.swift
[262/724] Compiling Crypto Nonces.swift
[263/724] Compiling Crypto ASN1.swift
[264/724] Compiling Crypto ASN1Any.swift
[265/724] Compiling Crypto ASN1BitString.swift
[266/724] Compiling Crypto ASN1Boolean.swift
[267/724] Compiling Crypto ASN1Identifier.swift
[268/724] Compiling Crypto ASN1Integer.swift
[269/724] Compiling Crypto ASN1Null.swift
[270/724] Compiling Crypto ASN1OctetString.swift
[271/724] Compiling Crypto ASN1Strings.swift
[272/724] Compiling Crypto ArraySliceBigint.swift
[273/724] Compiling Crypto GeneralizedTime.swift
[274/724] Compiling Crypto ObjectIdentifier.swift
[275/724] Compiling Crypto ECDSASignature.swift
[276/724] Compiling Crypto PEMDocument.swift
[277/724] Compiling Crypto PKCS8PrivateKey.swift
[278/724] Compiling Crypto SEC1PrivateKey.swift
[279/724] Compiling Crypto SubjectPublicKeyInfo.swift
[280/724] Compiling Crypto CryptoError_boring.swift
[281/748] Emitting module Crypto
[282/772] Compiling Crypto CryptoKitErrors.swift
[283/772] Compiling Crypto Digest_boring.swift
[284/772] Compiling Crypto Digest.swift
[285/772] Compiling Crypto Digests.swift
[286/772] Compiling Crypto HashFunctions.swift
[287/772] Compiling Crypto HashFunctions_SHA2.swift
[288/772] Compiling Crypto HashFunctions_SHA3.swift
[289/772] Compiling Crypto Digest_xkcp.swift
[290/772] Compiling Crypto HPKE-AEAD.swift
[291/772] Compiling Crypto HPKE-Ciphersuite.swift
[292/772] Compiling Crypto HPKE-KDF.swift
[293/772] Compiling Crypto HPKE-KexKeyDerivation.swift
[294/772] Compiling Crypto HPKE-LabeledExtract.swift
[295/772] Compiling Crypto HPKE-Utils.swift
[296/772] Compiling Crypto DHKEM.swift
[297/772] Compiling Crypto HPKE-KEM-Curve25519.swift
[298/772] Compiling Crypto HPKE-NIST-EC-KEMs.swift
[299/772] Compiling Crypto HPKE-KEM.swift
[300/772] Compiling Crypto HPKE-Errors.swift
[301/772] Compiling Crypto HPKE.swift
[302/772] Compiling Crypto HPKE-Context.swift
[303/772] Compiling Crypto HPKE-KeySchedule.swift
[304/772] Compiling Crypto HPKE-Modes.swift
[305/772] Compiling Crypto Insecure.swift
[306/795] Compiling Crypto Insecure_HashFunctions.swift
[307/795] Compiling Crypto MLKEM_boring.swift
[308/795] Compiling Crypto MLKEM_wrapper.swift
[309/795] Compiling Crypto XWing_boring.swift
[310/795] Compiling Crypto KEM-Errors.swift
[311/795] Compiling Crypto KEM.swift
[312/795] Compiling Crypto MLKEM.swift
[313/795] Compiling Crypto XWing.swift
[314/795] Compiling Crypto ECDH_boring.swift
[315/795] Compiling Crypto DH.swift
[316/795] Compiling Crypto ECDH.swift
[317/795] Compiling Crypto ANSIx963.swift
[318/795] Compiling Crypto HKDF.swift
[319/795] Compiling Crypto AESWrap.swift
[320/795] Compiling Crypto AESWrap_boring.swift
[321/795] Compiling Crypto Ed25519_boring.swift
[322/795] Compiling Crypto NISTCurvesKeys_boring.swift
[323/795] Compiling Crypto X25519Keys_boring.swift
[324/795] Compiling Crypto Curve25519.swift
[325/795] Compiling Crypto Ed25519Keys.swift
[326/795] Compiling Crypto NISTCurvesKeys.swift
[327/795] Compiling Crypto X25519Keys.swift
[328/795] Compiling Crypto SymmetricKeys.swift
[329/795] Compiling Crypto HMAC.swift
[353/818] Emitting module DequeModule
[354/818] Compiling Crypto MACFunctions.swift
[355/818] Compiling Crypto MessageAuthenticationCode.swift
[356/818] Compiling Crypto AES.swift
[357/818] Compiling Crypto ECDSASignature_boring.swift
[358/818] Compiling Crypto ECDSA_boring.swift
[359/818] Compiling Crypto EdDSA_boring.swift
[360/818] Compiling Crypto MLDSA_boring.swift
[361/818] Compiling Crypto MLDSA_wrapper.swift
[362/818] Compiling Crypto ECDSA.swift
[363/818] Compiling Crypto Ed25519.swift
[364/818] Compiling Crypto MLDSA.swift
[365/818] Compiling Crypto Signature.swift
[366/818] Compiling Crypto CryptoKitErrors_boring.swift
[367/818] Compiling Crypto Optional+withUnsafeBytes_boring.swift
[368/818] Compiling Crypto RNG_boring.swift
[369/818] Compiling Crypto SafeCompare_boring.swift
[370/818] Compiling Crypto Zeroization_boring.swift
[371/818] Compiling Crypto _CryptoModuleAnchor.swift
[372/818] Compiling Crypto PrettyBytes.swift
[373/818] Compiling Crypto SafeCompare.swift
[374/818] Compiling Crypto SecureBytes.swift
[375/818] Compiling Crypto Zeroization.swift
[376/818] Compiling Crypto resource_bundle_accessor.swift
[377/843] Compiling MCP HTTPServerTypes.swift
[378/843] Compiling DequeModule RigidDeque+Prepend.swift
[379/843] Compiling DequeModule RigidDeque+Removals.swift
[380/843] Compiling DequeModule RigidDeque+Replacements.swift
[381/843] Compiling DequeModule RigidDeque+Testing.swift
[382/843] Compiling DequeModule RigidDeque.swift
[383/843] Compiling DequeModule UniqueDeque+Append.swift
[384/843] Compiling DequeModule UniqueDeque+Consumption.swift
[385/843] Compiling DequeModule UniqueDeque+ContainerOperations.swift
[386/843] Compiling DequeModule UniqueDeque+Deprecations.swift
[387/843] Compiling DequeModule UniqueDeque+Descriptions.swift
[388/843] Compiling DequeModule UniqueDeque+Equatable.swift
[389/843] Compiling DequeModule UniqueDeque+Hashable.swift
[390/843] Compiling DequeModule UniqueDeque+Initializers.swift
[391/843] Compiling DequeModule UniqueDeque+Insertions.swift
[392/843] Compiling DequeModule UniqueDeque+Iterable.swift
[393/843] Compiling DequeModule UniqueDeque+Prepend.swift
[394/843] Compiling DequeModule UniqueDeque+Removals.swift
[395/843] Compiling DequeModule UniqueDeque+Replacements.swift
[396/843] Compiling DequeModule UniqueDeque.swift
[397/843] Compiling DequeModule _DequeSlot.swift
[398/843] Compiling DequeModule _UnsafeDequeHandle.swift
[399/843] Compiling DequeModule _UnsafeDequeSegments.swift
[399/843] Compiling CNIOWindows shim.c
[400/843] Compiling CNIOWindows WSAStartup.c
[401/843] Compiling CNIOWASI CNIOWASI.c
[402/843] Compiling CNIOPosix event_loop_id.c
[403/843] Compiling CNIOOpenBSD shim.c
[404/843] Compiling CNIOLinux shim.c
[405/843] Compiling CNIOLinux liburing_shims.c
[406/843] Compiling CNIOLLHTTP c_nio_llhttp.c
[407/843] Compiling CNIOLLHTTP c_nio_http.c
[408/843] Compiling CNIOLLHTTP c_nio_api.c
[409/843] Compiling CNIOFreeBSD shim.c
[410/843] Compiling CNIODarwin shim.c
[412/843] Emitting module MCP
[412/866] Compiling CNIOBoringSSLShims shims.c
[413/866] Compiling fiat_p256_adx_sqr.S
[414/866] Compiling fiat_p256_adx_mul.S
[415/866] Compiling fiat_curve25519_adx_square.S
[416/866] Compiling fiat_curve25519_adx_mul.S
[417/866] Compiling tls_record.cc
[418/866] Compiling tls_method.cc
[419/866] Compiling tls13_server.cc
[420/866] Compiling tls13_enc.cc
[422/866] Compiling MCP OAuthAuthorizationCodeFlow.swift
[423/866] Compiling MCP OAuthAuthorizer.swift
[424/866] Compiling MCP OAuthClientRegistrar.swift
[425/866] Compiling MCP OAuthConfiguration.swift
[426/866] Compiling MCP OAuthConstants.swift
[427/866] Compiling MCP OAuthDiscovery.swift
[428/866] Compiling MCP OAuthDiscoveryClient.swift
[429/866] Compiling MCP OAuthErrors.swift
[430/866] Compiling MCP OAuthModels.swift
[431/866] Compiling MCP OAuthTokenEndpointClient.swift
[432/866] Compiling MCP OAuthURLValidator.swift
[433/866] Compiling MCP OAuthWWWAuthenticateParser.swift
[434/866] Compiling MCP PKCE.swift
[435/866] Compiling MCP TokenStorage.swift
[436/866] Compiling MCP Error.swift
[437/866] Compiling MCP ID.swift
[438/866] Compiling MCP Icon.swift
[439/866] Compiling MCP Lifecycle.swift
[440/866] Compiling MCP Messages.swift
[441/866] Compiling MCP PendingRequest.swift
[442/866] Compiling MCP Transport.swift
[443/866] Compiling MCP HTTPClientTransport.swift
[444/866] Compiling MCP HTTPRequestValidation.swift
[445/866] Compiling tls13_client.cc
[446/866] Compiling tls13_both.cc
[447/866] Compiling t1_enc.cc
[448/866] Compiling ssl_x509.cc
[449/866] Compiling ssl_versions.cc
[450/866] Compiling ssl_transcript.cc
[451/866] Compiling ssl_stat.cc
[452/866] Compiling ssl_session.cc
[453/866] Compiling ssl_privkey.cc
[455/866] Compiling MCP StatefulHTTPServerTransport.swift
[456/866] Compiling MCP StatelessHTTPServerTransport.swift
[457/866] Compiling MCP InMemoryTransport.swift
[458/866] Compiling MCP NetworkTransport.swift
[459/866] Compiling MCP StdioTransport.swift
[460/866] Compiling MCP UnitInterval.swift
[461/866] Compiling MCP Cancellation.swift
[462/866] Compiling MCP Ping.swift
[463/866] Compiling MCP Progress.swift
[464/866] Compiling MCP RequestContext.swift
[465/866] Compiling MCP Value.swift
[466/866] Compiling MCP Versioning.swift
[467/866] Compiling MCP Client.swift
[468/866] Compiling MCP Elicitation.swift
[469/866] Compiling MCP Roots.swift
[470/866] Compiling MCP Sampling.swift
[471/866] Compiling MCP Data+Extensions.swift
[472/866] Compiling MCP Completion.swift
[473/866] Compiling MCP Logging.swift
[474/866] Compiling MCP Prompts.swift
[475/866] Compiling MCP Resources.swift
[476/866] Compiling MCP Server.swift
[477/866] Compiling MCP Tools.swift
[477/866] Compiling ssl_key_share.cc
[478/866] Compiling ssl_lib.cc
[479/866] Compiling ssl_file.cc
[480/866] Compiling ssl_credential.cc
[481/866] Compiling ssl_cipher.cc
[482/866] Compiling ssl_cert.cc
[483/866] Compiling ssl_buffer.cc
[484/866] Compiling ssl_asn1.cc
[485/866] Compiling ssl_aead_ctx.cc
[486/866] Compiling s3_pkt.cc
[487/866] Compiling s3_lib.cc
[488/866] Compiling s3_both.cc
[489/866] Compiling handshake_server.cc
[490/866] Compiling handshake_client.cc
[491/866] Compiling handshake.cc
[492/866] Compiling handoff.cc
[493/866] Compiling extensions.cc
[494/866] Compiling encrypted_client_hello.cc
[495/866] Compiling dtls_record.cc
[496/866] Compiling dtls_method.cc
[497/866] Compiling d1_srtp.cc
[498/866] Compiling d1_pkt.cc
[499/866] Compiling d1_lib.cc
[500/866] Compiling d1_both.cc
[501/866] Compiling md5-x86_64-linux.S
[502/866] Compiling md5-x86_64-apple.S
[503/866] Compiling md5-586-linux.S
[504/866] Compiling md5-586-apple.S
[505/866] Compiling bio_ssl.cc
[506/866] Compiling chacha20_poly1305_x86_64-linux.S
[507/866] Compiling err_data.cc
[508/866] Compiling chacha20_poly1305_x86_64-apple.S
[509/866] Compiling chacha20_poly1305_armv8-win.S
[510/866] Compiling chacha20_poly1305_armv8-linux.S
[511/866] Compiling chacha-x86_64-linux.S
[512/866] Compiling chacha20_poly1305_armv8-apple.S
[513/866] Compiling chacha-x86_64-apple.S
[514/866] Compiling chacha-x86-linux.S
[515/866] Compiling chacha-x86-apple.S
[516/866] Compiling chacha-armv8-win.S
[517/866] Compiling chacha-armv8-linux.S
[518/866] Compiling chacha-armv4-linux.S
[519/866] Compiling chacha-armv8-apple.S
[520/866] Compiling aes128gcmsiv-x86_64-linux.S
[521/866] Compiling aes128gcmsiv-x86_64-apple.S
[522/866] Compiling x86_64-mont5-linux.S
[523/866] Compiling x86_64-mont5-apple.S
[524/866] Compiling x86_64-mont-linux.S
[525/866] Compiling x86_64-mont-apple.S
[526/866] Compiling x86-mont-linux.S
[527/866] Compiling x86-mont-apple.S
[528/866] Compiling vpaes-x86_64-linux.S
[529/866] Compiling vpaes-x86_64-apple.S
[530/866] Compiling vpaes-x86-linux.S
[531/866] Compiling vpaes-x86-apple.S
[532/866] Compiling vpaes-armv8-win.S
[533/866] Compiling vpaes-armv8-linux.S
[534/866] Compiling vpaes-armv8-apple.S
[535/866] Compiling vpaes-armv7-linux.S
[536/866] Compiling sha512-x86_64-linux.S
[537/866] Compiling sha512-x86_64-apple.S
[538/866] Compiling sha512-armv8-win.S
[539/866] Compiling sha512-armv8-linux.S
[540/866] Compiling sha512-armv4-linux.S
[541/866] Compiling sha512-armv8-apple.S
[542/866] Compiling sha512-586-linux.S
[543/866] Compiling sha512-586-apple.S
[544/866] Compiling sha256-x86_64-linux.S
[545/866] Compiling sha256-x86_64-apple.S
[546/866] Compiling sha256-armv8-win.S
[547/866] Compiling sha256-armv8-linux.S
[548/866] Compiling sha256-armv4-linux.S
[549/866] Compiling sha256-armv8-apple.S
[550/866] Compiling sha256-586-linux.S
[551/866] Compiling sha256-586-apple.S
[552/866] Compiling sha1-x86_64-linux.S
[553/866] Compiling sha1-x86_64-apple.S
[554/866] Compiling sha1-armv8-win.S
[555/866] Compiling sha1-armv8-linux.S
[556/866] Compiling sha1-armv4-large-linux.S
[556/866] Compiling sha1-armv8-apple.S
[558/866] Compiling sha1-586-apple.S
[559/866] Compiling sha1-586-linux.S
[560/866] Compiling rsaz-avx2-apple.S
[561/866] Compiling rsaz-avx2-linux.S
[562/866] Compiling rdrand-x86_64-apple.S
[563/866] Compiling rdrand-x86_64-linux.S
[564/866] Compiling p256_beeu-x86_64-asm-linux.S
[565/866] Compiling p256_beeu-x86_64-asm-apple.S
[566/866] Compiling p256_beeu-armv8-asm-linux.S
[567/866] Compiling p256_beeu-armv8-asm-win.S
[568/866] Compiling p256_beeu-armv8-asm-apple.S
[569/866] Compiling p256-x86_64-asm-linux.S
[570/866] Compiling p256-x86_64-asm-apple.S
[571/866] Compiling p256-armv8-asm-win.S
[572/866] Compiling p256-armv8-asm-linux.S
[573/866] Compiling p256-armv8-asm-apple.S
[574/866] Compiling ghashv8-armv8-win.S
[575/866] Compiling ghashv8-armv8-linux.S
[576/866] Compiling ghashv8-armv8-apple.S
[577/866] Compiling ghashv8-armv7-linux.S
[578/866] Compiling ghash-x86_64-linux.S
[579/866] Compiling ghash-x86_64-apple.S
[580/866] Compiling ghash-x86-linux.S
[581/866] Compiling ghash-x86-apple.S
[582/866] Compiling ghash-ssse3-x86_64-linux.S
[583/866] Compiling ghash-ssse3-x86_64-apple.S
[584/866] Compiling ghash-ssse3-x86-linux.S
[585/866] Compiling ghash-ssse3-x86-apple.S
[586/866] Compiling ghash-neon-armv8-win.S
[587/866] Compiling ghash-neon-armv8-linux.S
[588/866] Compiling ghash-armv4-linux.S
[589/866] Compiling ghash-neon-armv8-apple.S
[590/866] Compiling co-586-linux.S
[591/866] Compiling co-586-apple.S
[592/866] Compiling bn-armv8-win.S
[593/866] Compiling bsaes-armv7-linux.S
[594/866] Compiling bn-armv8-linux.S
[595/866] Compiling bn-armv8-apple.S
[596/866] Compiling bn-586-linux.S
[597/866] Compiling bn-586-apple.S
[598/866] Compiling armv8-mont-win.S
[599/866] Compiling armv8-mont-linux.S
[600/866] Compiling armv4-mont-linux.S
[601/866] Compiling armv8-mont-apple.S
[602/866] Compiling aesv8-gcm-armv8-win.S
[603/866] Compiling aesv8-gcm-armv8-linux.S
[604/866] Compiling aesv8-armv8-win.S
[605/866] Compiling aesv8-gcm-armv8-apple.S
[606/866] Compiling aesv8-armv8-linux.S
[607/866] Compiling aesv8-armv8-apple.S
[608/866] Compiling aesv8-armv7-linux.S
[609/866] Compiling aesni-x86_64-linux.S
[610/866] Compiling aesni-x86_64-apple.S
[611/866] Compiling aesni-x86-linux.S
[612/866] Compiling aesni-x86-apple.S
[613/866] Compiling aesni-gcm-x86_64-linux.S
[614/866] Compiling aesni-gcm-x86_64-apple.S
[615/866] Compiling aes-gcm-avx2-x86_64-linux.S
[616/866] Compiling aes-gcm-avx2-x86_64-apple.S
[617/866] Compiling aes-gcm-avx10-x86_64-linux.S
[618/866] Compiling aes-gcm-avx10-x86_64-apple.S
[619/866] Compiling x_x509a.cc
[620/866] Compiling x_x509.cc
[621/866] Compiling x_val.cc
[622/866] Compiling x_spki.cc
[623/866] Compiling x_sig.cc
[624/866] Compiling x_req.cc
[625/866] Compiling x_pubkey.cc
[626/866] Compiling x_name.cc
[627/866] Compiling x_exten.cc
[628/866] Compiling x_crl.cc
[629/866] Compiling x_attrib.cc
[630/866] Compiling x_all.cc
[631/866] Compiling x_algor.cc
[632/866] Compiling x509spki.cc
[633/866] Compiling x509rset.cc
[634/866] Compiling x509name.cc
[635/866] Compiling x509cset.cc
[636/866] Compiling x509_vpm.cc
[637/866] Compiling x509_v3.cc
[638/866] Compiling x509_vfy.cc
[639/866] Compiling x509_txt.cc
[640/866] Compiling x509_trs.cc
[641/866] Compiling x509_set.cc
[642/866] Compiling x509_req.cc
[643/866] Compiling x509_obj.cc
[644/866] Compiling x509_lu.cc
[645/866] Compiling x509_ext.cc
[646/866] Compiling x509_def.cc
[647/866] Compiling x509_d2.cc
[648/866] Compiling x509_cmp.cc
[649/866] Compiling x509_att.cc
[650/866] Compiling x509.cc
[651/866] Compiling v3_skey.cc
[652/866] Compiling v3_utl.cc
[653/866] Compiling v3_purp.cc
[654/866] Compiling v3_prn.cc
[655/866] Compiling v3_pmaps.cc
[656/866] Compiling v3_pcons.cc
[657/866] Compiling v3_ocsp.cc
[658/866] Compiling v3_ncons.cc
[659/866] Compiling v3_int.cc
[660/866] Compiling v3_lib.cc
[661/866] Compiling v3_ia5.cc
[662/866] Compiling v3_info.cc
[663/866] Compiling v3_genn.cc
[663/866] Compiling v3_extku.cc
[665/866] Compiling v3_enum.cc
[666/866] Compiling v3_crld.cc
[667/866] Compiling v3_cpols.cc
[668/866] Compiling v3_conf.cc
[669/866] Compiling v3_bitst.cc
[670/866] Compiling v3_bcons.cc
[671/866] Compiling v3_akeya.cc
[672/866] Compiling v3_alt.cc
[673/866] Compiling t_x509a.cc
[674/866] Compiling v3_akey.cc
[675/866] Compiling t_req.cc
[676/866] Compiling t_x509.cc
[677/866] Compiling t_crl.cc
[678/866] Compiling rsa_pss.cc
[679/866] Compiling name_print.cc
[680/866] Compiling policy.cc
[681/866] Compiling i2d_pr.cc
[682/866] Compiling by_file.cc
[683/866] Compiling by_dir.cc
[684/866] Compiling asn1_gen.cc
[685/866] Compiling algorithm.cc
[686/866] Compiling a_verify.cc
[687/866] Compiling a_sign.cc
[688/866] Compiling a_digest.cc
[689/866] Compiling voprf.cc
[690/866] Compiling trust_token.cc
[691/866] Compiling thread_win.cc
[692/866] Compiling pmbtoken.cc
[693/866] Compiling thread_none.cc
[694/866] Compiling thread_pthread.cc
[695/866] Compiling thread.cc
[696/866] Compiling stack.cc
[697/866] Compiling slhdsa.cc
[698/866] Compiling spake2plus.cc
[699/866] Compiling siphash.cc
[700/866] Compiling sha512.cc
[701/866] Compiling sha1.cc
[702/866] Compiling sha256.cc
[703/866] Compiling rsa_extra.cc
[704/866] Compiling rsa_print.cc
[705/866] Compiling rsa_crypt.cc
[706/866] Compiling rsa_asn1.cc
[707/866] Compiling refcount.cc
[708/866] Compiling rc4.cc
[709/866] Compiling windows.cc
[710/866] Compiling urandom.cc
[711/866] Compiling trusty.cc
[712/866] Compiling rand.cc
[713/866] Compiling ios.cc
[714/866] Compiling passive.cc
[715/866] Compiling getentropy.cc
[716/866] Compiling forkunsafe.cc
[717/866] Compiling deterministic.cc
[718/866] Compiling fork_detect.cc
[719/866] Compiling poly1305_vec.cc
[720/866] Compiling poly1305_arm_asm.S
[721/866] Compiling pool.cc
[722/866] Compiling poly1305_arm.cc
[723/866] Compiling poly1305.cc
[724/866] Compiling pkcs8.cc
[725/866] Compiling pkcs8_x509.cc
[726/866] Compiling p5_pbev2.cc
[727/866] Compiling pkcs7_x509.cc
[728/866] Compiling pkcs7.cc
[729/866] Compiling pem_xaux.cc
[730/866] Compiling pem_x509.cc
[731/866] Compiling pem_pkey.cc
[732/866] Compiling pem_pk8.cc
[733/866] Compiling pem_oth.cc
[734/866] Compiling pem_lib.cc
[735/866] Compiling pem_info.cc
[736/866] Compiling obj_xref.cc
[737/866] Compiling pem_all.cc
[738/866] Compiling mlkem.cc
[739/866] Compiling obj.cc
[740/866] Compiling mldsa.cc
[741/866] Compiling mem.cc
[742/866] Compiling md5.cc
[743/866] Compiling md4.cc
[744/866] Compiling lhash.cc
[745/866] Compiling kyber.cc
[746/866] Compiling poly_rq_mul.S
[747/866] Compiling hrss.cc
[748/866] Compiling fips_shared_support.cc
[749/866] Compiling hpke.cc
[750/866] Compiling ex_data.cc
[751/866] Compiling sign.cc
[752/866] Compiling scrypt.cc
[753/866] Compiling print.cc
[754/866] Compiling bcm.cc
[755/866] Compiling pbkdf.cc
[756/866] Compiling p_x25519_asn1.cc
[757/866] Compiling p_x25519.cc
[758/866] Compiling p_rsa_asn1.cc
[759/866] Compiling p_rsa.cc
[760/866] Compiling p_hkdf.cc
[761/866] Compiling p_ed25519_asn1.cc
[762/866] Compiling p_ed25519.cc
[763/866] Compiling p_ec_asn1.cc
[764/866] Compiling p_ec.cc
[765/866] Compiling p_dh_asn1.cc
[766/866] Compiling p_dsa_asn1.cc
[767/866] Compiling p_dh.cc
[768/866] Compiling evp_ctx.cc
[769/866] Compiling evp.cc
[770/866] Compiling evp_asn1.cc
[771/866] Compiling err.cc
[772/866] Compiling engine.cc
[773/866] Compiling ecdh.cc
[774/866] Compiling ecdsa_asn1.cc
[775/866] Compiling hash_to_curve.cc
[776/866] Compiling ec_derive.cc
[777/866] Compiling ec_asn1.cc
[778/866] Compiling dsa_asn1.cc
[779/866] Compiling dsa.cc
[780/866] Compiling digest_extra.cc
[781/866] Compiling params.cc
[782/866] Compiling dh_asn1.cc
[783/866] Compiling des.cc
[784/866] Compiling spake25519.cc
[785/866] Compiling curve25519_64_adx.cc
[786/866] Compiling x25519-asm-arm.S
[787/866] Compiling crypto.cc
[788/866] Compiling curve25519.cc
[789/866] Compiling cpu_intel.cc
[790/866] Compiling cpu_arm_linux.cc
[791/866] Compiling cpu_arm_freebsd.cc
[792/866] Compiling cpu_aarch64_win.cc
[793/866] Compiling cpu_aarch64_sysreg.cc
[794/866] Compiling cpu_aarch64_openbsd.cc
[795/866] Compiling cpu_aarch64_fuchsia.cc
[796/866] Compiling cpu_aarch64_linux.cc
[797/866] Compiling cpu_aarch64_apple.cc
[798/866] Compiling conf.cc
[799/866] Compiling get_cipher.cc
[800/866] Compiling tls_cbc.cc
[801/866] Compiling e_rc4.cc
[802/866] Compiling e_tls.cc
[803/866] Compiling e_null.cc
[804/866] Compiling e_rc2.cc
[805/866] Compiling e_des.cc
[806/866] Compiling e_chacha20poly1305.cc
[807/866] Compiling e_aesctrhmac.cc
[807/866] Compiling e_aesgcmsiv.cc
[809/866] Compiling derive_key.cc
[810/866] Compiling chacha.cc
[811/866] Compiling unicode.cc
[812/866] Compiling cbs.cc
[813/866] Compiling cbb.cc
[814/866] Compiling ber.cc
[815/866] Compiling buf.cc
[816/866] Compiling asn1_compat.cc
[817/866] Compiling convert.cc
[818/866] Compiling bn_asn1.cc
[819/866] Compiling blake2.cc
[820/866] Compiling socket_helper.cc
[821/866] Compiling socket.cc
[822/866] Compiling printf.cc
[823/866] Compiling pair.cc
[824/866] Compiling hexdump.cc
[825/866] Compiling file.cc
[826/866] Compiling fd.cc
[827/866] Compiling errno.cc
[828/866] Compiling connect.cc
[829/866] Compiling bio_mem.cc
[830/866] Compiling bio.cc
[831/866] Compiling base64.cc
[832/866] Compiling tasn_utl.cc
[833/866] Compiling tasn_typ.cc
[834/866] Compiling tasn_new.cc
[835/866] Compiling tasn_fre.cc
[836/866] Compiling tasn_enc.cc
[837/866] Compiling tasn_dec.cc
[838/866] Compiling posix_time.cc
[839/866] Compiling f_string.cc
[840/866] Compiling f_int.cc
[841/866] Compiling asn_pack.cc
[842/866] Compiling asn1_par.cc
[843/866] Compiling asn1_lib.cc
[844/866] Compiling a_utctm.cc
[845/866] Compiling a_type.cc
[846/866] Compiling a_time.cc
[847/866] Compiling a_strnid.cc
[848/866] Compiling a_strex.cc
[849/866] Compiling a_octet.cc
[850/866] Compiling a_object.cc
[851/866] Compiling a_mbstr.cc
[852/866] Compiling a_int.cc
[853/866] Compiling a_i2d_fp.cc
[854/866] Compiling a_dup.cc
[855/866] Compiling a_gentm.cc
[856/866] Compiling a_d2i_fp.cc
[857/866] Compiling a_bool.cc
[858/866] Compiling a_bitstr.cc
[859/866] Compiling c-nioatomics.c
[860/866] Compiling CGRPCZlib empty.c
[861/866] Write sources
[862/877] Compiling c-atomics.c
[864/881] Emitting module NIOConcurrencyHelpers
[865/884] Compiling NIOConcurrencyHelpers NIOAtomic.swift
[866/884] Compiling NIOConcurrencyHelpers NIOLock.swift
[867/884] Compiling NIOConcurrencyHelpers NIOLockedValueBox.swift
[868/884] Compiling NIOConcurrencyHelpers NIOThreadPoolWorkAvailable.swift
[869/884] Compiling NIOConcurrencyHelpers atomics.swift
[870/884] Compiling NIOConcurrencyHelpers lock.swift
[871/884] Emitting module Atomics
[878/884] Compiling Atomics AtomicInteger.swift
[879/884] Compiling Atomics AtomicOptionalWrappable.swift
[880/884] Compiling Atomics AtomicReference.swift
[881/884] Compiling Atomics AtomicStorage.swift
[882/893] Compiling Atomics AtomicValue.swift
[883/893] Compiling Atomics AtomicMemoryOrderings.swift
[884/893] Compiling Atomics DoubleWord.swift
[885/893] Compiling Atomics ManagedAtomic.swift
[886/893] Compiling Atomics ManagedAtomicLazyReference.swift
[887/893] Compiling Atomics UnsafeAtomic.swift
[888/893] Compiling Atomics UnsafeAtomicLazyReference.swift
[889/893] Compiling Atomics IntegerOperations.swift
[890/893] Compiling Atomics Unmanaged extensions.swift
[891/918] Emitting module NIOCore
[892/918] Compiling NIOCore AddressedEnvelope.swift
[893/918] Compiling NIOCore AsyncAwaitSupport.swift
[894/918] Compiling NIOCore AsyncChannel.swift
[895/918] Compiling NIOCore AsyncChannelHandler.swift
[896/918] Compiling NIOCore AsyncChannelInboundStream.swift
[897/918] Compiling NIOCore AsyncChannelOutboundWriter.swift
[898/918] Compiling NIOCore NIOAsyncSequenceProducer.swift
[899/918] Compiling NIOCore NIOAsyncSequenceProducerStrategies.swift
[900/918] Compiling NIOCore NIOAsyncWriter.swift
[901/918] Compiling NIOCore NIOThrowingAsyncSequenceProducer.swift
[902/918] Compiling NIOCore BSDSocketAPI.swift
[903/918] Compiling NIOCore ByteBuffer-aux.swift
[904/918] Compiling NIOCore ByteBuffer-binaryEncodedLengthPrefix.swift
[905/918] Compiling NIOCore ByteBuffer-conversions.swift
[906/918] Compiling NIOCore ByteBuffer-core.swift
[907/918] Compiling NIOCore ByteBuffer-hex.swift
[908/918] Compiling NIOCore ByteBuffer-int.swift
[909/918] Compiling NIOCore ByteBuffer-lengthPrefix.swift
[910/918] Compiling NIOCore ByteBuffer-multi-int.swift
[911/918] Compiling NIOCore ByteBuffer-quicBinaryEncodingStrategy.swift
[912/918] Compiling NIOCore ByteBuffer-views.swift
[913/918] Compiling NIOCore Channel.swift
[914/918] Compiling NIOCore ChannelHandler.swift
[915/918] Compiling NIOCore ChannelHandlers.swift
[916/965] Compiling NIOCore Interfaces.swift
[917/965] Compiling NIOCore Linux.swift
[918/965] Compiling NIOCore MarkedCircularBuffer.swift
[919/965] Compiling NIOCore MulticastChannel.swift
[920/965] Compiling NIOCore NIOAny.swift
[921/965] Compiling NIOCore NIOCloseOnErrorHandler.swift
[922/965] Compiling NIOCore NIOCoreSendableMetatype.swift
[923/965] Compiling NIOCore NIODecodedAsyncSequence.swift
[924/965] Compiling NIOCore NIOLoopBound.swift
[925/965] Compiling NIOCore NIOPooledRecvBufferAllocator.swift
[926/965] Compiling NIOCore NIOScheduledCallback.swift
[927/965] Compiling NIOCore NIOSendable.swift
[928/965] Compiling NIOCore NIOSplitLinesMessageDecoder.swift
[929/965] Compiling NIOCore NIOTransportAccessibleChannelCore.swift
[930/965] Compiling NIOCore RecvByteBufferAllocator.swift
[931/965] Compiling NIOCore SingleStepByteToMessageDecoder.swift
[932/965] Compiling NIOCore SocketAddresses.swift
[933/965] Compiling NIOCore SocketOptionProvider.swift
[934/965] Compiling NIOCore SystemCallHelpers.swift
[935/965] Compiling NIOCore TimeAmount+Duration.swift
[936/965] Compiling NIOCore TypeAssistedChannelHandler.swift
[937/965] Compiling NIOCore UniversalBootstrapSupport.swift
[938/965] Compiling NIOCore Utilities.swift
[939/965] Compiling NIOCore ChannelInvoker.swift
[940/965] Compiling NIOCore ChannelOption.swift
[941/965] Compiling NIOCore ChannelPipeline.swift
[942/965] Compiling NIOCore CircularBuffer.swift
[943/965] Compiling NIOCore Codec.swift
[944/965] Compiling NIOCore ConvenienceOptionSupport.swift
[945/965] Compiling NIOCore DeadChannel.swift
[946/965] Compiling NIOCore DispatchQueue+WithFuture.swift
[947/965] Compiling NIOCore EventLoop+Deprecated.swift
[948/965] Compiling NIOCore EventLoop+SerialExecutor.swift
[949/965] Compiling NIOCore EventLoop.swift
[950/965] Compiling NIOCore EventLoopFuture+AssumeIsolated.swift
[951/965] Compiling NIOCore EventLoopFuture+Deprecated.swift
[952/965] Compiling NIOCore EventLoopFuture+WithEventLoop.swift
[953/965] Compiling NIOCore EventLoopFuture.swift
[954/965] Compiling NIOCore FileDescriptor.swift
[955/965] Compiling NIOCore FileHandle.swift
[956/965] Compiling NIOCore FileRegion.swift
[957/965] Compiling NIOCore GlobalSingletons.swift
[958/965] Compiling NIOCore IO.swift
[959/965] Compiling NIOCore IOData.swift
[960/965] Compiling NIOCore IPProtocol.swift
[961/965] Compiling NIOCore IntegerBitPacking.swift
[962/965] Compiling NIOCore IntegerTypes.swift
[963/987] Emitting module NIOFoundationEssentialsCompat
[964/987] Compiling NIOFoundationEssentialsCompat ByteBuffer-foundation.swift
[965/988] Compiling NIOFoundationEssentialsCompat Codable+ByteBuffer.swift
[966/991] Emitting module NIOPosix
[967/1010] Emitting module NIOEmbedded
[968/1010] Compiling NIOEmbedded AsyncTestingChannel.swift
[969/1010] Compiling NIOEmbedded AsyncTestingEventLoop.swift
[970/1011] Compiling NIOEmbedded Embedded.swift
[973/1011] Compiling NIOPosix BSDSocketAPIWindows.swift
[974/1011] Compiling NIOPosix BaseSocket.swift
[975/1011] Compiling NIOPosix BaseSocketChannel+AccessibleTransport.swift
[976/1011] Compiling NIOPosix BaseSocketChannel+SocketOptionProvider.swift
[977/1011] Compiling NIOPosix BaseSocketChannel.swift
[978/1011] Compiling NIOPosix BaseStreamSocketChannel.swift
[979/1011] Compiling NIOPosix Bootstrap.swift
[980/1011] Compiling NIOPosix ControlMessage.swift
[981/1011] Compiling NIOPosix DatagramVectorReadManager.swift
[982/1011] Compiling NIOPosix Errors+Any.swift
[983/1011] Compiling NIOPosix FileDescriptor.swift
[984/1011] Compiling NIOPosix GetaddrinfoResolver.swift
[985/1011] Compiling NIOPosix HappyEyeballs.swift
[986/1011] Compiling NIOPosix IO.swift
[987/1011] Compiling NIOPosix IntegerBitPacking.swift
[988/1011] Compiling NIOPosix IntegerTypes.swift
[989/1011] Compiling NIOPosix Linux.swift
[990/1030] Compiling NIOPosix SelectorEpoll.swift
[991/1030] Compiling NIOPosix SelectorGeneric.swift
[992/1030] Compiling NIOPosix SelectorKqueue.swift
[993/1030] Compiling NIOPosix SelectorUring.swift
[994/1030] Compiling NIOPosix SelectorWSAPoll.swift
[995/1030] Compiling NIOPosix ServerSocket.swift
[996/1030] Compiling NIOPosix Socket.swift
[997/1030] Compiling NIOPosix SocketChannel.swift
[998/1030] Compiling NIOPosix SocketProtocols.swift
[999/1030] Compiling NIOPosix StructuredConcurrencyHelpers.swift
[1000/1030] Compiling NIOPosix System.swift
[1001/1030] Compiling NIOPosix Thread.swift
[1002/1030] Compiling NIOPosix ThreadPosix.swift
[1003/1030] Compiling NIOPosix ThreadWindows.swift
[1004/1030] Compiling NIOPosix Utilities.swift
[1005/1030] Compiling NIOPosix VsockAddress.swift
[1006/1030] Compiling NIOPosix VsockChannelEvents.swift
[1007/1030] Compiling NIOPosix Windows.swift
[1008/1030] Compiling NIOPosix resource_bundle_accessor.swift
[1009/1030] Compiling NIOPosix LinuxCPUSet.swift
[1010/1030] Compiling NIOPosix LinuxUring.swift
[1011/1030] Compiling NIOPosix MultiThreadedEventLoopGroup.swift
[1012/1030] Compiling NIOPosix NIOPosixSendableMetatype.swift
[1013/1030] Compiling NIOPosix NIORandomizedDNSResolver.swift
[1014/1030] Compiling NIOPosix NIOThreadPool.swift
[1015/1030] Compiling NIOPosix NonBlockingFileIO.swift
[1016/1030] Compiling NIOPosix PendingDatagramWritesManager.swift
[1017/1030] Compiling NIOPosix PendingWritesManager.swift
[1018/1030] Compiling NIOPosix PipeChannel.swift
[1019/1030] Compiling NIOPosix PipePair.swift
[1020/1030] Compiling NIOPosix Pool.swift
[1021/1030] Compiling NIOPosix PosixSingletons+ConcurrencyTakeOver.swift
[1022/1030] Compiling NIOPosix PosixSingletons.swift
[1023/1030] Compiling NIOPosix RawSocketBootstrap.swift
[1024/1030] Compiling NIOPosix Resolver.swift
[1025/1030] Compiling NIOPosix Selectable.swift
[1026/1030] Compiling NIOPosix SelectableChannel.swift
[1027/1030] Compiling NIOPosix SelectableEventLoop.swift
[1028/1032] Emitting module NIO
[1029/1032] Compiling NIO Exports.swift
[1030/1046] Emitting module NIOTLS
[1031/1046] Compiling NIOHTTP1 ByteCollectionUtils.swift
[1032/1046] Compiling NIOHTTP1 HTTPDecoder.swift
[1033/1046] Compiling NIOHTTP1 HTTPEncoder.swift
[1034/1048] Emitting module NIOHTTP1
[1035/1057] Compiling NIOTLS SNIHandler.swift
[1036/1057] Compiling NIOTLS TLSEvents.swift
[1037/1060] Emitting module NIOFoundationCompat
[1038/1060] Compiling NIOFoundationCompat Exports.swift
[1039/1060] Compiling NIOFoundationCompat JSONSerialization+ByteBuffer.swift
[1040/1061] Compiling NIOFoundationCompat WaitSpinningRunLoop.swift
[1046/1061] Compiling NIOHTTP1 HTTPPipelineSetup.swift
[1047/1061] Compiling NIOHTTP1 HTTPServerPipelineHandler.swift
[1048/1061] Compiling NIOHTTP1 HTTPServerProtocolErrorHandler.swift
[1049/1061] Compiling NIOHTTP1 HTTPServerRequestMethodQueue.swift
[1050/1079] Compiling NIOSSL NIOSSLServerHandler.swift
[1051/1079] Compiling NIOSSL ObjectIdentifier.swift
[1052/1079] Compiling NIOSSL PosixPort.swift
[1053/1079] Compiling NIOSSL SSLCallbacks.swift
[1054/1079] Compiling NIOSSL SSLCertificate.swift
[1055/1079] Compiling NIOSSL SSLCertificateExtensions.swift
[1056/1079] Compiling NIOSSL SSLCertificateName.swift
[1057/1079] Compiling NIOSSL SSLConnection.swift
[1058/1079] Compiling NIOHTTP1 NIOTypedHTTPServerUpgraderStateMachine.swift
[1059/1092] Emitting module NIOTransportServices
[1060/1092] Compiling NIOTransportServices AcceptHandler.swift
[1061/1092] Compiling NIOTransportServices NIOTSDatagramConnectionBootstrap.swift
[1062/1092] Compiling NIOTransportServices NIOTSDatagramConnectionChannel.swift
[1063/1092] Compiling NIOTransportServices NIOTSDatagramListenerBootstrap.swift
[1064/1092] Compiling NIOTransportServices NIOTSDatagramListenerChannel.swift
[1065/1092] Compiling NIOTransportServices NIOFilterEmptyWritesHandler.swift
[1066/1092] Compiling NIOTransportServices NIOTSBootstraps.swift
[1067/1092] Compiling NIOTransportServices NIOTSChannelOptions.swift
[1068/1092] Compiling NIOTransportServices NIOTSConnectionBootstrap.swift
[1069/1092] Compiling NIOTransportServices NIOTSConnectionChannel.swift
[1070/1092] Compiling NIOTransportServices NIOTSErrors.swift
[1071/1092] Compiling NIOTransportServices NIOTSEventLoop.swift
[1072/1103] Emitting module NIOSSL
[1085/1103] Compiling NIOTransportServices NIOTSEventLoopGroup.swift
[1086/1103] Compiling NIOTransportServices NIOTSListenerBootstrap.swift
[1087/1103] Compiling NIOTransportServices NIOTSListenerChannel.swift
[1088/1103] Compiling NIOTransportServices NIOTSNetworkEvents.swift
[1089/1103] Compiling NIOTransportServices NIOTSSingletons.swift
[1095/1120] Compiling NIOSSL SSLContext.swift
[1096/1120] Compiling NIOSSL SSLErrors.swift
[1097/1120] Compiling NIOSSL SSLInit.swift
[1098/1120] Compiling NIOSSL SSLPKCS12Bundle.swift
[1099/1120] Compiling NIOSSL SSLPrivateKey.swift
[1100/1120] Compiling NIOSSL SSLPublicKey.swift
[1101/1127] Compiling NIOHPACK DynamicHeaderTable.swift
[1102/1127] Compiling NIOHPACK HPACKDecoder.swift
[1103/1127] Compiling NIOHPACK HPACKEncoder.swift
[1104/1127] Compiling NIOHPACK HPACKErrors.swift
[1105/1127] Compiling NIOHPACK HPACKHeader.swift
[1106/1127] Compiling NIOHPACK HeaderTables.swift
[1107/1127] Emitting module NIOHPACK
[1114/1132] Compiling NIOSSL SecurityFrameworkCertificateVerification.swift
[1115/1132] Compiling NIOSSL String+unsafeUninitializedCapacity.swift
[1116/1132] Compiling NIOSSL SubjectAlternativeName.swift
[1117/1132] Compiling NIOSSL NIOSSLSecureBytes.swift
[1118/1132] Compiling NIOSSL RNG.swift
[1119/1132] Compiling NIOSSL SafeCompare.swift
[1120/1132] Compiling NIOSSL Zeroization.swift
[1121/1132] Compiling NIOSSL TLSConfiguration.swift
[1122/1132] Compiling NIOSSL UniversalBootstrapSupport.swift
[1123/1132] Compiling NIOSSL UnsafeKeyAndChainTarget.swift
[1124/1132] Compiling NIOSSL resource_bundle_accessor.swift
[1125/1143] Emitting module NIOExtras
[1126/1152] Compiling NIOExtras LengthFieldBasedFrameDecoder.swift
[1127/1152] Compiling NIOExtras LengthFieldPrepender.swift
[1128/1152] Compiling NIOExtras LineBasedFrameDecoder.swift
[1129/1152] Compiling NIOExtras MarkedCircularBuffer+PopFirstCheckMarked.swift
[1130/1152] Compiling NIOExtras NIOExtrasError.swift
[1131/1177] Compiling NIOHTTP2 ConnectionStateMachine.swift
[1132/1177] Compiling NIOHTTP2 ConnectionStreamsState.swift
[1133/1177] Compiling NIOHTTP2 MayReceiveFrames.swift
[1134/1177] Compiling NIOHTTP2 ReceivingDataState.swift
[1135/1177] Compiling NIOHTTP2 ReceivingGoAwayState.swift
[1136/1177] Compiling NIOHTTP2 ReceivingHeadersState.swift
[1137/1177] Compiling NIOHTTP2 ReceivingPushPromiseState.swift
[1138/1177] Compiling NIOHTTP2 ReceivingRstStreamState.swift
[1139/1177] Compiling NIOHTTP2 ReceivingWindowUpdateState.swift
[1140/1177] Compiling NIOHTTP2 MaySendFrames.swift
[1141/1177] Emitting module NIOHTTP2
[1142/1200] Compiling NIOHTTP2 SendingDataState.swift
[1143/1200] Compiling NIOHTTP2 SendingGoawayState.swift
[1144/1200] Compiling NIOHTTP2 SendingHeadersState.swift
[1145/1200] Compiling NIOHTTP2 SendingPushPromiseState.swift
[1146/1200] Compiling NIOHTTP2 SendingRstStreamState.swift
[1147/1200] Compiling NIOHTTP2 SendingWindowUpdateState.swift
[1148/1200] Compiling NIOHTTP2 HTTP2SettingsState.swift
[1149/1200] Compiling NIOHTTP2 HasExtendedConnectSettings.swift
[1150/1200] Compiling NIOHTTP2 HasFlowControlWindows.swift
[1170/1200] Compiling NIOHTTP2 HasLocalSettings.swift
[1171/1200] Compiling NIOHTTP2 HasRemoteSettings.swift
[1172/1200] Compiling NIOHTTP2 LocallyQuiescingState.swift
[1173/1200] Compiling NIOHTTP2 QuiescingState.swift
[1174/1200] Compiling NIOHTTP2 RemotelyQuiescingState.swift
[1175/1223] Compiling NIOHTTP2 HTTP2PipelineHelpers.swift
[1176/1223] Compiling NIOHTTP2 HTTP2Settings.swift
[1177/1223] Compiling NIOHTTP2 HTTP2Stream.swift
[1178/1223] Compiling NIOHTTP2 HTTP2StreamChannel+OutboundStreamMultiplexer.swift
[1179/1223] Compiling NIOHTTP2 HTTP2StreamChannel.swift
[1180/1223] Compiling NIOHTTP2 HTTP2StreamDelegate.swift
[1181/1223] Compiling NIOHTTP2 HTTP2StreamID.swift
[1182/1223] Compiling NIOHTTP2 HTTP2StreamMultiplexer.swift
[1183/1223] Compiling NIOHTTP2 HTTP2ToHTTP1Codec.swift
[1184/1223] Compiling NIOHTTP2 HTTP2UserEvents.swift
[1185/1223] Compiling NIOHTTP2 InboundEventBuffer.swift
[1186/1223] Compiling NIOHTTP2 InboundWindowManager.swift
[1187/1223] Compiling NIOHTTP2 MultiplexerAbstractChannel.swift
[1188/1223] Compiling NIOHTTP2 NIOHTTP2FrameDelegate.swift
[1189/1223] Compiling NIOHTTP2 NIOHTTP2ServerConnectionManagementHandler+StateMachine.swift
[1190/1223] Compiling NIOHTTP2 NIOHTTP2ServerConnectionManagementHandler.swift
[1191/1223] Compiling NIOHTTP2 StreamChannelFlowController.swift
[1192/1223] Compiling NIOHTTP2 StreamChannelList.swift
[1193/1223] Compiling NIOHTTP2 StreamMap.swift
[1194/1223] Compiling NIOHTTP2 StreamStateMachine.swift
[1195/1223] Compiling NIOHTTP2 Timer.swift
[1196/1223] Compiling NIOHTTP2 UnsafeTransfer.swift
[1197/1223] Compiling NIOHTTP2 WatermarkedFlowController.swift
[1198/1223] Compiling NIOHTTP2 SendAndReceiveGoawayState.swift
[1199/1223] Compiling NIOHTTP2 StateMachineResult.swift
[1200/1223] Compiling NIOHTTP2 ContentLengthVerifier.swift
[1201/1223] Compiling NIOHTTP2 DOSHeuristics.swift
[1202/1223] Compiling NIOHTTP2 Error+Any.swift
[1203/1223] Compiling NIOHTTP2 ConcurrentStreamBuffer.swift
[1204/1223] Compiling NIOHTTP2 ControlFrameBuffer.swift
[1205/1223] Compiling NIOHTTP2 OutboundFlowControlBuffer.swift
[1206/1223] Compiling NIOHTTP2 OutboundFrameBuffer.swift
[1207/1223] Compiling NIOHTTP2 GlitchesMonitor.swift
[1208/1223] Compiling NIOHTTP2 HPACKHeaders+Validation.swift
[1209/1223] Compiling NIOHTTP2 HTTP2ChannelHandler+InboundStreamMultiplexer.swift
[1210/1223] Compiling NIOHTTP2 HTTP2ChannelHandler+InlineStreamMultiplexer.swift
[1211/1223] Compiling NIOHTTP2 HTTP2ChannelHandler.swift
[1212/1223] Compiling NIOHTTP2 HTTP2CommonInboundStreamMultiplexer.swift
[1213/1223] Compiling NIOHTTP2 HTTP2ConnectionStateChange.swift
[1214/1223] Compiling NIOHTTP2 HTTP2Error.swift
[1215/1223] Compiling NIOHTTP2 HTTP2ErrorCode.swift
[1216/1223] Compiling NIOHTTP2 HTTP2FlowControlWindow.swift
[1217/1223] Compiling NIOHTTP2 HTTP2Frame.swift
[1218/1223] Compiling NIOHTTP2 HTTP2FrameEncoder.swift
[1219/1223] Compiling NIOHTTP2 HTTP2FrameParser.swift
[1220/1223] Compiling NIOHTTP2 HTTP2PingData.swift
[1221/1248] Emitting module GRPC
[1222/1248] Compiling GRPC Array+BoundsCheck.swift
[1223/1248] Compiling GRPC ServerHandlerStateMachine+Actions.swift
[1224/1248] Compiling GRPC ServerHandlerStateMachine+Draining.swift
[1225/1248] Compiling GRPC ServerHandlerStateMachine+Finished.swift
[1226/1248] Compiling GRPC ServerHandlerStateMachine+Handling.swift
[1227/1248] Compiling GRPC ServerHandlerStateMachine+Idle.swift
[1228/1248] Compiling GRPC ServerHandlerStateMachine.swift
[1229/1248] Compiling GRPC ServerInterceptorStateMachine+Actions.swift
[1230/1248] Compiling GRPC ServerInterceptorStateMachine+Finished.swift
[1231/1248] Compiling GRPC ServerInterceptorStateMachine+Intercepting.swift
[1232/1248] Compiling GRPC ServerInterceptorStateMachine.swift
[1233/1248] Compiling GRPC StreamState.swift
[1234/1248] Compiling GRPC Call+AsyncRequestStreamWriter.swift
[1235/1248] Compiling GRPC CancellationError+GRPCStatusTransformable.swift
[1236/1248] Compiling GRPC GRPCAsyncBidirectionalStreamingCall.swift
[1237/1248] Compiling GRPC GRPCAsyncClientStreamingCall.swift
[1238/1248] Compiling GRPC GRPCAsyncRequestStream.swift
[1239/1248] Compiling GRPC GRPCAsyncRequestStreamWriter.swift
[1240/1248] Compiling GRPC GRPCAsyncResponseStream.swift
[1241/1248] Compiling GRPC GRPCAsyncResponseStreamWriter.swift
[1242/1248] Compiling GRPC GRPCAsyncSequenceProducerDelegate.swift
[1243/1248] Compiling GRPC GRPCAsyncServerCallContext.swift
[1244/1248] Compiling GRPC GRPCAsyncServerHandler.swift
[1245/1248] Compiling GRPC GRPCAsyncServerStreamingCall.swift
[1246/1296] Compiling GRPC GRPCAsyncUnaryCall.swift
[1247/1296] Compiling GRPC GRPCAsyncWriterSinkDelegate.swift
[1248/1296] Compiling GRPC GRPCChannel+AsyncAwaitSupport.swift
[1249/1296] Compiling GRPC GRPCClient+AsyncAwaitSupport.swift
[1250/1296] Compiling GRPC GRPCSendable.swift
[1251/1296] Compiling GRPC NIOAsyncWrappers.swift
[1252/1296] Compiling GRPC BidirectionalStreamingServerHandler.swift
[1253/1296] Compiling GRPC ClientStreamingServerHandler.swift
[1254/1296] Compiling GRPC ServerHandlerProtocol.swift
[1255/1296] Compiling GRPC ServerStreamingServerHandler.swift
[1256/1296] Compiling GRPC UnaryServerHandler.swift
[1257/1296] Compiling GRPC CallOptions.swift
[1258/1296] Compiling GRPC BidirectionalStreamingCall.swift
[1259/1296] Compiling GRPC Call.swift
[1260/1296] Compiling GRPC CallDetails.swift
[1261/1296] Compiling GRPC ClientCall.swift
[1262/1296] Compiling GRPC ClientStreamingCall.swift
[1263/1296] Compiling GRPC LazyEventLoopPromise.swift
[1264/1296] Compiling GRPC ResponseContainers.swift
[1265/1296] Compiling GRPC ResponsePartContainer.swift
[1266/1296] Compiling GRPC ServerStreamingCall.swift
[1267/1296] Compiling GRPC UnaryCall.swift
[1268/1296] Compiling GRPC ClientConnection.swift
[1269/1296] Compiling GRPC ClientConnectionConfiguration+NIOSSL.swift
[1270/1320] Compiling GRPC ClientErrorDelegate.swift
[1271/1320] Compiling GRPC CoalescingLengthPrefixedMessageWriter.swift
[1272/1320] Compiling GRPC CompressionAlgorithm.swift
[1273/1320] Compiling GRPC DecompressionLimit.swift
[1274/1320] Compiling GRPC MessageEncoding.swift
[1275/1320] Compiling GRPC Zlib.swift
[1276/1320] Compiling GRPC ConnectionBackoff.swift
[1277/1320] Compiling GRPC ConnectionKeepalive.swift
[1278/1320] Compiling GRPC ConnectionManager+Delegates.swift
[1279/1320] Compiling GRPC ConnectionManager.swift
[1280/1320] Compiling GRPC ConnectionManagerChannelProvider.swift
[1281/1320] Compiling GRPC ConnectionManagerID.swift
[1282/1320] Compiling GRPC ConnectionPool+PerConnectionState.swift
[1283/1320] Compiling GRPC ConnectionPool+Waiter.swift
[1284/1320] Compiling GRPC ConnectionPool.swift
[1285/1320] Compiling GRPC ConnectionPoolIDs.swift
[1286/1320] Compiling GRPC GRPCChannelPool.swift
[1287/1320] Compiling GRPC PoolManager.swift
[1288/1320] Compiling GRPC PoolManagerStateMachine+PerPoolState.swift
[1289/1320] Compiling GRPC PoolManagerStateMachine.swift
[1290/1320] Compiling GRPC PooledChannel.swift
[1291/1320] Compiling GRPC StreamLender.swift
[1292/1320] Compiling GRPC ConnectivityState.swift
[1293/1320] Compiling GRPC DebugOnly.swift
[1294/1344] Compiling GRPC DelegatingErrorHandler.swift
[1295/1344] Compiling GRPC Error+NIOSSL.swift
[1296/1344] Compiling GRPC EventLoopFuture+RecoverFromUncleanShutdown.swift
[1297/1344] Compiling GRPC FakeChannel.swift
[1298/1344] Compiling GRPC ClientConnection+NIOSSL.swift
[1299/1344] Compiling GRPC ClientConnection+NWTLS.swift
[1300/1344] Compiling GRPC GRPCChannel.swift
[1301/1344] Compiling GRPC GRPCChannelBuilder.swift
[1302/1344] Compiling GRPC GRPCClient.swift
[1303/1344] Compiling GRPC GRPCClientChannelHandler.swift
[1304/1344] Compiling GRPC GRPCClientStateMachine.swift
[1305/1344] Compiling GRPC GRPCContentType.swift
[1306/1344] Compiling GRPC GRPCError.swift
[1307/1344] Compiling GRPC GRPCHeaderName.swift
[1308/1344] Compiling GRPC GRPCIdleHandler.swift
[1309/1344] Compiling GRPC GRPCIdleHandlerStateMachine.swift
[1310/1344] Compiling GRPC GRPCKeepaliveHandlers.swift
[1311/1344] Compiling GRPC GRPCPayload.swift
[1312/1344] Compiling GRPC GRPCServerPipelineConfigurator.swift
[1313/1344] Compiling GRPC GRPCServerRequestRoutingHandler.swift
[1314/1344] Compiling GRPC GRPCServiceDescription.swift
[1315/1344] Compiling GRPC GRPCStatus.swift
[1316/1344] Compiling GRPC GRPCStatusAndMetadata.swift
[1317/1344] Compiling GRPC GRPCStatusMessageMarshaller.swift
[1318/1367] Compiling GRPC GRPCTLSConfiguration.swift
[1319/1367] Compiling GRPC GRPCTimeout.swift
[1320/1367] Compiling GRPC GRPCWebToHTTP2ServerCodec.swift
[1321/1367] Compiling GRPC HTTP2ToRawGRPCServerCodec.swift
[1322/1367] Compiling GRPC HTTP2ToRawGRPCStateMachine.swift
[1323/1367] Compiling GRPC ClientInterceptorContext.swift
[1324/1367] Compiling GRPC ClientInterceptorPipeline.swift
[1325/1367] Compiling GRPC ClientInterceptorProtocol.swift
[1326/1367] Compiling GRPC ClientInterceptors.swift
[1327/1367] Compiling GRPC ClientTransport.swift
[1328/1367] Compiling GRPC ClientTransportFactory.swift
[1329/1367] Compiling GRPC MessageParts.swift
[1330/1367] Compiling GRPC ServerInterceptorContext.swift
[1331/1367] Compiling GRPC ServerInterceptorPipeline.swift
[1332/1367] Compiling GRPC ServerInterceptors.swift
[1333/1367] Compiling GRPC InterceptorContextList.swift
[1334/1367] Compiling GRPC LengthPrefixedMessageReader.swift
[1335/1367] Compiling GRPC Logger.swift
[1336/1367] Compiling GRPC LoggingServerErrorDelegate.swift
[1337/1367] Compiling GRPC MessageEncodingHeaderValidator.swift
[1338/1367] Compiling GRPC PlatformSupport.swift
[1339/1367] Compiling GRPC ReadWriteStates.swift
[1340/1367] Compiling GRPC Ref.swift
[1341/1367] Compiling GRPC Serialization.swift
[1342/1367] Compiling GRPC Server+NIOSSL.swift
[1343/1367] Compiling GRPC Server.swift
[1344/1367] Compiling GRPC ServerBuilder+NIOSSL.swift
[1345/1367] Compiling GRPC ServerBuilder.swift
[1346/1367] Compiling GRPC ServerCallContext.swift
[1347/1367] Compiling GRPC StreamingResponseCallContext.swift
[1348/1367] Compiling GRPC UnaryResponseCallContext.swift
[1349/1367] Compiling GRPC ServerChannelErrorHandler.swift
[1350/1367] Compiling GRPC ServerErrorDelegate.swift
[1351/1367] Compiling GRPC ServerErrorProcessor.swift
[1352/1367] Compiling GRPC Stopwatch.swift
[1353/1367] Compiling GRPC StreamEvent.swift
[1354/1367] Compiling GRPC TLSVerificationHandler.swift
[1355/1367] Compiling GRPC TLSVersion.swift
[1356/1367] Compiling GRPC TimeLimit.swift
[1357/1367] Compiling GRPC UserInfo.swift
[1358/1367] Compiling GRPC Version.swift
[1359/1367] Compiling GRPC WebCORSHandler.swift
[1360/1367] Compiling GRPC WriteCapturingHandler.swift
[1361/1367] Compiling GRPC _EmbeddedThroughput.swift
[1362/1367] Compiling GRPC _FakeResponseStream.swift
[1363/1367] Compiling GRPC _GRPCClientCodecHandler.swift
[1364/1367] Compiling GRPC _MessageContext.swift
[1365/1389] Compiling RightClickCore A2AReflector.swift
[1366/1389] Compiling RightClickCore ARDRegistrySource.swift
[1367/1389] Compiling RightClickCore ActionExtensionCatalog.swift
[1368/1389] Compiling RightClickCore BonjourGRPCSource.swift
[1369/1389] Compiling RightClickCore BonjourGraphQLSource.swift
[1370/1389] Compiling RightClickCore BonjourOpenAPISource.swift
[1371/1389] Compiling RightClickCore BoundedCapabilityProcess.swift
[1372/1389] Compiling RightClickCore BundleScan.swift
[1373/1389] Compiling RightClickCore Capability.swift
[1374/1389] Compiling RightClickCore CapabilityABI.swift
[1375/1389] Compiling RightClickCore CapabilityABIAdapter.swift
[1376/1389] Compiling RightClickCore CapabilityArtifactResolver.swift
[1377/1389] Compiling RightClickCore CapabilityArtifactSnapshot.swift
[1378/1389] Compiling RightClickCore CapabilityCoreArgumentEncoding.swift
[1379/1389] Compiling RightClickCore CapabilityEngine.swift
[1380/1389] Compiling RightClickCore CapabilityExecutableSnapshotPool.swift
[1381/1389] Compiling RightClickCore CapabilityExperience.swift
[1382/1389] Compiling RightClickCore CapabilityExperienceLedger.swift
[1383/1389] Compiling RightClickCore CapabilityInterface.swift
[1384/1389] Compiling RightClickCore CapabilityProtectedReference.swift
[1385/1389] Compiling RightClickCore CapabilityReflector.swift
[1386/1389] Emitting module RightClickCore
[1387/1429] Compiling RightClickCore OriginPinnedHTTP.swift
/private/tmp/rightclick-wit-typed-20261007/Sources/RightClickCore/SharingCatalog.swift:26:41: warning: 'sharingServices(forItems:)' was deprecated in macOS 13.0: Use -[NSSharingServicePicker standardShareMenuItem] instead. [#DeprecatedDeclaration]
 24 |         let items = pasteboardItems(for: item)
 25 |         guard !items.isEmpty else { return [] }
 26 |         let services = NSSharingService.sharingServices(forItems: items)
    |                                         `- warning: 'sharingServices(forItems:)' was deprecated in macOS 13.0: Use -[NSSharingServicePicker standardShareMenuItem] instead. [#DeprecatedDeclaration]
 27 |         return services.compactMap { service in
 28 |             guard service.canPerform(withItems: items) else { return nil }

/private/tmp/rightclick-wit-typed-20261007/Sources/RightClickCore/SharingCatalog.swift:37:41: warning: 'sharingServices(forItems:)' was deprecated in macOS 13.0: Use -[NSSharingServicePicker standardShareMenuItem] instead. [#DeprecatedDeclaration]
 35 |     static func launch(executionId: String, capabilityID: String, item: ContentItem) {
 36 |         let items = pasteboardItems(for: item)
 37 |         let services = NSSharingService.sharingServices(forItems: items)
    |                                         `- warning: 'sharingServices(forItems:)' was deprecated in macOS 13.0: Use -[NSSharingServicePicker standardShareMenuItem] instead. [#DeprecatedDeclaration]
 38 |         ExecutionLog.write("\(executionId) discovered services: \(services.map(\.title).joined(separator: ", "))")
 39 |         guard pthread_main_np() != 0 else {

[#DeprecatedDeclaration]: <https://docs.swift.org/compiler/documentation/diagnostics/deprecated-declaration>
[1388/1429] Compiling RightClickCore OutcomeVerifier.swift
/private/tmp/rightclick-wit-typed-20261007/Sources/RightClickCore/SharingCatalog.swift:26:41: warning: 'sharingServices(forItems:)' was deprecated in macOS 13.0: Use -[NSSharingServicePicker standardShareMenuItem] instead. [#DeprecatedDeclaration]
 24 |         let items = pasteboardItems(for: item)
 25 |         guard !items.isEmpty else { return [] }
 26 |         let services = NSSharingService.sharingServices(forItems: items)
    |                                         `- warning: 'sharingServices(forItems:)' was deprecated in macOS 13.0: Use -[NSSharingServicePicker standardShareMenuItem] instead. [#DeprecatedDeclaration]
 27 |         return services.compactMap { service in
 28 |             guard service.canPerform(withItems: items) else { return nil }

/private/tmp/rightclick-wit-typed-20261007/Sources/RightClickCore/SharingCatalog.swift:37:41: warning: 'sharingServices(forItems:)' was deprecated in macOS 13.0: Use -[NSSharingServicePicker standardShareMenuItem] instead. [#DeprecatedDeclaration]
 35 |     static func launch(executionId: String, capabilityID: String, item: ContentItem) {
 36 |         let items = pasteboardItems(for: item)
 37 |         let services = NSSharingService.sharingServices(forItems: items)
    |                                         `- warning: 'sharingServices(forItems:)' was deprecated in macOS 13.0: Use -[NSSharingServicePicker standardShareMenuItem] instead. [#DeprecatedDeclaration]
 38 |         ExecutionLog.write("\(executionId) discovered services: \(services.map(\.title).joined(separator: ", "))")
 39 |         guard pthread_main_np() != 0 else {

[#DeprecatedDeclaration]: <https://docs.swift.org/compiler/documentation/diagnostics/deprecated-declaration>
[1389/1429] Compiling RightClickCore ProductSurface.swift
/private/tmp/rightclick-wit-typed-20261007/Sources/RightClickCore/SharingCatalog.swift:26:41: warning: 'sharingServices(forItems:)' was deprecated in macOS 13.0: Use -[NSSharingServicePicker standardShareMenuItem] instead. [#DeprecatedDeclaration]
 24 |         let items = pasteboardItems(for: item)
 25 |         guard !items.isEmpty else { return [] }
 26 |         let services = NSSharingService.sharingServices(forItems: items)
    |                                         `- warning: 'sharingServices(forItems:)' was deprecated in macOS 13.0: Use -[NSSharingServicePicker standardShareMenuItem] instead. [#DeprecatedDeclaration]
 27 |         return services.compactMap { service in
 28 |             guard service.canPerform(withItems: items) else { return nil }

/private/tmp/rightclick-wit-typed-20261007/Sources/RightClickCore/SharingCatalog.swift:37:41: warning: 'sharingServices(forItems:)' was deprecated in macOS 13.0: Use -[NSSharingServicePicker standardShareMenuItem] instead. [#DeprecatedDeclaration]
 35 |     static func launch(executionId: String, capabilityID: String, item: ContentItem) {
 36 |         let items = pasteboardItems(for: item)
 37 |         let services = NSSharingService.sharingServices(forItems: items)
    |                                         `- warning: 'sharingServices(forItems:)' was deprecated in macOS 13.0: Use -[NSSharingServicePicker standardShareMenuItem] instead. [#DeprecatedDeclaration]
 38 |         ExecutionLog.write("\(executionId) discovered services: \(services.map(\.title).joined(separator: ", "))")
 39 |         guard pthread_main_np() != 0 else {

[#DeprecatedDeclaration]: <https://docs.swift.org/compiler/documentation/diagnostics/deprecated-declaration>
[1390/1429] Compiling RightClickCore RCIR.swift
/private/tmp/rightclick-wit-typed-20261007/Sources/RightClickCore/SharingCatalog.swift:26:41: warning: 'sharingServices(forItems:)' was deprecated in macOS 13.0: Use -[NSSharingServicePicker standardShareMenuItem] instead. [#DeprecatedDeclaration]
 24 |         let items = pasteboardItems(for: item)
 25 |         guard !items.isEmpty else { return [] }
 26 |         let services = NSSharingService.sharingServices(forItems: items)
    |                                         `- warning: 'sharingServices(forItems:)' was deprecated in macOS 13.0: Use -[NSSharingServicePicker standardShareMenuItem] instead. [#DeprecatedDeclaration]
 27 |         return services.compactMap { service in
 28 |             guard service.canPerform(withItems: items) else { return nil }

/private/tmp/rightclick-wit-typed-20261007/Sources/RightClickCore/SharingCatalog.swift:37:41: warning: 'sharingServices(forItems:)' was deprecated in macOS 13.0: Use -[NSSharingServicePicker standardShareMenuItem] instead. [#DeprecatedDeclaration]
 35 |     static func launch(executionId: String, capabilityID: String, item: ContentItem) {
 36 |         let items = pasteboardItems(for: item)
 37 |         let services = NSSharingService.sharingServices(forItems: items)
    |                                         `- warning: 'sharingServices(forItems:)' was deprecated in macOS 13.0: Use -[NSSharingServicePicker standardShareMenuItem] instead. [#DeprecatedDeclaration]
 38 |         ExecutionLog.write("\(executionId) discovered services: \(services.map(\.title).joined(separator: ", "))")
 39 |         guard pthread_main_np() != 0 else {

[#DeprecatedDeclaration]: <https://docs.swift.org/compiler/documentation/diagnostics/deprecated-declaration>
[1391/1429] Compiling RightClickCore RCIRAuthority.swift
/private/tmp/rightclick-wit-typed-20261007/Sources/RightClickCore/SharingCatalog.swift:26:41: warning: 'sharingServices(forItems:)' was deprecated in macOS 13.0: Use -[NSSharingServicePicker standardShareMenuItem] instead. [#DeprecatedDeclaration]
 24 |         let items = pasteboardItems(for: item)
 25 |         guard !items.isEmpty else { return [] }
 26 |         let services = NSSharingService.sharingServices(forItems: items)
    |                                         `- warning: 'sharingServices(forItems:)' was deprecated in macOS 13.0: Use -[NSSharingServicePicker standardShareMenuItem] instead. [#DeprecatedDeclaration]
 27 |         return services.compactMap { service in
 28 |             guard service.canPerform(withItems: items) else { return nil }

/private/tmp/rightclick-wit-typed-20261007/Sources/RightClickCore/SharingCatalog.swift:37:41: warning: 'sharingServices(forItems:)' was deprecated in macOS 13.0: Use -[NSSharingServicePicker standardShareMenuItem] instead. [#DeprecatedDeclaration]
 35 |     static func launch(executionId: String, capabilityID: String, item: ContentItem) {
 36 |         let items = pasteboardItems(for: item)
 37 |         let services = NSSharingService.sharingServices(forItems: items)
    |                                         `- warning: 'sharingServices(forItems:)' was deprecated in macOS 13.0: Use -[NSSharingServicePicker standardShareMenuItem] instead. [#DeprecatedDeclaration]
 38 |         ExecutionLog.write("\(executionId) discovered services: \(services.map(\.title).joined(separator: ", "))")
 39 |         guard pthread_main_np() != 0 else {

[#DeprecatedDeclaration]: <https://docs.swift.org/compiler/documentation/diagnostics/deprecated-declaration>
[1392/1429] Compiling RightClickCore RCIRDeferredExecution.swift
/private/tmp/rightclick-wit-typed-20261007/Sources/RightClickCore/SharingCatalog.swift:26:41: warning: 'sharingServices(forItems:)' was deprecated in macOS 13.0: Use -[NSSharingServicePicker standardShareMenuItem] instead. [#DeprecatedDeclaration]
 24 |         let items = pasteboardItems(for: item)
 25 |         guard !items.isEmpty else { return [] }
 26 |         let services = NSSharingService.sharingServices(forItems: items)
    |                                         `- warning: 'sharingServices(forItems:)' was deprecated in macOS 13.0: Use -[NSSharingServicePicker standardShareMenuItem] instead. [#DeprecatedDeclaration]
 27 |         return services.compactMap { service in
 28 |             guard service.canPerform(withItems: items) else { return nil }

/private/tmp/rightclick-wit-typed-20261007/Sources/RightClickCore/SharingCatalog.swift:37:41: warning: 'sharingServices(forItems:)' was deprecated in macOS 13.0: Use -[NSSharingServicePicker standardShareMenuItem] instead. [#DeprecatedDeclaration]
 35 |     static func launch(executionId: String, capabilityID: String, item: ContentItem) {
 36 |         let items = pasteboardItems(for: item)
 37 |         let services = NSSharingService.sharingServices(forItems: items)
    |                                         `- warning: 'sharingServices(forItems:)' was deprecated in macOS 13.0: Use -[NSSharingServicePicker standardShareMenuItem] instead. [#DeprecatedDeclaration]
 38 |         ExecutionLog.write("\(executionId) discovered services: \(services.map(\.title).joined(separator: ", "))")
 39 |         guard pthread_main_np() != 0 else {

[#DeprecatedDeclaration]: <https://docs.swift.org/compiler/documentation/diagnostics/deprecated-declaration>
[1393/1429] Compiling RightClickCore RCIRExecutionHost.swift
/private/tmp/rightclick-wit-typed-20261007/Sources/RightClickCore/SharingCatalog.swift:26:41: warning: 'sharingServices(forItems:)' was deprecated in macOS 13.0: Use -[NSSharingServicePicker standardShareMenuItem] instead. [#DeprecatedDeclaration]
 24 |         let items = pasteboardItems(for: item)
 25 |         guard !items.isEmpty else { return [] }
 26 |         let services = NSSharingService.sharingServices(forItems: items)
    |                                         `- warning: 'sharingServices(forItems:)' was deprecated in macOS 13.0: Use -[NSSharingServicePicker standardShareMenuItem] instead. [#DeprecatedDeclaration]
 27 |         return services.compactMap { service in
 28 |             guard service.canPerform(withItems: items) else { return nil }

/private/tmp/rightclick-wit-typed-20261007/Sources/RightClickCore/SharingCatalog.swift:37:41: warning: 'sharingServices(forItems:)' was deprecated in macOS 13.0: Use -[NSSharingServicePicker standardShareMenuItem] instead. [#DeprecatedDeclaration]
 35 |     static func launch(executionId: String, capabilityID: String, item: ContentItem) {
 36 |         let items = pasteboardItems(for: item)
 37 |         let services = NSSharingService.sharingServices(forItems: items)
    |                                         `- warning: 'sharingServices(forItems:)' was deprecated in macOS 13.0: Use -[NSSharingServicePicker standardShareMenuItem] instead. [#DeprecatedDeclaration]
 38 |         ExecutionLog.write("\(executionId) discovered services: \(services.map(\.title).joined(separator: ", "))")
 39 |         guard pthread_main_np() != 0 else {

[#DeprecatedDeclaration]: <https://docs.swift.org/compiler/documentation/diagnostics/deprecated-declaration>
[1394/1429] Compiling RightClickCore RCIRHTTPObservation.swift
/private/tmp/rightclick-wit-typed-20261007/Sources/RightClickCore/SharingCatalog.swift:26:41: warning: 'sharingServices(forItems:)' was deprecated in macOS 13.0: Use -[NSSharingServicePicker standardShareMenuItem] instead. [#DeprecatedDeclaration]
 24 |         let items = pasteboardItems(for: item)
 25 |         guard !items.isEmpty else { return [] }
 26 |         let services = NSSharingService.sharingServices(forItems: items)
    |                                         `- warning: 'sharingServices(forItems:)' was deprecated in macOS 13.0: Use -[NSSharingServicePicker standardShareMenuItem] instead. [#DeprecatedDeclaration]
 27 |         return services.compactMap { service in
 28 |             guard service.canPerform(withItems: items) else { return nil }

/private/tmp/rightclick-wit-typed-20261007/Sources/RightClickCore/SharingCatalog.swift:37:41: warning: 'sharingServices(forItems:)' was deprecated in macOS 13.0: Use -[NSSharingServicePicker standardShareMenuItem] instead. [#DeprecatedDeclaration]
 35 |     static func launch(executionId: String, capabilityID: String, item: ContentItem) {
 36 |         let items = pasteboardItems(for: item)
 37 |         let services = NSSharingService.sharingServices(forItems: items)
    |                                         `- warning: 'sharingServices(forItems:)' was deprecated in macOS 13.0: Use -[NSSharingServicePicker standardShareMenuItem] instead. [#DeprecatedDeclaration]
 38 |         ExecutionLog.write("\(executionId) discovered services: \(services.map(\.title).joined(separator: ", "))")
 39 |         guard pthread_main_np() != 0 else {

[#DeprecatedDeclaration]: <https://docs.swift.org/compiler/documentation/diagnostics/deprecated-declaration>
[1395/1429] Compiling RightClickCore RCIRHostObservation.swift
/private/tmp/rightclick-wit-typed-20261007/Sources/RightClickCore/SharingCatalog.swift:26:41: warning: 'sharingServices(forItems:)' was deprecated in macOS 13.0: Use -[NSSharingServicePicker standardShareMenuItem] instead. [#DeprecatedDeclaration]
 24 |         let items = pasteboardItems(for: item)
 25 |         guard !items.isEmpty else { return [] }
 26 |         let services = NSSharingService.sharingServices(forItems: items)
    |                                         `- warning: 'sharingServices(forItems:)' was deprecated in macOS 13.0: Use -[NSSharingServicePicker standardShareMenuItem] instead. [#DeprecatedDeclaration]
 27 |         return services.compactMap { service in
 28 |             guard service.canPerform(withItems: items) else { return nil }

/private/tmp/rightclick-wit-typed-20261007/Sources/RightClickCore/SharingCatalog.swift:37:41: warning: 'sharingServices(forItems:)' was deprecated in macOS 13.0: Use -[NSSharingServicePicker standardShareMenuItem] instead. [#DeprecatedDeclaration]
 35 |     static func launch(executionId: String, capabilityID: String, item: ContentItem) {
 36 |         let items = pasteboardItems(for: item)
 37 |         let services = NSSharingService.sharingServices(forItems: items)
    |                                         `- warning: 'sharingServices(forItems:)' was deprecated in macOS 13.0: Use -[NSSharingServicePicker standardShareMenuItem] instead. [#DeprecatedDeclaration]
 38 |         ExecutionLog.write("\(executionId) discovered services: \(services.map(\.title).joined(separator: ", "))")
 39 |         guard pthread_main_np() != 0 else {

[#DeprecatedDeclaration]: <https://docs.swift.org/compiler/documentation/diagnostics/deprecated-declaration>
[1396/1429] Compiling RightClickCore RCIRProvisionedSigner.swift
/private/tmp/rightclick-wit-typed-20261007/Sources/RightClickCore/SharingCatalog.swift:26:41: warning: 'sharingServices(forItems:)' was deprecated in macOS 13.0: Use -[NSSharingServicePicker standardShareMenuItem] instead. [#DeprecatedDeclaration]
 24 |         let items = pasteboardItems(for: item)
 25 |         guard !items.isEmpty else { return [] }
 26 |         let services = NSSharingService.sharingServices(forItems: items)
    |                                         `- warning: 'sharingServices(forItems:)' was deprecated in macOS 13.0: Use -[NSSharingServicePicker standardShareMenuItem] instead. [#DeprecatedDeclaration]
 27 |         return services.compactMap { service in
 28 |             guard service.canPerform(withItems: items) else { return nil }

/private/tmp/rightclick-wit-typed-20261007/Sources/RightClickCore/SharingCatalog.swift:37:41: warning: 'sharingServices(forItems:)' was deprecated in macOS 13.0: Use -[NSSharingServicePicker standardShareMenuItem] instead. [#DeprecatedDeclaration]
 35 |     static func launch(executionId: String, capabilityID: String, item: ContentItem) {
 36 |         let items = pasteboardItems(for: item)
 37 |         let services = NSSharingService.sharingServices(forItems: items)
    |                                         `- warning: 'sharingServices(forItems:)' was deprecated in macOS 13.0: Use -[NSSharingServicePicker standardShareMenuItem] instead. [#DeprecatedDeclaration]
 38 |         ExecutionLog.write("\(executionId) discovered services: \(services.map(\.title).joined(separator: ", "))")
 39 |         guard pthread_main_np() != 0 else {

[#DeprecatedDeclaration]: <https://docs.swift.org/compiler/documentation/diagnostics/deprecated-declaration>
[1397/1429] Compiling RightClickCore RCIRSignedReceipt.swift
/private/tmp/rightclick-wit-typed-20261007/Sources/RightClickCore/SharingCatalog.swift:26:41: warning: 'sharingServices(forItems:)' was deprecated in macOS 13.0: Use -[NSSharingServicePicker standardShareMenuItem] instead. [#DeprecatedDeclaration]
 24 |         let items = pasteboardItems(for: item)
 25 |         guard !items.isEmpty else { return [] }
 26 |         let services = NSSharingService.sharingServices(forItems: items)
    |                                         `- warning: 'sharingServices(forItems:)' was deprecated in macOS 13.0: Use -[NSSharingServicePicker standardShareMenuItem] instead. [#DeprecatedDeclaration]
 27 |         return services.compactMap { service in
 28 |             guard service.canPerform(withItems: items) else { return nil }

/private/tmp/rightclick-wit-typed-20261007/Sources/RightClickCore/SharingCatalog.swift:37:41: warning: 'sharingServices(forItems:)' was deprecated in macOS 13.0: Use -[NSSharingServicePicker standardShareMenuItem] instead. [#DeprecatedDeclaration]
 35 |     static func launch(executionId: String, capabilityID: String, item: ContentItem) {
 36 |         let items = pasteboardItems(for: item)
 37 |         let services = NSSharingService.sharingServices(forItems: items)
    |                                         `- warning: 'sharingServices(forItems:)' was deprecated in macOS 13.0: Use -[NSSharingServicePicker standardShareMenuItem] instead. [#DeprecatedDeclaration]
 38 |         ExecutionLog.write("\(executionId) discovered services: \(services.map(\.title).joined(separator: ", "))")
 39 |         guard pthread_main_np() != 0 else {

[#DeprecatedDeclaration]: <https://docs.swift.org/compiler/documentation/diagnostics/deprecated-declaration>
[1398/1429] Compiling RightClickCore RCIRUnaryInvocation.swift
/private/tmp/rightclick-wit-typed-20261007/Sources/RightClickCore/SharingCatalog.swift:26:41: warning: 'sharingServices(forItems:)' was deprecated in macOS 13.0: Use -[NSSharingServicePicker standardShareMenuItem] instead. [#DeprecatedDeclaration]
 24 |         let items = pasteboardItems(for: item)
 25 |         guard !items.isEmpty else { return [] }
 26 |         let services = NSSharingService.sharingServices(forItems: items)
    |                                         `- warning: 'sharingServices(forItems:)' was deprecated in macOS 13.0: Use -[NSSharingServicePicker standardShareMenuItem] instead. [#DeprecatedDeclaration]
 27 |         return services.compactMap { service in
 28 |             guard service.canPerform(withItems: items) else { return nil }

/private/tmp/rightclick-wit-typed-20261007/Sources/RightClickCore/SharingCatalog.swift:37:41: warning: 'sharingServices(forItems:)' was deprecated in macOS 13.0: Use -[NSSharingServicePicker standardShareMenuItem] instead. [#DeprecatedDeclaration]
 35 |     static func launch(executionId: String, capabilityID: String, item: ContentItem) {
 36 |         let items = pasteboardItems(for: item)
 37 |         let services = NSSharingService.sharingServices(forItems: items)
    |                                         `- warning: 'sharingServices(forItems:)' was deprecated in macOS 13.0: Use -[NSSharingServicePicker standardShareMenuItem] instead. [#DeprecatedDeclaration]
 38 |         ExecutionLog.write("\(executionId) discovered services: \(services.map(\.title).joined(separator: ", "))")
 39 |         guard pthread_main_np() != 0 else {

[#DeprecatedDeclaration]: <https://docs.swift.org/compiler/documentation/diagnostics/deprecated-declaration>
[1399/1429] Compiling RightClickCore RuntimePlatform.swift
/private/tmp/rightclick-wit-typed-20261007/Sources/RightClickCore/SharingCatalog.swift:26:41: warning: 'sharingServices(forItems:)' was deprecated in macOS 13.0: Use -[NSSharingServicePicker standardShareMenuItem] instead. [#DeprecatedDeclaration]
 24 |         let items = pasteboardItems(for: item)
 25 |         guard !items.isEmpty else { return [] }
 26 |         let services = NSSharingService.sharingServices(forItems: items)
    |                                         `- warning: 'sharingServices(forItems:)' was deprecated in macOS 13.0: Use -[NSSharingServicePicker standardShareMenuItem] instead. [#DeprecatedDeclaration]
 27 |         return services.compactMap { service in
 28 |             guard service.canPerform(withItems: items) else { return nil }

/private/tmp/rightclick-wit-typed-20261007/Sources/RightClickCore/SharingCatalog.swift:37:41: warning: 'sharingServices(forItems:)' was deprecated in macOS 13.0: Use -[NSSharingServicePicker standardShareMenuItem] instead. [#DeprecatedDeclaration]
 35 |     static func launch(executionId: String, capabilityID: String, item: ContentItem) {
 36 |         let items = pasteboardItems(for: item)
 37 |         let services = NSSharingService.sharingServices(forItems: items)
    |                                         `- warning: 'sharingServices(forItems:)' was deprecated in macOS 13.0: Use -[NSSharingServicePicker standardShareMenuItem] instead. [#DeprecatedDeclaration]
 38 |         ExecutionLog.write("\(executionId) discovered services: \(services.map(\.title).joined(separator: ", "))")
 39 |         guard pthread_main_np() != 0 else {

[#DeprecatedDeclaration]: <https://docs.swift.org/compiler/documentation/diagnostics/deprecated-declaration>
[1400/1429] Compiling RightClickCore SafetyPolicy.swift
/private/tmp/rightclick-wit-typed-20261007/Sources/RightClickCore/SharingCatalog.swift:26:41: warning: 'sharingServices(forItems:)' was deprecated in macOS 13.0: Use -[NSSharingServicePicker standardShareMenuItem] instead. [#DeprecatedDeclaration]
 24 |         let items = pasteboardItems(for: item)
 25 |         guard !items.isEmpty else { return [] }
 26 |         let services = NSSharingService.sharingServices(forItems: items)
    |                                         `- warning: 'sharingServices(forItems:)' was deprecated in macOS 13.0: Use -[NSSharingServicePicker standardShareMenuItem] instead. [#DeprecatedDeclaration]
 27 |         return services.compactMap { service in
 28 |             guard service.canPerform(withItems: items) else { return nil }

/private/tmp/rightclick-wit-typed-20261007/Sources/RightClickCore/SharingCatalog.swift:37:41: warning: 'sharingServices(forItems:)' was deprecated in macOS 13.0: Use -[NSSharingServicePicker standardShareMenuItem] instead. [#DeprecatedDeclaration]
 35 |     static func launch(executionId: String, capabilityID: String, item: ContentItem) {
 36 |         let items = pasteboardItems(for: item)
 37 |         let services = NSSharingService.sharingServices(forItems: items)
    |                                         `- warning: 'sharingServices(forItems:)' was deprecated in macOS 13.0: Use -[NSSharingServicePicker standardShareMenuItem] instead. [#DeprecatedDeclaration]
 38 |         ExecutionLog.write("\(executionId) discovered services: \(services.map(\.title).joined(separator: ", "))")
 39 |         guard pthread_main_np() != 0 else {

[#DeprecatedDeclaration]: <https://docs.swift.org/compiler/documentation/diagnostics/deprecated-declaration>
[1401/1429] Compiling RightClickCore ServiceCatalog.swift
/private/tmp/rightclick-wit-typed-20261007/Sources/RightClickCore/SharingCatalog.swift:26:41: warning: 'sharingServices(forItems:)' was deprecated in macOS 13.0: Use -[NSSharingServicePicker standardShareMenuItem] instead. [#DeprecatedDeclaration]
 24 |         let items = pasteboardItems(for: item)
 25 |         guard !items.isEmpty else { return [] }
 26 |         let services = NSSharingService.sharingServices(forItems: items)
    |                                         `- warning: 'sharingServices(forItems:)' was deprecated in macOS 13.0: Use -[NSSharingServicePicker standardShareMenuItem] instead. [#DeprecatedDeclaration]
 27 |         return services.compactMap { service in
 28 |             guard service.canPerform(withItems: items) else { return nil }

/private/tmp/rightclick-wit-typed-20261007/Sources/RightClickCore/SharingCatalog.swift:37:41: warning: 'sharingServices(forItems:)' was deprecated in macOS 13.0: Use -[NSSharingServicePicker standardShareMenuItem] instead. [#DeprecatedDeclaration]
 35 |     static func launch(executionId: String, capabilityID: String, item: ContentItem) {
 36 |         let items = pasteboardItems(for: item)
 37 |         let services = NSSharingService.sharingServices(forItems: items)
    |                                         `- warning: 'sharingServices(forItems:)' was deprecated in macOS 13.0: Use -[NSSharingServicePicker standardShareMenuItem] instead. [#DeprecatedDeclaration]
 38 |         ExecutionLog.write("\(executionId) discovered services: \(services.map(\.title).joined(separator: ", "))")
 39 |         guard pthread_main_np() != 0 else {

[#DeprecatedDeclaration]: <https://docs.swift.org/compiler/documentation/diagnostics/deprecated-declaration>
[1402/1429] Compiling RightClickCore ServiceContext.swift
/private/tmp/rightclick-wit-typed-20261007/Sources/RightClickCore/SharingCatalog.swift:26:41: warning: 'sharingServices(forItems:)' was deprecated in macOS 13.0: Use -[NSSharingServicePicker standardShareMenuItem] instead. [#DeprecatedDeclaration]
 24 |         let items = pasteboardItems(for: item)
 25 |         guard !items.isEmpty else { return [] }
 26 |         let services = NSSharingService.sharingServices(forItems: items)
    |                                         `- warning: 'sharingServices(forItems:)' was deprecated in macOS 13.0: Use -[NSSharingServicePicker standardShareMenuItem] instead. [#DeprecatedDeclaration]
 27 |         return services.compactMap { service in
 28 |             guard service.canPerform(withItems: items) else { return nil }

/private/tmp/rightclick-wit-typed-20261007/Sources/RightClickCore/SharingCatalog.swift:37:41: warning: 'sharingServices(forItems:)' was deprecated in macOS 13.0: Use -[NSSharingServicePicker standardShareMenuItem] instead. [#DeprecatedDeclaration]
 35 |     static func launch(executionId: String, capabilityID: String, item: ContentItem) {
 36 |         let items = pasteboardItems(for: item)
 37 |         let services = NSSharingService.sharingServices(forItems: items)
    |                                         `- warning: 'sharingServices(forItems:)' was deprecated in macOS 13.0: Use -[NSSharingServicePicker standardShareMenuItem] instead. [#DeprecatedDeclaration]
 38 |         ExecutionLog.write("\(executionId) discovered services: \(services.map(\.title).joined(separator: ", "))")
 39 |         guard pthread_main_np() != 0 else {

[#DeprecatedDeclaration]: <https://docs.swift.org/compiler/documentation/diagnostics/deprecated-declaration>
[1403/1429] Compiling RightClickCore ServiceOutcome.swift
/private/tmp/rightclick-wit-typed-20261007/Sources/RightClickCore/SharingCatalog.swift:26:41: warning: 'sharingServices(forItems:)' was deprecated in macOS 13.0: Use -[NSSharingServicePicker standardShareMenuItem] instead. [#DeprecatedDeclaration]
 24 |         let items = pasteboardItems(for: item)
 25 |         guard !items.isEmpty else { return [] }
 26 |         let services = NSSharingService.sharingServices(forItems: items)
    |                                         `- warning: 'sharingServices(forItems:)' was deprecated in macOS 13.0: Use -[NSSharingServicePicker standardShareMenuItem] instead. [#DeprecatedDeclaration]
 27 |         return services.compactMap { service in
 28 |             guard service.canPerform(withItems: items) else { return nil }

/private/tmp/rightclick-wit-typed-20261007/Sources/RightClickCore/SharingCatalog.swift:37:41: warning: 'sharingServices(forItems:)' was deprecated in macOS 13.0: Use -[NSSharingServicePicker standardShareMenuItem] instead. [#DeprecatedDeclaration]
 35 |     static func launch(executionId: String, capabilityID: String, item: ContentItem) {
 36 |         let items = pasteboardItems(for: item)
 37 |         let services = NSSharingService.sharingServices(forItems: items)
    |                                         `- warning: 'sharingServices(forItems:)' was deprecated in macOS 13.0: Use -[NSSharingServicePicker standardShareMenuItem] instead. [#DeprecatedDeclaration]
 38 |         ExecutionLog.write("\(executionId) discovered services: \(services.map(\.title).joined(separator: ", "))")
 39 |         guard pthread_main_np() != 0 else {

[#DeprecatedDeclaration]: <https://docs.swift.org/compiler/documentation/diagnostics/deprecated-declaration>
[1404/1429] Compiling RightClickCore SharingCatalog.swift
/private/tmp/rightclick-wit-typed-20261007/Sources/RightClickCore/SharingCatalog.swift:26:41: warning: 'sharingServices(forItems:)' was deprecated in macOS 13.0: Use -[NSSharingServicePicker standardShareMenuItem] instead. [#DeprecatedDeclaration]
 24 |         let items = pasteboardItems(for: item)
 25 |         guard !items.isEmpty else { return [] }
 26 |         let services = NSSharingService.sharingServices(forItems: items)
    |                                         `- warning: 'sharingServices(forItems:)' was deprecated in macOS 13.0: Use -[NSSharingServicePicker standardShareMenuItem] instead. [#DeprecatedDeclaration]
 27 |         return services.compactMap { service in
 28 |             guard service.canPerform(withItems: items) else { return nil }

/private/tmp/rightclick-wit-typed-20261007/Sources/RightClickCore/SharingCatalog.swift:37:41: warning: 'sharingServices(forItems:)' was deprecated in macOS 13.0: Use -[NSSharingServicePicker standardShareMenuItem] instead. [#DeprecatedDeclaration]
 35 |     static func launch(executionId: String, capabilityID: String, item: ContentItem) {
 36 |         let items = pasteboardItems(for: item)
 37 |         let services = NSSharingService.sharingServices(forItems: items)
    |                                         `- warning: 'sharingServices(forItems:)' was deprecated in macOS 13.0: Use -[NSSharingServicePicker standardShareMenuItem] instead. [#DeprecatedDeclaration]
 38 |         ExecutionLog.write("\(executionId) discovered services: \(services.map(\.title).joined(separator: ", "))")
 39 |         guard pthread_main_np() != 0 else {

[#DeprecatedDeclaration]: <https://docs.swift.org/compiler/documentation/diagnostics/deprecated-declaration>
[1405/1429] Compiling RightClickCore SharingExecutionModel.swift
/private/tmp/rightclick-wit-typed-20261007/Sources/RightClickCore/SharingCatalog.swift:26:41: warning: 'sharingServices(forItems:)' was deprecated in macOS 13.0: Use -[NSSharingServicePicker standardShareMenuItem] instead. [#DeprecatedDeclaration]
 24 |         let items = pasteboardItems(for: item)
 25 |         guard !items.isEmpty else { return [] }
 26 |         let services = NSSharingService.sharingServices(forItems: items)
    |                                         `- warning: 'sharingServices(forItems:)' was deprecated in macOS 13.0: Use -[NSSharingServicePicker standardShareMenuItem] instead. [#DeprecatedDeclaration]
 27 |         return services.compactMap { service in
 28 |             guard service.canPerform(withItems: items) else { return nil }

/private/tmp/rightclick-wit-typed-20261007/Sources/RightClickCore/SharingCatalog.swift:37:41: warning: 'sharingServices(forItems:)' was deprecated in macOS 13.0: Use -[NSSharingServicePicker standardShareMenuItem] instead. [#DeprecatedDeclaration]
 35 |     static func launch(executionId: String, capabilityID: String, item: ContentItem) {
 36 |         let items = pasteboardItems(for: item)
 37 |         let services = NSSharingService.sharingServices(forItems: items)
    |                                         `- warning: 'sharingServices(forItems:)' was deprecated in macOS 13.0: Use -[NSSharingServicePicker standardShareMenuItem] instead. [#DeprecatedDeclaration]
 38 |         ExecutionLog.write("\(executionId) discovered services: \(services.map(\.title).joined(separator: ", "))")
 39 |         guard pthread_main_np() != 0 else {

[#DeprecatedDeclaration]: <https://docs.swift.org/compiler/documentation/diagnostics/deprecated-declaration>
[1406/1429] Compiling RightClickCore WASMCapabilityArtifactResolver.swift
/private/tmp/rightclick-wit-typed-20261007/Sources/RightClickCore/SharingCatalog.swift:26:41: warning: 'sharingServices(forItems:)' was deprecated in macOS 13.0: Use -[NSSharingServicePicker standardShareMenuItem] instead. [#DeprecatedDeclaration]
 24 |         let items = pasteboardItems(for: item)
 25 |         guard !items.isEmpty else { return [] }
 26 |         let services = NSSharingService.sharingServices(forItems: items)
    |                                         `- warning: 'sharingServices(forItems:)' was deprecated in macOS 13.0: Use -[NSSharingServicePicker standardShareMenuItem] instead. [#DeprecatedDeclaration]
 27 |         return services.compactMap { service in
 28 |             guard service.canPerform(withItems: items) else { return nil }

/private/tmp/rightclick-wit-typed-20261007/Sources/RightClickCore/SharingCatalog.swift:37:41: warning: 'sharingServices(forItems:)' was deprecated in macOS 13.0: Use -[NSSharingServicePicker standardShareMenuItem] instead. [#DeprecatedDeclaration]
 35 |     static func launch(executionId: String, capabilityID: String, item: ContentItem) {
 36 |         let items = pasteboardItems(for: item)
 37 |         let services = NSSharingService.sharingServices(forItems: items)
    |                                         `- warning: 'sharingServices(forItems:)' was deprecated in macOS 13.0: Use -[NSSharingServicePicker standardShareMenuItem] instead. [#DeprecatedDeclaration]
 38 |         ExecutionLog.write("\(executionId) discovered services: \(services.map(\.title).joined(separator: ", "))")
 39 |         guard pthread_main_np() != 0 else {

[#DeprecatedDeclaration]: <https://docs.swift.org/compiler/documentation/diagnostics/deprecated-declaration>
[1407/1429] Compiling RightClickCore CapabilityReflectorSource.swift
/private/tmp/rightclick-wit-typed-20261007/Sources/RightClickCore/KafkaCapabilityArtifactResolver.swift:17:13: warning: immutable property will not be decoded because it is declared with an initial value which cannot be overwritten
 15 |         let succeeded: Bool
 16 |         let process: BoundedCapabilityProcess.Diagnostic?
 17 |         let recordedAtUptime = ProcessInfo.processInfo.systemUptime
    |             |- warning: immutable property will not be decoded because it is declared with an initial value which cannot be overwritten
    |             |- note: set the initial value via the initializer or explicitly define a CodingKeys enum including a 'recordedAtUptime' case to silence this warning
    |             `- note: make the property mutable instead
 18 |     }
 19 |     public let kind = "kafka"
[1408/1429] Compiling RightClickCore CapabilityRuntimeDefaults.swift
/private/tmp/rightclick-wit-typed-20261007/Sources/RightClickCore/KafkaCapabilityArtifactResolver.swift:17:13: warning: immutable property will not be decoded because it is declared with an initial value which cannot be overwritten
 15 |         let succeeded: Bool
 16 |         let process: BoundedCapabilityProcess.Diagnostic?
 17 |         let recordedAtUptime = ProcessInfo.processInfo.systemUptime
    |             |- warning: immutable property will not be decoded because it is declared with an initial value which cannot be overwritten
    |             |- note: set the initial value via the initializer or explicitly define a CodingKeys enum including a 'recordedAtUptime' case to silence this warning
    |             `- note: make the property mutable instead
 18 |     }
 19 |     public let kind = "kafka"
[1409/1429] Compiling RightClickCore CapabilitySensitiveMaterial.swift
/private/tmp/rightclick-wit-typed-20261007/Sources/RightClickCore/KafkaCapabilityArtifactResolver.swift:17:13: warning: immutable property will not be decoded because it is declared with an initial value which cannot be overwritten
 15 |         let succeeded: Bool
 16 |         let process: BoundedCapabilityProcess.Diagnostic?
 17 |         let recordedAtUptime = ProcessInfo.processInfo.systemUptime
    |             |- warning: immutable property will not be decoded because it is declared with an initial value which cannot be overwritten
    |             |- note: set the initial value via the initializer or explicitly define a CodingKeys enum including a 'recordedAtUptime' case to silence this warning
    |             `- note: make the property mutable instead
 18 |     }
 19 |     public let kind = "kafka"
[1410/1429] Compiling RightClickCore CapabilitySnapshotFreshness.swift
/private/tmp/rightclick-wit-typed-20261007/Sources/RightClickCore/KafkaCapabilityArtifactResolver.swift:17:13: warning: immutable property will not be decoded because it is declared with an initial value which cannot be overwritten
 15 |         let succeeded: Bool
 16 |         let process: BoundedCapabilityProcess.Diagnostic?
 17 |         let recordedAtUptime = ProcessInfo.processInfo.systemUptime
    |             |- warning: immutable property will not be decoded because it is declared with an initial value which cannot be overwritten
    |             |- note: set the initial value via the initializer or explicitly define a CodingKeys enum including a 'recordedAtUptime' case to silence this warning
    |             `- note: make the property mutable instead
 18 |     }
 19 |     public let kind = "kafka"
[1411/1429] Compiling RightClickCore ConfiguredOpenAPISource.swift
/private/tmp/rightclick-wit-typed-20261007/Sources/RightClickCore/KafkaCapabilityArtifactResolver.swift:17:13: warning: immutable property will not be decoded because it is declared with an initial value which cannot be overwritten
 15 |         let succeeded: Bool
 16 |         let process: BoundedCapabilityProcess.Diagnostic?
 17 |         let recordedAtUptime = ProcessInfo.processInfo.systemUptime
    |             |- warning: immutable property will not be decoded because it is declared with an initial value which cannot be overwritten
    |             |- note: set the initial value via the initializer or explicitly define a CodingKeys enum including a 'recordedAtUptime' case to silence this warning
    |             `- note: make the property mutable instead
 18 |     }
 19 |     public let kind = "kafka"
[1412/1429] Compiling RightClickCore ContentItem.swift
/private/tmp/rightclick-wit-typed-20261007/Sources/RightClickCore/KafkaCapabilityArtifactResolver.swift:17:13: warning: immutable property will not be decoded because it is declared with an initial value which cannot be overwritten
 15 |         let succeeded: Bool
 16 |         let process: BoundedCapabilityProcess.Diagnostic?
 17 |         let recordedAtUptime = ProcessInfo.processInfo.systemUptime
    |             |- warning: immutable property will not be decoded because it is declared with an initial value which cannot be overwritten
    |             |- note: set the initial value via the initializer or explicitly define a CodingKeys enum including a 'recordedAtUptime' case to silence this warning
    |             `- note: make the property mutable instead
 18 |     }
 19 |     public let kind = "kafka"
[1413/1429] Compiling RightClickCore DBusCapabilityArtifactResolver.swift
/private/tmp/rightclick-wit-typed-20261007/Sources/RightClickCore/KafkaCapabilityArtifactResolver.swift:17:13: warning: immutable property will not be decoded because it is declared with an initial value which cannot be overwritten
 15 |         let succeeded: Bool
 16 |         let process: BoundedCapabilityProcess.Diagnostic?
 17 |         let recordedAtUptime = ProcessInfo.processInfo.systemUptime
    |             |- warning: immutable property will not be decoded because it is declared with an initial value which cannot be overwritten
    |             |- note: set the initial value via the initializer or explicitly define a CodingKeys enum including a 'recordedAtUptime' case to silence this warning
    |             `- note: make the property mutable instead
 18 |     }
 19 |     public let kind = "kafka"
[1414/1429] Compiling RightClickCore DBusIntrospection.swift
/private/tmp/rightclick-wit-typed-20261007/Sources/RightClickCore/KafkaCapabilityArtifactResolver.swift:17:13: warning: immutable property will not be decoded because it is declared with an initial value which cannot be overwritten
 15 |         let succeeded: Bool
 16 |         let process: BoundedCapabilityProcess.Diagnostic?
 17 |         let recordedAtUptime = ProcessInfo.processInfo.systemUptime
    |             |- warning: immutable property will not be decoded because it is declared with an initial value which cannot be overwritten
    |             |- note: set the initial value via the initializer or explicitly define a CodingKeys enum including a 'recordedAtUptime' case to silence this warning
    |             `- note: make the property mutable instead
 18 |     }
 19 |     public let kind = "kafka"
[1415/1429] Compiling RightClickCore DBusSessionSource.swift
/private/tmp/rightclick-wit-typed-20261007/Sources/RightClickCore/KafkaCapabilityArtifactResolver.swift:17:13: warning: immutable property will not be decoded because it is declared with an initial value which cannot be overwritten
 15 |         let succeeded: Bool
 16 |         let process: BoundedCapabilityProcess.Diagnostic?
 17 |         let recordedAtUptime = ProcessInfo.processInfo.systemUptime
    |             |- warning: immutable property will not be decoded because it is declared with an initial value which cannot be overwritten
    |             |- note: set the initial value via the initializer or explicitly define a CodingKeys enum including a 'recordedAtUptime' case to silence this warning
    |             `- note: make the property mutable instead
 18 |     }
 19 |     public let kind = "kafka"
[1416/1429] Compiling RightClickCore GRPCReflectionTransport.swift
/private/tmp/rightclick-wit-typed-20261007/Sources/RightClickCore/KafkaCapabilityArtifactResolver.swift:17:13: warning: immutable property will not be decoded because it is declared with an initial value which cannot be overwritten
 15 |         let succeeded: Bool
 16 |         let process: BoundedCapabilityProcess.Diagnostic?
 17 |         let recordedAtUptime = ProcessInfo.processInfo.systemUptime
    |             |- warning: immutable property will not be decoded because it is declared with an initial value which cannot be overwritten
    |             |- note: set the initial value via the initializer or explicitly define a CodingKeys enum including a 'recordedAtUptime' case to silence this warning
    |             `- note: make the property mutable instead
 18 |     }
 19 |     public let kind = "kafka"
[1417/1429] Compiling RightClickCore GRPCReflector.swift
/private/tmp/rightclick-wit-typed-20261007/Sources/RightClickCore/KafkaCapabilityArtifactResolver.swift:17:13: warning: immutable property will not be decoded because it is declared with an initial value which cannot be overwritten
 15 |         let succeeded: Bool
 16 |         let process: BoundedCapabilityProcess.Diagnostic?
 17 |         let recordedAtUptime = ProcessInfo.processInfo.systemUptime
    |             |- warning: immutable property will not be decoded because it is declared with an initial value which cannot be overwritten
    |             |- note: set the initial value via the initializer or explicitly define a CodingKeys enum including a 'recordedAtUptime' case to silence this warning
    |             `- note: make the property mutable instead
 18 |     }
 19 |     public let kind = "kafka"
[1418/1429] Compiling RightClickCore GRPCWireCodec.swift
/private/tmp/rightclick-wit-typed-20261007/Sources/RightClickCore/KafkaCapabilityArtifactResolver.swift:17:13: warning: immutable property will not be decoded because it is declared with an initial value which cannot be overwritten
 15 |         let succeeded: Bool
 16 |         let process: BoundedCapabilityProcess.Diagnostic?
 17 |         let recordedAtUptime = ProcessInfo.processInfo.systemUptime
    |             |- warning: immutable property will not be decoded because it is declared with an initial value which cannot be overwritten
    |             |- note: set the initial value via the initializer or explicitly define a CodingKeys enum including a 'recordedAtUptime' case to silence this warning
    |             `- note: make the property mutable instead
 18 |     }
 19 |     public let kind = "kafka"
[1419/1429] Compiling RightClickCore GraphQLHTTP.swift
/private/tmp/rightclick-wit-typed-20261007/Sources/RightClickCore/KafkaCapabilityArtifactResolver.swift:17:13: warning: immutable property will not be decoded because it is declared with an initial value which cannot be overwritten
 15 |         let succeeded: Bool
 16 |         let process: BoundedCapabilityProcess.Diagnostic?
 17 |         let recordedAtUptime = ProcessInfo.processInfo.systemUptime
    |             |- warning: immutable property will not be decoded because it is declared with an initial value which cannot be overwritten
    |             |- note: set the initial value via the initializer or explicitly define a CodingKeys enum including a 'recordedAtUptime' case to silence this warning
    |             `- note: make the property mutable instead
 18 |     }
 19 |     public let kind = "kafka"
[1420/1429] Compiling RightClickCore GraphQLReflector.swift
/private/tmp/rightclick-wit-typed-20261007/Sources/RightClickCore/KafkaCapabilityArtifactResolver.swift:17:13: warning: immutable property will not be decoded because it is declared with an initial value which cannot be overwritten
 15 |         let succeeded: Bool
 16 |         let process: BoundedCapabilityProcess.Diagnostic?
 17 |         let recordedAtUptime = ProcessInfo.processInfo.systemUptime
    |             |- warning: immutable property will not be decoded because it is declared with an initial value which cannot be overwritten
    |             |- note: set the initial value via the initializer or explicitly define a CodingKeys enum including a 'recordedAtUptime' case to silence this warning
    |             `- note: make the property mutable instead
 18 |     }
 19 |     public let kind = "kafka"
[1421/1429] Compiling RightClickCore KafkaCapabilityArtifactResolver.swift
/private/tmp/rightclick-wit-typed-20261007/Sources/RightClickCore/KafkaCapabilityArtifactResolver.swift:17:13: warning: immutable property will not be decoded because it is declared with an initial value which cannot be overwritten
 15 |         let succeeded: Bool
 16 |         let process: BoundedCapabilityProcess.Diagnostic?
 17 |         let recordedAtUptime = ProcessInfo.processInfo.systemUptime
    |             |- warning: immutable property will not be decoded because it is declared with an initial value which cannot be overwritten
    |             |- note: set the initial value via the initializer or explicitly define a CodingKeys enum including a 'recordedAtUptime' case to silence this warning
    |             `- note: make the property mutable instead
 18 |     }
 19 |     public let kind = "kafka"
[1422/1429] Compiling RightClickCore KubernetesCapabilityArtifactResolver.swift
/private/tmp/rightclick-wit-typed-20261007/Sources/RightClickCore/KafkaCapabilityArtifactResolver.swift:17:13: warning: immutable property will not be decoded because it is declared with an initial value which cannot be overwritten
 15 |         let succeeded: Bool
 16 |         let process: BoundedCapabilityProcess.Diagnostic?
 17 |         let recordedAtUptime = ProcessInfo.processInfo.systemUptime
    |             |- warning: immutable property will not be decoded because it is declared with an initial value which cannot be overwritten
    |             |- note: set the initial value via the initializer or explicitly define a CodingKeys enum including a 'recordedAtUptime' case to silence this warning
    |             `- note: make the property mutable instead
 18 |     }
 19 |     public let kind = "kafka"
[1423/1429] Compiling RightClickCore MCPCapabilityArtifactResolver.swift
/private/tmp/rightclick-wit-typed-20261007/Sources/RightClickCore/KafkaCapabilityArtifactResolver.swift:17:13: warning: immutable property will not be decoded because it is declared with an initial value which cannot be overwritten
 15 |         let succeeded: Bool
 16 |         let process: BoundedCapabilityProcess.Diagnostic?
 17 |         let recordedAtUptime = ProcessInfo.processInfo.systemUptime
    |             |- warning: immutable property will not be decoded because it is declared with an initial value which cannot be overwritten
    |             |- note: set the initial value via the initializer or explicitly define a CodingKeys enum including a 'recordedAtUptime' case to silence this warning
    |             `- note: make the property mutable instead
 18 |     }
 19 |     public let kind = "kafka"
[1424/1429] Compiling RightClickCore OAuthOIDCAuthority.swift
/private/tmp/rightclick-wit-typed-20261007/Sources/RightClickCore/KafkaCapabilityArtifactResolver.swift:17:13: warning: immutable property will not be decoded because it is declared with an initial value which cannot be overwritten
 15 |         let succeeded: Bool
 16 |         let process: BoundedCapabilityProcess.Diagnostic?
 17 |         let recordedAtUptime = ProcessInfo.processInfo.systemUptime
    |             |- warning: immutable property will not be decoded because it is declared with an initial value which cannot be overwritten
    |             |- note: set the initial value via the initializer or explicitly define a CodingKeys enum including a 'recordedAtUptime' case to silence this warning
    |             `- note: make the property mutable instead
 18 |     }
 19 |     public let kind = "kafka"
[1425/1429] Compiling RightClickCore OpenAPIAuthority.swift
/private/tmp/rightclick-wit-typed-20261007/Sources/RightClickCore/KafkaCapabilityArtifactResolver.swift:17:13: warning: immutable property will not be decoded because it is declared with an initial value which cannot be overwritten
 15 |         let succeeded: Bool
 16 |         let process: BoundedCapabilityProcess.Diagnostic?
 17 |         let recordedAtUptime = ProcessInfo.processInfo.systemUptime
    |             |- warning: immutable property will not be decoded because it is declared with an initial value which cannot be overwritten
    |             |- note: set the initial value via the initializer or explicitly define a CodingKeys enum including a 'recordedAtUptime' case to silence this warning
    |             `- note: make the property mutable instead
 18 |     }
 19 |     public let kind = "kafka"
[1426/1429] Compiling RightClickCore OpenAPIReflector.swift
/private/tmp/rightclick-wit-typed-20261007/Sources/RightClickCore/KafkaCapabilityArtifactResolver.swift:17:13: warning: immutable property will not be decoded because it is declared with an initial value which cannot be overwritten
 15 |         let succeeded: Bool
 16 |         let process: BoundedCapabilityProcess.Diagnostic?
 17 |         let recordedAtUptime = ProcessInfo.processInfo.systemUptime
    |             |- warning: immutable property will not be decoded because it is declared with an initial value which cannot be overwritten
    |             |- note: set the initial value via the initializer or explicitly define a CodingKeys enum including a 'recordedAtUptime' case to silence this warning
    |             `- note: make the property mutable instead
 18 |     }
 19 |     public let kind = "kafka"
[1427/1433] Compiling RightClickMCP Federation.swift
/private/tmp/rightclick-wit-typed-20261007/Sources/RightClickMCP/Federation.swift:965:29: warning: reference to captured var 'request' in concurrently-executing code; this is an error in the Swift 6 language mode [#SendableClosureCaptures]
 963 |                     .data(
 964 |                         for:
 965 |                             request
     |                             `- warning: reference to captured var 'request' in concurrently-executing code; this is an error in the Swift 6 language mode [#SendableClosureCaptures]
 966 |                     )
 967 | 

[#SendableClosureCaptures]: <https://docs.swift.org/compiler/documentation/diagnostics/sendable-closure-captures>
[1428/1433] Compiling RightClickMCP HTTPListener.swift
/private/tmp/rightclick-wit-typed-20261007/Sources/RightClickMCP/Federation.swift:965:29: warning: reference to captured var 'request' in concurrently-executing code; this is an error in the Swift 6 language mode [#SendableClosureCaptures]
 963 |                     .data(
 964 |                         for:
 965 |                             request
     |                             `- warning: reference to captured var 'request' in concurrently-executing code; this is an error in the Swift 6 language mode [#SendableClosureCaptures]
 966 |                     )
 967 | 

[#SendableClosureCaptures]: <https://docs.swift.org/compiler/documentation/diagnostics/sendable-closure-captures>
[1429/1433] Compiling RightClickMCP ModernMCPStdioTransport.swift
/private/tmp/rightclick-wit-typed-20261007/Sources/RightClickMCP/Federation.swift:965:29: warning: reference to captured var 'request' in concurrently-executing code; this is an error in the Swift 6 language mode [#SendableClosureCaptures]
 963 |                     .data(
 964 |                         for:
 965 |                             request
     |                             `- warning: reference to captured var 'request' in concurrently-executing code; this is an error in the Swift 6 language mode [#SendableClosureCaptures]
 966 |                     )
 967 | 

[#SendableClosureCaptures]: <https://docs.swift.org/compiler/documentation/diagnostics/sendable-closure-captures>
[1430/1433] Emitting module RightClickMCP
[1431/1435] Compiling RightClickMCP PortableStdioTransport.swift
/private/tmp/rightclick-wit-typed-20261007/Sources/RightClickMCP/Server.swift:318:37: warning: 'text(_:metadata:)' is deprecated: Use .text(text:annotations:_meta:) instead. [#DeprecatedDeclaration]
316 |                 transport: transport
317 |             )
318 |             return .init(content: [.text(text)], isError: false)
    |                                     `- warning: 'text(_:metadata:)' is deprecated: Use .text(text:annotations:_meta:) instead. [#DeprecatedDeclaration]
319 |         } catch {
320 |             return .init(content: [.text(String(describing: error))], isError: true)

/private/tmp/rightclick-wit-typed-20261007/Sources/RightClickMCP/Server.swift:320:37: warning: 'text(_:metadata:)' is deprecated: Use .text(text:annotations:_meta:) instead. [#DeprecatedDeclaration]
318 |             return .init(content: [.text(text)], isError: false)
319 |         } catch {
320 |             return .init(content: [.text(String(describing: error))], isError: true)
    |                                     `- warning: 'text(_:metadata:)' is deprecated: Use .text(text:annotations:_meta:) instead. [#DeprecatedDeclaration]
321 |         }
322 |     }

[#DeprecatedDeclaration]: <https://docs.swift.org/compiler/documentation/diagnostics/deprecated-declaration>
[1432/1435] Compiling RightClickMCP Server.swift
/private/tmp/rightclick-wit-typed-20261007/Sources/RightClickMCP/Server.swift:318:37: warning: 'text(_:metadata:)' is deprecated: Use .text(text:annotations:_meta:) instead. [#DeprecatedDeclaration]
316 |                 transport: transport
317 |             )
318 |             return .init(content: [.text(text)], isError: false)
    |                                     `- warning: 'text(_:metadata:)' is deprecated: Use .text(text:annotations:_meta:) instead. [#DeprecatedDeclaration]
319 |         } catch {
320 |             return .init(content: [.text(String(describing: error))], isError: true)

/private/tmp/rightclick-wit-typed-20261007/Sources/RightClickMCP/Server.swift:320:37: warning: 'text(_:metadata:)' is deprecated: Use .text(text:annotations:_meta:) instead. [#DeprecatedDeclaration]
318 |             return .init(content: [.text(text)], isError: false)
319 |         } catch {
320 |             return .init(content: [.text(String(describing: error))], isError: true)
    |                                     `- warning: 'text(_:metadata:)' is deprecated: Use .text(text:annotations:_meta:) instead. [#DeprecatedDeclaration]
321 |         }
322 |     }

[#DeprecatedDeclaration]: <https://docs.swift.org/compiler/documentation/diagnostics/deprecated-declaration>
[1433/1446] Compiling RightClickCLI AuthorityConfigurationCLI.swift
[1434/1446] Compiling RightClickCLI BridgeRuntime.swift
[1435/1446] Compiling RightClickCLI ChatGPTBridge.swift
[1436/1446] Compiling RightClickCLI ChatGPTBridgeInstaller.swift
[1437/1446] Compiling RightClickCLI ChatGPTLiveAttestation.swift
[1438/1446] Compiling RightClickCLI ChatGPTOnboarding.swift
[1439/1446] Compiling RightClickCLI ChatGPTOnboardingTransaction.swift
[1440/1446] Compiling RightClickCLI ClaudeClientAdapter.swift
[1441/1446] Compiling RightClickCLI ClientRegistry.swift
[1442/1446] Compiling RightClickCLI CodexClientAdapter.swift
[1443/1446] Emitting module RightClickCLI
[1444/1456] Compiling RightClickCLI LocalOnboarding.swift
[1445/1456] Compiling RightClickCLI NativeRegistrationBackend.swift
[1446/1456] Compiling RightClickCLI OnboardingEngine.swift
[1447/1456] Compiling RightClickCLI OpenAIPluginSetup.swift
[1448/1456] Compiling RightClickCLI ProviderConfigurationCLI.swift
[1449/1456] Compiling RightClickCLI Setup.swift
[1450/1456] Compiling RightClickCLI SetupAllTransaction.swift
[1451/1456] Compiling RightClickCLI SetupState.swift
[1452/1456] Compiling RightClickCLI StableEntrypoint.swift
[1453/1456] Compiling RightClickCLI main.swift
[1453/1456] Write Objects.LinkFileList
[1454/1456] Linking rightclick
[1455/1456] Applying rightclick
Build complete! (102.38s)
