warning: 'src': found 4 file(s) which are unhandled; explicitly declare them as resources or exclude from the target
    /src/Tests/RightClickCoreTests/Fixtures/InstalledRuntime022Identity.json
    /src/Tests/RightClickCoreTests/Fixtures/WindowsActualAcknowledgementDeclaration.json
    /src/Tests/RightClickCoreTests/Fixtures/MOAT005G4IssuesCreateRealResponse.json
    /src/Tests/RightClickCoreTests/Fixtures/MOAT005G3IssuesCreateRequest.json
[0/1] Planning build
[1/1] Compiling plugin SwiftProtobufPlugin
[2/2] Compiling plugin GRPCSwiftPlugin
Building for debugging...
[2/6] Write swift-version-24593BA9C3E375BF.txt
Build complete! (29.29s)
Test Suite 'All tests' started at 2026-10-07 19:51:58.025
Test Suite 'debug.xctest' started at 2026-10-07 19:51:58.030
Test Suite 'ARDPortableTests' started at 2026-10-07 19:51:58.030
Test Case 'ARDPortableTests.testAmbiguousOpenAPIServerBindingAbstains' started at 2026-10-07 19:51:58.030
Test Case 'ARDPortableTests.testAmbiguousOpenAPIServerBindingAbstains' passed (0.006 seconds)
Test Case 'ARDPortableTests.testG13DecodesHfDiscoverSearchResponseShape' started at 2026-10-07 19:51:58.036
Test Case 'ARDPortableTests.testG13DecodesHfDiscoverSearchResponseShape' passed (0.002 seconds)
Test Case 'ARDPortableTests.testG13ExtractsSupportedOpenAPICandidate' started at 2026-10-07 19:51:58.039
Test Case 'ARDPortableTests.testG13ExtractsSupportedOpenAPICandidate' passed (0.0 seconds)
Test Case 'ARDPortableTests.testSearchRequestMatchesARDEnvelope' started at 2026-10-07 19:51:58.039
Test Case 'ARDPortableTests.testSearchRequestMatchesARDEnvelope' passed (0.102 seconds)
Test Case 'ARDPortableTests.testSearchResponseRequiresExactlyOneValueOrReference' started at 2026-10-07 19:51:58.141
Test Case 'ARDPortableTests.testSearchResponseRequiresExactlyOneValueOrReference' passed (0.0 seconds)
Test Suite 'ARDPortableTests' passed at 2026-10-07 19:51:58.141
	 Executed 5 tests, with 0 failures (0 unexpected) in 0.111 (0.111) seconds
Test Suite 'FederationTests' started at 2026-10-07 19:51:58.141
Test Case 'FederationTests.testExplicitVerificationRunsAtRemoteBoundary' started at 2026-10-07 19:51:58.141
Test Case 'FederationTests.testExplicitVerificationRunsAtRemoteBoundary' passed (0.012 seconds)
Test Case 'FederationTests.testFederatedCapabilityAppearsAndDisappearsLive' started at 2026-10-07 19:51:58.154
Test Case 'FederationTests.testFederatedCapabilityAppearsAndDisappearsLive' passed (0.001 seconds)
Test Case 'FederationTests.testFederationDoesNotReexportFederatedCapability' started at 2026-10-07 19:51:58.155
Test Case 'FederationTests.testFederationDoesNotReexportFederatedCapability' passed (0.001 seconds)
Test Case 'FederationTests.testIncompleteRemoteVerificationIsDowngraded' started at 2026-10-07 19:51:58.155
Test Case 'FederationTests.testIncompleteRemoteVerificationIsDowngraded' passed (0.001 seconds)
Test Case 'FederationTests.testLoopbackIPPeersCanonicalizeToLocalhostForTransport' started at 2026-10-07 19:51:58.157
Test Case 'FederationTests.testLoopbackIPPeersCanonicalizeToLocalhostForTransport' passed (0.001 seconds)
Test Case 'FederationTests.testModelFacingToolSurfaceRemainsSevenGenericOperations' started at 2026-10-07 19:51:58.157
Test Case 'FederationTests.testModelFacingToolSurfaceRemainsSevenGenericOperations' passed (0.002 seconds)
Test Case 'FederationTests.testNonRightClickPeerContributesNoCapabilities' started at 2026-10-07 19:51:58.159
Test Case 'FederationTests.testNonRightClickPeerContributesNoCapabilities' passed (0.001 seconds)
Test Case 'FederationTests.testPeerConfigurationFailsClosedOutsideLoopback' started at 2026-10-07 19:51:58.160
Test Case 'FederationTests.testPeerConfigurationFailsClosedOutsideLoopback' passed (0.001 seconds)
Test Suite 'FederationTests' passed at 2026-10-07 19:51:58.161
	 Executed 8 tests, with 0 failures (0 unexpected) in 0.019 (0.019) seconds
Test Suite 'MCPInitializationCompatibilityTests' started at 2026-10-07 19:51:58.161
Test Case 'MCPInitializationCompatibilityTests.testOtherMessagesAndMalformedCapabilityShapesAreNotRewritten' started at 2026-10-07 19:51:58.161
Test Case 'MCPInitializationCompatibilityTests.testOtherMessagesAndMalformedCapabilityShapesAreNotRewritten' passed (0.0 seconds)
Test Case 'MCPInitializationCompatibilityTests.testRealClientObjectExtensionDoesNotPreventSupportedHandshake' started at 2026-10-07 19:51:58.161
Test Case 'MCPInitializationCompatibilityTests.testRealClientObjectExtensionDoesNotPreventSupportedHandshake' passed (0.002 seconds)
Test Suite 'MCPInitializationCompatibilityTests' passed at 2026-10-07 19:51:58.163
	 Executed 2 tests, with 0 failures (0 unexpected) in 0.002 (0.002) seconds
Test Suite 'A2ARealLifecycleTests' started at 2026-10-07 19:51:58.163
Test Case 'A2ARealLifecycleTests.testAcceptedAndCompletedTaskWithMismatchedEffectFailsWithSignedReceipt' started at 2026-10-07 19:51:58.163
Test Case 'A2ARealLifecycleTests.testAcceptedAndCompletedTaskWithMismatchedEffectFailsWithSignedReceipt' passed (0.788 seconds)
Test Case 'A2ARealLifecycleTests.testCompletedUnverifiedTaskCannotObserveAfterPolicyRevocation' started at 2026-10-07 19:51:58.951
Test Case 'A2ARealLifecycleTests.testCompletedUnverifiedTaskCannotObserveAfterPolicyRevocation' passed (0.755 seconds)
Test Case 'A2ARealLifecycleTests.testCompletedWithoutIndependentEffectRemainsUnverified' started at 2026-10-07 19:51:59.706
Test Case 'A2ARealLifecycleTests.testCompletedWithoutIndependentEffectRemainsUnverified' passed (0.735 seconds)
Test Case 'A2ARealLifecycleTests.testDeadlineIsUnknownWithoutRetryingOrFabricatingCompletion' started at 2026-10-07 19:52:00.441
Test Case 'A2ARealLifecycleTests.testDeadlineIsUnknownWithoutRetryingOrFabricatingCompletion' passed (0.203 seconds)
Test Case 'A2ARealLifecycleTests.testGenuineDelegationObservesEffectAndSignsTerminalReceipt' started at 2026-10-07 19:52:00.644
Test Case 'A2ARealLifecycleTests.testGenuineDelegationObservesEffectAndSignsTerminalReceipt' passed (0.719 seconds)
Test Case 'A2ARealLifecycleTests.testPolicyAndConfirmationDenialsHaveZeroDelegatedEffects' started at 2026-10-07 19:52:01.362
Test Case 'A2ARealLifecycleTests.testPolicyAndConfirmationDenialsHaveZeroDelegatedEffects' passed (0.21 seconds)
Test Case 'A2ARealLifecycleTests.testPolicyRevocationDuringTaskCannotBeSilentlyIgnored' started at 2026-10-07 19:52:01.572
Test Case 'A2ARealLifecycleTests.testPolicyRevocationDuringTaskCannotBeSilentlyIgnored' passed (0.2 seconds)
Test Case 'A2ARealLifecycleTests.testProviderDisappearingMidTaskIsSignedUnknownWithoutReplay' started at 2026-10-07 19:52:01.772
Test Case 'A2ARealLifecycleTests.testProviderDisappearingMidTaskIsSignedUnknownWithoutReplay' passed (0.241 seconds)
Test Case 'A2ARealLifecycleTests.testRemoteTaskFailureCannotBecomeSemanticSuccess' started at 2026-10-07 19:52:02.013
Test Case 'A2ARealLifecycleTests.testRemoteTaskFailureCannotBecomeSemanticSuccess' passed (0.738 seconds)
Test Case 'A2ARealLifecycleTests.testUnpinnedIndependentObserverFailsBeforeDispatch' started at 2026-10-07 19:52:02.751
Test Case 'A2ARealLifecycleTests.testUnpinnedIndependentObserverFailsBeforeDispatch' passed (0.225 seconds)
Test Suite 'A2ARealLifecycleTests' passed at 2026-10-07 19:52:02.976
	 Executed 10 tests, with 0 failures (0 unexpected) in 4.812 (4.812) seconds
Test Suite 'ARDAcquisitionGateTests' started at 2026-10-07 19:52:02.976
Test Case 'ARDAcquisitionGateTests.testG13ARDSearchResponseBecomesOpenAPIAcquisitionCandidate' started at 2026-10-07 19:52:02.976
Test Case 'ARDAcquisitionGateTests.testG13ARDSearchResponseBecomesOpenAPIAcquisitionCandidate' passed (0.008 seconds)
Test Case 'ARDAcquisitionGateTests.testG14CapabilityIsAbsentBeforeARDAndAppearsAfterDiscovery' started at 2026-10-07 19:52:02.984
Test Case 'ARDAcquisitionGateTests.testG14CapabilityIsAbsentBeforeARDAndAppearsAfterDiscovery' passed (0.003 seconds)
Test Case 'ARDAcquisitionGateTests.testG15ExecutesARDAcquiredCapabilityThroughCapabilityEngine' started at 2026-10-07 19:52:02.987
Test Case 'ARDAcquisitionGateTests.testG15ExecutesARDAcquiredCapabilityThroughCapabilityEngine' passed (0.015 seconds)
Test Case 'ARDAcquisitionGateTests.testG16IndependentReadBackVerifiesDurableState' started at 2026-10-07 19:52:03.002
Test Case 'ARDAcquisitionGateTests.testG16IndependentReadBackVerifiesDurableState' passed (0.027 seconds)
Test Suite 'ARDAcquisitionGateTests' passed at 2026-10-07 19:52:03.030
	 Executed 4 tests, with 0 failures (0 unexpected) in 0.053 (0.053) seconds
Test Suite 'BonjourOpenAPISourceTests' started at 2026-10-07 19:52:03.030
Test Case 'BonjourOpenAPISourceTests.testAbsoluteBonjourDNSNameCanonicalizesTerminalRootDot' started at 2026-10-07 19:52:03.030
Test Case 'BonjourOpenAPISourceTests.testAbsoluteBonjourDNSNameCanonicalizesTerminalRootDot' passed (0.002 seconds)
Test Case 'BonjourOpenAPISourceTests.testEndpointReplacementChangesCapabilityIdentity' started at 2026-10-07 19:52:03.032
Test Case 'BonjourOpenAPISourceTests.testEndpointReplacementChangesCapabilityIdentity' passed (0.002 seconds)
Test Case 'BonjourOpenAPISourceTests.testMalformedMetadataAbstainsWithoutFetching' started at 2026-10-07 19:52:03.034
Test Case 'BonjourOpenAPISourceTests.testMalformedMetadataAbstainsWithoutFetching' passed (0.0 seconds)
Test Case 'BonjourOpenAPISourceTests.testMultipleTerminalRootDotsAreRejected' started at 2026-10-07 19:52:03.034
Test Case 'BonjourOpenAPISourceTests.testMultipleTerminalRootDotsAreRejected' passed (0.0 seconds)
Test Case 'BonjourOpenAPISourceTests.testRemovalMakesStaleCapabilityUnavailable' started at 2026-10-07 19:52:03.035
Test Case 'BonjourOpenAPISourceTests.testRemovalMakesStaleCapabilityUnavailable' passed (0.002 seconds)
Test Case 'BonjourOpenAPISourceTests.testResolvedAdvertisementCreatesDynamicOpenAPIReflector' started at 2026-10-07 19:52:03.037
Test Case 'BonjourOpenAPISourceTests.testResolvedAdvertisementCreatesDynamicOpenAPIReflector' passed (0.001 seconds)
Test Case 'BonjourOpenAPISourceTests.testTXTMetadataCannotRedirectToExternalHost' started at 2026-10-07 19:52:03.038
Test Case 'BonjourOpenAPISourceTests.testTXTMetadataCannotRedirectToExternalHost' passed (0.0 seconds)
Test Suite 'BonjourOpenAPISourceTests' passed at 2026-10-07 19:52:03.039
	 Executed 7 tests, with 0 failures (0 unexpected) in 0.009 (0.009) seconds
Test Suite 'BoundedCapabilityProcessDiagnosticTests' started at 2026-10-07 19:52:03.039
Test Case 'BoundedCapabilityProcessDiagnosticTests.testDeniedStartReportsNoLaunchAndProducesNoRealEffect' started at 2026-10-07 19:52:03.039
Test Case 'BoundedCapabilityProcessDiagnosticTests.testDeniedStartReportsNoLaunchAndProducesNoRealEffect' passed (0.002 seconds)
Test Case 'BoundedCapabilityProcessDiagnosticTests.testDiagnosticSeparatesRealDeadlineExitAndInvalidInputWithoutChangingErrors' started at 2026-10-07 19:52:03.041
Test Case 'BoundedCapabilityProcessDiagnosticTests.testDiagnosticSeparatesRealDeadlineExitAndInvalidInputWithoutChangingErrors' passed (0.088 seconds)
Test Case 'BoundedCapabilityProcessDiagnosticTests.testTerminalMeasurementsContainNoArgumentsInputOutputOrErrorBytes' started at 2026-10-07 19:52:03.129
Test Case 'BoundedCapabilityProcessDiagnosticTests.testTerminalMeasurementsContainNoArgumentsInputOutputOrErrorBytes' passed (0.015 seconds)
Test Suite 'BoundedCapabilityProcessDiagnosticTests' passed at 2026-10-07 19:52:03.144
	 Executed 3 tests, with 0 failures (0 unexpected) in 0.105 (0.105) seconds
Test Suite 'CapabilityABIAdapterTests' started at 2026-10-07 19:52:03.144
Test Case 'CapabilityABIAdapterTests.testChangesInAuthorityOrPolicyMetadataChangeFingerprint' started at 2026-10-07 19:52:03.144
Test Case 'CapabilityABIAdapterTests.testChangesInAuthorityOrPolicyMetadataChangeFingerprint' passed (0.001 seconds)
Test Case 'CapabilityABIAdapterTests.testGenericAdapterPreservesDeclarationsAndDoesNotMutateCapability' started at 2026-10-07 19:52:03.145
Test Case 'CapabilityABIAdapterTests.testGenericAdapterPreservesDeclarationsAndDoesNotMutateCapability' passed (0.001 seconds)
Test Case 'CapabilityABIAdapterTests.testSHA256MatchesCanonicalBytesAndHasNoSignatureSemantics' started at 2026-10-07 19:52:03.147
Test Case 'CapabilityABIAdapterTests.testSHA256MatchesCanonicalBytesAndHasNoSignatureSemantics' passed (0.102 seconds)
Test Case 'CapabilityABIAdapterTests.testUnownedCapabilitiesCannotAcquireAnABIIdentity' started at 2026-10-07 19:52:03.249
Test Case 'CapabilityABIAdapterTests.testUnownedCapabilitiesCannotAcquireAnABIIdentity' passed (0.0 seconds)
Test Suite 'CapabilityABIAdapterTests' passed at 2026-10-07 19:52:03.249
	 Executed 4 tests, with 0 failures (0 unexpected) in 0.105 (0.105) seconds
Test Suite 'CapabilityABIBoundaryTests' started at 2026-10-07 19:52:03.249
Test Case 'CapabilityABIBoundaryTests.testDeterministicGeneratedRoundTrips' started at 2026-10-07 19:52:03.249
Test Case 'CapabilityABIBoundaryTests.testDeterministicGeneratedRoundTrips' passed (0.018 seconds)
Test Case 'CapabilityABIBoundaryTests.testLimitsCannotBeRaisedAboveReviewedCeilings' started at 2026-10-07 19:52:03.268
Test Case 'CapabilityABIBoundaryTests.testLimitsCannotBeRaisedAboveReviewedCeilings' passed (0.0 seconds)
Test Case 'CapabilityABIBoundaryTests.testNestedCodableWrapperCannotBypassValueValidation' started at 2026-10-07 19:52:03.268
Test Case 'CapabilityABIBoundaryTests.testNestedCodableWrapperCannotBypassValueValidation' passed (0.002 seconds)
Test Case 'CapabilityABIBoundaryTests.testResultSchemaIsBoundIntoContract' started at 2026-10-07 19:52:03.270
Test Case 'CapabilityABIBoundaryTests.testResultSchemaIsBoundIntoContract' passed (0.0 seconds)
Test Case 'CapabilityABIBoundaryTests.testSchemaDoesNotAcceptUnicodeEquivalentButDifferentKeyBytes' started at 2026-10-07 19:52:03.270
Test Case 'CapabilityABIBoundaryTests.testSchemaDoesNotAcceptUnicodeEquivalentButDifferentKeyBytes' passed (0.001 seconds)
Test Case 'CapabilityABIBoundaryTests.testSchemaRequiredKeysMustMatchExactUTF8' started at 2026-10-07 19:52:03.271
Test Case 'CapabilityABIBoundaryTests.testSchemaRequiredKeysMustMatchExactUTF8' passed (0.0 seconds)
Test Case 'CapabilityABIBoundaryTests.testVeryDeepSchemaAndVeryWideValuesReject' started at 2026-10-07 19:52:03.271
Test Case 'CapabilityABIBoundaryTests.testVeryDeepSchemaAndVeryWideValuesReject' passed (0.103 seconds)
Test Suite 'CapabilityABIBoundaryTests' passed at 2026-10-07 19:52:03.374
	 Executed 7 tests, with 0 failures (0 unexpected) in 0.125 (0.125) seconds
Test Suite 'CapabilityABITests' started at 2026-10-07 19:52:03.374
Test Case 'CapabilityABITests.testAllValueKindsRoundTripWithoutCoercion' started at 2026-10-07 19:52:03.374
Test Case 'CapabilityABITests.testAllValueKindsRoundTripWithoutCoercion' passed (0.205 seconds)
Test Case 'CapabilityABITests.testArrayOrderAndOriginalUTF8Matter' started at 2026-10-07 19:52:03.579
Test Case 'CapabilityABITests.testArrayOrderAndOriginalUTF8Matter' passed (0.0 seconds)
Test Case 'CapabilityABITests.testCanonicalByteLimitIncludesHeaderAndFraming' started at 2026-10-07 19:52:03.579
Test Case 'CapabilityABITests.testCanonicalByteLimitIncludesHeaderAndFraming' passed (0.0 seconds)
Test Case 'CapabilityABITests.testCanonicalGoldenVectors' started at 2026-10-07 19:52:03.580
Test Case 'CapabilityABITests.testCanonicalGoldenVectors' passed (0.0 seconds)
Test Case 'CapabilityABITests.testClosedObjectSchemaValidatesNestedValues' started at 2026-10-07 19:52:03.580
Test Case 'CapabilityABITests.testClosedObjectSchemaValidatesNestedValues' passed (0.001 seconds)
Test Case 'CapabilityABITests.testClosedSchemaRejectsUnknownMissingAndWrongTypes' started at 2026-10-07 19:52:03.581
Test Case 'CapabilityABITests.testClosedSchemaRejectsUnknownMissingAndWrongTypes' passed (0.0 seconds)
Test Case 'CapabilityABITests.testContractAndValueCanonicalDomainsAreDifferent' started at 2026-10-07 19:52:03.581
Test Case 'CapabilityABITests.testContractAndValueCanonicalDomainsAreDifferent' passed (0.0 seconds)
Test Case 'CapabilityABITests.testContractBindsIdentitySchemaAndDeclaration' started at 2026-10-07 19:52:03.582
Test Case 'CapabilityABITests.testContractBindsIdentitySchemaAndDeclaration' passed (0.001 seconds)
Test Case 'CapabilityABITests.testDepthLimitIsExact' started at 2026-10-07 19:52:03.582
Test Case 'CapabilityABITests.testDepthLimitIsExact' passed (0.001 seconds)
Test Case 'CapabilityABITests.testDuplicateObjectKeysRejectedRatherThanOverwritten' started at 2026-10-07 19:52:03.583
Test Case 'CapabilityABITests.testDuplicateObjectKeysRejectedRatherThanOverwritten' passed (0.0 seconds)
Test Case 'CapabilityABITests.testEnumsAndInvalidSchemaDeclarationsFailClosed' started at 2026-10-07 19:52:03.584
Test Case 'CapabilityABITests.testEnumsAndInvalidSchemaDeclarationsFailClosed' passed (0.0 seconds)
Test Case 'CapabilityABITests.testInvalidContractIdentityRejected' started at 2026-10-07 19:52:03.584
Test Case 'CapabilityABITests.testInvalidContractIdentityRejected' passed (0.0 seconds)
Test Case 'CapabilityABITests.testInvalidLimitsFailClosed' started at 2026-10-07 19:52:03.584
Test Case 'CapabilityABITests.testInvalidLimitsFailClosed' passed (0.0 seconds)
Test Case 'CapabilityABITests.testLargeIntegerWireDoesNotUseFloatingPoint' started at 2026-10-07 19:52:03.585
Test Case 'CapabilityABITests.testLargeIntegerWireDoesNotUseFloatingPoint' passed (0.1 seconds)
Test Case 'CapabilityABITests.testLegacyAdapterNeverStringifiesRicherValues' started at 2026-10-07 19:52:03.685
Test Case 'CapabilityABITests.testLegacyAdapterNeverStringifiesRicherValues' passed (0.0 seconds)
Test Case 'CapabilityABITests.testLegacyStringsRoundTripAndNilIsPreserved' started at 2026-10-07 19:52:03.685
Test Case 'CapabilityABITests.testLegacyStringsRoundTripAndNilIsPreserved' passed (0.104 seconds)
Test Case 'CapabilityABITests.testLengthFramingPreventsConcatenationAmbiguity' started at 2026-10-07 19:52:03.789
Test Case 'CapabilityABITests.testLengthFramingPreventsConcatenationAmbiguity' passed (0.0 seconds)
Test Case 'CapabilityABITests.testNodeLimitCountsKeysAndValues' started at 2026-10-07 19:52:03.790
Test Case 'CapabilityABITests.testNodeLimitCountsKeysAndValues' passed (0.0 seconds)
Test Case 'CapabilityABITests.testNonfiniteNumbersRejectedEverywhere' started at 2026-10-07 19:52:03.790
Test Case 'CapabilityABITests.testNonfiniteNumbersRejectedEverywhere' passed (0.001 seconds)
Test Case 'CapabilityABITests.testNullableAndOptionalAreDifferent' started at 2026-10-07 19:52:03.791
Test Case 'CapabilityABITests.testNullableAndOptionalAreDifferent' passed (0.001 seconds)
Test Case 'CapabilityABITests.testObjectInsertionOrderDoesNotMatter' started at 2026-10-07 19:52:03.792
Test Case 'CapabilityABITests.testObjectInsertionOrderDoesNotMatter' passed (0.0 seconds)
Test Case 'CapabilityABITests.testSchemaSetOrderIsCanonical' started at 2026-10-07 19:52:03.792
Test Case 'CapabilityABITests.testSchemaSetOrderIsCanonical' passed (0.0 seconds)
Test Case 'CapabilityABITests.testStrictWireRejectsUnknownTrailingOrMalformedValues' started at 2026-10-07 19:52:03.793
Test Case 'CapabilityABITests.testStrictWireRejectsUnknownTrailingOrMalformedValues' passed (0.001 seconds)
Test Case 'CapabilityABITests.testTypesAndSignedZeroHaveDifferentCanonicalBytes' started at 2026-10-07 19:52:03.794
Test Case 'CapabilityABITests.testTypesAndSignedZeroHaveDifferentCanonicalBytes' passed (0.0 seconds)
Test Case 'CapabilityABITests.testUnknownArgumentSchemaIsNotUnrestricted' started at 2026-10-07 19:52:03.794
Test Case 'CapabilityABITests.testUnknownArgumentSchemaIsNotUnrestricted' passed (0.0 seconds)
Test Case 'CapabilityABITests.testWireByteLimitIsCheckedBeforeParsing' started at 2026-10-07 19:52:03.794
Test Case 'CapabilityABITests.testWireByteLimitIsCheckedBeforeParsing' passed (0.0 seconds)
Test Suite 'CapabilityABITests' passed at 2026-10-07 19:52:03.795
	 Executed 26 tests, with 0 failures (0 unexpected) in 0.42 (0.42) seconds
Test Suite 'CapabilityAcquisitionLifecycleTests' started at 2026-10-07 19:52:03.795
Test Case 'CapabilityAcquisitionLifecycleTests.testRealProviderWithdrawalAndChangedReappearanceWithUnchangedConfiguration' started at 2026-10-07 19:52:03.795
Test Case 'CapabilityAcquisitionLifecycleTests.testRealProviderWithdrawalAndChangedReappearanceWithUnchangedConfiguration' passed (10.509 seconds)
Test Case 'CapabilityAcquisitionLifecycleTests.testUnchangedConfigurationDoesNotRetainWithdrawnProviderForever' started at 2026-10-07 19:52:14.304
Test Case 'CapabilityAcquisitionLifecycleTests.testUnchangedConfigurationDoesNotRetainWithdrawnProviderForever' passed (5.14 seconds)
Test Suite 'CapabilityAcquisitionLifecycleTests' passed at 2026-10-07 19:52:19.445
	 Executed 2 tests, with 0 failures (0 unexpected) in 15.65 (15.65) seconds
Test Suite 'CapabilityArtifactResolverTests' started at 2026-10-07 19:52:19.447
Test Case 'CapabilityArtifactResolverTests.testConfiguredSourceCachesResolvedSnapshotWithinRefreshWindow' started at 2026-10-07 19:52:19.447
Test Case 'CapabilityArtifactResolverTests.testConfiguredSourceCachesResolvedSnapshotWithinRefreshWindow' passed (0.005 seconds)
Test Case 'CapabilityArtifactResolverTests.testConfiguredSourceComposesDifferentSubstratesIntoOneEngine' started at 2026-10-07 19:52:19.452
Test Case 'CapabilityArtifactResolverTests.testConfiguredSourceComposesDifferentSubstratesIntoOneEngine' passed (0.105 seconds)
Test Case 'CapabilityArtifactResolverTests.testConfiguredSourceDropsAmbiguousDuplicateReflectorIdentity' started at 2026-10-07 19:52:19.557
Test Case 'CapabilityArtifactResolverTests.testConfiguredSourceDropsAmbiguousDuplicateReflectorIdentity' passed (0.0 seconds)
Test Case 'CapabilityArtifactResolverTests.testDefaultRegistryAdvertisesGenericSubstrates' started at 2026-10-07 19:52:19.558
Test Case 'CapabilityArtifactResolverTests.testDefaultRegistryAdvertisesGenericSubstrates' passed (0.002 seconds)
Test Case 'CapabilityArtifactResolverTests.testDuplicateConfiguredDescriptorIDsFailClosed' started at 2026-10-07 19:52:19.560
Test Case 'CapabilityArtifactResolverTests.testDuplicateConfiguredDescriptorIDsFailClosed' passed (0.0 seconds)
Test Case 'CapabilityArtifactResolverTests.testDuplicateResolverKindFailsClosed' started at 2026-10-07 19:52:19.561
Test Case 'CapabilityArtifactResolverTests.testDuplicateResolverKindFailsClosed' passed (0.0 seconds)
Test Case 'CapabilityArtifactResolverTests.testPlainGRPCIsLoopbackOnly' started at 2026-10-07 19:52:19.561
Test Case 'CapabilityArtifactResolverTests.testPlainGRPCIsLoopbackOnly' passed (0.001 seconds)
Test Case 'CapabilityArtifactResolverTests.testPlainHTTPIsLoopbackOnly' started at 2026-10-07 19:52:19.562
Test Case 'CapabilityArtifactResolverTests.testPlainHTTPIsLoopbackOnly' passed (0.0 seconds)
Test Case 'CapabilityArtifactResolverTests.testRegistryAcceptsOpaqueARDURNIdentity' started at 2026-10-07 19:52:19.562
Test Case 'CapabilityArtifactResolverTests.testRegistryAcceptsOpaqueARDURNIdentity' passed (0.0 seconds)
Test Case 'CapabilityArtifactResolverTests.testRegistryRoutesByNormalizedKind' started at 2026-10-07 19:52:19.562
Test Case 'CapabilityArtifactResolverTests.testRegistryRoutesByNormalizedKind' passed (0.0 seconds)
Test Suite 'CapabilityArtifactResolverTests' passed at 2026-10-07 19:52:19.563
	 Executed 10 tests, with 0 failures (0 unexpected) in 0.116 (0.116) seconds
Test Suite 'CapabilityExecutableSnapshotPoolTests' started at 2026-10-07 19:52:19.563
Test Case 'CapabilityExecutableSnapshotPoolTests.testEntryByteAndAbsoluteRetentionBudgetsDoNotGrowOnReuse' started at 2026-10-07 19:52:19.563
Test Case 'CapabilityExecutableSnapshotPoolTests.testEntryByteAndAbsoluteRetentionBudgetsDoNotGrowOnReuse' passed (0.016 seconds)
Test Case 'CapabilityExecutableSnapshotPoolTests.testIdleRetentionCleanupReleasesOnlyThePoolReference' started at 2026-10-07 19:52:19.579
Test Case 'CapabilityExecutableSnapshotPoolTests.testIdleRetentionCleanupReleasesOnlyThePoolReference' passed (0.027 seconds)
Test Case 'CapabilityExecutableSnapshotPoolTests.testNonExecutableSecretReferenceAndPermissionWithdrawalFailClosed' started at 2026-10-07 19:52:19.606
Test Case 'CapabilityExecutableSnapshotPoolTests.testNonExecutableSecretReferenceAndPermissionWithdrawalFailClosed' passed (0.105 seconds)
Test Case 'CapabilityExecutableSnapshotPoolTests.testPooledExecutableReplacementAtFinalRCIRGateBlocksActualChildEffect' started at 2026-10-07 19:52:19.711
Test Case 'CapabilityExecutableSnapshotPoolTests.testPooledExecutableReplacementAtFinalRCIRGateBlocksActualChildEffect' passed (0.226 seconds)
Test Case 'CapabilityExecutableSnapshotPoolTests.testReturnRaceRechecksWholeBytesAndDoesNotEvictConcurrentNewIncarnation' started at 2026-10-07 19:52:19.937
Test Case 'CapabilityExecutableSnapshotPoolTests.testReturnRaceRechecksWholeBytesAndDoesNotEvictConcurrentNewIncarnation' passed (0.006 seconds)
Test Case 'CapabilityExecutableSnapshotPoolTests.testReusesExactPrivateIncarnationWhileReadingCurrentByteIdentity' started at 2026-10-07 19:52:19.943
Test Case 'CapabilityExecutableSnapshotPoolTests.testReusesExactPrivateIncarnationWhileReadingCurrentByteIdentity' passed (0.006 seconds)
Test Case 'CapabilityExecutableSnapshotPoolTests.testSourceWithdrawalAndRestorationCannotReturnWithdrawnCacheEntry' started at 2026-10-07 19:52:19.948
Test Case 'CapabilityExecutableSnapshotPoolTests.testSourceWithdrawalAndRestorationCannotReturnWithdrawnCacheEntry' passed (0.008 seconds)
Test Suite 'CapabilityExecutableSnapshotPoolTests' passed at 2026-10-07 19:52:19.957
	 Executed 7 tests, with 0 failures (0 unexpected) in 0.394 (0.394) seconds
Test Suite 'CapabilityExperienceLedgerTests' started at 2026-10-07 19:52:19.957
Test Case 'CapabilityExperienceLedgerTests.testAcceptanceRemainsUnverified' started at 2026-10-07 19:52:19.957
Test Case 'CapabilityExperienceLedgerTests.testAcceptanceRemainsUnverified' passed (0.003 seconds)
Test Case 'CapabilityExperienceLedgerTests.testCapacityEvictsOldestAndPreservesNewest' started at 2026-10-07 19:52:19.960
Test Case 'CapabilityExperienceLedgerTests.testCapacityEvictsOldestAndPreservesNewest' passed (0.002 seconds)
Test Case 'CapabilityExperienceLedgerTests.testCorruptDataIsRejectedNotSilentlyOverwritten' started at 2026-10-07 19:52:19.962
Test Case 'CapabilityExperienceLedgerTests.testCorruptDataIsRejectedNotSilentlyOverwritten' passed (0.008 seconds)
Test Case 'CapabilityExperienceLedgerTests.testDuplicateExecutionIsNotDoubleCounted' started at 2026-10-07 19:52:19.969
Test Case 'CapabilityExperienceLedgerTests.testDuplicateExecutionIsNotDoubleCounted' passed (0.0 seconds)
Test Case 'CapabilityExperienceLedgerTests.testEmptyLedgerHasNoLearnedEvidence' started at 2026-10-07 19:52:19.970
Test Case 'CapabilityExperienceLedgerTests.testEmptyLedgerHasNoLearnedEvidence' passed (0.001 seconds)
Test Case 'CapabilityExperienceLedgerTests.testExecutionCannotBeReboundToChangedContract' started at 2026-10-07 19:52:19.971
Test Case 'CapabilityExperienceLedgerTests.testExecutionCannotBeReboundToChangedContract' passed (0.0 seconds)
Test Case 'CapabilityExperienceLedgerTests.testExpiryDoesNotRefreshOnReadOrRepeatedCallback' started at 2026-10-07 19:52:19.971
Test Case 'CapabilityExperienceLedgerTests.testExpiryDoesNotRefreshOnReadOrRepeatedCallback' passed (0.0 seconds)
Test Case 'CapabilityExperienceLedgerTests.testForgetAllPersists' started at 2026-10-07 19:52:19.971
Test Case 'CapabilityExperienceLedgerTests.testForgetAllPersists' passed (0.009 seconds)
Test Case 'CapabilityExperienceLedgerTests.testFutureDatedEvidenceIsNotReusedAfterClockRollback' started at 2026-10-07 19:52:19.981
Test Case 'CapabilityExperienceLedgerTests.testFutureDatedEvidenceIsNotReusedAfterClockRollback' passed (0.0 seconds)
Test Case 'CapabilityExperienceLedgerTests.testHardLinkedFileIsRejected' started at 2026-10-07 19:52:19.981
Test Case 'CapabilityExperienceLedgerTests.testHardLinkedFileIsRejected' passed (0.002 seconds)
Test Case 'CapabilityExperienceLedgerTests.testHeldProcessLockFailsPromptlyInsteadOfHanging' started at 2026-10-07 19:52:19.983
Test Case 'CapabilityExperienceLedgerTests.testHeldProcessLockFailsPromptlyInsteadOfHanging' passed (0.001 seconds)
Test Case 'CapabilityExperienceLedgerTests.testInvalidKeysAndBoundsAreRejected' started at 2026-10-07 19:52:19.984
Test Case 'CapabilityExperienceLedgerTests.testInvalidKeysAndBoundsAreRejected' passed (0.0 seconds)
Test Case 'CapabilityExperienceLedgerTests.testLateAcceptanceDoesNotEraseFailure' started at 2026-10-07 19:52:19.984
Test Case 'CapabilityExperienceLedgerTests.testLateAcceptanceDoesNotEraseFailure' passed (0.102 seconds)
Test Case 'CapabilityExperienceLedgerTests.testLateAcceptanceDoesNotEraseVerification' started at 2026-10-07 19:52:20.086
Test Case 'CapabilityExperienceLedgerTests.testLateAcceptanceDoesNotEraseVerification' passed (0.101 seconds)
Test Case 'CapabilityExperienceLedgerTests.testOversizedDataIsRejected' started at 2026-10-07 19:52:20.187
Test Case 'CapabilityExperienceLedgerTests.testOversizedDataIsRejected' passed (0.006 seconds)
Test Case 'CapabilityExperienceLedgerTests.testPersistedSchemaHasOnlyAllowlistedFields' started at 2026-10-07 19:52:20.193
Test Case 'CapabilityExperienceLedgerTests.testPersistedSchemaHasOnlyAllowlistedFields' passed (0.005 seconds)
Test Case 'CapabilityExperienceLedgerTests.testPersistenceSurvivesNewInstance' started at 2026-10-07 19:52:20.198
Test Case 'CapabilityExperienceLedgerTests.testPersistenceSurvivesNewInstance' passed (0.004 seconds)
Test Case 'CapabilityExperienceLedgerTests.testPrivateFilePermissions' started at 2026-10-07 19:52:20.201
Test Case 'CapabilityExperienceLedgerTests.testPrivateFilePermissions' passed (0.003 seconds)
Test Case 'CapabilityExperienceLedgerTests.testSymlinkDataAndLockFilesAreRejectedWithoutChangingTarget' started at 2026-10-07 19:52:20.204
Test Case 'CapabilityExperienceLedgerTests.testSymlinkDataAndLockFilesAreRejectedWithoutChangingTarget' passed (0.004 seconds)
Test Case 'CapabilityExperienceLedgerTests.testSymlinkDirectoryIsRejected' started at 2026-10-07 19:52:20.208
Test Case 'CapabilityExperienceLedgerTests.testSymlinkDirectoryIsRejected' passed (0.002 seconds)
Test Case 'CapabilityExperienceLedgerTests.testTwoInstancesDoNotOverwriteEachOthersEvidence' started at 2026-10-07 19:52:20.210
Test Case 'CapabilityExperienceLedgerTests.testTwoInstancesDoNotOverwriteEachOthersEvidence' passed (0.008 seconds)
Test Case 'CapabilityExperienceLedgerTests.testUnknownVersionAndDuplicateExecutionIDsAreRejected' started at 2026-10-07 19:52:20.219
Test Case 'CapabilityExperienceLedgerTests.testUnknownVersionAndDuplicateExecutionIDsAreRejected' passed (0.017 seconds)
Test Case 'CapabilityExperienceLedgerTests.testUnsafeDirectoryPermissionsAreRejected' started at 2026-10-07 19:52:20.235
Test Case 'CapabilityExperienceLedgerTests.testUnsafeDirectoryPermissionsAreRejected' passed (0.018 seconds)
Test Case 'CapabilityExperienceLedgerTests.testVerificationReplacesAcceptanceRatherThanAddingSuccess' started at 2026-10-07 19:52:20.253
Test Case 'CapabilityExperienceLedgerTests.testVerificationReplacesAcceptanceRatherThanAddingSuccess' passed (0.001 seconds)
Test Suite 'CapabilityExperienceLedgerTests' passed at 2026-10-07 19:52:20.254
	 Executed 24 tests, with 0 failures (0 unexpected) in 0.297 (0.297) seconds
Test Suite 'CapabilityExperienceTests' started at 2026-10-07 19:52:20.254
Test Case 'CapabilityExperienceTests.testContractKeyChangesWithAuthoritySchemaRouteAndPolicy' started at 2026-10-07 19:52:20.254
Test Case 'CapabilityExperienceTests.testContractKeyChangesWithAuthoritySchemaRouteAndPolicy' passed (0.004 seconds)
Test Case 'CapabilityExperienceTests.testDisabledExperienceDoesNotAddHints' started at 2026-10-07 19:52:20.258
Test Case 'CapabilityExperienceTests.testDisabledExperienceDoesNotAddHints' passed (0.003 seconds)
Test Case 'CapabilityExperienceTests.testEmptyFailedOrUnevaluatedPredicatesNeverTeachVerifiedSuccess' started at 2026-10-07 19:52:20.261
Test Case 'CapabilityExperienceTests.testEmptyFailedOrUnevaluatedPredicatesNeverTeachVerifiedSuccess' passed (0.001 seconds)
Test Case 'CapabilityExperienceTests.testGatedAndMismatchedResultsAreNotRecorded' started at 2026-10-07 19:52:20.262
Test Case 'CapabilityExperienceTests.testGatedAndMismatchedResultsAreNotRecorded' passed (0.001 seconds)
Test Case 'CapabilityExperienceTests.testNamespaceSeparatesExperience' started at 2026-10-07 19:52:20.264
Test Case 'CapabilityExperienceTests.testNamespaceSeparatesExperience' passed (0.001 seconds)
Test Case 'CapabilityExperienceTests.testNoCapabilitiesAreResurrectedByRecall' started at 2026-10-07 19:52:20.264
Test Case 'CapabilityExperienceTests.testNoCapabilitiesAreResurrectedByRecall' passed (0.001 seconds)
Test Case 'CapabilityExperienceTests.testOnlyFingerprintsAndOutcomesPersistNotUserData' started at 2026-10-07 19:52:20.265
Test Case 'CapabilityExperienceTests.testOnlyFingerprintsAndOutcomesPersistNotUserData' passed (0.007 seconds)
Test Case 'CapabilityExperienceTests.testProviderCannotForgeExperienceMetadata' started at 2026-10-07 19:52:20.272
Test Case 'CapabilityExperienceTests.testProviderCannotForgeExperienceMetadata' passed (0.001 seconds)
Test Case 'CapabilityExperienceTests.testProviderExperienceKeysCannotBlockFreshDispatchOrForgeHints' started at 2026-10-07 19:52:20.273
Test Case 'CapabilityExperienceTests.testProviderExperienceKeysCannotBlockFreshDispatchOrForgeHints' passed (0.005 seconds)
Test Case 'CapabilityExperienceTests.testRemovalSchemaDriftAndRevokedAuthorityRemainEnforced' started at 2026-10-07 19:52:20.278
Test Case 'CapabilityExperienceTests.testRemovalSchemaDriftAndRevokedAuthorityRemainEnforced' passed (0.005 seconds)
Test Case 'CapabilityExperienceTests.testRepeatedRunAndBeginRemainUsableWithAdvisoryHistory' started at 2026-10-07 19:52:20.283
Test Case 'CapabilityExperienceTests.testRepeatedRunAndBeginRemainUsableWithAdvisoryHistory' passed (0.011 seconds)
Test Case 'CapabilityExperienceTests.testRuntimeBeginLearnsVerifiedPredicatesButNextRunIsNotVerifiedByHistory' started at 2026-10-07 19:52:20.294
Test Case 'CapabilityExperienceTests.testRuntimeBeginLearnsVerifiedPredicatesButNextRunIsNotVerifiedByHistory' passed (0.003 seconds)
Test Case 'CapabilityExperienceTests.testRuntimeRunLearnsAcceptanceWithoutSkippingConfirmation' started at 2026-10-07 19:52:20.297
Test Case 'CapabilityExperienceTests.testRuntimeRunLearnsAcceptanceWithoutSkippingConfirmation' passed (0.003 seconds)
Test Case 'CapabilityExperienceTests.testRuntimeRunLearnsGenericVerification' started at 2026-10-07 19:52:20.300
Test Case 'CapabilityExperienceTests.testRuntimeRunLearnsGenericVerification' passed (0.003 seconds)
Test Case 'CapabilityExperienceTests.testVerifiedBooleanAloneNeverTeachesVerifiedSuccess' started at 2026-10-07 19:52:20.303
Test Case 'CapabilityExperienceTests.testVerifiedBooleanAloneNeverTeachesVerifiedSuccess' passed (0.001 seconds)
Test Suite 'CapabilityExperienceTests' passed at 2026-10-07 19:52:20.304
	 Executed 15 tests, with 0 failures (0 unexpected) in 0.049 (0.049) seconds
Test Suite 'CapabilityIntegerRangeTests' started at 2026-10-07 19:52:20.304
Test Case 'CapabilityIntegerRangeTests.testInclusiveNarrowRangeRejectsOverflowAndOtherValueKinds' started at 2026-10-07 19:52:20.304
Test Case 'CapabilityIntegerRangeTests.testInclusiveNarrowRangeRejectsOverflowAndOtherValueKinds' passed (0.001 seconds)
Test Case 'CapabilityIntegerRangeTests.testRangeIsPartOfCanonicalContractAndExistingIntegerBytesRemainStable' started at 2026-10-07 19:52:20.305
Test Case 'CapabilityIntegerRangeTests.testRangeIsPartOfCanonicalContractAndExistingIntegerBytesRemainStable' passed (0.0 seconds)
Test Suite 'CapabilityIntegerRangeTests' passed at 2026-10-07 19:52:20.305
	 Executed 2 tests, with 0 failures (0 unexpected) in 0.001 (0.001) seconds
Test Suite 'CapabilityInterfaceTests' started at 2026-10-07 19:52:20.305
Test Case 'CapabilityInterfaceTests.testAcquiredDeclarationAndSelectedArgumentEncodingAreReadableWithoutCanonicalByteDecoding' started at 2026-10-07 19:52:20.305
Test Case 'CapabilityInterfaceTests.testAcquiredDeclarationAndSelectedArgumentEncodingAreReadableWithoutCanonicalByteDecoding' passed (0.004 seconds)
Test Case 'CapabilityInterfaceTests.testBoundedExecutorAbstainsForOfflineTool' started at 2026-10-07 19:52:20.309
Test Case 'CapabilityInterfaceTests.testBoundedExecutorAbstainsForOfflineTool' passed (0.001 seconds)
Test Case 'CapabilityInterfaceTests.testBoundedExecutorRejectsInvalidLimitsAndEnforcesMonotonicDeadline' started at 2026-10-07 19:52:20.310
Test Case 'CapabilityInterfaceTests.testBoundedExecutorRejectsInvalidLimitsAndEnforcesMonotonicDeadline' passed (0.074 seconds)
Test Case 'CapabilityInterfaceTests.testBoundedExecutorUsesBoundedStdinWithoutShellInterpolation' started at 2026-10-07 19:52:20.384
Test Case 'CapabilityInterfaceTests.testBoundedExecutorUsesBoundedStdinWithoutShellInterpolation' passed (0.01 seconds)
Test Case 'CapabilityInterfaceTests.testCompilerSelectedObserverReachesDefaultSharedHostAndCannotIgnoreCallerConstraint' started at 2026-10-07 19:52:20.394
Test Case 'CapabilityInterfaceTests.testCompilerSelectedObserverReachesDefaultSharedHostAndCannotIgnoreCallerConstraint' passed (0.006 seconds)
Test Case 'CapabilityInterfaceTests.testDuplicateInterfaceNamesFailClosed' started at 2026-10-07 19:52:20.400
Test Case 'CapabilityInterfaceTests.testDuplicateInterfaceNamesFailClosed' passed (0.0 seconds)
Test Case 'CapabilityInterfaceTests.testImporterPreservesTypedResultAndDoesNotCoerceLegacyStrings' started at 2026-10-07 19:52:20.400
Test Case 'CapabilityInterfaceTests.testImporterPreservesTypedResultAndDoesNotCoerceLegacyStrings' passed (0.001 seconds)
Test Case 'CapabilityInterfaceTests.testImporterRejectsUnsupportedConstraintsAndOpenObjects' started at 2026-10-07 19:52:20.401
Test Case 'CapabilityInterfaceTests.testImporterRejectsUnsupportedConstraintsAndOpenObjects' passed (0.0 seconds)
Test Case 'CapabilityInterfaceTests.testOversizedWireDeclarationRejectsAcquisitionInsteadOfOmittingDisclosure' started at 2026-10-07 19:52:20.401
Test Case 'CapabilityInterfaceTests.testOversizedWireDeclarationRejectsAcquisitionInsteadOfOmittingDisclosure' passed (0.018 seconds)
Test Case 'CapabilityInterfaceTests.testPreflightReturnCannotClaimConsumedLeaseOrSemanticSuccess' started at 2026-10-07 19:52:20.419
Test Case 'CapabilityInterfaceTests.testPreflightReturnCannotClaimConsumedLeaseOrSemanticSuccess' passed (0.003 seconds)
Test Case 'CapabilityInterfaceTests.testPrivateSnapshotDoesNotFollowSourceReplacementAndWithdrawsStaleIdentity' started at 2026-10-07 19:52:20.422
Test Case 'CapabilityInterfaceTests.testPrivateSnapshotDoesNotFollowSourceReplacementAndWithdrawsStaleIdentity' passed (0.005 seconds)
Test Case 'CapabilityInterfaceTests.testProtectedReferenceRejectsReadableAndSymlinkedCredentialFiles' started at 2026-10-07 19:52:20.427
Test Case 'CapabilityInterfaceTests.testProtectedReferenceRejectsReadableAndSymlinkedCredentialFiles' passed (0.002 seconds)
Test Case 'CapabilityInterfaceTests.testRealWASMComponentWhenProvisioned' started at 2026-10-07 19:52:20.430
Test Case 'CapabilityInterfaceTests.testRealWASMComponentWhenProvisioned' passed (3.117 seconds)
Test Case 'CapabilityInterfaceTests.testSharedHostPreservesAcceptedVersusVerifiedAndExactPolicyDenial' started at 2026-10-07 19:52:23.546
Test Case 'CapabilityInterfaceTests.testSharedHostPreservesAcceptedVersusVerifiedAndExactPolicyDenial' passed (0.107 seconds)
Test Case 'CapabilityInterfaceTests.testTypedBridgeRejectsOutOfRangeIntegersAndDeepValues' started at 2026-10-07 19:52:23.654
Test Case 'CapabilityInterfaceTests.testTypedBridgeRejectsOutOfRangeIntegersAndDeepValues' passed (0.001 seconds)
Test Case 'CapabilityInterfaceTests.testWASMSourceReplacementCannotExecuteNewBytesUnderOldCapability' started at 2026-10-07 19:52:23.655
Test Case 'CapabilityInterfaceTests.testWASMSourceReplacementCannotExecuteNewBytesUnderOldCapability' passed (0.361 seconds)
Test Suite 'CapabilityInterfaceTests' passed at 2026-10-07 19:52:24.016
	 Executed 16 tests, with 0 failures (0 unexpected) in 3.711 (3.711) seconds
Test Suite 'CapabilityReflectorSourceTests' started at 2026-10-07 19:52:24.016
Test Case 'CapabilityReflectorSourceTests.testDynamicSourceStillUsesReflectorOwnershipForExecution' started at 2026-10-07 19:52:24.016
Test Case 'CapabilityReflectorSourceTests.testDynamicSourceStillUsesReflectorOwnershipForExecution' passed (0.002 seconds)
Test Case 'CapabilityReflectorSourceTests.testDynamicSourceUsesExistingGenericVerifier' started at 2026-10-07 19:52:24.018
Test Case 'CapabilityReflectorSourceTests.testDynamicSourceUsesExistingGenericVerifier' passed (0.001 seconds)
Test Case 'CapabilityReflectorSourceTests.testSameEngineGainsAndLosesDynamicReflector' started at 2026-10-07 19:52:24.019
Test Case 'CapabilityReflectorSourceTests.testSameEngineGainsAndLosesDynamicReflector' passed (0.001 seconds)
Test Suite 'CapabilityReflectorSourceTests' passed at 2026-10-07 19:52:24.020
	 Executed 3 tests, with 0 failures (0 unexpected) in 0.004 (0.004) seconds
Test Suite 'CapabilityRuntimeDefaultsTests' started at 2026-10-07 19:52:24.020
Test Case 'CapabilityRuntimeDefaultsTests.testDefaultSourceRegistryContainsDynamicProtocolSources' started at 2026-10-07 19:52:24.020
Test Case 'CapabilityRuntimeDefaultsTests.testDefaultSourceRegistryContainsDynamicProtocolSources' passed (0.001 seconds)
Test Case 'CapabilityRuntimeDefaultsTests.testRuntimeDefaultsConsumeLiveSuppliedSource' started at 2026-10-07 19:52:24.021
Test Case 'CapabilityRuntimeDefaultsTests.testRuntimeDefaultsConsumeLiveSuppliedSource' passed (0.001 seconds)
Test Suite 'CapabilityRuntimeDefaultsTests' passed at 2026-10-07 19:52:24.022
	 Executed 2 tests, with 0 failures (0 unexpected) in 0.002 (0.002) seconds
Test Suite 'CapabilitySnapshotBoundaryTests' started at 2026-10-07 19:52:24.022
Test Case 'CapabilitySnapshotBoundaryTests.testConcurrentObserversShareOneAcquisition' started at 2026-10-07 19:52:24.022
Test Case 'CapabilitySnapshotBoundaryTests.testConcurrentObserversShareOneAcquisition' passed (0.002 seconds)
Test Case 'CapabilitySnapshotBoundaryTests.testEngineRefreshInvalidatesGenericSourcesWithoutNewOperations' started at 2026-10-07 19:52:24.024
Test Case 'CapabilitySnapshotBoundaryTests.testEngineRefreshInvalidatesGenericSourcesWithoutNewOperations' passed (0.0 seconds)
Test Case 'CapabilitySnapshotBoundaryTests.testExpiryWithdrawsProviderAndAllowsChangedReappearance' started at 2026-10-07 19:52:24.025
Test Case 'CapabilitySnapshotBoundaryTests.testExpiryWithdrawsProviderAndAllowsChangedReappearance' passed (0.0 seconds)
Test Case 'CapabilitySnapshotBoundaryTests.testHostCannotRaiseSnapshotLifetimeAboveFiveMinutes' started at 2026-10-07 19:52:24.025
Test Case 'CapabilitySnapshotBoundaryTests.testHostCannotRaiseSnapshotLifetimeAboveFiveMinutes' passed (0.0 seconds)
Test Case 'CapabilitySnapshotBoundaryTests.testInvalidTimesAndLifetimesNeverCreateImmortalSnapshots' started at 2026-10-07 19:52:24.025
Test Case 'CapabilitySnapshotBoundaryTests.testInvalidTimesAndLifetimesNeverCreateImmortalSnapshots' passed (0.0 seconds)
Test Case 'CapabilitySnapshotBoundaryTests.testInvalidationCannotBeOverwrittenByAnInFlightAcquisition' started at 2026-10-07 19:52:24.026
Test Case 'CapabilitySnapshotBoundaryTests.testInvalidationCannotBeOverwrittenByAnInFlightAcquisition' passed (0.001 seconds)
Test Case 'CapabilitySnapshotBoundaryTests.testRegressedClockCannotExtendOldSnapshot' started at 2026-10-07 19:52:24.026
Test Case 'CapabilitySnapshotBoundaryTests.testRegressedClockCannotExtendOldSnapshot' passed (0.0 seconds)
Test Suite 'CapabilitySnapshotBoundaryTests' passed at 2026-10-07 19:52:24.027
	 Executed 7 tests, with 0 failures (0 unexpected) in 0.004 (0.004) seconds
Test Suite 'CapabilityStringConstraintTests' started at 2026-10-07 19:52:24.027
Test Case 'CapabilityStringConstraintTests.testActualChallengeDeclarationAcceptsExactBoundsAndCharacterSet' started at 2026-10-07 19:52:24.027
Test Case 'CapabilityStringConstraintTests.testActualChallengeDeclarationAcceptsExactBoundsAndCharacterSet' passed (0.002 seconds)
Test Case 'CapabilityStringConstraintTests.testChangingBoundOrCharacterSetChangesContractIdentity' started at 2026-10-07 19:52:24.028
Test Case 'CapabilityStringConstraintTests.testChangingBoundOrCharacterSetChangesContractIdentity' passed (0.001 seconds)
Test Case 'CapabilityStringConstraintTests.testEquivalentCharacterClassesAndEnumOrderHaveCanonicalIdentity' started at 2026-10-07 19:52:24.030
Test Case 'CapabilityStringConstraintTests.testEquivalentCharacterClassesAndEnumOrderHaveCanonicalIdentity' passed (0.001 seconds)
Test Case 'CapabilityStringConstraintTests.testLengthUsesUnicodeScalarsRatherThanGraphemesOrBytes' started at 2026-10-07 19:52:24.030
Test Case 'CapabilityStringConstraintTests.testLengthUsesUnicodeScalarsRatherThanGraphemesOrBytes' passed (0.0 seconds)
Test Case 'CapabilityStringConstraintTests.testMalformedLengthsAndEmptyIntersectionAbstain' started at 2026-10-07 19:52:24.031
Test Case 'CapabilityStringConstraintTests.testMalformedLengthsAndEmptyIntersectionAbstain' passed (0.001 seconds)
Test Case 'CapabilityStringConstraintTests.testNestedImportKeepsRequiredClosedObjectAndStringConstraint' started at 2026-10-07 19:52:24.032
Test Case 'CapabilityStringConstraintTests.testNestedImportKeepsRequiredClosedObjectAndStringConstraint' passed (0.001 seconds)
Test Case 'CapabilityStringConstraintTests.testOpenAPIOmitsUnsupportedPatternRatherThanErasingIt' started at 2026-10-07 19:52:24.032
Test Case 'CapabilityStringConstraintTests.testOpenAPIOmitsUnsupportedPatternRatherThanErasingIt' passed (0.002 seconds)
Test Case 'CapabilityStringConstraintTests.testOpenAPIPreservesActualProviderPatternInDiscoveredContract' started at 2026-10-07 19:52:24.034
Test Case 'CapabilityStringConstraintTests.testOpenAPIPreservesActualProviderPatternInDiscoveredContract' passed (0.002 seconds)
Test Case 'CapabilityStringConstraintTests.testOpenAPIRejectsInvalidValueBeforeTransport' started at 2026-10-07 19:52:24.036
Test Case 'CapabilityStringConstraintTests.testOpenAPIRejectsInvalidValueBeforeTransport' passed (0.005 seconds)
Test Case 'CapabilityStringConstraintTests.testPatternLengthAndEnumAreIntersectedWithoutWidening' started at 2026-10-07 19:52:24.041
Test Case 'CapabilityStringConstraintTests.testPatternLengthAndEnumAreIntersectedWithoutWidening' passed (0.001 seconds)
Test Case 'CapabilityStringConstraintTests.testUnsupportedRegexGrammarAndUnboundedRepetitionAbstain' started at 2026-10-07 19:52:24.042
Test Case 'CapabilityStringConstraintTests.testUnsupportedRegexGrammarAndUnboundedRepetitionAbstain' passed (0.0 seconds)
Test Case 'CapabilityStringConstraintTests.testZeroAndExactQuantifierRemainExact' started at 2026-10-07 19:52:24.042
Test Case 'CapabilityStringConstraintTests.testZeroAndExactQuantifierRemainExact' passed (0.001 seconds)
Test Suite 'CapabilityStringConstraintTests' passed at 2026-10-07 19:52:24.043
	 Executed 12 tests, with 0 failures (0 unexpected) in 0.016 (0.016) seconds
Test Suite 'CapabilityTypedCoreBoundaryTests' started at 2026-10-07 19:52:24.043
Test Case 'CapabilityTypedCoreBoundaryTests.testAdapterPreservesLiteralStringsAndExactIntegerBits' started at 2026-10-07 19:52:24.043
Test Case 'CapabilityTypedCoreBoundaryTests.testAdapterPreservesLiteralStringsAndExactIntegerBits' passed (0.0 seconds)
Test Case 'CapabilityTypedCoreBoundaryTests.testAdapterRejectsCoercionUnknownFieldsWrongTagsAndInvalidNumbers' started at 2026-10-07 19:52:24.043
Test Case 'CapabilityTypedCoreBoundaryTests.testAdapterRejectsCoercionUnknownFieldsWrongTagsAndInvalidNumbers' passed (0.0 seconds)
Test Case 'CapabilityTypedCoreBoundaryTests.testArrayRetainsTypedElementsAndRejectsDepthLimit' started at 2026-10-07 19:52:24.043
Test Case 'CapabilityTypedCoreBoundaryTests.testArrayRetainsTypedElementsAndRejectsDepthLimit' passed (0.0 seconds)
Test Case 'CapabilityTypedCoreBoundaryTests.testDeclaredBooleanCanReachCommonHostWithExactTaggedCoreValue' started at 2026-10-07 19:52:24.044
Test Case 'CapabilityTypedCoreBoundaryTests.testDeclaredBooleanCanReachCommonHostWithExactTaggedCoreValue' passed (0.002 seconds)
Test Suite 'CapabilityTypedCoreBoundaryTests' passed at 2026-10-07 19:52:24.046
	 Executed 4 tests, with 0 failures (0 unexpected) in 0.003 (0.003) seconds
Test Suite 'ConfiguredOpenAPISourceTests' started at 2026-10-07 19:52:24.046
Test Case 'ConfiguredOpenAPISourceTests.testCredentialLikeUnknownFieldFailsClosed' started at 2026-10-07 19:52:24.046
Test Case 'ConfiguredOpenAPISourceTests.testCredentialLikeUnknownFieldFailsClosed' passed (0.103 seconds)
Test Case 'ConfiguredOpenAPISourceTests.testDuplicateProviderIDsFailClosed' started at 2026-10-07 19:52:24.149
Test Case 'ConfiguredOpenAPISourceTests.testDuplicateProviderIDsFailClosed' passed (0.0 seconds)
Test Case 'ConfiguredOpenAPISourceTests.testLongLivedEngineObservesConfiguredAddReplaceAndRemove' started at 2026-10-07 19:52:24.150
Test Case 'ConfiguredOpenAPISourceTests.testLongLivedEngineObservesConfiguredAddReplaceAndRemove' passed (0.009 seconds)
Test Case 'ConfiguredOpenAPISourceTests.testMalformedConfigurationRemovesPreviouslyVisibleReflector' started at 2026-10-07 19:52:24.159
Test Case 'ConfiguredOpenAPISourceTests.testMalformedConfigurationRemovesPreviouslyVisibleReflector' passed (0.005 seconds)
Test Case 'ConfiguredOpenAPISourceTests.testRegistryRejectsNonHTTPSAndCredentialBearingURLs' started at 2026-10-07 19:52:24.164
Test Case 'ConfiguredOpenAPISourceTests.testRegistryRejectsNonHTTPSAndCredentialBearingURLs' passed (0.101 seconds)
Test Case 'ConfiguredOpenAPISourceTests.testRegistryWriteIsDeterministicAndPrivate' started at 2026-10-07 19:52:24.265
Test Case 'ConfiguredOpenAPISourceTests.testRegistryWriteIsDeterministicAndPrivate' passed (0.105 seconds)
Test Case 'ConfiguredOpenAPISourceTests.testUnchangedConfigurationDoesNotRefetchSpecification' started at 2026-10-07 19:52:24.371
Test Case 'ConfiguredOpenAPISourceTests.testUnchangedConfigurationDoesNotRefetchSpecification' passed (0.005 seconds)
Test Suite 'ConfiguredOpenAPISourceTests' passed at 2026-10-07 19:52:24.376
	 Executed 7 tests, with 0 failures (0 unexpected) in 0.329 (0.329) seconds
Test Suite 'DBusNativeOwnerAcceptanceTests' started at 2026-10-07 19:52:24.376
Test Case 'DBusNativeOwnerAcceptanceTests.testActualBusRestartReusesOwnerNameButInvalidatesOldAdmission' started at 2026-10-07 19:52:24.376
/src/Tests/RightClickCoreTests/DBusNativeOwnerAcceptanceTests.swift:56: DBusNativeOwnerAcceptanceTests.testActualBusRestartReusesOwnerNameButInvalidatesOldAdmission : Test skipped - Private real D-Bus fixture not requested; this skip is not native Linux proof.
Test Case 'DBusNativeOwnerAcceptanceTests.testActualBusRestartReusesOwnerNameButInvalidatesOldAdmission' skipped (0.0 seconds)
Test Case 'DBusNativeOwnerAcceptanceTests.testActualOwnerWithdrawalAtFinalGateCannotConsumeOrMutate' started at 2026-10-07 19:52:24.376
/src/Tests/RightClickCoreTests/DBusNativeOwnerAcceptanceTests.swift:56: DBusNativeOwnerAcceptanceTests.testActualOwnerWithdrawalAtFinalGateCannotConsumeOrMutate : Test skipped - Private real D-Bus fixture not requested; this skip is not native Linux proof.
Test Case 'DBusNativeOwnerAcceptanceTests.testActualOwnerWithdrawalAtFinalGateCannotConsumeOrMutate' skipped (0.0 seconds)
Test Suite 'DBusNativeOwnerAcceptanceTests' passed at 2026-10-07 19:52:24.376
	 Executed 2 tests, with 2 tests skipped and 0 failures (0 unexpected) in 0.001 (0.001) seconds
Test Suite 'DBusRuntimeTests' started at 2026-10-07 19:52:24.376
Test Case 'DBusRuntimeTests.testBusRestartCannotReuseAnOldUniqueOwnerAndDeclaration' started at 2026-10-07 19:52:24.377
Test Case 'DBusRuntimeTests.testBusRestartCannotReuseAnOldUniqueOwnerAndDeclaration' passed (0.006 seconds)
Test Case 'DBusRuntimeTests.testNativeIntrospectionPreservesBooleanArrayOrderAndUnit' started at 2026-10-07 19:52:24.383
Test Case 'DBusRuntimeTests.testNativeIntrospectionPreservesBooleanArrayOrderAndUnit' passed (0.001 seconds)
Test Case 'DBusRuntimeTests.testNativeUnitCompletionIsAcceptedAndNeverInventsJSONNullOutput' started at 2026-10-07 19:52:24.384
Test Case 'DBusRuntimeTests.testNativeUnitCompletionIsAcceptedAndNeverInventsJSONNullOutput' passed (0.005 seconds)
Test Case 'DBusRuntimeTests.testTrustedMarkerIsHiddenAndReplacedOnlyByAdmittedTaskIdentity' started at 2026-10-07 19:52:24.388
Test Case 'DBusRuntimeTests.testTrustedMarkerIsHiddenAndReplacedOnlyByAdmittedTaskIdentity' passed (0.106 seconds)
Test Case 'DBusRuntimeTests.testUnknownNativeTypesAndNoReplyAnnotationsAbstain' started at 2026-10-07 19:52:24.494
Test Case 'DBusRuntimeTests.testUnknownNativeTypesAndNoReplyAnnotationsAbstain' passed (0.101 seconds)
Test Case 'DBusRuntimeTests.testWithdrawalReplacementAndChangedTypedMetadataInvalidateOldReflector' started at 2026-10-07 19:52:24.595
Test Case 'DBusRuntimeTests.testWithdrawalReplacementAndChangedTypedMetadataInvalidateOldReflector' passed (0.004 seconds)
Test Case 'DBusRuntimeTests.testXMLRejectsEntitiesMalformedNamesDuplicateMethodsAndDeepTrees' started at 2026-10-07 19:52:24.598
Test Case 'DBusRuntimeTests.testXMLRejectsEntitiesMalformedNamesDuplicateMethodsAndDeepTrees' passed (0.001 seconds)
Test Suite 'DBusRuntimeTests' passed at 2026-10-07 19:52:24.599
	 Executed 7 tests, with 0 failures (0 unexpected) in 0.222 (0.222) seconds
Test Suite 'DispatchContractBindingTests' started at 2026-10-07 19:52:24.599
Test Case 'DispatchContractBindingTests.testChangedAuthorityOriginIsNotDispatched' started at 2026-10-07 19:52:24.599
Test Case 'DispatchContractBindingTests.testChangedAuthorityOriginIsNotDispatched' passed (0.001 seconds)
Test Case 'DispatchContractBindingTests.testChangedEndpointIsNotDispatched' started at 2026-10-07 19:52:24.600
Test Case 'DispatchContractBindingTests.testChangedEndpointIsNotDispatched' passed (0.001 seconds)
Test Case 'DispatchContractBindingTests.testChangedInvocationOrProviderIsNotDispatched' started at 2026-10-07 19:52:24.601
Test Case 'DispatchContractBindingTests.testChangedInvocationOrProviderIsNotDispatched' passed (0.002 seconds)
Test Case 'DispatchContractBindingTests.testChangedSchemaOrMethodIsNotDispatched' started at 2026-10-07 19:52:24.604
Test Case 'DispatchContractBindingTests.testChangedSchemaOrMethodIsNotDispatched' passed (0.003 seconds)
Test Case 'DispatchContractBindingTests.testConfirmationStillStopsBeforeRevalidationOrDispatch' started at 2026-10-07 19:52:24.607
Test Case 'DispatchContractBindingTests.testConfirmationStillStopsBeforeRevalidationOrDispatch' passed (0.001 seconds)
Test Case 'DispatchContractBindingTests.testConflictingDuplicateCannotHideBehindFirstMatch' started at 2026-10-07 19:52:24.607
Test Case 'DispatchContractBindingTests.testConflictingDuplicateCannotHideBehindFirstMatch' passed (0.002 seconds)
Test Case 'DispatchContractBindingTests.testDelegatedVerificationCannotBypassBinding' started at 2026-10-07 19:52:24.609
Test Case 'DispatchContractBindingTests.testDelegatedVerificationCannotBypassBinding' passed (0.003 seconds)
Test Case 'DispatchContractBindingTests.testDistinctUnicodeAuthorityBytesAreNotConflated' started at 2026-10-07 19:52:24.612
Test Case 'DispatchContractBindingTests.testDistinctUnicodeAuthorityBytesAreNotConflated' passed (0.001 seconds)
Test Case 'DispatchContractBindingTests.testEngineAssignedOwnershipStillWinsOverProviderMetadata' started at 2026-10-07 19:52:24.613
Test Case 'DispatchContractBindingTests.testEngineAssignedOwnershipStillWinsOverProviderMetadata' passed (0.002 seconds)
Test Case 'DispatchContractBindingTests.testEquivalentRecreatedReflectorRemainsUsable' started at 2026-10-07 19:52:24.615
Test Case 'DispatchContractBindingTests.testEquivalentRecreatedReflectorRemainsUsable' passed (0.001 seconds)
Test Case 'DispatchContractBindingTests.testFailedRevalidationIsNotDispatched' started at 2026-10-07 19:52:24.617
Test Case 'DispatchContractBindingTests.testFailedRevalidationIsNotDispatched' passed (0.001 seconds)
Test Case 'DispatchContractBindingTests.testIdenticalDuplicateDoesNotBreakExistingProviders' started at 2026-10-07 19:52:24.618
Test Case 'DispatchContractBindingTests.testIdenticalDuplicateDoesNotBreakExistingProviders' passed (0.001 seconds)
Test Case 'DispatchContractBindingTests.testMetadataKeyOrderDoesNotInvalidateContract' started at 2026-10-07 19:52:24.619
Test Case 'DispatchContractBindingTests.testMetadataKeyOrderDoesNotInvalidateContract' passed (0.002 seconds)
Test Case 'DispatchContractBindingTests.testSafetyEscalationCannotInheritUnconfirmedRead' started at 2026-10-07 19:52:24.621
Test Case 'DispatchContractBindingTests.testSafetyEscalationCannotInheritUnconfirmedRead' passed (0.002 seconds)
Test Case 'DispatchContractBindingTests.testWithdrawnCapabilityIsNotDispatched' started at 2026-10-07 19:52:24.622
Test Case 'DispatchContractBindingTests.testWithdrawnCapabilityIsNotDispatched' passed (0.001 seconds)
Test Suite 'DispatchContractBindingTests' passed at 2026-10-07 19:52:24.623
	 Executed 15 tests, with 0 failures (0 unexpected) in 0.024 (0.024) seconds
Test Suite 'ExecutionCapacityAdmissionTests' started at 2026-10-07 19:52:24.623
Test Case 'ExecutionCapacityAdmissionTests.testFullActiveHistoryRefusesBothEngineEntryPointsBeforeProviderStart' started at 2026-10-07 19:52:24.623
Test Case 'ExecutionCapacityAdmissionTests.testFullActiveHistoryRefusesBothEngineEntryPointsBeforeProviderStart' passed (1.695 seconds)
Test Case 'ExecutionCapacityAdmissionTests.testThrowingBeginReleasesReservationForBothEngineEntryPoints' started at 2026-10-07 19:52:26.318
Test Case 'ExecutionCapacityAdmissionTests.testThrowingBeginReleasesReservationForBothEngineEntryPoints' passed (0.12 seconds)
Test Suite 'ExecutionCapacityAdmissionTests' passed at 2026-10-07 19:52:26.438
	 Executed 2 tests, with 0 failures (0 unexpected) in 1.815 (1.815) seconds
Test Suite 'ExecutionRetentionTests' started at 2026-10-07 19:52:26.438
Test Case 'ExecutionRetentionTests.testActualLargeEvidenceAndRecordFloodRespectIndependentBounds' started at 2026-10-07 19:52:26.438
Test Case 'ExecutionRetentionTests.testActualLargeEvidenceAndRecordFloodRespectIndependentBounds' passed (0.053 seconds)
Test Case 'ExecutionRetentionTests.testByteCapacityRefusalPreservesEveryExistingActiveReservation' started at 2026-10-07 19:52:26.491
Test Case 'ExecutionRetentionTests.testByteCapacityRefusalPreservesEveryExistingActiveReservation' passed (0.002 seconds)
Test Case 'ExecutionRetentionTests.testBytePressureEvictsOldestTerminalAndReadsNeverRefreshOrder' started at 2026-10-07 19:52:26.493
Test Case 'ExecutionRetentionTests.testBytePressureEvictsOldestTerminalAndReadsNeverRefreshOrder' passed (0.102 seconds)
Test Case 'ExecutionRetentionTests.testCompactedRCIRAcceptedTaskRetainsPendingOwnershipUntilTerminalSnapshot' started at 2026-10-07 19:52:26.595
Test Case 'ExecutionRetentionTests.testCompactedRCIRAcceptedTaskRetainsPendingOwnershipUntilTerminalSnapshot' passed (0.002 seconds)
Test Case 'ExecutionRetentionTests.testConcurrentUpdatesKeepSynchronizedAccountingAndActiveCallbacks' started at 2026-10-07 19:52:26.597
Test Case 'ExecutionRetentionTests.testConcurrentUpdatesKeepSynchronizedAccountingAndActiveCallbacks' passed (0.11 seconds)
Test Case 'ExecutionRetentionTests.testLargeActualSignedReceiptCompactionRetainsDigestWithoutInventingReceipt' started at 2026-10-07 19:52:26.706
Test Case 'ExecutionRetentionTests.testLargeActualSignedReceiptCompactionRetainsDigestWithoutInventingReceipt' passed (0.012 seconds)
Test Case 'ExecutionRetentionTests.testMonotonicExpiryIgnoresRegressionAndUpdatesReadsDoNotExtendTTL' started at 2026-10-07 19:52:26.718
Test Case 'ExecutionRetentionTests.testMonotonicExpiryIgnoresRegressionAndUpdatesReadsDoNotExtendTTL' passed (0.0 seconds)
Test Case 'ExecutionRetentionTests.testStartedReservationsSurviveExpiryAndFloodThenReleaseAtTerminalCallback' started at 2026-10-07 19:52:26.718
Test Case 'ExecutionRetentionTests.testStartedReservationsSurviveExpiryAndFloodThenReleaseAtTerminalCallback' passed (0.004 seconds)
Test Case 'ExecutionRetentionTests.testUnconfirmedAwaitingUserDoesNotReserveActiveCapacity' started at 2026-10-07 19:52:26.722
Test Case 'ExecutionRetentionTests.testUnconfirmedAwaitingUserDoesNotReserveActiveCapacity' passed (0.0 seconds)
Test Case 'ExecutionRetentionTests.testUpdateReaccountsLargeAndShrinkingOutputsAndCannotMoveIdentity' started at 2026-10-07 19:52:26.722
Test Case 'ExecutionRetentionTests.testUpdateReaccountsLargeAndShrinkingOutputsAndCannotMoveIdentity' passed (0.002 seconds)
Test Suite 'ExecutionRetentionTests' passed at 2026-10-07 19:52:26.724
	 Executed 10 tests, with 0 failures (0 unexpected) in 0.286 (0.286) seconds
Test Suite 'GRPCRealProviderAcceptanceTests' started at 2026-10-07 19:52:26.724
Test Case 'GRPCRealProviderAcceptanceTests.testRealServerReflectionDiscoversProviderCapabilities' started at 2026-10-07 19:52:26.724
/src/Tests/RightClickCoreTests/GRPCRealProviderAcceptanceTests.swift:21: GRPCRealProviderAcceptanceTests.testRealServerReflectionDiscoversProviderCapabilities : Test skipped - RIGHTCLICK_GRPC_REAL_HOST required for real gRPC reflection acceptance.
Test Case 'GRPCRealProviderAcceptanceTests.testRealServerReflectionDiscoversProviderCapabilities' skipped (0.0 seconds)
Test Suite 'GRPCRealProviderAcceptanceTests' passed at 2026-10-07 19:52:26.725
	 Executed 1 test, with 1 test skipped and 0 failures (0 unexpected) in 0.0 (0.0) seconds
Test Suite 'GRPCReflectionTransportTests' started at 2026-10-07 19:52:26.725
Test Case 'GRPCReflectionTransportTests.testFileDescriptorResponseReturnsRawDescriptorBytes' started at 2026-10-07 19:52:26.725
Test Case 'GRPCReflectionTransportTests.testFileDescriptorResponseReturnsRawDescriptorBytes' passed (0.0 seconds)
Test Case 'GRPCReflectionTransportTests.testListServicesResponseParsesStandardReflectionEnvelope' started at 2026-10-07 19:52:26.725
Test Case 'GRPCReflectionTransportTests.testListServicesResponseParsesStandardReflectionEnvelope' passed (0.103 seconds)
Test Case 'GRPCReflectionTransportTests.testReflectionRequestsUseStandardWireFieldNumbers' started at 2026-10-07 19:52:26.828
Test Case 'GRPCReflectionTransportTests.testReflectionRequestsUseStandardWireFieldNumbers' passed (0.0 seconds)
Test Suite 'GRPCReflectionTransportTests' passed at 2026-10-07 19:52:26.828
	 Executed 3 tests, with 0 failures (0 unexpected) in 0.103 (0.103) seconds
Test Suite 'GRPCReflectorTests' started at 2026-10-07 19:52:26.828
Test Case 'GRPCReflectorTests.testDescriptorReflectsUnaryAndStreamingMethodsWithoutGeneratedStubs' started at 2026-10-07 19:52:26.828
Test Case 'GRPCReflectorTests.testDescriptorReflectsUnaryAndStreamingMethodsWithoutGeneratedStubs' passed (0.012 seconds)
Test Case 'GRPCReflectorTests.testStreamingMethodFailsClosedBeforeTransport' started at 2026-10-07 19:52:26.841
Test Case 'GRPCReflectorTests.testStreamingMethodFailsClosedBeforeTransport' passed (0.002 seconds)
Test Case 'GRPCReflectorTests.testUnaryExecutionEncodesAndDecodesDynamicProtobuf' started at 2026-10-07 19:52:26.843
Test Case 'GRPCReflectorTests.testUnaryExecutionEncodesAndDecodesDynamicProtobuf' passed (0.008 seconds)
Test Case 'GRPCReflectorTests.testUnknownArgumentFailsBeforeTransport' started at 2026-10-07 19:52:26.850
Test Case 'GRPCReflectorTests.testUnknownArgumentFailsBeforeTransport' passed (0.105 seconds)
Test Suite 'GRPCReflectorTests' passed at 2026-10-07 19:52:26.955
	 Executed 4 tests, with 0 failures (0 unexpected) in 0.126 (0.126) seconds
Test Suite 'GraphQLReflectorTests' started at 2026-10-07 19:52:26.955
Test Case 'GraphQLReflectorTests.testExecutesMutationWithJSONEncodedInputObject' started at 2026-10-07 19:52:26.955
Test Case 'GraphQLReflectorTests.testExecutesMutationWithJSONEncodedInputObject' passed (0.014 seconds)
Test Case 'GraphQLReflectorTests.testExecutesQueryWithVariablesAndSynthesizedSelection' started at 2026-10-07 19:52:26.969
Test Case 'GraphQLReflectorTests.testExecutesQueryWithVariablesAndSynthesizedSelection' passed (0.013 seconds)
Test Case 'GraphQLReflectorTests.testGraphQLErrorsFailEvenWhenPartialDataExists' started at 2026-10-07 19:52:26.982
Test Case 'GraphQLReflectorTests.testGraphQLErrorsFailEvenWhenPartialDataExists' passed (0.01 seconds)
Test Case 'GraphQLReflectorTests.testInvalidNestedEnumFailsBeforeTransport' started at 2026-10-07 19:52:26.992
Test Case 'GraphQLReflectorTests.testInvalidNestedEnumFailsBeforeTransport' passed (0.007 seconds)
Test Case 'GraphQLReflectorTests.testMutationRequiresConfirmationBeforeTransport' started at 2026-10-07 19:52:27.000
Test Case 'GraphQLReflectorTests.testMutationRequiresConfirmationBeforeTransport' passed (0.003 seconds)
Test Case 'GraphQLReflectorTests.testReflectsQueriesAndMutationsBehindGenericCapabilities' started at 2026-10-07 19:52:27.002
Test Case 'GraphQLReflectorTests.testReflectsQueriesAndMutationsBehindGenericCapabilities' passed (0.002 seconds)
Test Suite 'GraphQLReflectorTests' passed at 2026-10-07 19:52:27.004
	 Executed 6 tests, with 0 failures (0 unexpected) in 0.049 (0.049) seconds
Test Suite 'HostProtectedReferenceTests' started at 2026-10-07 19:52:27.004
Test Case 'HostProtectedReferenceTests.testBroaderNativeReadAuthorityIsDenied' started at 2026-10-07 19:52:27.004
Test Case 'HostProtectedReferenceTests.testBroaderNativeReadAuthorityIsDenied' passed (0.003 seconds)
Test Case 'HostProtectedReferenceTests.testConfiguredPolicySigningAndObserverReferencesUseOneProtectedBackend' started at 2026-10-07 19:52:27.007
Test Case 'HostProtectedReferenceTests.testConfiguredPolicySigningAndObserverReferencesUseOneProtectedBackend' passed (0.004 seconds)
Test Case 'HostProtectedReferenceTests.testDirectoriesAndOversizedFilesNeverBecomeReferences' started at 2026-10-07 19:52:27.011
Test Case 'HostProtectedReferenceTests.testDirectoriesAndOversizedFilesNeverBecomeReferences' passed (0.002 seconds)
Test Case 'HostProtectedReferenceTests.testPrivateSnapshotRetainsExactBytesWhenSelectedSourceChanges' started at 2026-10-07 19:52:27.012
Test Case 'HostProtectedReferenceTests.testPrivateSnapshotRetainsExactBytesWhenSelectedSourceChanges' passed (0.003 seconds)
Test Suite 'HostProtectedReferenceTests' passed at 2026-10-07 19:52:27.016
	 Executed 4 tests, with 0 failures (0 unexpected) in 0.012 (0.012) seconds
Test Suite 'InvocationBindingTests' started at 2026-10-07 19:52:27.016
Test Case 'InvocationBindingTests.testFreshMarkersVerifyForBothTransports' started at 2026-10-07 19:52:27.016
Test Case 'InvocationBindingTests.testFreshMarkersVerifyForBothTransports' passed (1.74 seconds)
Test Case 'InvocationBindingTests.testMatchingStaleKafkaRecordCannotVerifyCurrentAppend' started at 2026-10-07 19:52:28.756
Test Case 'InvocationBindingTests.testMatchingStaleKafkaRecordCannotVerifyCurrentAppend' passed (0.704 seconds)
Test Case 'InvocationBindingTests.testMatchingStaleKubernetesResourceCannotVerifyCurrentCreate' started at 2026-10-07 19:52:29.459
Test Case 'InvocationBindingTests.testMatchingStaleKubernetesResourceCannotVerifyCurrentCreate' passed (1.759 seconds)
Test Suite 'InvocationBindingTests' passed at 2026-10-07 19:52:31.218
	 Executed 3 tests, with 0 failures (0 unexpected) in 4.202 (4.202) seconds
Test Suite 'KafkaAcquisitionStabilityTests' started at 2026-10-07 19:52:31.219
Test Case 'KafkaAcquisitionStabilityTests.testRealMetadataReadinessAndByteBindingCostWithoutConcurrentLoad' started at 2026-10-07 19:52:31.219
/src/Tests/RightClickCoreTests/KafkaAcquisitionStabilityTests.swift:40: KafkaAcquisitionStabilityTests.testRealMetadataReadinessAndByteBindingCostWithoutConcurrentLoad : Test skipped - Real scoped Kafka stability probe not provisioned; no stability GREEN claimed.
Test Case 'KafkaAcquisitionStabilityTests.testRealMetadataReadinessAndByteBindingCostWithoutConcurrentLoad' skipped (0.001 seconds)
Test Case 'KafkaAcquisitionStabilityTests.testRealMetadataReadinessDuringBoundedConcurrentMetadataLoad' started at 2026-10-07 19:52:31.219
/src/Tests/RightClickCoreTests/KafkaAcquisitionStabilityTests.swift:40: KafkaAcquisitionStabilityTests.testRealMetadataReadinessDuringBoundedConcurrentMetadataLoad : Test skipped - Real scoped Kafka stability probe not provisioned; no stability GREEN claimed.
Test Case 'KafkaAcquisitionStabilityTests.testRealMetadataReadinessDuringBoundedConcurrentMetadataLoad' skipped (0.0 seconds)
Test Case 'KafkaAcquisitionStabilityTests.testRealReadinessDuringBoundedConcurrentFreshAcquisition' started at 2026-10-07 19:52:31.220
/src/Tests/RightClickCoreTests/KafkaAcquisitionStabilityTests.swift:40: KafkaAcquisitionStabilityTests.testRealReadinessDuringBoundedConcurrentFreshAcquisition : Test skipped - Real scoped Kafka stability probe not provisioned; no stability GREEN claimed.
Test Case 'KafkaAcquisitionStabilityTests.testRealReadinessDuringBoundedConcurrentFreshAcquisition' skipped (0.0 seconds)
Test Case 'KafkaAcquisitionStabilityTests.testRealReadinessDuringFiveFreshClients' started at 2026-10-07 19:52:31.220
/src/Tests/RightClickCoreTests/KafkaAcquisitionStabilityTests.swift:40: KafkaAcquisitionStabilityTests.testRealReadinessDuringFiveFreshClients : Test skipped - Real scoped Kafka stability probe not provisioned; no stability GREEN claimed.
Test Case 'KafkaAcquisitionStabilityTests.testRealReadinessDuringFiveFreshClients' skipped (0.0 seconds)
Test Suite 'KafkaAcquisitionStabilityTests' passed at 2026-10-07 19:52:31.220
	 Executed 4 tests, with 4 tests skipped and 0 failures (0 unexpected) in 0.002 (0.002) seconds
Test Suite 'KafkaCapabilityTests' started at 2026-10-07 19:52:31.220
Test Case 'KafkaCapabilityTests.testObserverCannotReuseWriterPrincipalAndCredentials' started at 2026-10-07 19:52:31.220
/src/Tests/RightClickCoreTests/KafkaCapabilityTests.swift:19: KafkaCapabilityTests.testObserverCannotReuseWriterPrincipalAndCredentials : Test skipped - Genuine scoped Kafka broker not provisioned; no Kafka GREEN claimed.
Test Case 'KafkaCapabilityTests.testObserverCannotReuseWriterPrincipalAndCredentials' skipped (0.0 seconds)
Test Case 'KafkaCapabilityTests.testRealScopedKafkaHasUnverifiedACKThenIndependentArgumentBoundConsumerReceipt' started at 2026-10-07 19:52:31.221
/src/Tests/RightClickCoreTests/KafkaCapabilityTests.swift:19: KafkaCapabilityTests.testRealScopedKafkaHasUnverifiedACKThenIndependentArgumentBoundConsumerReceipt : Test skipped - Genuine scoped Kafka broker not provisioned; no Kafka GREEN claimed.
Test Case 'KafkaCapabilityTests.testRealScopedKafkaHasUnverifiedACKThenIndependentArgumentBoundConsumerReceipt' skipped (0.104 seconds)
Test Suite 'KafkaCapabilityTests' passed at 2026-10-07 19:52:31.325
	 Executed 2 tests, with 2 tests skipped and 0 failures (0 unexpected) in 0.104 (0.104) seconds
Test Suite 'KubernetesCapabilityArtifactTests' started at 2026-10-07 19:52:31.325
Test Case 'KubernetesCapabilityArtifactTests.testCredentialPluginsAndTLSBypassAreRejectedBeforeAcquisition' started at 2026-10-07 19:52:31.325
Test Case 'KubernetesCapabilityArtifactTests.testCredentialPluginsAndTLSBypassAreRejectedBeforeAcquisition' passed (0.013 seconds)
Test Case 'KubernetesCapabilityArtifactTests.testProviderDescriptorCannotSelectExecutableCredentialOrNamespace' started at 2026-10-07 19:52:31.339
Test Case 'KubernetesCapabilityArtifactTests.testProviderDescriptorCannotSelectExecutableCredentialOrNamespace' passed (0.0 seconds)
Test Case 'KubernetesCapabilityArtifactTests.testRealNamespaceResourceIsVerifiedThroughIndependentGETIdentity' started at 2026-10-07 19:52:31.339
/src/Tests/RightClickCoreTests/KubernetesCapabilityArtifactTests.swift:45: KubernetesCapabilityArtifactTests.testRealNamespaceResourceIsVerifiedThroughIndependentGETIdentity : Test skipped - Genuine scoped Kubernetes provider not provisioned; this skip is not substrate GREEN.
Test Case 'KubernetesCapabilityArtifactTests.testRealNamespaceResourceIsVerifiedThroughIndependentGETIdentity' skipped (0.0 seconds)
Test Suite 'KubernetesCapabilityArtifactTests' passed at 2026-10-07 19:52:31.339
	 Executed 3 tests, with 1 test skipped and 0 failures (0 unexpected) in 0.014 (0.014) seconds
Test Suite 'MOAT004G1AcquisitionTests' started at 2026-10-07 19:52:31.339
Test Case 'MOAT004G1AcquisitionTests.testExactFrozenGitHubSpecificationLoadsThroughOpenAPISpecificBound' started at 2026-10-07 19:52:31.339
/src/Tests/RightClickCoreTests/MOAT004G1AcquisitionTests.swift:320: MOAT004G1AcquisitionTests.testExactFrozenGitHubSpecificationLoadsThroughOpenAPISpecificBound : Test skipped - MOAT004_G1_SPEC_URL and MOAT004_G1_SPEC_SHA256 required.
Test Case 'MOAT004G1AcquisitionTests.testExactFrozenGitHubSpecificationLoadsThroughOpenAPISpecificBound' skipped (0.0 seconds)
Test Case 'MOAT004G1AcquisitionTests.testFrozenBoundsRemainExplicit' started at 2026-10-07 19:52:31.340
Test Case 'MOAT004G1AcquisitionTests.testFrozenBoundsRemainExplicit' passed (0.0 seconds)
Test Case 'MOAT004G1AcquisitionTests.testGenericDefaultLoaderStillRejectsOneByteOverOneMiB' started at 2026-10-07 19:52:31.340
Test Case 'MOAT004G1AcquisitionTests.testGenericDefaultLoaderStillRejectsOneByteOverOneMiB' passed (0.007 seconds)
Test Case 'MOAT004G1AcquisitionTests.testOpenAPISpecificationLoaderAcceptsFrozenGitHubSize' started at 2026-10-07 19:52:31.347
Test Case 'MOAT004G1AcquisitionTests.testOpenAPISpecificationLoaderAcceptsFrozenGitHubSize' passed (0.021 seconds)
Test Case 'MOAT004G1AcquisitionTests.testOpenAPISpecificationLoaderRejectsOneByteOverSixteenMiB' started at 2026-10-07 19:52:31.368
Test Case 'MOAT004G1AcquisitionTests.testOpenAPISpecificationLoaderRejectsOneByteOverSixteenMiB' passed (0.004 seconds)
Test Case 'MOAT004G1AcquisitionTests.testOpenAPISpecificationLoaderRejectsRedirectResponse' started at 2026-10-07 19:52:31.372
Test Case 'MOAT004G1AcquisitionTests.testOpenAPISpecificationLoaderRejectsRedirectResponse' passed (0.001 seconds)
Test Suite 'MOAT004G1AcquisitionTests' passed at 2026-10-07 19:52:31.373
	 Executed 6 tests, with 1 test skipped and 0 failures (0 unexpected) in 0.033 (0.033) seconds
Test Suite 'MOAT004G2SplitOriginTests' started at 2026-10-07 19:52:31.373
Test Case 'MOAT004G2SplitOriginTests.testAbsoluteHTTPSModeLoadsSpecificationFromIndependentOriginAndReflectsBaseOrigin' started at 2026-10-07 19:52:31.373
Test Case 'MOAT004G2SplitOriginTests.testAbsoluteHTTPSModeLoadsSpecificationFromIndependentOriginAndReflectsBaseOrigin' passed (0.003 seconds)
Test Case 'MOAT004G2SplitOriginTests.testAbsoluteModeRequiresBothSpecificationAndBaseURLs' started at 2026-10-07 19:52:31.376
Test Case 'MOAT004G2SplitOriginTests.testAbsoluteModeRequiresBothSpecificationAndBaseURLs' passed (0.001 seconds)
Test Case 'MOAT004G2SplitOriginTests.testAbsoluteModeRequiresHTTPS' started at 2026-10-07 19:52:31.377
Test Case 'MOAT004G2SplitOriginTests.testAbsoluteModeRequiresHTTPS' passed (0.001 seconds)
Test Case 'MOAT004G2SplitOriginTests.testDeclaredLiteralServerMustMatchAdvertisedExecutionBase' started at 2026-10-07 19:52:31.377
Test Case 'MOAT004G2SplitOriginTests.testDeclaredLiteralServerMustMatchAdvertisedExecutionBase' passed (0.001 seconds)
Test Case 'MOAT004G2SplitOriginTests.testExactFrozenGitHubContractAcceptsSplitOriginButTargetRemainsOutsideG2' started at 2026-10-07 19:52:31.378
/src/Tests/RightClickCoreTests/MOAT004G2SplitOriginTests.swift:646: MOAT004G2SplitOriginTests.testExactFrozenGitHubContractAcceptsSplitOriginButTargetRemainsOutsideG2 : Test skipped - MOAT004_G2_SPEC_PATH and MOAT004_G2_SPEC_URL required.
Test Case 'MOAT004G2SplitOriginTests.testExactFrozenGitHubContractAcceptsSplitOriginButTargetRemainsOutsideG2' skipped (0.0 seconds)
Test Case 'MOAT004G2SplitOriginTests.testLegacyRelativeAdvertisementModeRemainsSupported' started at 2026-10-07 19:52:31.379
Test Case 'MOAT004G2SplitOriginTests.testLegacyRelativeAdvertisementModeRemainsSupported' passed (0.001 seconds)
Test Case 'MOAT004G2SplitOriginTests.testLiteralServerAndExecutionBaseCanonicalizeBeforeComparison' started at 2026-10-07 19:52:31.380
Test Case 'MOAT004G2SplitOriginTests.testLiteralServerAndExecutionBaseCanonicalizeBeforeComparison' passed (0.002 seconds)
Test Case 'MOAT004G2SplitOriginTests.testMixedLegacyAndAbsoluteAdvertisementModesAreRejected' started at 2026-10-07 19:52:31.381
Test Case 'MOAT004G2SplitOriginTests.testMixedLegacyAndAbsoluteAdvertisementModesAreRejected' passed (0.001 seconds)
Test Case 'MOAT004G2SplitOriginTests.testServerVariablesRemainUnsupported' started at 2026-10-07 19:52:31.382
Test Case 'MOAT004G2SplitOriginTests.testServerVariablesRemainUnsupported' passed (0.001 seconds)
Test Suite 'MOAT004G2SplitOriginTests' passed at 2026-10-07 19:52:31.383
	 Executed 9 tests, with 1 test skipped and 0 failures (0 unexpected) in 0.009 (0.009) seconds
Test Suite 'MOAT004G3ZeroArgumentGETTests' started at 2026-10-07 19:52:31.383
Test Case 'MOAT004G3ZeroArgumentGETTests.testAbsentOperationParametersReflectsZeroArgumentGETWithoutArgumentsSchema' started at 2026-10-07 19:52:31.383
Test Case 'MOAT004G3ZeroArgumentGETTests.testAbsentOperationParametersReflectsZeroArgumentGETWithoutArgumentsSchema' passed (0.002 seconds)
Test Case 'MOAT004G3ZeroArgumentGETTests.testExistingRequiredStringPathGETRemainsSupported' started at 2026-10-07 19:52:31.385
Test Case 'MOAT004G3ZeroArgumentGETTests.testExistingRequiredStringPathGETRemainsSupported' passed (0.003 seconds)
Test Case 'MOAT004G3ZeroArgumentGETTests.testExplicitEmptyOperationParametersAlsoReflectZeroArgumentGET' started at 2026-10-07 19:52:31.389
Test Case 'MOAT004G3ZeroArgumentGETTests.testExplicitEmptyOperationParametersAlsoReflectZeroArgumentGET' passed (0.002 seconds)
Test Case 'MOAT004G3ZeroArgumentGETTests.testFrozenGitHubAuthenticatedUserStillDoesNotReflectUntilG4' started at 2026-10-07 19:52:31.391
/src/Tests/RightClickCoreTests/MOAT004G3ZeroArgumentGETTests.swift:704: MOAT004G3ZeroArgumentGETTests.testFrozenGitHubAuthenticatedUserStillDoesNotReflectUntilG4 : Test skipped - MOAT004_G3_SPEC_PATH required.
Test Case 'MOAT004G3ZeroArgumentGETTests.testFrozenGitHubAuthenticatedUserStillDoesNotReflectUntilG4' skipped (0.0 seconds)
Test Case 'MOAT004G3ZeroArgumentGETTests.testGETWithRequestBodyDoesNotBecomeZeroArgumentGET' started at 2026-10-07 19:52:31.391
Test Case 'MOAT004G3ZeroArgumentGETTests.testGETWithRequestBodyDoesNotBecomeZeroArgumentGET' passed (0.001 seconds)
Test Case 'MOAT004G3ZeroArgumentGETTests.testPathLevelParametersDoNotBecomeZeroArgumentGET' started at 2026-10-07 19:52:31.393
Test Case 'MOAT004G3ZeroArgumentGETTests.testPathLevelParametersDoNotBecomeZeroArgumentGET' passed (0.002 seconds)
Test Case 'MOAT004G3ZeroArgumentGETTests.testQueryParameterGETDoesNotBecomeZeroArgumentGET' started at 2026-10-07 19:52:31.394
Test Case 'MOAT004G3ZeroArgumentGETTests.testQueryParameterGETDoesNotBecomeZeroArgumentGET' passed (0.001 seconds)
Test Case 'MOAT004G3ZeroArgumentGETTests.testZeroArgumentGETExecutesWithoutBodyOrContentType' started at 2026-10-07 19:52:31.395
Test Case 'MOAT004G3ZeroArgumentGETTests.testZeroArgumentGETExecutesWithoutBodyOrContentType' passed (0.114 seconds)
Test Case 'MOAT004G3ZeroArgumentGETTests.testZeroArgumentGETRejectsUnexpectedArgumentsBeforeTransport' started at 2026-10-07 19:52:31.509
Test Case 'MOAT004G3ZeroArgumentGETTests.testZeroArgumentGETRejectsUnexpectedArgumentsBeforeTransport' passed (0.005 seconds)
Test Suite 'MOAT004G3ZeroArgumentGETTests' passed at 2026-10-07 19:52:31.514
	 Executed 9 tests, with 1 test skipped and 0 failures (0 unexpected) in 0.131 (0.131) seconds
Test Suite 'MOAT004G4JSONSyntaxFallbackTests' started at 2026-10-07 19:52:31.514
Test Case 'MOAT004G4JSONSyntaxFallbackTests.testFrozenGitHubUserReflectsForFirstTimeButHasNoExternalAuthorityYet' started at 2026-10-07 19:52:31.514
/src/Tests/RightClickCoreTests/MOAT004G4JSONSyntaxFallbackTests.swift:749: MOAT004G4JSONSyntaxFallbackTests.testFrozenGitHubUserReflectsForFirstTimeButHasNoExternalAuthorityYet : Test skipped - MOAT004_G4_SPEC_PATH required.
Test Case 'MOAT004G4JSONSyntaxFallbackTests.testFrozenGitHubUserReflectsForFirstTimeButHasNoExternalAuthorityYet' skipped (0.001 seconds)
Test Case 'MOAT004G4JSONSyntaxFallbackTests.testGETWithoutDeclaredJSONSchemaStillAbstains' started at 2026-10-07 19:52:31.514
Test Case 'MOAT004G4JSONSyntaxFallbackTests.testGETWithoutDeclaredJSONSchemaStillAbstains' passed (0.001 seconds)
Test Case 'MOAT004G4JSONSyntaxFallbackTests.testMutatingOperationWithUnsupportedJSONResponseUsesSyntaxOnlyMetadata' started at 2026-10-07 19:52:31.516
Test Case 'MOAT004G4JSONSyntaxFallbackTests.testMutatingOperationWithUnsupportedJSONResponseUsesSyntaxOnlyMetadata' passed (0.001 seconds)
Test Case 'MOAT004G4JSONSyntaxFallbackTests.testStrongClosedResponseSchemaRemainsPreferred' started at 2026-10-07 19:52:31.517
Test Case 'MOAT004G4JSONSyntaxFallbackTests.testStrongClosedResponseSchemaRemainsPreferred' passed (0.001 seconds)
Test Case 'MOAT004G4JSONSyntaxFallbackTests.testSyntaxOnlyGETAcceptsAndCanonicalizesValidJSON' started at 2026-10-07 19:52:31.518
Test Case 'MOAT004G4JSONSyntaxFallbackTests.testSyntaxOnlyGETAcceptsAndCanonicalizesValidJSON' passed (0.007 seconds)
Test Case 'MOAT004G4JSONSyntaxFallbackTests.testSyntaxOnlyGETRejectsInvalidJSON' started at 2026-10-07 19:52:31.526
Test Case 'MOAT004G4JSONSyntaxFallbackTests.testSyntaxOnlyGETRejectsInvalidJSON' passed (0.007 seconds)
Test Case 'MOAT004G4JSONSyntaxFallbackTests.testSyntaxOnlyGETStillRequiresApplicationJSONContentType' started at 2026-10-07 19:52:31.533
Test Case 'MOAT004G4JSONSyntaxFallbackTests.testSyntaxOnlyGETStillRequiresApplicationJSONContentType' passed (0.008 seconds)
Test Case 'MOAT004G4JSONSyntaxFallbackTests.testUnsupportedDeclaredJSONSchemaReflectsGETWithSyntaxOnlyMetadata' started at 2026-10-07 19:52:31.541
Test Case 'MOAT004G4JSONSyntaxFallbackTests.testUnsupportedDeclaredJSONSchemaReflectsGETWithSyntaxOnlyMetadata' passed (0.001 seconds)
Test Suite 'MOAT004G4JSONSyntaxFallbackTests' passed at 2026-10-07 19:52:31.542
	 Executed 8 tests, with 1 test skipped and 0 failures (0 unexpected) in 0.028 (0.028) seconds
Test Suite 'MOAT004G6RealGitHubAuthenticatedCompatibilityTests' started at 2026-10-07 19:52:31.542
Test Case 'MOAT004G6RealGitHubAuthenticatedCompatibilityTests.testFrozenOfficialContractDiscoversExactAuthenticatedUserCapability' started at 2026-10-07 19:52:31.542
/src/Tests/RightClickCoreTests/MOAT004G6RealGitHubAuthenticatedCompatibilityTests.swift:21: MOAT004G6RealGitHubAuthenticatedCompatibilityTests.testFrozenOfficialContractDiscoversExactAuthenticatedUserCapability : Test skipped - MOAT004_G6_SPEC_URL required.
Test Case 'MOAT004G6RealGitHubAuthenticatedCompatibilityTests.testFrozenOfficialContractDiscoversExactAuthenticatedUserCapability' skipped (0.0 seconds)
Test Case 'MOAT004G6RealGitHubAuthenticatedCompatibilityTests.testRealAuthenticatedGitHubUserMatchesIndependentControl' started at 2026-10-07 19:52:31.542
/src/Tests/RightClickCoreTests/MOAT004G6RealGitHubAuthenticatedCompatibilityTests.swift:21: MOAT004G6RealGitHubAuthenticatedCompatibilityTests.testRealAuthenticatedGitHubUserMatchesIndependentControl : Test skipped - MOAT004_G6_EXPECTED_LOGIN required.
Test Case 'MOAT004G6RealGitHubAuthenticatedCompatibilityTests.testRealAuthenticatedGitHubUserMatchesIndependentControl' skipped (0.0 seconds)
Test Suite 'MOAT004G6RealGitHubAuthenticatedCompatibilityTests' passed at 2026-10-07 19:52:31.542
	 Executed 2 tests, with 2 tests skipped and 0 failures (0 unexpected) in 0.0 (0.0) seconds
Test Suite 'MOAT005G1PathAndJSONBodyTests' started at 2026-10-07 19:52:31.542
Test Case 'MOAT005G1PathAndJSONBodyTests.testCombinedContractRejectsUnknownArgumentBeforeTransport' started at 2026-10-07 19:52:31.542
Test Case 'MOAT005G1PathAndJSONBodyTests.testCombinedContractRejectsUnknownArgumentBeforeTransport' passed (0.005 seconds)
Test Case 'MOAT005G1PathAndJSONBodyTests.testPathAndBodyNameCollisionAbstains' started at 2026-10-07 19:52:31.548
Test Case 'MOAT005G1PathAndJSONBodyTests.testPathAndBodyNameCollisionAbstains' passed (0.002 seconds)
Test Case 'MOAT005G1PathAndJSONBodyTests.testPathAndJSONBodyPartitionsArgumentsBeforeTransport' started at 2026-10-07 19:52:31.549
Test Case 'MOAT005G1PathAndJSONBodyTests.testPathAndJSONBodyPartitionsArgumentsBeforeTransport' passed (0.011 seconds)
Test Case 'MOAT005G1PathAndJSONBodyTests.testPathAndJSONBodyReflectOneCombinedClosedArgumentSchema' started at 2026-10-07 19:52:31.560
Test Case 'MOAT005G1PathAndJSONBodyTests.testPathAndJSONBodyReflectOneCombinedClosedArgumentSchema' passed (0.003 seconds)
Test Suite 'MOAT005G1PathAndJSONBodyTests' passed at 2026-10-07 19:52:31.563
	 Executed 4 tests, with 0 failures (0 unexpected) in 0.021 (0.021) seconds
Test Suite 'MOAT005G2MultiplePathArgumentsTests' started at 2026-10-07 19:52:31.563
Test Case 'MOAT005G2MultiplePathArgumentsTests.testDuplicatePathParameterNamesAbstain' started at 2026-10-07 19:52:31.563
Test Case 'MOAT005G2MultiplePathArgumentsTests.testDuplicatePathParameterNamesAbstain' passed (0.002 seconds)
Test Case 'MOAT005G2MultiplePathArgumentsTests.testMissingOneRequiredPathArgumentFailsBeforeTransport' started at 2026-10-07 19:52:31.565
Test Case 'MOAT005G2MultiplePathArgumentsTests.testMissingOneRequiredPathArgumentFailsBeforeTransport' passed (0.107 seconds)
Test Case 'MOAT005G2MultiplePathArgumentsTests.testMultiplePathArgumentsReflectInCombinedSchema' started at 2026-10-07 19:52:31.672
Test Case 'MOAT005G2MultiplePathArgumentsTests.testMultiplePathArgumentsReflectInCombinedSchema' passed (0.002 seconds)
Test Case 'MOAT005G2MultiplePathArgumentsTests.testMultiplePathArgumentsSubstituteAndPartition' started at 2026-10-07 19:52:31.674
Test Case 'MOAT005G2MultiplePathArgumentsTests.testMultiplePathArgumentsSubstituteAndPartition' passed (0.013 seconds)
Test Suite 'MOAT005G2MultiplePathArgumentsTests' passed at 2026-10-07 19:52:31.687
	 Executed 4 tests, with 0 failures (0 unexpected) in 0.123 (0.123) seconds
Test Suite 'MOAT005G3GitHubRequestSchemaTests' started at 2026-10-07 19:52:31.687
Test Case 'MOAT005G3GitHubRequestSchemaTests.testFrozenGitHubRequestSchemaReflectsThroughSafeNarrowing' started at 2026-10-07 19:52:31.687
Test Case 'MOAT005G3GitHubRequestSchemaTests.testFrozenGitHubRequestSchemaReflectsThroughSafeNarrowing' passed (0.003 seconds)
Test Case 'MOAT005G3GitHubRequestSchemaTests.testNarrowedSchemaRetainsRequiredTitleAndOptionalBody' started at 2026-10-07 19:52:31.690
Test Case 'MOAT005G3GitHubRequestSchemaTests.testNarrowedSchemaRetainsRequiredTitleAndOptionalBody' passed (0.002 seconds)
Test Case 'MOAT005G3GitHubRequestSchemaTests.testTitleOneOfIsSafelyNarrowedToString' started at 2026-10-07 19:52:31.693
Test Case 'MOAT005G3GitHubRequestSchemaTests.testTitleOneOfIsSafelyNarrowedToString' passed (0.002 seconds)
Test Case 'MOAT005G3GitHubRequestSchemaTests.testUnsupportedOptionalProviderFieldIsRejectedBeforeTransport' started at 2026-10-07 19:52:31.695
Test Case 'MOAT005G3GitHubRequestSchemaTests.testUnsupportedOptionalProviderFieldIsRejectedBeforeTransport' passed (0.005 seconds)
Test Suite 'MOAT005G3GitHubRequestSchemaTests' passed at 2026-10-07 19:52:31.700
	 Executed 4 tests, with 0 failures (0 unexpected) in 0.013 (0.013) seconds
Test Suite 'MOAT005G4MutationJSONResponseFallbackTests' started at 2026-10-07 19:52:31.700
Test Case 'MOAT005G4MutationJSONResponseFallbackTests.testMalformed201JSONFailsProviderContract' started at 2026-10-07 19:52:31.700
Test Case 'MOAT005G4MutationJSONResponseFallbackTests.testMalformed201JSONFailsProviderContract' passed (0.01 seconds)
Test Case 'MOAT005G4MutationJSONResponseFallbackTests.testRealMutationResponseReflectsWithJSONSyntaxFallback' started at 2026-10-07 19:52:31.710
Test Case 'MOAT005G4MutationJSONResponseFallbackTests.testRealMutationResponseReflectsWithJSONSyntaxFallback' passed (0.002 seconds)
Test Case 'MOAT005G4MutationJSONResponseFallbackTests.testValidRealStyle201JSONIsAcceptedButUnverified' started at 2026-10-07 19:52:31.712
Test Case 'MOAT005G4MutationJSONResponseFallbackTests.testValidRealStyle201JSONIsAcceptedButUnverified' passed (0.011 seconds)
Test Suite 'MOAT005G4MutationJSONResponseFallbackTests' passed at 2026-10-07 19:52:31.723
	 Executed 3 tests, with 0 failures (0 unexpected) in 0.023 (0.023) seconds
Test Suite 'MOAT005G5FullFrozenGitHubContractTests' started at 2026-10-07 19:52:31.723
Test Case 'MOAT005G5FullFrozenGitHubContractTests.testFullContractExposesExactClosedArguments' started at 2026-10-07 19:52:31.723
Test Case 'MOAT005G5FullFrozenGitHubContractTests.testFullContractExposesExactClosedArguments' passed (1.802 seconds)
Test Case 'MOAT005G5FullFrozenGitHubContractTests.testFullContractUsesOriginBoundExternalAuthority' started at 2026-10-07 19:52:33.525
Test Case 'MOAT005G5FullFrozenGitHubContractTests.testFullContractUsesOriginBoundExternalAuthority' passed (3.355 seconds)
Test Case 'MOAT005G5FullFrozenGitHubContractTests.testFullContractUsesUnverifiedJSONSyntaxResponseFallback' started at 2026-10-07 19:52:36.884
Test Case 'MOAT005G5FullFrozenGitHubContractTests.testFullContractUsesUnverifiedJSONSyntaxResponseFallback' passed (0.826 seconds)
Test Case 'MOAT005G5FullFrozenGitHubContractTests.testFullFrozenOfficialContractDiscoversIssuesCreate' started at 2026-10-07 19:52:37.711
Test Case 'MOAT005G5FullFrozenGitHubContractTests.testFullFrozenOfficialContractDiscoversIssuesCreate' passed (0.698 seconds)
Test Suite 'MOAT005G5FullFrozenGitHubContractTests' passed at 2026-10-07 19:52:38.409
	 Executed 4 tests, with 0 failures (0 unexpected) in 6.682 (6.682) seconds
Test Suite 'MOAT005G6MultiSegmentPathTests' started at 2026-10-07 19:52:38.409
Test Case 'MOAT005G6MultiSegmentPathTests.testDeclaredMultiSegmentPathPreservesHierarchyButOrdinaryArgumentsDoNot' started at 2026-10-07 19:52:38.409
Test Case 'MOAT005G6MultiSegmentPathTests.testDeclaredMultiSegmentPathPreservesHierarchyButOrdinaryArgumentsDoNot' passed (0.013 seconds)
Test Case 'MOAT005G6MultiSegmentPathTests.testDeclaredMultiSegmentPathReflectsAsOrdinaryClosedStringArgument' started at 2026-10-07 19:52:38.423
Test Case 'MOAT005G6MultiSegmentPathTests.testDeclaredMultiSegmentPathReflectsAsOrdinaryClosedStringArgument' passed (0.003 seconds)
Test Case 'MOAT005G6MultiSegmentPathTests.testFullFrozenGitHubContractDiscoversCreateOrUpdateContents' started at 2026-10-07 19:52:38.426
Test Case 'MOAT005G6MultiSegmentPathTests.testFullFrozenGitHubContractDiscoversCreateOrUpdateContents' passed (0.661 seconds)
Test Case 'MOAT005G6MultiSegmentPathTests.testMalformedMultiSegmentExtensionAbstains' started at 2026-10-07 19:52:39.087
Test Case 'MOAT005G6MultiSegmentPathTests.testMalformedMultiSegmentExtensionAbstains' passed (0.002 seconds)
Test Case 'MOAT005G6MultiSegmentPathTests.testMultiSegmentPathTraversalAndEmptySegmentsFailBeforeTransport' started at 2026-10-07 19:52:39.089
Test Case 'MOAT005G6MultiSegmentPathTests.testMultiSegmentPathTraversalAndEmptySegmentsFailBeforeTransport' passed (0.019 seconds)
Test Case 'MOAT005G6MultiSegmentPathTests.testUndeclaredMultiSegmentPathKeepsSlashEncodedAsData' started at 2026-10-07 19:52:39.108
Test Case 'MOAT005G6MultiSegmentPathTests.testUndeclaredMultiSegmentPathKeepsSlashEncodedAsData' passed (0.011 seconds)
Test Suite 'MOAT005G6MultiSegmentPathTests' passed at 2026-10-07 19:52:39.119
	 Executed 6 tests, with 0 failures (0 unexpected) in 0.709 (0.709) seconds
Test Suite 'NativeBoundedHTTPTests' started at 2026-10-07 19:52:39.119
Test Case 'NativeBoundedHTTPTests.testDeadlineCancelsNativeExchangeWithinBound' started at 2026-10-07 19:52:39.119
Test Case 'NativeBoundedHTTPTests.testDeadlineCancelsNativeExchangeWithinBound' passed (0.159 seconds)
Test Case 'NativeBoundedHTTPTests.testDeclaredAndChunkedOversizeNeverReturnAnAdmittedPrefix' started at 2026-10-07 19:52:39.278
Test Case 'NativeBoundedHTTPTests.testDeclaredAndChunkedOversizeNeverReturnAnAdmittedPrefix' passed (0.101 seconds)
Test Case 'NativeBoundedHTTPTests.testNativeCompletionReleasesWaiterAndReturnsExactCap' started at 2026-10-07 19:52:39.379
Test Case 'NativeBoundedHTTPTests.testNativeCompletionReleasesWaiterAndReturnsExactCap' passed (0.129 seconds)
Test Case 'NativeBoundedHTTPTests.testNativeErrorAndPrematureConnectionCloseRemainFailures' started at 2026-10-07 19:52:39.508
Test Case 'NativeBoundedHTTPTests.testNativeErrorAndPrematureConnectionCloseRemainFailures' passed (0.119 seconds)
Test Case 'NativeBoundedHTTPTests.testRedirectNeverReachesNewTarget' started at 2026-10-07 19:52:39.627
Test Case 'NativeBoundedHTTPTests.testRedirectNeverReachesNewTarget' passed (0.098 seconds)
Test Suite 'NativeBoundedHTTPTests' passed at 2026-10-07 19:52:39.725
	 Executed 5 tests, with 0 failures (0 unexpected) in 0.606 (0.606) seconds
Test Suite 'NetworkOriginAuthorityTests' started at 2026-10-07 19:52:39.725
Test Case 'NetworkOriginAuthorityTests.testInvocationRedirectCannotEscapeDiscoveredOrigin' started at 2026-10-07 19:52:39.725
/src/Tests/RightClickCoreTests/NetworkOriginAuthorityTests.swift:33: NetworkOriginAuthorityTests.testInvocationRedirectCannotEscapeDiscoveredOrigin : Test skipped - NS007_SOURCE_PORT and NS007_SINK_PORT required.
Test Case 'NetworkOriginAuthorityTests.testInvocationRedirectCannotEscapeDiscoveredOrigin' skipped (0.0 seconds)
Test Case 'NetworkOriginAuthorityTests.testSpecificationRedirectCannotEscapeDiscoveredOrigin' started at 2026-10-07 19:52:39.725
/src/Tests/RightClickCoreTests/NetworkOriginAuthorityTests.swift:33: NetworkOriginAuthorityTests.testSpecificationRedirectCannotEscapeDiscoveredOrigin : Test skipped - NS007_SOURCE_PORT and NS007_SINK_PORT required.
Test Case 'NetworkOriginAuthorityTests.testSpecificationRedirectCannotEscapeDiscoveredOrigin' skipped (0.0 seconds)
Test Suite 'NetworkOriginAuthorityTests' passed at 2026-10-07 19:52:39.726
	 Executed 2 tests, with 2 tests skipped and 0 failures (0 unexpected) in 0.001 (0.001) seconds
Test Suite 'OAuthOIDCAuthorityTests' started at 2026-10-07 19:52:39.726
Test Case 'OAuthOIDCAuthorityTests.testAuthorizationURLUsesPKCES256AndNeverVerifier' started at 2026-10-07 19:52:39.726
Test Case 'OAuthOIDCAuthorityTests.testAuthorizationURLUsesPKCES256AndNeverVerifier' passed (0.002 seconds)
Test Case 'OAuthOIDCAuthorityTests.testBindingIsExactAcrossIssuerResourceClientAndScopes' started at 2026-10-07 19:52:39.728
Test Case 'OAuthOIDCAuthorityTests.testBindingIsExactAcrossIssuerResourceClientAndScopes' passed (0.0 seconds)
Test Case 'OAuthOIDCAuthorityTests.testKeychainRoundTripIsBoundToExactAuthorityLease' started at 2026-10-07 19:52:39.729
/src/Tests/RightClickCoreTests/OAuthOIDCAuthorityTests.swift:357: OAuthOIDCAuthorityTests.testKeychainRoundTripIsBoundToExactAuthorityLease : Test skipped - Native Keychain adapter requires macOS
Test Case 'OAuthOIDCAuthorityTests.testKeychainRoundTripIsBoundToExactAuthorityLease' skipped (0.0 seconds)
Test Case 'OAuthOIDCAuthorityTests.testLoopbackRedirectAndSecretValidationFailClosed' started at 2026-10-07 19:52:39.729
Test Case 'OAuthOIDCAuthorityTests.testLoopbackRedirectAndSecretValidationFailClosed' passed (0.001 seconds)
Test Case 'OAuthOIDCAuthorityTests.testMetadataDiscoveryURLsPreserveIssuerPathSemantics' started at 2026-10-07 19:52:39.729
Test Case 'OAuthOIDCAuthorityTests.testMetadataDiscoveryURLsPreserveIssuerPathSemantics' passed (0.0 seconds)
Test Case 'OAuthOIDCAuthorityTests.testMetadataRequiresExactIssuerHTTPSAndS256' started at 2026-10-07 19:52:39.730
Test Case 'OAuthOIDCAuthorityTests.testMetadataRequiresExactIssuerHTTPSAndS256' passed (0.001 seconds)
Test Case 'OAuthOIDCAuthorityTests.testRFC7636S256Vector' started at 2026-10-07 19:52:39.731
Test Case 'OAuthOIDCAuthorityTests.testRFC7636S256Vector' passed (0.0 seconds)
Test Case 'OAuthOIDCAuthorityTests.testTokenBundleScopeAndExpiryLease' started at 2026-10-07 19:52:39.731
Test Case 'OAuthOIDCAuthorityTests.testTokenBundleScopeAndExpiryLease' passed (0.0 seconds)
Test Suite 'OAuthOIDCAuthorityTests' passed at 2026-10-07 19:52:39.731
	 Executed 8 tests, with 1 test skipped and 0 failures (0 unexpected) in 0.005 (0.005) seconds
Test Suite 'OpenAPIAcknowledgementTests' started at 2026-10-07 19:52:39.731
Test Case 'OpenAPIAcknowledgementTests.testAcknowledgementCannotSatisfyCallerReturnedValuePostcondition' started at 2026-10-07 19:52:39.731
Test Case 'OpenAPIAcknowledgementTests.testAcknowledgementCannotSatisfyCallerReturnedValuePostcondition' passed (0.261 seconds)
Test Case 'OpenAPIAcknowledgementTests.testAcknowledgementHasNoTypedOutputAndRemainsUnverified' started at 2026-10-07 19:52:39.992
Test Case 'OpenAPIAcknowledgementTests.testAcknowledgementHasNoTypedOutputAndRemainsUnverified' passed (0.328 seconds)
Test Case 'OpenAPIAcknowledgementTests.testConfirmationAndCurrentHostPolicyStopAcknowledgementMutation' started at 2026-10-07 19:52:40.320
Test Case 'OpenAPIAcknowledgementTests.testConfirmationAndCurrentHostPolicyStopAcknowledgementMutation' passed (0.219 seconds)
Test Case 'OpenAPIAcknowledgementTests.testIndependentStructuredObservationVerifiesActualEffectAndSignsReceipt' started at 2026-10-07 19:52:40.539
Test Case 'OpenAPIAcknowledgementTests.testIndependentStructuredObservationVerifiesActualEffectAndSignsReceipt' passed (0.227 seconds)
Test Case 'OpenAPIAcknowledgementTests.testUndeclared2xxStatusRemainsUnknownDespiteActualEffect' started at 2026-10-07 19:52:40.766
Test Case 'OpenAPIAcknowledgementTests.testUndeclared2xxStatusRemainsUnknownDespiteActualEffect' passed (0.227 seconds)
Test Case 'OpenAPIAcknowledgementTests.testWrongOrMissingExternalEffectNeverBecomesSuccess' started at 2026-10-07 19:52:40.993
Test Case 'OpenAPIAcknowledgementTests.testWrongOrMissingExternalEffectNeverBecomesSuccess' passed (0.341 seconds)
Test Suite 'OpenAPIAcknowledgementTests' passed at 2026-10-07 19:52:41.334
	 Executed 6 tests, with 0 failures (0 unexpected) in 1.603 (1.603) seconds
Test Suite 'OpenAPIAcquisitionBoundsTests' started at 2026-10-07 19:52:41.335
Test Case 'OpenAPIAcquisitionBoundsTests.testSmallSpecificationIsAccepted' started at 2026-10-07 19:52:41.335
/src/Tests/RightClickCoreTests/OpenAPIAcquisitionBoundsTests.swift:27: OpenAPIAcquisitionBoundsTests.testSmallSpecificationIsAccepted : Test skipped - NS008_FIXTURE_PORT required.
Test Case 'OpenAPIAcquisitionBoundsTests.testSmallSpecificationIsAccepted' skipped (0.001 seconds)
Test Case 'OpenAPIAcquisitionBoundsTests.testSpecificationAcquisitionHasFiveSecondDeadline' started at 2026-10-07 19:52:41.336
/src/Tests/RightClickCoreTests/OpenAPIAcquisitionBoundsTests.swift:27: OpenAPIAcquisitionBoundsTests.testSpecificationAcquisitionHasFiveSecondDeadline : Test skipped - NS008_FIXTURE_PORT required.
Test Case 'OpenAPIAcquisitionBoundsTests.testSpecificationAcquisitionHasFiveSecondDeadline' skipped (0.0 seconds)
Test Case 'OpenAPIAcquisitionBoundsTests.testSpecificationExactlyAtByteLimitIsAccepted' started at 2026-10-07 19:52:41.337
/src/Tests/RightClickCoreTests/OpenAPIAcquisitionBoundsTests.swift:27: OpenAPIAcquisitionBoundsTests.testSpecificationExactlyAtByteLimitIsAccepted : Test skipped - NS008_FIXTURE_PORT required.
Test Case 'OpenAPIAcquisitionBoundsTests.testSpecificationExactlyAtByteLimitIsAccepted' skipped (0.0 seconds)
Test Case 'OpenAPIAcquisitionBoundsTests.testSpecificationOneByteOverLegacyGenericLimitIsAcceptedByOpenAPISource' started at 2026-10-07 19:52:41.337
/src/Tests/RightClickCoreTests/OpenAPIAcquisitionBoundsTests.swift:27: OpenAPIAcquisitionBoundsTests.testSpecificationOneByteOverLegacyGenericLimitIsAcceptedByOpenAPISource : Test skipped - NS008_FIXTURE_PORT required.
Test Case 'OpenAPIAcquisitionBoundsTests.testSpecificationOneByteOverLegacyGenericLimitIsAcceptedByOpenAPISource' skipped (0.0 seconds)
Test Suite 'OpenAPIAcquisitionBoundsTests' passed at 2026-10-07 19:52:41.337
	 Executed 4 tests, with 4 tests skipped and 0 failures (0 unexpected) in 0.003 (0.003) seconds
Test Suite 'OpenAPIAuthorityTests' started at 2026-10-07 19:52:41.337
Test Case 'OpenAPIAuthorityTests.testBearerAuthorityDoesNotCrossOrigin' started at 2026-10-07 19:52:41.337
/src/Tests/RightClickCoreTests/OpenAPIAuthorityTests.swift:316: OpenAPIAuthorityTests.testBearerAuthorityDoesNotCrossOrigin : Test skipped - Native Keychain credential tests require macOS
Test Case 'OpenAPIAuthorityTests.testBearerAuthorityDoesNotCrossOrigin' skipped (0.0 seconds)
Test Case 'OpenAPIAuthorityTests.testBearerAuthorityIsInjectedFromOriginBoundKeychainWithoutSecretDisclosure' started at 2026-10-07 19:52:41.338
/src/Tests/RightClickCoreTests/OpenAPIAuthorityTests.swift:316: OpenAPIAuthorityTests.testBearerAuthorityIsInjectedFromOriginBoundKeychainWithoutSecretDisclosure : Test skipped - Native Keychain credential tests require macOS
Test Case 'OpenAPIAuthorityTests.testBearerAuthorityIsInjectedFromOriginBoundKeychainWithoutSecretDisclosure' skipped (0.0 seconds)
Test Case 'OpenAPIAuthorityTests.testBearerSecurityRequirementReflectsGenericAuthorityMetadataWithoutSecret' started at 2026-10-07 19:52:41.338
Test Case 'OpenAPIAuthorityTests.testBearerSecurityRequirementReflectsGenericAuthorityMetadataWithoutSecret' passed (0.008 seconds)
Test Case 'OpenAPIAuthorityTests.testExplicitEmptyOperationSecurityOverridesRootSecurityAsPublic' started at 2026-10-07 19:52:41.346
Test Case 'OpenAPIAuthorityTests.testExplicitEmptyOperationSecurityOverridesRootSecurityAsPublic' passed (0.113 seconds)
Test Case 'OpenAPIAuthorityTests.testMissingBearerAuthorityFailsBeforeTransport' started at 2026-10-07 19:52:41.459
Test Case 'OpenAPIAuthorityTests.testMissingBearerAuthorityFailsBeforeTransport' passed (0.005 seconds)
Test Case 'OpenAPIAuthorityTests.testRootLevelSecurityIsNotSilentlyIgnored' started at 2026-10-07 19:52:41.464
Test Case 'OpenAPIAuthorityTests.testRootLevelSecurityIsNotSilentlyIgnored' passed (0.008 seconds)
Test Case 'OpenAPIAuthorityTests.testUnsupportedSecurityRequirementsAbstainRatherThanGuessing' started at 2026-10-07 19:52:41.472
Test Case 'OpenAPIAuthorityTests.testUnsupportedSecurityRequirementsAbstainRatherThanGuessing' passed (0.012 seconds)
Test Suite 'OpenAPIAuthorityTests' passed at 2026-10-07 19:52:41.484
	 Executed 7 tests, with 2 tests skipped and 0 failures (0 unexpected) in 0.147 (0.147) seconds
Test Suite 'OpenAPIRealProviderAcceptanceTests' started at 2026-10-07 19:52:41.484
Test Case 'OpenAPIRealProviderAcceptanceTests.testRealLocalhostProviderThroughUniversalRuntime' started at 2026-10-07 19:52:41.484
/src/Tests/RightClickCoreTests/OpenAPIRealProviderAcceptanceTests.swift:62: OpenAPIRealProviderAcceptanceTests.testRealLocalhostProviderThroughUniversalRuntime : Test skipped - NS004_OPENAPI_BASE_URL is required for the real-provider gate.
Test Case 'OpenAPIRealProviderAcceptanceTests.testRealLocalhostProviderThroughUniversalRuntime' skipped (0.0 seconds)
Test Suite 'OpenAPIRealProviderAcceptanceTests' passed at 2026-10-07 19:52:41.484
	 Executed 1 test, with 1 test skipped and 0 failures (0 unexpected) in 0.0 (0.0) seconds
Test Suite 'OpenAPIReflectorTests' started at 2026-10-07 19:52:41.484
Test Case 'OpenAPIReflectorTests.testCapabilityIdentityBindsEndpointAndSpecification' started at 2026-10-07 19:52:41.484
Test Case 'OpenAPIReflectorTests.testCapabilityIdentityBindsEndpointAndSpecification' passed (0.006 seconds)
Test Case 'OpenAPIReflectorTests.testExistingVerifierCanVerifyOpenAPIResult' started at 2026-10-07 19:52:41.490
Test Case 'OpenAPIReflectorTests.testExistingVerifierCanVerifyOpenAPIResult' passed (0.009 seconds)
Test Case 'OpenAPIReflectorTests.testExistingVerifierRejectsWrongOpenAPIResult' started at 2026-10-07 19:52:41.499
Test Case 'OpenAPIReflectorTests.testExistingVerifierRejectsWrongOpenAPIResult' passed (0.007 seconds)
Test Case 'OpenAPIReflectorTests.testGETPathParameterArgumentsFailClosedBeforeTransport' started at 2026-10-07 19:52:41.506
Test Case 'OpenAPIReflectorTests.testGETPathParameterArgumentsFailClosedBeforeTransport' passed (0.009 seconds)
Test Case 'OpenAPIReflectorTests.testGETPathParameterUsesGenericArgumentsPercentEncodesAndSendsNoBody' started at 2026-10-07 19:52:41.516
Test Case 'OpenAPIReflectorTests.testGETPathParameterUsesGenericArgumentsPercentEncodesAndSendsNoBody' passed (0.008 seconds)
Test Case 'OpenAPIReflectorTests.testGETUnsupportedParameterShapesAbstainRatherThanGuessing' started at 2026-10-07 19:52:41.523
Test Case 'OpenAPIReflectorTests.testGETUnsupportedParameterShapesAbstainRatherThanGuessing' passed (0.003 seconds)
Test Case 'OpenAPIReflectorTests.testGETWithRequiredStringPathParameterReflectsGenericArgumentSchema' started at 2026-10-07 19:52:41.526
Test Case 'OpenAPIReflectorTests.testGETWithRequiredStringPathParameterReflectsGenericArgumentSchema' passed (0.002 seconds)
Test Case 'OpenAPIReflectorTests.testHTTPAcceptanceIsNotSemanticSuccess' started at 2026-10-07 19:52:41.528
Test Case 'OpenAPIReflectorTests.testHTTPAcceptanceIsNotSemanticSuccess' passed (0.009 seconds)
Test Case 'OpenAPIReflectorTests.testMissingOperationIDAbstains' started at 2026-10-07 19:52:41.537
Test Case 'OpenAPIReflectorTests.testMissingOperationIDAbstains' passed (0.001 seconds)
Test Case 'OpenAPIReflectorTests.testStructuredJSONObjectArgumentsFailClosedBeforeTransport' started at 2026-10-07 19:52:41.538
Test Case 'OpenAPIReflectorTests.testStructuredJSONObjectArgumentsFailClosedBeforeTransport' passed (0.009 seconds)
Test Case 'OpenAPIReflectorTests.testStructuredJSONObjectOperationUsesGenericArgumentsAndReturnsCanonicalJSON' started at 2026-10-07 19:52:41.547
Test Case 'OpenAPIReflectorTests.testStructuredJSONObjectOperationUsesGenericArgumentsAndReturnsCanonicalJSON' passed (0.009 seconds)
Test Case 'OpenAPIReflectorTests.testSupportedStructuredJSONObjectOperationReflectsGenericArgumentSchema' started at 2026-10-07 19:52:41.556
Test Case 'OpenAPIReflectorTests.testSupportedStructuredJSONObjectOperationReflectsGenericArgumentSchema' passed (0.004 seconds)
Test Case 'OpenAPIReflectorTests.testUnknownOpenAPISpecReflectsTextOperation' started at 2026-10-07 19:52:41.559
Test Case 'OpenAPIReflectorTests.testUnknownOpenAPISpecReflectsTextOperation' passed (0.003 seconds)
Test Case 'OpenAPIReflectorTests.testUnsupportedSchemaAbstainsRatherThanGuessing' started at 2026-10-07 19:52:41.562
Test Case 'OpenAPIReflectorTests.testUnsupportedSchemaAbstainsRatherThanGuessing' passed (0.001 seconds)
Test Suite 'OpenAPIReflectorTests' passed at 2026-10-07 19:52:41.563
	 Executed 14 tests, with 0 failures (0 unexpected) in 0.078 (0.078) seconds
Test Suite 'PolicyTests' started at 2026-10-07 19:52:41.563
Test Case 'PolicyTests.testActionExtensionIsNotInvokable' started at 2026-10-07 19:52:41.563
Test Case 'PolicyTests.testActionExtensionIsNotInvokable' passed (0.0 seconds)
Test Case 'PolicyTests.testCodeExecutionRequiresConfirmationEvenWithTextOutput' started at 2026-10-07 19:52:41.563
Test Case 'PolicyTests.testCodeExecutionRequiresConfirmationEvenWithTextOutput' passed (0.0 seconds)
Test Case 'PolicyTests.testContentClassification' started at 2026-10-07 19:52:41.564
Test Case 'PolicyTests.testContentClassification' passed (0.001 seconds)
Test Case 'PolicyTests.testDedupeKeepsFirstIdentifier' started at 2026-10-07 19:52:41.564
Test Case 'PolicyTests.testDedupeKeepsFirstIdentifier' passed (0.0 seconds)
Test Case 'PolicyTests.testDestructiveRequiresConfirmation' started at 2026-10-07 19:52:41.565
Test Case 'PolicyTests.testDestructiveRequiresConfirmation' passed (0.0 seconds)
Test Case 'PolicyTests.testExternalShareRequiresConfirmation' started at 2026-10-07 19:52:41.565
Test Case 'PolicyTests.testExternalShareRequiresConfirmation' passed (0.0 seconds)
Test Case 'PolicyTests.testSecurityChangeRequiresConfirmationEvenWithTextOutput' started at 2026-10-07 19:52:41.565
Test Case 'PolicyTests.testSecurityChangeRequiresConfirmationEvenWithTextOutput' passed (0.0 seconds)
Test Case 'PolicyTests.testServiceIdentifierPrefersMessage' started at 2026-10-07 19:52:41.565
Test Case 'PolicyTests.testServiceIdentifierPrefersMessage' passed (0.0 seconds)
Test Case 'PolicyTests.testSharingIdentifierFallsBackToTitleSlug' started at 2026-10-07 19:52:41.565
Test Case 'PolicyTests.testSharingIdentifierFallsBackToTitleSlug' passed (0.0 seconds)
Test Case 'PolicyTests.testSharingIdentifierUsesPublicName' started at 2026-10-07 19:52:41.565
Test Case 'PolicyTests.testSharingIdentifierUsesPublicName' passed (0.0 seconds)
Test Case 'PolicyTests.testTextTransformContractStillRequiresConfirmation' started at 2026-10-07 19:52:41.566
Test Case 'PolicyTests.testTextTransformContractStillRequiresConfirmation' passed (0.0 seconds)
Test Case 'PolicyTests.testUntrustedTextReturnContractCannotGrantReadOnlyPermission' started at 2026-10-07 19:52:41.566
Test Case 'PolicyTests.testUntrustedTextReturnContractCannotGrantReadOnlyPermission' passed (0.101 seconds)
Test Suite 'PolicyTests' passed at 2026-10-07 19:52:41.667
	 Executed 12 tests, with 0 failures (0 unexpected) in 0.103 (0.103) seconds
Test Suite 'PortableRuntimeTests' started at 2026-10-07 19:52:41.667
Test Case 'PortableRuntimeTests.testFilesAndUnknownExtensionsAreConservative' started at 2026-10-07 19:52:41.667
Test Case 'PortableRuntimeTests.testFilesAndUnknownExtensionsAreConservative' passed (0.007 seconds)
Test Case 'PortableRuntimeTests.testHostStorageDoesNotAcceptRelativeEnvironmentPaths' started at 2026-10-07 19:52:41.674
Test Case 'PortableRuntimeTests.testHostStorageDoesNotAcceptRelativeEnvironmentPaths' passed (0.001 seconds)
Test Case 'PortableRuntimeTests.testNativeCatalogIsAbsentOnOtherHosts' started at 2026-10-07 19:52:41.674
Test Case 'PortableRuntimeTests.testNativeCatalogIsAbsentOnOtherHosts' passed (0.001 seconds)
Test Case 'PortableRuntimeTests.testNativeJSONBooleanIdentityCannotBecomeNumericLength' started at 2026-10-07 19:52:41.675
Test Case 'PortableRuntimeTests.testNativeJSONBooleanIdentityCannotBecomeNumericLength' passed (0.001 seconds)
Test Case 'PortableRuntimeTests.testPKCEUsesPortableCryptographicRandomness' started at 2026-10-07 19:52:41.676
Test Case 'PortableRuntimeTests.testPKCEUsesPortableCryptographicRandomness' passed (0.0 seconds)
Test Case 'PortableRuntimeTests.testStableTextAndURLClassification' started at 2026-10-07 19:52:41.676
Test Case 'PortableRuntimeTests.testStableTextAndURLClassification' passed (0.001 seconds)
Test Case 'PortableRuntimeTests.testUnavailableSecureStorageAbstains' started at 2026-10-07 19:52:41.677
Test Case 'PortableRuntimeTests.testUnavailableSecureStorageAbstains' passed (0.0 seconds)
Test Suite 'PortableRuntimeTests' passed at 2026-10-07 19:52:41.677
	 Executed 7 tests, with 0 failures (0 unexpected) in 0.01 (0.01) seconds
Test Suite 'ProductSurfaceRuntimeTests' started at 2026-10-07 19:52:41.677
Test Case 'ProductSurfaceRuntimeTests.testRuntimeIdentityReportsExactExecutableBytes' started at 2026-10-07 19:52:41.677
Test Case 'ProductSurfaceRuntimeTests.testRuntimeIdentityReportsExactExecutableBytes' passed (0.102 seconds)
Test Suite 'ProductSurfaceRuntimeTests' passed at 2026-10-07 19:52:41.779
	 Executed 1 test, with 0 failures (0 unexpected) in 0.102 (0.102) seconds
Test Suite 'RCIRAuthorityDispatchTests' started at 2026-10-07 19:52:41.779
Test Case 'RCIRAuthorityDispatchTests.testAncestorRevocationAtFinalGateProducesZeroActualHTTPRequests' started at 2026-10-07 19:52:41.780
Test Case 'RCIRAuthorityDispatchTests.testAncestorRevocationAtFinalGateProducesZeroActualHTTPRequests' passed (0.147 seconds)
Test Case 'RCIRAuthorityDispatchTests.testAuthenticatedContextErrorsCannotLeakCredentialMaterial' started at 2026-10-07 19:52:41.927
Test Case 'RCIRAuthorityDispatchTests.testAuthenticatedContextErrorsCannotLeakCredentialMaterial' passed (0.111 seconds)
Test Case 'RCIRAuthorityDispatchTests.testCredentialScopeWithdrawalAtFinalGateProducesZeroActualHTTPRequests' started at 2026-10-07 19:52:42.038
Test Case 'RCIRAuthorityDispatchTests.testCredentialScopeWithdrawalAtFinalGateProducesZeroActualHTTPRequests' passed (0.138 seconds)
Test Case 'RCIRAuthorityDispatchTests.testLegalChildProducesIndependentlyObservedSignedEffect' started at 2026-10-07 19:52:42.176
Test Case 'RCIRAuthorityDispatchTests.testLegalChildProducesIndependentlyObservedSignedEffect' passed (0.162 seconds)
Test Case 'RCIRAuthorityDispatchTests.testPolicyRevocationAtFinalGateProducesZeroActualHTTPRequests' started at 2026-10-07 19:52:42.338
Test Case 'RCIRAuthorityDispatchTests.testPolicyRevocationAtFinalGateProducesZeroActualHTTPRequests' passed (0.223 seconds)
Test Case 'RCIRAuthorityDispatchTests.testRevocationAfterEffectWithholdsObservationAndSuccess' started at 2026-10-07 19:52:42.562
Test Case 'RCIRAuthorityDispatchTests.testRevocationAfterEffectWithholdsObservationAndSuccess' passed (0.142 seconds)
Test Case 'RCIRAuthorityDispatchTests.testSiblingAndParentCannotExceedSharedBudget' started at 2026-10-07 19:52:42.704
Test Case 'RCIRAuthorityDispatchTests.testSiblingAndParentCannotExceedSharedBudget' passed (0.166 seconds)
Test Case 'RCIRAuthorityDispatchTests.testWrongAudienceAtFinalGateProducesZeroActualHTTPRequests' started at 2026-10-07 19:52:42.870
Test Case 'RCIRAuthorityDispatchTests.testWrongAudienceAtFinalGateProducesZeroActualHTTPRequests' passed (0.169 seconds)
Test Case 'RCIRAuthorityDispatchTests.testWrongSubjectAtFinalGateProducesZeroActualHTTPRequests' started at 2026-10-07 19:52:43.039
Test Case 'RCIRAuthorityDispatchTests.testWrongSubjectAtFinalGateProducesZeroActualHTTPRequests' passed (0.152 seconds)
Test Suite 'RCIRAuthorityDispatchTests' passed at 2026-10-07 19:52:43.191
	 Executed 9 tests, with 0 failures (0 unexpected) in 1.411 (1.411) seconds
Test Suite 'RCIRAuthorityTests' started at 2026-10-07 19:52:43.191
Test Case 'RCIRAuthorityTests.testAudienceScopesEffectsAndTaskShapesCannotWiden' started at 2026-10-07 19:52:43.191
Test Case 'RCIRAuthorityTests.testAudienceScopesEffectsAndTaskShapesCannotWiden' passed (0.004 seconds)
Test Case 'RCIRAuthorityTests.testAuthorityAggregateByteBudgetFailsClosedAndExpiredRecordsReap' started at 2026-10-07 19:52:43.194
Test Case 'RCIRAuthorityTests.testAuthorityAggregateByteBudgetFailsClosedAndExpiredRecordsReap' passed (0.65 seconds)
Test Case 'RCIRAuthorityTests.testChildAndAncestorRevocationRejectPreparedLease' started at 2026-10-07 19:52:43.845
Test Case 'RCIRAuthorityTests.testChildAndAncestorRevocationRejectPreparedLease' passed (0.004 seconds)
Test Case 'RCIRAuthorityTests.testChildRevocationDoesNotRevokeSibling' started at 2026-10-07 19:52:43.849
Test Case 'RCIRAuthorityTests.testChildRevocationDoesNotRevokeSibling' passed (0.002 seconds)
Test Case 'RCIRAuthorityTests.testChildrenAndParentShareInvocationBudget' started at 2026-10-07 19:52:43.851
Test Case 'RCIRAuthorityTests.testChildrenAndParentShareInvocationBudget' passed (0.003 seconds)
Test Case 'RCIRAuthorityTests.testClockRollbackAndInvalidLimitsFailClosed' started at 2026-10-07 19:52:43.854
Test Case 'RCIRAuthorityTests.testClockRollbackAndInvalidLimitsFailClosed' passed (0.004 seconds)
Test Case 'RCIRAuthorityTests.testConcurrentFreshChildLeasesStartOnlyOnce' started at 2026-10-07 19:52:43.858
Test Case 'RCIRAuthorityTests.testConcurrentFreshChildLeasesStartOnlyOnce' passed (0.017 seconds)
Test Case 'RCIRAuthorityTests.testCopiedLeaseWrongSubjectDoesNotStart' started at 2026-10-07 19:52:43.875
Test Case 'RCIRAuthorityTests.testCopiedLeaseWrongSubjectDoesNotStart' passed (0.005 seconds)
Test Case 'RCIRAuthorityTests.testCredentialReferenceAggregateBudgetAndRevocationReleaseSpace' started at 2026-10-07 19:52:43.880
Test Case 'RCIRAuthorityTests.testCredentialReferenceAggregateBudgetAndRevocationReleaseSpace' passed (0.146 seconds)
Test Case 'RCIRAuthorityTests.testCredentialReferencesAreHandlesAndCannotWiden' started at 2026-10-07 19:52:44.026
Test Case 'RCIRAuthorityTests.testCredentialReferencesAreHandlesAndCannotWiden' passed (0.007 seconds)
Test Case 'RCIRAuthorityTests.testExactUTF8IdentitiesAndScopes' started at 2026-10-07 19:52:44.033
Test Case 'RCIRAuthorityTests.testExactUTF8IdentitiesAndScopes' passed (0.001 seconds)
Test Case 'RCIRAuthorityTests.testExpiryInvocationCountAndDownstreamDepthCannotWiden' started at 2026-10-07 19:52:44.034
Test Case 'RCIRAuthorityTests.testExpiryInvocationCountAndDownstreamDepthCannotWiden' passed (0.002 seconds)
Test Case 'RCIRAuthorityTests.testGrantSubstitutionAndCrossLedgerHandleRejected' started at 2026-10-07 19:52:44.036
Test Case 'RCIRAuthorityTests.testGrantSubstitutionAndCrossLedgerHandleRejected' passed (0.004 seconds)
Test Case 'RCIRAuthorityTests.testLegacyScopeEntryPointCannotConsumeGrantLease' started at 2026-10-07 19:52:44.040
Test Case 'RCIRAuthorityTests.testLegacyScopeEntryPointCannotConsumeGrantLease' passed (0.002 seconds)
Test Case 'RCIRAuthorityTests.testOneUseLeaseReplayRejected' started at 2026-10-07 19:52:44.042
Test Case 'RCIRAuthorityTests.testOneUseLeaseReplayRejected' passed (0.002 seconds)
Test Case 'RCIRAuthorityTests.testOnlyAuthenticatedParentMayAttenuate' started at 2026-10-07 19:52:44.045
Test Case 'RCIRAuthorityTests.testOnlyAuthenticatedParentMayAttenuate' passed (0.001 seconds)
Test Case 'RCIRAuthorityTests.testOutstandingLeaseByteBudgetFailsClosedAndExpiredRecordsReap' started at 2026-10-07 19:52:44.046
Test Case 'RCIRAuthorityTests.testOutstandingLeaseByteBudgetFailsClosedAndExpiredRecordsReap' passed (2.179 seconds)
Test Case 'RCIRAuthorityTests.testPolicyDenialDoesNotConsumeAuthority' started at 2026-10-07 19:52:46.225
Test Case 'RCIRAuthorityTests.testPolicyDenialDoesNotConsumeAuthority' passed (0.002 seconds)
Test Case 'RCIRAuthorityTests.testProviderAndCapabilityCannotWiden' started at 2026-10-07 19:52:46.226
Test Case 'RCIRAuthorityTests.testProviderAndCapabilityCannotWiden' passed (0.001 seconds)
Test Case 'RCIRAuthorityTests.testProviderDescriptionCannotGrantAuthorityOrCredentialReferences' started at 2026-10-07 19:52:46.227
Test Case 'RCIRAuthorityTests.testProviderDescriptionCannotGrantAuthorityOrCredentialReferences' passed (0.001 seconds)
Test Case 'RCIRAuthorityTests.testProviderRemovalAndRestorationRequireNewGrant' started at 2026-10-07 19:52:46.228
Test Case 'RCIRAuthorityTests.testProviderRemovalAndRestorationRequireNewGrant' passed (0.001 seconds)
Test Case 'RCIRAuthorityTests.testReceiptRequestBindsCompleteAuthorityAncestry' started at 2026-10-07 19:52:46.230
Test Case 'RCIRAuthorityTests.testReceiptRequestBindsCompleteAuthorityAncestry' passed (0.001 seconds)
Test Case 'RCIRAuthorityTests.testResourceAndEffectMustMatchAtIssue' started at 2026-10-07 19:52:46.231
Test Case 'RCIRAuthorityTests.testResourceAndEffectMustMatchAtIssue' passed (0.001 seconds)
Test Case 'RCIRAuthorityTests.testRevokedCredentialReferenceRejectsPreparedGrantLease' started at 2026-10-07 19:52:46.232
Test Case 'RCIRAuthorityTests.testRevokedCredentialReferenceRejectsPreparedGrantLease' passed (0.001 seconds)
Test Case 'RCIRAuthorityTests.testRootAndChildExpiryBoundEveryLease' started at 2026-10-07 19:52:46.233
Test Case 'RCIRAuthorityTests.testRootAndChildExpiryBoundEveryLease' passed (0.001 seconds)
Test Case 'RCIRAuthorityTests.testUnicodeEquivalentSubjectAndAudienceDoNotAuthenticate' started at 2026-10-07 19:52:46.234
Test Case 'RCIRAuthorityTests.testUnicodeEquivalentSubjectAndAudienceDoNotAuthenticate' passed (0.001 seconds)
Test Case 'RCIRAuthorityTests.testWrongArgumentConstraintCannotBeIssuedOrWidened' started at 2026-10-07 19:52:46.234
Test Case 'RCIRAuthorityTests.testWrongArgumentConstraintCannotBeIssuedOrWidened' passed (0.001 seconds)
Test Case 'RCIRAuthorityTests.testWrongArgumentsAtConsumeDoNotDebitBudget' started at 2026-10-07 19:52:46.235
Test Case 'RCIRAuthorityTests.testWrongArgumentsAtConsumeDoNotDebitBudget' passed (0.001 seconds)
Test Case 'RCIRAuthorityTests.testWrongAudienceDoesNotStart' started at 2026-10-07 19:52:46.237
Test Case 'RCIRAuthorityTests.testWrongAudienceDoesNotStart' passed (0.001 seconds)
Test Suite 'RCIRAuthorityTests' passed at 2026-10-07 19:52:46.238
	 Executed 29 tests, with 0 failures (0 unexpected) in 3.046 (3.046) seconds
Test Suite 'RCIRBoundaryTests' started at 2026-10-07 19:52:46.238
Test Case 'RCIRBoundaryTests.testConcurrentConsumptionHasOneWinner' started at 2026-10-07 19:52:46.238
Test Case 'RCIRBoundaryTests.testConcurrentConsumptionHasOneWinner' passed (0.002 seconds)
Test Case 'RCIRBoundaryTests.testFailedProviderResultStillDoesNotVerifyAnExternalFailure' started at 2026-10-07 19:52:46.240
Test Case 'RCIRBoundaryTests.testFailedProviderResultStillDoesNotVerifyAnExternalFailure' passed (0.001 seconds)
Test Case 'RCIRBoundaryTests.testInvalidObservationCannotSetSemanticSuccess' started at 2026-10-07 19:52:46.240
Test Case 'RCIRBoundaryTests.testInvalidObservationCannotSetSemanticSuccess' passed (0.001 seconds)
Test Case 'RCIRBoundaryTests.testRejectedArgumentsDoNotSpendAnOtherwiseValidLease' started at 2026-10-07 19:52:46.241
Test Case 'RCIRBoundaryTests.testRejectedArgumentsDoNotSpendAnOtherwiseValidLease' passed (0.001 seconds)
Test Case 'RCIRBoundaryTests.testTaskCannotPredateLease' started at 2026-10-07 19:52:46.242
Test Case 'RCIRBoundaryTests.testTaskCannotPredateLease' passed (0.001 seconds)
Test Suite 'RCIRBoundaryTests' passed at 2026-10-07 19:52:46.243
	 Executed 5 tests, with 0 failures (0 unexpected) in 0.005 (0.005) seconds
Test Suite 'RCIRDeferredCapacityTests' started at 2026-10-07 19:52:46.243
Test Case 'RCIRDeferredCapacityTests.testExpiredPendingTasksAreReceiptedAndReapedBeforeNewAdmission' started at 2026-10-07 19:52:46.243
Test Case 'RCIRDeferredCapacityTests.testExpiredPendingTasksAreReceiptedAndReapedBeforeNewAdmission' passed (0.974 seconds)
Test Case 'RCIRDeferredCapacityTests.testInFlightReservationsCannotOverrunTheBoundedSessionCapacity' started at 2026-10-07 19:52:47.216
Test Case 'RCIRDeferredCapacityTests.testInFlightReservationsCannotOverrunTheBoundedSessionCapacity' passed (0.563 seconds)
Test Suite 'RCIRDeferredCapacityTests' passed at 2026-10-07 19:52:47.780
	 Executed 2 tests, with 0 failures (0 unexpected) in 1.537 (1.537) seconds
Test Suite 'RCIRDeferredProductionTests' started at 2026-10-07 19:52:47.780
Test Case 'RCIRDeferredProductionTests.testAcceptedRemoteTaskRemainsPendingUntilLaterObservation' started at 2026-10-07 19:52:47.780
Test Case 'RCIRDeferredProductionTests.testAcceptedRemoteTaskRemainsPendingUntilLaterObservation' passed (0.22 seconds)
Test Suite 'RCIRDeferredProductionTests' passed at 2026-10-07 19:52:48.000
	 Executed 1 test, with 0 failures (0 unexpected) in 0.22 (0.22) seconds
Test Suite 'RCIRHTTPJSONCausalityTests' started at 2026-10-07 19:52:48.000
Test Case 'RCIRHTTPJSONCausalityTests.testFreshIndependentMarkerMatchesHostTaskAndProducesSignedSuccess' started at 2026-10-07 19:52:48.000
Test Case 'RCIRHTTPJSONCausalityTests.testFreshIndependentMarkerMatchesHostTaskAndProducesSignedSuccess' passed (0.254 seconds)
Test Case 'RCIRHTTPJSONCausalityTests.testInvalidCausalBindingPathsRejectBeforeActualMutation' started at 2026-10-07 19:52:48.255
Test Case 'RCIRHTTPJSONCausalityTests.testInvalidCausalBindingPathsRejectBeforeActualMutation' passed (0.253 seconds)
Test Case 'RCIRHTTPJSONCausalityTests.testMissingIndependentMarkerRemainsSignedUnverified' started at 2026-10-07 19:52:48.508
Test Case 'RCIRHTTPJSONCausalityTests.testMissingIndependentMarkerRemainsSignedUnverified' passed (0.296 seconds)
Test Case 'RCIRHTTPJSONCausalityTests.testNoOpAcknowledgementAndOldMatchingArtifactCannotVerifyCurrentMutation' started at 2026-10-07 19:52:48.804
Test Case 'RCIRHTTPJSONCausalityTests.testNoOpAcknowledgementAndOldMatchingArtifactCannotVerifyCurrentMutation' passed (0.251 seconds)
Test Case 'RCIRHTTPJSONCausalityTests.testObserverCannotReflectProtectedCredentialIntoMetadataOrReceipt' started at 2026-10-07 19:52:49.055
Test Case 'RCIRHTTPJSONCausalityTests.testObserverCannotReflectProtectedCredentialIntoMetadataOrReceipt' passed (0.365 seconds)
Test Case 'RCIRHTTPJSONCausalityTests.testStateOnlyPredicateDoesNotClaimCurrentMutationCausality' started at 2026-10-07 19:52:49.421
Test Case 'RCIRHTTPJSONCausalityTests.testStateOnlyPredicateDoesNotClaimCurrentMutationCausality' passed (0.261 seconds)
Test Suite 'RCIRHTTPJSONCausalityTests' passed at 2026-10-07 19:52:49.682
	 Executed 6 tests, with 0 failures (0 unexpected) in 1.682 (1.682) seconds
Test Suite 'RCIRHTTPJSONObservationTests' started at 2026-10-07 19:52:49.682
Test Case 'RCIRHTTPJSONObservationTests.testAmbientCookiesCannotEnterObservationOrPersistResponseCookie' started at 2026-10-07 19:52:49.682
Test Case 'RCIRHTTPJSONObservationTests.testAmbientCookiesCannotEnterObservationOrPersistResponseCookie' passed (0.351 seconds)
Test Case 'RCIRHTTPJSONObservationTests.testAmbiguousProjectionOrMissingCallerDigestFailsBeforeMutation' started at 2026-10-07 19:52:50.033
Test Case 'RCIRHTTPJSONObservationTests.testAmbiguousProjectionOrMissingCallerDigestFailsBeforeMutation' passed (0.38 seconds)
Test Case 'RCIRHTTPJSONObservationTests.testDefaultCredentialStorageCannotSupplyObserverAuthority' started at 2026-10-07 19:52:50.414
Test Case 'RCIRHTTPJSONObservationTests.testDefaultCredentialStorageCannotSupplyObserverAuthority' passed (5.44 seconds)
Test Case 'RCIRHTTPJSONObservationTests.testMismatchMissingAndUndeclaredObservationFieldsNeverSucceed' started at 2026-10-07 19:52:55.854
Test Case 'RCIRHTTPJSONObservationTests.testMismatchMissingAndUndeclaredObservationFieldsNeverSucceed' passed (0.579 seconds)
Test Case 'RCIRHTTPJSONObservationTests.testPinnedOriginAndRevokedReferenceAbstainWithoutObserverRead' started at 2026-10-07 19:52:56.433
Test Case 'RCIRHTTPJSONObservationTests.testPinnedOriginAndRevokedReferenceAbstainWithoutObserverRead' passed (0.701 seconds)
Test Case 'RCIRHTTPJSONObservationTests.testPrintableJSONSegmentEncodesOnceWithoutTraversalOrAuthorityChange' started at 2026-10-07 19:52:57.134
Test Case 'RCIRHTTPJSONObservationTests.testPrintableJSONSegmentEncodesOnceWithoutTraversalOrAuthorityChange' passed (0.966 seconds)
Test Case 'RCIRHTTPJSONObservationTests.testRealJSONObservationRetainsFullMetadataAndMatchesIndependentDigest' started at 2026-10-07 19:52:58.101
Test Case 'RCIRHTTPJSONObservationTests.testRealJSONObservationRetainsFullMetadataAndMatchesIndependentDigest' passed (0.729 seconds)
Test Case 'RCIRHTTPJSONObservationTests.testRedirectNeverSendsObserverCredentialToAnotherOrigin' started at 2026-10-07 19:52:58.830
Test Case 'RCIRHTTPJSONObservationTests.testRedirectNeverSendsObserverCredentialToAnotherOrigin' passed (1.332 seconds)
Test Case 'RCIRHTTPJSONObservationTests.testWriterCredentialCannotActAsReadonlyObserver' started at 2026-10-07 19:53:00.163
Test Case 'RCIRHTTPJSONObservationTests.testWriterCredentialCannotActAsReadonlyObserver' passed (6.092 seconds)
Test Suite 'RCIRHTTPJSONObservationTests' passed at 2026-10-07 19:53:06.256
	 Executed 9 tests, with 0 failures (0 unexpected) in 16.57 (16.57) seconds
Test Suite 'RCIRIntegrationTests' started at 2026-10-07 19:53:06.256
Test Case 'RCIRIntegrationTests.testBackendSignatureRejectionIsNotIgnored' started at 2026-10-07 19:53:06.256
Test Case 'RCIRIntegrationTests.testBackendSignatureRejectionIsNotIgnored' passed (0.002 seconds)
Test Case 'RCIRIntegrationTests.testEmbeddedKeyCannotEstablishTrust' started at 2026-10-07 19:53:06.259
Test Case 'RCIRIntegrationTests.testEmbeddedKeyCannotEstablishTrust' passed (0.001 seconds)
Test Case 'RCIRIntegrationTests.testEmptyTerminalPageIsDistinguishableFromLiveIdle' started at 2026-10-07 19:53:06.260
Test Case 'RCIRIntegrationTests.testEmptyTerminalPageIsDistinguishableFromLiveIdle' passed (0.007 seconds)
Test Case 'RCIRIntegrationTests.testEnvelopeRejectsNonReceiptPayload' started at 2026-10-07 19:53:06.267
Test Case 'RCIRIntegrationTests.testEnvelopeRejectsNonReceiptPayload' passed (0.0 seconds)
Test Case 'RCIRIntegrationTests.testEnvelopeRejectsWrongSignatureAndKeyLengths' started at 2026-10-07 19:53:06.267
Test Case 'RCIRIntegrationTests.testEnvelopeRejectsWrongSignatureAndKeyLengths' passed (0.001 seconds)
Test Case 'RCIRIntegrationTests.testEventPagesHaveBoundedStableCursors' started at 2026-10-07 19:53:06.268
Test Case 'RCIRIntegrationTests.testEventPagesHaveBoundedStableCursors' passed (0.002 seconds)
Test Case 'RCIRIntegrationTests.testObserverReceivesExactArgumentsAndBinding' started at 2026-10-07 19:53:06.270
Test Case 'RCIRIntegrationTests.testObserverReceivesExactArgumentsAndBinding' passed (0.001 seconds)
Test Case 'RCIRIntegrationTests.testPagesRejectInvalidCursorsAndLimits' started at 2026-10-07 19:53:06.272
Test Case 'RCIRIntegrationTests.testPagesRejectInvalidCursorsAndLimits' passed (0.003 seconds)
Test Case 'RCIRIntegrationTests.testRealCryptoKitSignatureAndPinnedKey' started at 2026-10-07 19:53:06.274
Test Case 'RCIRIntegrationTests.testRealCryptoKitSignatureAndPinnedKey' passed (0.005 seconds)
Test Case 'RCIRIntegrationTests.testRealCryptoKitSignatureDetectsPayloadTampering' started at 2026-10-07 19:53:06.279
Test Case 'RCIRIntegrationTests.testRealCryptoKitSignatureDetectsPayloadTampering' passed (0.104 seconds)
Test Case 'RCIRIntegrationTests.testUnsignedFixtureIsExplicitlyNotCryptographicEvidence' started at 2026-10-07 19:53:06.384
Test Case 'RCIRIntegrationTests.testUnsignedFixtureIsExplicitlyNotCryptographicEvidence' passed (0.004 seconds)
Test Case 'RCIRIntegrationTests.testWireTransportPreservesExactPayload' started at 2026-10-07 19:53:06.388
Test Case 'RCIRIntegrationTests.testWireTransportPreservesExactPayload' passed (0.003 seconds)
Test Suite 'RCIRIntegrationTests' passed at 2026-10-07 19:53:06.390
	 Executed 12 tests, with 0 failures (0 unexpected) in 0.134 (0.134) seconds
Test Suite 'RCIRInvocationBindingTests' started at 2026-10-07 19:53:06.391
Test Case 'RCIRInvocationBindingTests.testInvocationBindingRejectsNoncanonicalIdentityAndUnboundedOrWildcardPaths' started at 2026-10-07 19:53:06.391
Test Case 'RCIRInvocationBindingTests.testInvocationBindingRejectsNoncanonicalIdentityAndUnboundedOrWildcardPaths' passed (0.003 seconds)
Test Case 'RCIRInvocationBindingTests.testMatchingOldMarkerIsRetainedInSignedFailureInsteadOfVerifyingCurrentInvocation' started at 2026-10-07 19:53:06.394
Test Case 'RCIRInvocationBindingTests.testMatchingOldMarkerIsRetainedInSignedFailureInsteadOfVerifyingCurrentInvocation' passed (0.008 seconds)
Test Case 'RCIRInvocationBindingTests.testOnlyHostTaskIdentityCanVerifyMatchingObservation' started at 2026-10-07 19:53:06.402
Test Case 'RCIRInvocationBindingTests.testOnlyHostTaskIdentityCanVerifyMatchingObservation' passed (0.002 seconds)
Test Suite 'RCIRInvocationBindingTests' passed at 2026-10-07 19:53:06.404
	 Executed 3 tests, with 0 failures (0 unexpected) in 0.013 (0.013) seconds
Test Suite 'RCIRInvocationIsolationTests' started at 2026-10-07 19:53:06.404
Test Case 'RCIRInvocationIsolationTests.testCompilerCannotMixProviderIdentityOrArgumentTypes' started at 2026-10-07 19:53:06.404
Test Case 'RCIRInvocationIsolationTests.testCompilerCannotMixProviderIdentityOrArgumentTypes' passed (0.002 seconds)
Test Case 'RCIRInvocationIsolationTests.testDiscoveryDriftInvalidatesOutstandingInvocation' started at 2026-10-07 19:53:06.406
Test Case 'RCIRInvocationIsolationTests.testDiscoveryDriftInvalidatesOutstandingInvocation' passed (0.001 seconds)
Test Case 'RCIRInvocationIsolationTests.testEffectKindDriftInvalidatesOutstandingInvocation' started at 2026-10-07 19:53:06.407
Test Case 'RCIRInvocationIsolationTests.testEffectKindDriftInvalidatesOutstandingInvocation' passed (0.002 seconds)
Test Case 'RCIRInvocationIsolationTests.testInvocationDoesNotTurnUnknownEffectsIntoAuthority' started at 2026-10-07 19:53:06.409
Test Case 'RCIRInvocationIsolationTests.testInvocationDoesNotTurnUnknownEffectsIntoAuthority' passed (0.002 seconds)
Test Case 'RCIRInvocationIsolationTests.testPrincipalReplacementInvalidatesOutstandingInvocation' started at 2026-10-07 19:53:06.411
Test Case 'RCIRInvocationIsolationTests.testPrincipalReplacementInvalidatesOutstandingInvocation' passed (0.002 seconds)
Test Case 'RCIRInvocationIsolationTests.testResourcesAndPostconditionsAreBoundToIndependentLeases' started at 2026-10-07 19:53:06.413
Test Case 'RCIRInvocationIsolationTests.testResourcesAndPostconditionsAreBoundToIndependentLeases' passed (0.002 seconds)
Test Case 'RCIRInvocationIsolationTests.testTaskBudgetDriftInvalidatesOutstandingInvocation' started at 2026-10-07 19:53:06.415
Test Case 'RCIRInvocationIsolationTests.testTaskBudgetDriftInvalidatesOutstandingInvocation' passed (0.001 seconds)
Test Case 'RCIRInvocationIsolationTests.testWithdrawalAndReappearanceCannotReviveOldLease' started at 2026-10-07 19:53:06.417
Test Case 'RCIRInvocationIsolationTests.testWithdrawalAndReappearanceCannotReviveOldLease' passed (0.001 seconds)
Test Suite 'RCIRInvocationIsolationTests' passed at 2026-10-07 19:53:06.418
	 Executed 8 tests, with 0 failures (0 unexpected) in 0.014 (0.014) seconds
Test Suite 'RCIRNoOutputTests' started at 2026-10-07 19:53:06.418
Test Case 'RCIRNoOutputTests.testExactUnchangedWindowsDeclarationAcquiresAcknowledgementCapability' started at 2026-10-07 19:53:06.418
Test Case 'RCIRNoOutputTests.testExactUnchangedWindowsDeclarationAcquiresAcknowledgementCapability' passed (0.008 seconds)
Test Case 'RCIRNoOutputTests.testInheritedSecurityUsesStrictSchemeResolutionAndOperationOverrides' started at 2026-10-07 19:53:06.427
Test Case 'RCIRNoOutputTests.testInheritedSecurityUsesStrictSchemeResolutionAndOperationOverrides' passed (0.028 seconds)
Test Case 'RCIRNoOutputTests.testUnknownOrUndeclaredOutputCannotBeRecategorizedAsAcknowledgement' started at 2026-10-07 19:53:06.454
Test Case 'RCIRNoOutputTests.testUnknownOrUndeclaredOutputCannotBeRecategorizedAsAcknowledgement' passed (0.006 seconds)
Test Suite 'RCIRNoOutputTests' passed at 2026-10-07 19:53:06.460
	 Executed 3 tests, with 0 failures (0 unexpected) in 0.042 (0.042) seconds
Test Suite 'RCIRProductionDispatchTests' started at 2026-10-07 19:53:06.461
Test Case 'RCIRProductionDispatchTests.testActualArtifactSchemaDriftRejectsOldInvocationAndReacquires' started at 2026-10-07 19:53:06.461
Test Case 'RCIRProductionDispatchTests.testActualArtifactSchemaDriftRejectsOldInvocationAndReacquires' passed (0.385 seconds)
Test Case 'RCIRProductionDispatchTests.testActualContractDisappearanceDeniesEffectsAndRecoversNewLease' started at 2026-10-07 19:53:06.845
Test Case 'RCIRProductionDispatchTests.testActualContractDisappearanceDeniesEffectsAndRecoversNewLease' passed (0.275 seconds)
Test Case 'RCIRProductionDispatchTests.testActualSchemaChangeAfterDispatchRemainsUnknownWithoutRetry' started at 2026-10-07 19:53:07.121
Test Case 'RCIRProductionDispatchTests.testActualSchemaChangeAfterDispatchRemainsUnknownWithoutRetry' passed (0.491 seconds)
Test Case 'RCIRProductionDispatchTests.testBonjourReappearanceAfterDispatchPreservesUnknown' started at 2026-10-07 19:53:07.612
Test Case 'RCIRProductionDispatchTests.testBonjourReappearanceAfterDispatchPreservesUnknown' passed (0.276 seconds)
Test Case 'RCIRProductionDispatchTests.testBonjourReappearanceCannotReviveLeaseWithoutIntermediateDiscovery' started at 2026-10-07 19:53:07.887
Test Case 'RCIRProductionDispatchTests.testBonjourReappearanceCannotReviveLeaseWithoutIntermediateDiscovery' passed (0.173 seconds)
Test Case 'RCIRProductionDispatchTests.testBoundedLargeArgumentIsNotDuplicatedIntoContract' started at 2026-10-07 19:53:08.061
Test Case 'RCIRProductionDispatchTests.testBoundedLargeArgumentIsNotDuplicatedIntoContract' passed (0.164 seconds)
Test Case 'RCIRProductionDispatchTests.testCallerPostconditionCannotBeSilentlyIgnoredByHostObserver' started at 2026-10-07 19:53:08.224
Test Case 'RCIRProductionDispatchTests.testCallerPostconditionCannotBeSilentlyIgnoredByHostObserver' passed (0.15 seconds)
Test Case 'RCIRProductionDispatchTests.testChangedArgumentsCannotUseOriginalLease' started at 2026-10-07 19:53:08.374
Test Case 'RCIRProductionDispatchTests.testChangedArgumentsCannotUseOriginalLease' passed (0.246 seconds)
Test Case 'RCIRProductionDispatchTests.testChangedEndpointBeforeDispatchProducesZeroProviderEffects' started at 2026-10-07 19:53:08.620
Test Case 'RCIRProductionDispatchTests.testChangedEndpointBeforeDispatchProducesZeroProviderEffects' passed (0.128 seconds)
Test Case 'RCIRProductionDispatchTests.testCompetingConsumersStartAtMostOneRealRequest' started at 2026-10-07 19:53:08.748
Test Case 'RCIRProductionDispatchTests.testCompetingConsumersStartAtMostOneRealRequest' passed (0.13 seconds)
Test Case 'RCIRProductionDispatchTests.testConfirmationDenialProducesZeroProviderEffects' started at 2026-10-07 19:53:08.878
Test Case 'RCIRProductionDispatchTests.testConfirmationDenialProducesZeroProviderEffects' passed (0.121 seconds)
Test Case 'RCIRProductionDispatchTests.testCredentialFreeObserverCannotInheritInvocationCookie' started at 2026-10-07 19:53:08.999
Test Case 'RCIRProductionDispatchTests.testCredentialFreeObserverCannotInheritInvocationCookie' passed (0.131 seconds)
Test Case 'RCIRProductionDispatchTests.testCrossOriginObserverBlocksBeforeAnyEffect' started at 2026-10-07 19:53:09.130
Test Case 'RCIRProductionDispatchTests.testCrossOriginObserverBlocksBeforeAnyEffect' passed (0.122 seconds)
Test Case 'RCIRProductionDispatchTests.testCurrentPolicyRevocationProducesZeroProviderEffects' started at 2026-10-07 19:53:09.252
Test Case 'RCIRProductionDispatchTests.testCurrentPolicyRevocationProducesZeroProviderEffects' passed (0.131 seconds)
Test Case 'RCIRProductionDispatchTests.testExpiredLeaseProducesZeroProviderEffects' started at 2026-10-07 19:53:09.384
Test Case 'RCIRProductionDispatchTests.testExpiredLeaseProducesZeroProviderEffects' passed (0.133 seconds)
Test Case 'RCIRProductionDispatchTests.testIndependentInvocationsDoNotReplaceTheDiscoveredProviderGeneration' started at 2026-10-07 19:53:09.517
Test Case 'RCIRProductionDispatchTests.testIndependentInvocationsDoNotReplaceTheDiscoveredProviderGeneration' passed (0.401 seconds)
Test Case 'RCIRProductionDispatchTests.testInvalidSignerBlocksBeforeAnyEffect' started at 2026-10-07 19:53:09.918
Test Case 'RCIRProductionDispatchTests.testInvalidSignerBlocksBeforeAnyEffect' passed (0.152 seconds)
Test Case 'RCIRProductionDispatchTests.testLostResponseRetainsSignedUnknownAndDoesNotRetry' started at 2026-10-07 19:53:10.070
Test Case 'RCIRProductionDispatchTests.testLostResponseRetainsSignedUnknownAndDoesNotRetry' passed (0.168 seconds)
Test Case 'RCIRProductionDispatchTests.testMissingExactOriginAuthorityProducesZeroProviderEffects' started at 2026-10-07 19:53:10.238
Test Case 'RCIRProductionDispatchTests.testMissingExactOriginAuthorityProducesZeroProviderEffects' passed (0.136 seconds)
Test Case 'RCIRProductionDispatchTests.testNotYetValidLeaseProducesZeroProviderEffects' started at 2026-10-07 19:53:10.373
Test Case 'RCIRProductionDispatchTests.testNotYetValidLeaseProducesZeroProviderEffects' passed (0.23 seconds)
Test Case 'RCIRProductionDispatchTests.testObserverTraversalAndDoubleEncodingCannotDispatch' started at 2026-10-07 19:53:10.603
Test Case 'RCIRProductionDispatchTests.testObserverTraversalAndDoubleEncodingCannotDispatch' passed (0.145 seconds)
Test Case 'RCIRProductionDispatchTests.testPublicBeginConsumesOneLeaseAndRetainsTaskEvidence' started at 2026-10-07 19:53:10.748
Test Case 'RCIRProductionDispatchTests.testPublicBeginConsumesOneLeaseAndRetainsTaskEvidence' passed (0.13 seconds)
Test Case 'RCIRProductionDispatchTests.testRemovalAfterDispatchPreservesUnknownWithoutRetry' started at 2026-10-07 19:53:10.877
Test Case 'RCIRProductionDispatchTests.testRemovalAfterDispatchPreservesUnknownWithoutRetry' passed (0.171 seconds)
Test Case 'RCIRProductionDispatchTests.testRemovalAtTransportAdmissionProducesZeroProviderEffects' started at 2026-10-07 19:53:11.049
Test Case 'RCIRProductionDispatchTests.testRemovalAtTransportAdmissionProducesZeroProviderEffects' passed (0.562 seconds)
Test Case 'RCIRProductionDispatchTests.testRemovalBeforeDispatchProducesZeroProviderEffects' started at 2026-10-07 19:53:11.611
Test Case 'RCIRProductionDispatchTests.testRemovalBeforeDispatchProducesZeroProviderEffects' passed (0.985 seconds)
Test Case 'RCIRProductionDispatchTests.testRemovedInFlightBonjourAcquisitionCannotRestoreInvocation' started at 2026-10-07 19:53:12.596
Test Case 'RCIRProductionDispatchTests.testRemovedInFlightBonjourAcquisitionCannotRestoreInvocation' passed (0.178 seconds)
Test Case 'RCIRProductionDispatchTests.testSameProviderReappearingCannotReviveOldGeneration' started at 2026-10-07 19:53:12.774
Test Case 'RCIRProductionDispatchTests.testSameProviderReappearingCannotReviveOldGeneration' passed (0.242 seconds)
Test Case 'RCIRProductionDispatchTests.testSchemaDriftBeforeDispatchProducesZeroProviderEffects' started at 2026-10-07 19:53:13.016
Test Case 'RCIRProductionDispatchTests.testSchemaDriftBeforeDispatchProducesZeroProviderEffects' passed (0.141 seconds)
Test Case 'RCIRProductionDispatchTests.testSeparateRepeatIssuesNewLeaseThroughBothEntryPoints' started at 2026-10-07 19:53:13.157
Test Case 'RCIRProductionDispatchTests.testSeparateRepeatIssuesNewLeaseThroughBothEntryPoints' passed (0.171 seconds)
Test Case 'RCIRProductionDispatchTests.testSpentLeaseCannotDispatchAgain' started at 2026-10-07 19:53:13.327
Test Case 'RCIRProductionDispatchTests.testSpentLeaseCannotDispatchAgain' passed (0.235 seconds)
Test Suite 'RCIRProductionDispatchTests' passed at 2026-10-07 19:53:13.562
	 Executed 30 tests, with 0 failures (0 unexpected) in 7.1 (7.1) seconds
Test Suite 'RCIRProvisionedSignerTests' started at 2026-10-07 19:53:13.563
Test Case 'RCIRProvisionedSignerTests.testWithdrawalAtPostSignatureBoundaryReturnsNoSignature' started at 2026-10-07 19:53:13.563
Test Case 'RCIRProvisionedSignerTests.testWithdrawalAtPostSignatureBoundaryReturnsNoSignature' passed (0.01 seconds)
Test Suite 'RCIRProvisionedSignerTests' passed at 2026-10-07 19:53:13.572
	 Executed 1 test, with 0 failures (0 unexpected) in 0.01 (0.01) seconds
Test Suite 'RCIRSigningLifecycleTests' started at 2026-10-07 19:53:13.573
Test Case 'RCIRSigningLifecycleTests.testFreshInvocationAfterRotationUsesNewProvisionedKey' started at 2026-10-07 19:53:13.573
Test Case 'RCIRSigningLifecycleTests.testFreshInvocationAfterRotationUsesNewProvisionedKey' passed (1.628 seconds)
Test Case 'RCIRSigningLifecycleTests.testKeyWithdrawalAtAdmissionBoundaryHasZeroProviderEffects' started at 2026-10-07 19:53:15.202
Test Case 'RCIRSigningLifecycleTests.testKeyWithdrawalAtAdmissionBoundaryHasZeroProviderEffects' passed (0.305 seconds)
Test Case 'RCIRSigningLifecycleTests.testSamePathKeyRotationDoesNotSignWithRetainedOldKey' started at 2026-10-07 19:53:15.507
Test Case 'RCIRSigningLifecycleTests.testSamePathKeyRotationDoesNotSignWithRetainedOldKey' passed (0.781 seconds)
Test Case 'RCIRSigningLifecycleTests.testSignerReferenceRotationPreservesUnknownEffectWithoutOldSignature' started at 2026-10-07 19:53:16.288
Test Case 'RCIRSigningLifecycleTests.testSignerReferenceRotationPreservesUnknownEffectWithoutOldSignature' passed (0.823 seconds)
Test Case 'RCIRSigningLifecycleTests.testUnaryHTTPAfterKeyWithdrawalRetainsActualEffectAndUnsignedTruth' started at 2026-10-07 19:53:17.110
Test Case 'RCIRSigningLifecycleTests.testUnaryHTTPAfterKeyWithdrawalRetainsActualEffectAndUnsignedTruth' passed (0.547 seconds)
Test Case 'RCIRSigningLifecycleTests.testUnchangedProvisionedSignerSignsGenuineEffect' started at 2026-10-07 19:53:17.658
Test Case 'RCIRSigningLifecycleTests.testUnchangedProvisionedSignerSignsGenuineEffect' passed (0.779 seconds)
Test Case 'RCIRSigningLifecycleTests.testWithdrawnKeyAfterRealEffectAndProviderLossPreservesUnknown' started at 2026-10-07 19:53:18.437
Test Case 'RCIRSigningLifecycleTests.testWithdrawnKeyAfterRealEffectAndProviderLossPreservesUnknown' passed (1.156 seconds)
Test Case 'RCIRSigningLifecycleTests.testWithdrawnKeyDoesNotSignAlreadyAdmittedVerifiedEffect' started at 2026-10-07 19:53:19.593
Test Case 'RCIRSigningLifecycleTests.testWithdrawnKeyDoesNotSignAlreadyAdmittedVerifiedEffect' passed (0.932 seconds)
Test Suite 'RCIRSigningLifecycleTests' passed at 2026-10-07 19:53:20.525
	 Executed 8 tests, with 0 failures (0 unexpected) in 6.951 (6.951) seconds
Test Suite 'RCIRStructuredObservationTests' started at 2026-10-07 19:53:20.525
Test Case 'RCIRStructuredObservationTests.testArgumentBoundFieldsVerifyWhileAssignedMetadataRemainsInSignedBytes' started at 2026-10-07 19:53:20.525
Test Case 'RCIRStructuredObservationTests.testArgumentBoundFieldsVerifyWhileAssignedMetadataRemainsInSignedBytes' passed (0.003 seconds)
Test Case 'RCIRStructuredObservationTests.testExistingUnaryEvidenceInitializerDoesNotRequireTaskEvents' started at 2026-10-07 19:53:20.529
Test Case 'RCIRStructuredObservationTests.testExistingUnaryEvidenceInitializerDoesNotRequireTaskEvents' passed (0.103 seconds)
Test Case 'RCIRStructuredObservationTests.testFullObservationSchemaCannotBeDiscardedByProjection' started at 2026-10-07 19:53:20.631
Test Case 'RCIRStructuredObservationTests.testFullObservationSchemaCannotBeDiscardedByProjection' passed (0.102 seconds)
Test Case 'RCIRStructuredObservationTests.testIndependentMismatchIsVerifiedFailure' started at 2026-10-07 19:53:20.734
Test Case 'RCIRStructuredObservationTests.testIndependentMismatchIsVerifiedFailure' passed (0.002 seconds)
Test Case 'RCIRStructuredObservationTests.testObserverReceivesProviderCoordinatesAsUntrustedLocatorOnly' started at 2026-10-07 19:53:20.736
Test Case 'RCIRStructuredObservationTests.testObserverReceivesProviderCoordinatesAsUntrustedLocatorOnly' passed (0.002 seconds)
Test Case 'RCIRStructuredObservationTests.testProjectionRejectsWildcardMissingAndUnboundedContracts' started at 2026-10-07 19:53:20.737
Test Case 'RCIRStructuredObservationTests.testProjectionRejectsWildcardMissingAndUnboundedContracts' passed (0.101 seconds)
Test Suite 'RCIRStructuredObservationTests' passed at 2026-10-07 19:53:20.839
	 Executed 6 tests, with 0 failures (0 unexpected) in 0.313 (0.313) seconds
Test Suite 'RCIRTests' started at 2026-10-07 19:53:20.839
Test Case 'RCIRTests.testAcceptanceAndCompletionAreNotSemanticSuccess' started at 2026-10-07 19:53:20.839
Test Case 'RCIRTests.testAcceptanceAndCompletionAreNotSemanticSuccess' passed (0.002 seconds)
Test Case 'RCIRTests.testArgumentTamperingRejected' started at 2026-10-07 19:53:20.841
Test Case 'RCIRTests.testArgumentTamperingRejected' passed (0.001 seconds)
Test Case 'RCIRTests.testBufferOverflowNeverSilentlyDropsEvents' started at 2026-10-07 19:53:20.842
Test Case 'RCIRTests.testBufferOverflowNeverSilentlyDropsEvents' passed (0.001 seconds)
Test Case 'RCIRTests.testByteBudgetEnforcedBeforeMutation' started at 2026-10-07 19:53:20.843
Test Case 'RCIRTests.testByteBudgetEnforcedBeforeMutation' passed (0.001 seconds)
Test Case 'RCIRTests.testCancellationRequestIsNotAcknowledgement' started at 2026-10-07 19:53:20.844
Test Case 'RCIRTests.testCancellationRequestIsNotAcknowledgement' passed (0.001 seconds)
Test Case 'RCIRTests.testCannotIssueFinalReceiptForRunningTask' started at 2026-10-07 19:53:20.845
Test Case 'RCIRTests.testCannotIssueFinalReceiptForRunningTask' passed (0.101 seconds)
Test Case 'RCIRTests.testChangedContractInvalidatesLease' started at 2026-10-07 19:53:20.947
Test Case 'RCIRTests.testChangedContractInvalidatesLease' passed (0.002 seconds)
Test Case 'RCIRTests.testClockRegressionRejected' started at 2026-10-07 19:53:20.949
Test Case 'RCIRTests.testClockRegressionRejected' passed (0.001 seconds)
Test Case 'RCIRTests.testContractBindsEffects' started at 2026-10-07 19:53:20.950
Test Case 'RCIRTests.testContractBindsEffects' passed (0.001 seconds)
Test Case 'RCIRTests.testContractBindsTaskShape' started at 2026-10-07 19:53:20.951
Test Case 'RCIRTests.testContractBindsTaskShape' passed (0.001 seconds)
Test Case 'RCIRTests.testContractBindsVerification' started at 2026-10-07 19:53:20.951
Test Case 'RCIRTests.testContractBindsVerification' passed (0.001 seconds)
Test Case 'RCIRTests.testContractRejectsUnboundedStream' started at 2026-10-07 19:53:20.952
Test Case 'RCIRTests.testContractRejectsUnboundedStream' passed (0.0 seconds)
Test Case 'RCIRTests.testDeadlineProducesUnknownNotSuccessOrRetry' started at 2026-10-07 19:53:20.952
Test Case 'RCIRTests.testDeadlineProducesUnknownNotSuccessOrRetry' passed (0.001 seconds)
Test Case 'RCIRTests.testExistingABIStillDistinguishesIntegerNumberAndString' started at 2026-10-07 19:53:20.953
Test Case 'RCIRTests.testExistingABIStillDistinguishesIntegerNumberAndString' passed (0.0 seconds)
Test Case 'RCIRTests.testExternalMismatchIsSemanticFailure' started at 2026-10-07 19:53:20.953
Test Case 'RCIRTests.testExternalMismatchIsSemanticFailure' passed (0.001 seconds)
Test Case 'RCIRTests.testIncorrectTypedArgumentsRejected' started at 2026-10-07 19:53:20.954
Test Case 'RCIRTests.testIncorrectTypedArgumentsRejected' passed (0.002 seconds)
Test Case 'RCIRTests.testInvalidScopeFailsClosed' started at 2026-10-07 19:53:20.956
Test Case 'RCIRTests.testInvalidScopeFailsClosed' passed (0.0 seconds)
Test Case 'RCIRTests.testLeaseCannotCrossAdmissionInstances' started at 2026-10-07 19:53:20.957
Test Case 'RCIRTests.testLeaseCannotCrossAdmissionInstances' passed (0.102 seconds)
Test Case 'RCIRTests.testLeaseConsumesOnce' started at 2026-10-07 19:53:21.059
Test Case 'RCIRTests.testLeaseConsumesOnce' passed (0.001 seconds)
Test Case 'RCIRTests.testLeaseExpiryBoundary' started at 2026-10-07 19:53:21.060
Test Case 'RCIRTests.testLeaseExpiryBoundary' passed (0.001 seconds)
Test Case 'RCIRTests.testLeaseInvalidTimesAndTTLRejected' started at 2026-10-07 19:53:21.060
Test Case 'RCIRTests.testLeaseInvalidTimesAndTTLRejected' passed (0.101 seconds)
Test Case 'RCIRTests.testLeastAuthorityIsExactRequiredSubset' started at 2026-10-07 19:53:21.161
Test Case 'RCIRTests.testLeastAuthorityIsExactRequiredSubset' passed (0.001 seconds)
Test Case 'RCIRTests.testMissingAuthorityRejected' started at 2026-10-07 19:53:21.162
Test Case 'RCIRTests.testMissingAuthorityRejected' passed (0.001 seconds)
Test Case 'RCIRTests.testMissingVerificationContractCannotSucceed' started at 2026-10-07 19:53:21.163
Test Case 'RCIRTests.testMissingVerificationContractCannotSucceed' passed (0.001 seconds)
Test Case 'RCIRTests.testObserverTransportFailureDoesNotBecomeSuccess' started at 2026-10-07 19:53:21.164
Test Case 'RCIRTests.testObserverTransportFailureDoesNotBecomeSuccess' passed (0.001 seconds)
Test Case 'RCIRTests.testOnlyBoundIndependentObserverCanVerify' started at 2026-10-07 19:53:21.165
Test Case 'RCIRTests.testOnlyBoundIndependentObserverCanVerify' passed (0.002 seconds)
Test Case 'RCIRTests.testPolicyChangeAndAuthorityRevocationRejected' started at 2026-10-07 19:53:21.166
Test Case 'RCIRTests.testPolicyChangeAndAuthorityRevocationRejected' passed (0.001 seconds)
Test Case 'RCIRTests.testPolicyDenyOverridesAuthority' started at 2026-10-07 19:53:21.167
Test Case 'RCIRTests.testPolicyDenyOverridesAuthority' passed (0.001 seconds)
Test Case 'RCIRTests.testPrincipalBoundToSnapshot' started at 2026-10-07 19:53:21.168
Test Case 'RCIRTests.testPrincipalBoundToSnapshot' passed (0.001 seconds)
Test Case 'RCIRTests.testProviderLossDuringWorkIsUnknown' started at 2026-10-07 19:53:21.169
Test Case 'RCIRTests.testProviderLossDuringWorkIsUnknown' passed (0.001 seconds)
Test Case 'RCIRTests.testPureOperationNeedsNoAuthority' started at 2026-10-07 19:53:21.170
Test Case 'RCIRTests.testPureOperationNeedsNoAuthority' passed (0.0 seconds)
Test Case 'RCIRTests.testReappearanceCannotResurrectOldLease' started at 2026-10-07 19:53:21.170
Test Case 'RCIRTests.testReappearanceCannotResurrectOldLease' passed (0.001 seconds)
Test Case 'RCIRTests.testReceiptBindsObservedOutcomeAndHasDomainSeparator' started at 2026-10-07 19:53:21.171
Test Case 'RCIRTests.testReceiptBindsObservedOutcomeAndHasDomainSeparator' passed (0.001 seconds)
Test Case 'RCIRTests.testRemovedProviderDisappearsAndOldBindingRejected' started at 2026-10-07 19:53:21.172
Test Case 'RCIRTests.testRemovedProviderDisappearsAndOldBindingRejected' passed (0.001 seconds)
Test Case 'RCIRTests.testResultShapeCheckedWithoutPromotion' started at 2026-10-07 19:53:21.173
Test Case 'RCIRTests.testResultShapeCheckedWithoutPromotion' passed (0.001 seconds)
Test Case 'RCIRTests.testSamePublicationDoesNotInvalidateBinding' started at 2026-10-07 19:53:21.173
Test Case 'RCIRTests.testSamePublicationDoesNotInvalidateBinding' passed (0.001 seconds)
Test Case 'RCIRTests.testScopesUseExactUTF8' started at 2026-10-07 19:53:21.174
Test Case 'RCIRTests.testScopesUseExactUTF8' passed (0.0 seconds)
Test Case 'RCIRTests.testStreamElementAndUnaryChunkValidation' started at 2026-10-07 19:53:21.175
Test Case 'RCIRTests.testStreamElementAndUnaryChunkValidation' passed (0.001 seconds)
Test Case 'RCIRTests.testStreamSequenceReplayAndGapRejected' started at 2026-10-07 19:53:21.176
Test Case 'RCIRTests.testStreamSequenceReplayAndGapRejected' passed (0.001 seconds)
Test Case 'RCIRTests.testTaskDeadlineMustBeFiniteAndForward' started at 2026-10-07 19:53:21.177
Test Case 'RCIRTests.testTaskDeadlineMustBeFiniteAndForward' passed (0.001 seconds)
Test Case 'RCIRTests.testTerminalTaskCannotBeReopened' started at 2026-10-07 19:53:21.178
Test Case 'RCIRTests.testTerminalTaskCannotBeReopened' passed (0.001 seconds)
Test Case 'RCIRTests.testUnknownArgumentSchemaRejected' started at 2026-10-07 19:53:21.178
Test Case 'RCIRTests.testUnknownArgumentSchemaRejected' passed (0.001 seconds)
Test Case 'RCIRTests.testUnknownEffectsRejected' started at 2026-10-07 19:53:21.179
Test Case 'RCIRTests.testUnknownEffectsRejected' passed (0.001 seconds)
Test Case 'RCIRTests.testUnsupportedCancellationRejected' started at 2026-10-07 19:53:21.180
Test Case 'RCIRTests.testUnsupportedCancellationRejected' passed (0.001 seconds)
Test Case 'RCIRTests.testUnsupportedClientAndDuplexStreamsAbstain' started at 2026-10-07 19:53:21.181
Test Case 'RCIRTests.testUnsupportedClientAndDuplexStreamsAbstain' passed (0.001 seconds)
Test Case 'RCIRTests.testVerifierCannotRunBeforeProviderCompletion' started at 2026-10-07 19:53:21.182
Test Case 'RCIRTests.testVerifierCannotRunBeforeProviderCompletion' passed (0.001 seconds)
Test Suite 'RCIRTests' passed at 2026-10-07 19:53:21.183
	 Executed 46 tests, with 0 failures (0 unexpected) in 0.343 (0.343) seconds
Test Suite 'RCIRUnaryAdmissionTests' started at 2026-10-07 19:53:21.183
Test Case 'RCIRUnaryAdmissionTests.testAcceptedLegacyUnaryConsumesOneLeaseAndRetainsUnverifiedReceipt' started at 2026-10-07 19:53:21.183
Test Case 'RCIRUnaryAdmissionTests.testAcceptedLegacyUnaryConsumesOneLeaseAndRetainsUnverifiedReceipt' passed (0.014 seconds)
Test Case 'RCIRUnaryAdmissionTests.testChangedArgumentsAtAdmissionStopLegacyUnaryTransport' started at 2026-10-07 19:53:21.197
Test Case 'RCIRUnaryAdmissionTests.testChangedArgumentsAtAdmissionStopLegacyUnaryTransport' passed (0.009 seconds)
Test Case 'RCIRUnaryAdmissionTests.testCurrentHostPolicyDenialStopsLegacyUnaryTransport' started at 2026-10-07 19:53:21.206
Test Case 'RCIRUnaryAdmissionTests.testCurrentHostPolicyDenialStopsLegacyUnaryTransport' passed (0.006 seconds)
Test Case 'RCIRUnaryAdmissionTests.testLostUnaryResponsePreservesUnknownWithoutReplay' started at 2026-10-07 19:53:21.212
Test Case 'RCIRUnaryAdmissionTests.testLostUnaryResponsePreservesUnknownWithoutReplay' passed (0.008 seconds)
Test Suite 'RCIRUnaryAdmissionTests' passed at 2026-10-07 19:53:21.221
	 Executed 4 tests, with 0 failures (0 unexpected) in 0.038 (0.038) seconds
Test Suite 'RCIRUnitCompletionTests' started at 2026-10-07 19:53:21.221
Test Case 'RCIRUnitCompletionTests.testNoOutputCompletionCannotBypassDeclaredOrUnknownOutput' started at 2026-10-07 19:53:21.221
Test Case 'RCIRUnitCompletionTests.testNoOutputCompletionCannotBypassDeclaredOrUnknownOutput' passed (0.104 seconds)
Test Case 'RCIRUnitCompletionTests.testNoOutputCompletionCarriesNoProviderValueAndRemainsUnverified' started at 2026-10-07 19:53:21.325
Test Case 'RCIRUnitCompletionTests.testNoOutputCompletionCarriesNoProviderValueAndRemainsUnverified' passed (0.001 seconds)
Test Case 'RCIRUnitCompletionTests.testNoOutputHasCanonicalIdentityDistinctFromJSONNull' started at 2026-10-07 19:53:21.325
Test Case 'RCIRUnitCompletionTests.testNoOutputHasCanonicalIdentityDistinctFromJSONNull' passed (0.0 seconds)
Test Case 'RCIRUnitCompletionTests.testOnlyIndependentObserverCanPromoteNoOutputOutcome' started at 2026-10-07 19:53:21.326
Test Case 'RCIRUnitCompletionTests.testOnlyIndependentObserverCanPromoteNoOutputOutcome' passed (0.001 seconds)
Test Suite 'RCIRUnitCompletionTests' passed at 2026-10-07 19:53:21.327
	 Executed 4 tests, with 0 failures (0 unexpected) in 0.106 (0.106) seconds
Test Suite 'RuntimeIdentityCompatibilityTests' started at 2026-10-07 19:53:21.327
Test Case 'RuntimeIdentityCompatibilityTests.testActualInstalledCoreRuntimeIdentityRemainsDecodable' started at 2026-10-07 19:53:21.327
Test Case 'RuntimeIdentityCompatibilityTests.testActualInstalledCoreRuntimeIdentityRemainsDecodable' passed (0.004 seconds)
Test Case 'RuntimeIdentityCompatibilityTests.testCurrentRuntimeAdvertisesOnlyTheExistingCoreProfile' started at 2026-10-07 19:53:21.330
Test Case 'RuntimeIdentityCompatibilityTests.testCurrentRuntimeAdvertisesOnlyTheExistingCoreProfile' passed (0.617 seconds)
Test Suite 'RuntimeIdentityCompatibilityTests' passed at 2026-10-07 19:53:21.947
	 Executed 2 tests, with 0 failures (0 unexpected) in 0.621 (0.621) seconds
Test Suite 'ServiceOutcomeTests' started at 2026-10-07 19:53:21.948
Test Case 'ServiceOutcomeTests.testChangedCounterWithoutDeclaredOutputIsNotVerification' started at 2026-10-07 19:53:21.948
Test Case 'ServiceOutcomeTests.testChangedCounterWithoutDeclaredOutputIsNotVerification' passed (0.001 seconds)
Test Case 'ServiceOutcomeTests.testEchoedInputWithChangedCounterIsNotSemanticProof' started at 2026-10-07 19:53:21.948
Test Case 'ServiceOutcomeTests.testEchoedInputWithChangedCounterIsNotSemanticProof' passed (0.0 seconds)
Test Case 'ServiceOutcomeTests.testExactPostconditionChecksEmptyUnicodeAndWhitespaceWithoutNormalization' started at 2026-10-07 19:53:21.948
Test Case 'ServiceOutcomeTests.testExactPostconditionChecksEmptyUnicodeAndWhitespaceWithoutNormalization' passed (0.0 seconds)
Test Case 'ServiceOutcomeTests.testRejectionAndDeadlineCannotSucceedOrLeakEchoedInput' started at 2026-10-07 19:53:21.949
Test Case 'ServiceOutcomeTests.testRejectionAndDeadlineCannotSucceedOrLeakEchoedInput' passed (0.0 seconds)
Test Case 'ServiceOutcomeTests.testReturnedOutputWithoutPostconditionIsNotSemanticSuccess' started at 2026-10-07 19:53:21.949
Test Case 'ServiceOutcomeTests.testReturnedOutputWithoutPostconditionIsNotSemanticSuccess' passed (0.0 seconds)
Test Case 'ServiceOutcomeTests.testUnchangedInputIsNotReturnedOrVerified' started at 2026-10-07 19:53:21.950
Test Case 'ServiceOutcomeTests.testUnchangedInputIsNotReturnedOrVerified' passed (0.0 seconds)
Test Suite 'ServiceOutcomeTests' passed at 2026-10-07 19:53:21.950
	 Executed 6 tests, with 0 failures (0 unexpected) in 0.002 (0.002) seconds
Test Suite 'SharingExecutionTests' started at 2026-10-07 19:53:21.950
Test Case 'SharingExecutionTests.testDeadlineDoesNotOverrideATerminalCallback' started at 2026-10-07 19:53:21.950
Test Case 'SharingExecutionTests.testDeadlineDoesNotOverrideATerminalCallback' passed (0.0 seconds)
Test Case 'SharingExecutionTests.testDeadlineWithoutCallbackIsUnknown' started at 2026-10-07 19:53:21.950
Test Case 'SharingExecutionTests.testDeadlineWithoutCallbackIsUnknown' passed (0.0 seconds)
Test Case 'SharingExecutionTests.testDidFailToShareItemsFails' started at 2026-10-07 19:53:21.951
Test Case 'SharingExecutionTests.testDidFailToShareItemsFails' passed (0.0 seconds)
Test Case 'SharingExecutionTests.testDidShareItemsReportsAcceptanceWithoutIndependentOutcome' started at 2026-10-07 19:53:21.951
Test Case 'SharingExecutionTests.testDidShareItemsReportsAcceptanceWithoutIndependentOutcome' passed (0.0 seconds)
Test Case 'SharingExecutionTests.testPerformReturnWithoutCallbackStaysStarted' started at 2026-10-07 19:53:21.951
Test Case 'SharingExecutionTests.testPerformReturnWithoutCallbackStaysStarted' passed (0.0 seconds)
Test Case 'SharingExecutionTests.testWillShareItemsDoesNotFailTheExecution' started at 2026-10-07 19:53:21.951
Test Case 'SharingExecutionTests.testWillShareItemsDoesNotFailTheExecution' passed (0.0 seconds)
Test Suite 'SharingExecutionTests' passed at 2026-10-07 19:53:21.952
	 Executed 6 tests, with 0 failures (0 unexpected) in 0.001 (0.001) seconds
Test Suite 'UniversalReflectorContractTests' started at 2026-10-07 19:53:21.952
Test Case 'UniversalReflectorContractTests.testEngineRoutesByReflectorOwnershipNotCapabilitySource' started at 2026-10-07 19:53:21.952
Test Case 'UniversalReflectorContractTests.testEngineRoutesByReflectorOwnershipNotCapabilitySource' passed (0.007 seconds)
Test Case 'UniversalReflectorContractTests.testGenericVerificationRemainsAboveReflectorBoundary' started at 2026-10-07 19:53:21.959
Test Case 'UniversalReflectorContractTests.testGenericVerificationRemainsAboveReflectorBoundary' passed (0.004 seconds)
Test Case 'UniversalReflectorContractTests.testRemovingReflectorRemovesCapability' started at 2026-10-07 19:53:21.963
Test Case 'UniversalReflectorContractTests.testRemovingReflectorRemovesCapability' passed (0.001 seconds)
Test Suite 'UniversalReflectorContractTests' passed at 2026-10-07 19:53:21.964
	 Executed 3 tests, with 0 failures (0 unexpected) in 0.012 (0.012) seconds
Test Suite 'WITComponentContractTests' started at 2026-10-07 19:53:21.964
Test Case 'WITComponentContractTests.testActualTypedComponentWhenProvisioned' started at 2026-10-07 19:53:21.964
Test Case 'WITComponentContractTests.testActualTypedComponentWhenProvisioned' passed (15.207 seconds)
Test Case 'WITComponentContractTests.testCyclesUnknownKindsOutOfRangeReferencesAndAmbiguousFieldsFailClosed' started at 2026-10-07 19:53:37.172
Test Case 'WITComponentContractTests.testCyclesUnknownKindsOutOfRangeReferencesAndAmbiguousFieldsFailClosed' passed (0.016 seconds)
Test Case 'WITComponentContractTests.testDeclaredUnitRequiresExactUnitWriterFormAndCannotBecomeNullResult' started at 2026-10-07 19:53:37.188
Test Case 'WITComponentContractTests.testDeclaredUnitRequiresExactUnitWriterFormAndCannotBecomeNullResult' passed (0.001 seconds)
Test Case 'WITComponentContractTests.testDepthAndExpandedDAGRemainBoundedBeforeBuildingSchemas' started at 2026-10-07 19:53:37.189
Test Case 'WITComponentContractTests.testDepthAndExpandedDAGRemainBoundedBeforeBuildingSchemas' passed (0.062 seconds)
Test Case 'WITComponentContractTests.testExactWITIntegerWidthsRejectUnrepresentableDeclarationsAndWrongValues' started at 2026-10-07 19:53:37.251
Test Case 'WITComponentContractTests.testExactWITIntegerWidthsRejectUnrepresentableDeclarationsAndWrongValues' passed (0.011 seconds)
Test Case 'WITComponentContractTests.testImportsAsyncAndMalformedComponentShapeAbstain' started at 2026-10-07 19:53:37.262
Test Case 'WITComponentContractTests.testImportsAsyncAndMalformedComponentShapeAbstain' passed (0.001 seconds)
Test Case 'WITComponentContractTests.testQualifiedInterfaceVersionAndResolvedTypeCommitmentsAreExact' started at 2026-10-07 19:53:37.263
Test Case 'WITComponentContractTests.testQualifiedInterfaceVersionAndResolvedTypeCommitmentsAreExact' passed (0.003 seconds)
Test Case 'WITComponentContractTests.testTypedRecordsListsAndBooleanDoNotCoerceOrDiscardFields' started at 2026-10-07 19:53:37.266
Test Case 'WITComponentContractTests.testTypedRecordsListsAndBooleanDoNotCoerceOrDiscardFields' passed (0.002 seconds)
Test Case 'WITComponentContractTests.testWAVEStringEscapesPreserveExactUTF8IncludingNulAndUnicode' started at 2026-10-07 19:53:37.268
Test Case 'WITComponentContractTests.testWAVEStringEscapesPreserveExactUTF8IncludingNulAndUnicode' passed (0.002 seconds)
Test Suite 'WITComponentContractTests' passed at 2026-10-07 19:53:37.270
	 Executed 9 tests, with 0 failures (0 unexpected) in 15.305 (15.305) seconds
Test Suite 'debug.xctest' passed at 2026-10-07 19:53:37.270
	 Executed 591 tests, with 26 tests skipped and 0 failures (0 unexpected) in 99.203 (99.203) seconds
Test Suite 'All tests' passed at 2026-10-07 19:53:37.271
	 Executed 591 tests, with 26 tests skipped and 0 failures (0 unexpected) in 99.203 (99.203) seconds
◇ Test run started.
↳ Testing Library Version: 6.2.4 (5ee435b15ad40ec)
↳ Target Platform: aarch64-unknown-linux-gnu
✔ Test run with 0 tests in 0 suites passed after 0.001 seconds.
