warning: 'rightclick-wit-typed-20261007': found 4 file(s) which are unhandled; explicitly declare them as resources or exclude from the target
    /private/tmp/rightclick-wit-typed-20261007/Tests/RightClickCoreTests/Fixtures/MOAT005G3IssuesCreateRequest.json
    /private/tmp/rightclick-wit-typed-20261007/Tests/RightClickCoreTests/Fixtures/MOAT005G4IssuesCreateRealResponse.json
    /private/tmp/rightclick-wit-typed-20261007/Tests/RightClickCoreTests/Fixtures/WindowsActualAcknowledgementDeclaration.json
    /private/tmp/rightclick-wit-typed-20261007/Tests/RightClickCoreTests/Fixtures/InstalledRuntime022Identity.json
[0/1] Planning build
[1/1] Compiling plugin SwiftProtobufPlugin
[2/2] Compiling plugin GRPCSwiftPlugin
Building for debugging...
[2/12] Write swift-version--58304C5D6DBC2206.txt
[4/31] Emitting module SwiftProtobuf
[5/31] Compiling SwiftProtobuf AnyMessageStorage.swift
[6/31] Compiling SwiftProtobuf AnyUnpackError.swift
[7/31] Compiling SwiftProtobuf AsyncMessageSequence.swift
[8/31] Compiling SwiftProtobuf BinaryDecoder.swift
[9/31] Compiling SwiftProtobuf BinaryDecodingError.swift
[10/31] Compiling SwiftProtobuf BinaryDecodingOptions.swift
[11/31] Compiling SwiftProtobuf BinaryDelimited.swift
[12/31] Compiling SwiftProtobuf BinaryEncoder.swift
[13/31] Compiling SwiftProtobuf BinaryEncodingError.swift
[14/31] Compiling SwiftProtobuf BinaryEncodingOptions.swift
[15/31] Compiling SwiftProtobuf BinaryEncodingSizeVisitor.swift
[16/31] Compiling SwiftProtobuf BinaryEncodingVisitor.swift
[17/31] Compiling SwiftProtobuf BytecodeInterpreter.swift
[18/31] Compiling SwiftProtobuf BytecodeReader.swift
[19/31] Compiling SwiftProtobuf CustomJSONCodable.swift
[20/31] Compiling SwiftProtobuf Decoder.swift
[21/31] Compiling SwiftProtobuf DoubleParser.swift
[22/31] Compiling SwiftProtobuf Enum.swift
[23/31] Compiling SwiftProtobuf ExtensibleMessage.swift
[24/31] Compiling SwiftProtobuf ExtensionFieldValueSet.swift
[25/31] Compiling SwiftProtobuf ExtensionFields.swift
[26/31] Compiling SwiftProtobuf ExtensionMap.swift
[27/31] Compiling SwiftProtobuf FieldTag.swift
[28/31] Compiling SwiftProtobuf FieldTypes.swift
[29/79] Compiling SwiftProtobuf Message+BinaryAdditions_Data.swift
[30/79] Compiling SwiftProtobuf Message+FieldMask.swift
[31/79] Compiling SwiftProtobuf Message+JSONAdditions.swift
[32/79] Compiling SwiftProtobuf Message+JSONAdditions_Data.swift
[33/79] Compiling SwiftProtobuf Message+JSONArrayAdditions.swift
[34/79] Compiling SwiftProtobuf Message+JSONArrayAdditions_Data.swift
[35/79] Compiling SwiftProtobuf Message+TextFormatAdditions.swift
[36/79] Compiling SwiftProtobuf Message.swift
[37/79] Compiling SwiftProtobuf MessageExtension.swift
[38/79] Compiling SwiftProtobuf NameMap.swift
[39/79] Compiling SwiftProtobuf PathDecoder.swift
[40/79] Compiling SwiftProtobuf PathVisitor.swift
[41/79] Compiling SwiftProtobuf ProtoNameProviding.swift
[42/79] Compiling SwiftProtobuf ProtobufAPIVersionCheck.swift
[43/79] Compiling SwiftProtobuf ProtobufMap.swift
[44/79] Compiling SwiftProtobuf SelectiveVisitor.swift
[45/79] Compiling SwiftProtobuf SimpleExtensionMap.swift
[46/79] Compiling SwiftProtobuf StringUtils.swift
[47/79] Compiling SwiftProtobuf SwiftProtobufContiguousBytes.swift
[48/79] Compiling SwiftProtobuf SwiftProtobufError.swift
[49/79] Compiling SwiftProtobuf TextFormatDecoder.swift
[50/79] Compiling SwiftProtobuf TextFormatDecodingError.swift
[51/79] Compiling SwiftProtobuf TextFormatDecodingOptions.swift
[52/79] Compiling SwiftProtobuf TextFormatEncoder.swift
[53/102] Compiling SwiftProtobuf Google_Protobuf_Any+Extensions.swift
[54/102] Compiling SwiftProtobuf Google_Protobuf_Any+Registry.swift
[55/102] Compiling SwiftProtobuf Google_Protobuf_Duration+Extensions.swift
[56/102] Compiling SwiftProtobuf Google_Protobuf_FieldMask+Extensions.swift
[57/102] Compiling SwiftProtobuf Google_Protobuf_ListValue+Extensions.swift
[58/102] Compiling SwiftProtobuf Google_Protobuf_NullValue+Extensions.swift
[59/102] Compiling SwiftProtobuf Google_Protobuf_Struct+Extensions.swift
[60/102] Compiling SwiftProtobuf Google_Protobuf_Timestamp+Extensions.swift
[61/102] Compiling SwiftProtobuf Google_Protobuf_Value+Extensions.swift
[62/102] Compiling SwiftProtobuf Google_Protobuf_Wrappers+Extensions.swift
[63/102] Compiling SwiftProtobuf HashVisitor.swift
[64/102] Compiling SwiftProtobuf Internal.swift
[65/102] Compiling SwiftProtobuf JSONDecoder.swift
[66/102] Compiling SwiftProtobuf JSONDecodingError.swift
[67/102] Compiling SwiftProtobuf JSONDecodingOptions.swift
[68/102] Compiling SwiftProtobuf JSONEncoder.swift
[69/102] Compiling SwiftProtobuf JSONEncodingError.swift
[70/102] Compiling SwiftProtobuf JSONEncodingOptions.swift
[71/102] Compiling SwiftProtobuf JSONEncodingVisitor.swift
[72/102] Compiling SwiftProtobuf JSONMapEncodingVisitor.swift
[73/102] Compiling SwiftProtobuf JSONScanner.swift
[74/102] Compiling SwiftProtobuf MathUtils.swift
[75/102] Compiling SwiftProtobuf Message+AnyAdditions.swift
[76/102] Compiling SwiftProtobuf Message+BinaryAdditions.swift
[77/102] Compiling SwiftProtobuf TextFormatEncodingOptions.swift
[78/102] Compiling SwiftProtobuf TextFormatEncodingVisitor.swift
[79/102] Compiling SwiftProtobuf TextFormatScanner.swift
[80/102] Compiling SwiftProtobuf TimeUtils.swift
[81/102] Compiling SwiftProtobuf UnknownStorage.swift
[82/102] Compiling SwiftProtobuf UnsafeRawPointer+Shims.swift
[83/102] Compiling SwiftProtobuf Varint.swift
[84/102] Compiling SwiftProtobuf Version.swift
[85/102] Compiling SwiftProtobuf Visitor.swift
[86/102] Compiling SwiftProtobuf WireFormat.swift
[87/102] Compiling SwiftProtobuf ZigZag.swift
[88/102] Compiling SwiftProtobuf any.pb.swift
[89/102] Compiling SwiftProtobuf api.pb.swift
[90/102] Compiling SwiftProtobuf descriptor.pb.swift
[91/102] Compiling SwiftProtobuf duration.pb.swift
[92/102] Compiling SwiftProtobuf empty.pb.swift
[93/102] Compiling SwiftProtobuf field_mask.pb.swift
[94/102] Compiling SwiftProtobuf source_context.pb.swift
[95/102] Compiling SwiftProtobuf struct.pb.swift
[96/102] Compiling SwiftProtobuf timestamp.pb.swift
[97/102] Compiling SwiftProtobuf type.pb.swift
[98/102] Compiling SwiftProtobuf wrappers.pb.swift
[99/102] Compiling SwiftProtobuf resource_bundle_accessor.swift
Build complete! (35.21s)
Test Suite 'All tests' started at 2026-10-07 20:45:14.171.
Test Suite 'rightclick-mcpPackageTests.xctest' started at 2026-10-07 20:45:14.173.
Test Suite 'A2ARealLifecycleTests' started at 2026-10-07 20:45:14.173.
Test Case '-[RightClickCoreTests.A2ARealLifecycleTests testAcceptedAndCompletedTaskWithMismatchedEffectFailsWithSignedReceipt]' started.
Test Case '-[RightClickCoreTests.A2ARealLifecycleTests testAcceptedAndCompletedTaskWithMismatchedEffectFailsWithSignedReceipt]' passed (0.964 seconds).
Test Case '-[RightClickCoreTests.A2ARealLifecycleTests testCompletedUnverifiedTaskCannotObserveAfterPolicyRevocation]' started.
Test Case '-[RightClickCoreTests.A2ARealLifecycleTests testCompletedUnverifiedTaskCannotObserveAfterPolicyRevocation]' passed (0.922 seconds).
Test Case '-[RightClickCoreTests.A2ARealLifecycleTests testCompletedWithoutIndependentEffectRemainsUnverified]' started.
Test Case '-[RightClickCoreTests.A2ARealLifecycleTests testCompletedWithoutIndependentEffectRemainsUnverified]' passed (1.070 seconds).
Test Case '-[RightClickCoreTests.A2ARealLifecycleTests testDeadlineIsUnknownWithoutRetryingOrFabricatingCompletion]' started.
Test Case '-[RightClickCoreTests.A2ARealLifecycleTests testDeadlineIsUnknownWithoutRetryingOrFabricatingCompletion]' passed (0.324 seconds).
Test Case '-[RightClickCoreTests.A2ARealLifecycleTests testGenuineDelegationObservesEffectAndSignsTerminalReceipt]' started.
Test Case '-[RightClickCoreTests.A2ARealLifecycleTests testGenuineDelegationObservesEffectAndSignsTerminalReceipt]' passed (0.833 seconds).
Test Case '-[RightClickCoreTests.A2ARealLifecycleTests testPolicyAndConfirmationDenialsHaveZeroDelegatedEffects]' started.
Test Case '-[RightClickCoreTests.A2ARealLifecycleTests testPolicyAndConfirmationDenialsHaveZeroDelegatedEffects]' passed (0.269 seconds).
Test Case '-[RightClickCoreTests.A2ARealLifecycleTests testPolicyRevocationDuringTaskCannotBeSilentlyIgnored]' started.
Test Case '-[RightClickCoreTests.A2ARealLifecycleTests testPolicyRevocationDuringTaskCannotBeSilentlyIgnored]' passed (0.287 seconds).
Test Case '-[RightClickCoreTests.A2ARealLifecycleTests testProviderDisappearingMidTaskIsSignedUnknownWithoutReplay]' started.
Test Case '-[RightClickCoreTests.A2ARealLifecycleTests testProviderDisappearingMidTaskIsSignedUnknownWithoutReplay]' passed (0.274 seconds).
Test Case '-[RightClickCoreTests.A2ARealLifecycleTests testRemoteTaskFailureCannotBecomeSemanticSuccess]' started.
Test Case '-[RightClickCoreTests.A2ARealLifecycleTests testRemoteTaskFailureCannotBecomeSemanticSuccess]' passed (0.818 seconds).
Test Case '-[RightClickCoreTests.A2ARealLifecycleTests testUnpinnedIndependentObserverFailsBeforeDispatch]' started.
Test Case '-[RightClickCoreTests.A2ARealLifecycleTests testUnpinnedIndependentObserverFailsBeforeDispatch]' passed (0.272 seconds).
Test Suite 'A2ARealLifecycleTests' passed at 2026-10-07 20:45:20.207.
	 Executed 10 tests, with 0 failures (0 unexpected) in 6.033 (6.035) seconds
Test Suite 'ARDAcquisitionGateTests' started at 2026-10-07 20:45:20.207.
Test Case '-[RightClickCoreTests.ARDAcquisitionGateTests testG13ARDSearchResponseBecomesOpenAPIAcquisitionCandidate]' started.
Test Case '-[RightClickCoreTests.ARDAcquisitionGateTests testG13ARDSearchResponseBecomesOpenAPIAcquisitionCandidate]' passed (0.006 seconds).
Test Case '-[RightClickCoreTests.ARDAcquisitionGateTests testG14CapabilityIsAbsentBeforeARDAndAppearsAfterDiscovery]' started.
Test Case '-[RightClickCoreTests.ARDAcquisitionGateTests testG14CapabilityIsAbsentBeforeARDAndAppearsAfterDiscovery]' passed (0.004 seconds).
Test Case '-[RightClickCoreTests.ARDAcquisitionGateTests testG15ExecutesARDAcquiredCapabilityThroughCapabilityEngine]' started.
Test Case '-[RightClickCoreTests.ARDAcquisitionGateTests testG15ExecutesARDAcquiredCapabilityThroughCapabilityEngine]' passed (0.016 seconds).
Test Case '-[RightClickCoreTests.ARDAcquisitionGateTests testG16IndependentReadBackVerifiesDurableState]' started.
Test Case '-[RightClickCoreTests.ARDAcquisitionGateTests testG16IndependentReadBackVerifiesDurableState]' passed (0.020 seconds).
Test Suite 'ARDAcquisitionGateTests' passed at 2026-10-07 20:45:20.253.
	 Executed 4 tests, with 0 failures (0 unexpected) in 0.045 (0.046) seconds
Test Suite 'ARDPortableTests' started at 2026-10-07 20:45:20.253.
Test Case '-[RightClickARDTests.ARDPortableTests testAmbiguousOpenAPIServerBindingAbstains]' started.
Test Case '-[RightClickARDTests.ARDPortableTests testAmbiguousOpenAPIServerBindingAbstains]' passed (0.000 seconds).
Test Case '-[RightClickARDTests.ARDPortableTests testG13DecodesHfDiscoverSearchResponseShape]' started.
Test Case '-[RightClickARDTests.ARDPortableTests testG13DecodesHfDiscoverSearchResponseShape]' passed (0.000 seconds).
Test Case '-[RightClickARDTests.ARDPortableTests testG13ExtractsSupportedOpenAPICandidate]' started.
Test Case '-[RightClickARDTests.ARDPortableTests testG13ExtractsSupportedOpenAPICandidate]' passed (0.000 seconds).
Test Case '-[RightClickARDTests.ARDPortableTests testSearchRequestMatchesARDEnvelope]' started.
Test Case '-[RightClickARDTests.ARDPortableTests testSearchRequestMatchesARDEnvelope]' passed (0.000 seconds).
Test Case '-[RightClickARDTests.ARDPortableTests testSearchResponseRequiresExactlyOneValueOrReference]' started.
Test Case '-[RightClickARDTests.ARDPortableTests testSearchResponseRequiresExactlyOneValueOrReference]' passed (0.001 seconds).
Test Suite 'ARDPortableTests' passed at 2026-10-07 20:45:20.255.
	 Executed 5 tests, with 0 failures (0 unexpected) in 0.002 (0.002) seconds
Test Suite 'AcquisitionTests' started at 2026-10-07 20:45:20.255.
Test Case '-[RightClickCoreTests.AcquisitionTests testDeclaredTextRepresentationsRoundTripOnThePasteboard]' started.
Test Case '-[RightClickCoreTests.AcquisitionTests testDeclaredTextRepresentationsRoundTripOnThePasteboard]' passed (0.003 seconds).
Test Case '-[RightClickCoreTests.AcquisitionTests testDirectoryAndURLClassification]' started.
Test Case '-[RightClickCoreTests.AcquisitionTests testDirectoryAndURLClassification]' passed (0.001 seconds).
Test Case '-[RightClickCoreTests.AcquisitionTests testDuplicateIDsCollapse]' started.
Test Case '-[RightClickCoreTests.AcquisitionTests testDuplicateIDsCollapse]' passed (0.000 seconds).
Test Case '-[RightClickCoreTests.AcquisitionTests testFinancialRequiresConfirmation]' started.
Test Case '-[RightClickCoreTests.AcquisitionTests testFinancialRequiresConfirmation]' passed (0.000 seconds).
Test Case '-[RightClickCoreTests.AcquisitionTests testImageServiceDoesNotApplyToPlainText]' started.
Test Case '-[RightClickCoreTests.AcquisitionTests testImageServiceDoesNotApplyToPlainText]' passed (0.000 seconds).
Test Case '-[RightClickCoreTests.AcquisitionTests testMalformedPathIsAnError]' started.
Test Case '-[RightClickCoreTests.AcquisitionTests testMalformedPathIsAnError]' passed (0.000 seconds).
Test Case '-[RightClickCoreTests.AcquisitionTests testProofURLPayloadRoundTrip]' started.
Test Case '-[RightClickCoreTests.AcquisitionTests testProofURLPayloadRoundTrip]' passed (0.002 seconds).
Test Case '-[RightClickCoreTests.AcquisitionTests testServiceAppearsAndDisappearsWithTheBundle]' started.
Test Case '-[RightClickCoreTests.AcquisitionTests testServiceAppearsAndDisappearsWithTheBundle]' passed (0.002 seconds).
Test Case '-[RightClickCoreTests.AcquisitionTests testStaleServiceIDFails]' started.
Test Case '-[RightClickCoreTests.AcquisitionTests testStaleServiceIDFails]' passed (0.284 seconds).
Test Case '-[RightClickCoreTests.AcquisitionTests testTextPasteboardTypesFollowDeclaredSendTypes]' started.
Test Case '-[RightClickCoreTests.AcquisitionTests testTextPasteboardTypesFollowDeclaredSendTypes]' passed (0.000 seconds).
Test Case '-[RightClickCoreTests.AcquisitionTests testUnknownRequiresConfirmation]' started.
Test Case '-[RightClickCoreTests.AcquisitionTests testUnknownRequiresConfirmation]' passed (0.000 seconds).
Test Case '-[RightClickCoreTests.AcquisitionTests testWebURLPayloadAbstainsForFileURLOnly]' started.
Test Case '-[RightClickCoreTests.AcquisitionTests testWebURLPayloadAbstainsForFileURLOnly]' passed (0.000 seconds).
Test Case '-[RightClickCoreTests.AcquisitionTests testWebURLPayloadUsesDeclaredPlainTextType]' started.
Test Case '-[RightClickCoreTests.AcquisitionTests testWebURLPayloadUsesDeclaredPlainTextType]' passed (0.001 seconds).
Test Case '-[RightClickCoreTests.AcquisitionTests testWebURLPayloadUsesDeclaredURLType]' started.
Test Case '-[RightClickCoreTests.AcquisitionTests testWebURLPayloadUsesDeclaredURLType]' passed (0.001 seconds).
Test Suite 'AcquisitionTests' passed at 2026-10-07 20:45:20.554.
	 Executed 14 tests, with 0 failures (0 unexpected) in 0.297 (0.299) seconds
Test Suite 'AuthorityConfigurationCLITests' started at 2026-10-07 20:45:20.554.
Test Case '-[RightClickCLITests.AuthorityConfigurationCLITests testCredentialCommandLineFlagsAreRejectedBeforeInput]' started.
Test Case '-[RightClickCLITests.AuthorityConfigurationCLITests testCredentialCommandLineFlagsAreRejectedBeforeInput]' passed (0.009 seconds).
Test Case '-[RightClickCLITests.AuthorityConfigurationCLITests testInvalidOriginAndSchemeFailBeforeCredentialRead]' started.
Test Case '-[RightClickCLITests.AuthorityConfigurationCLITests testInvalidOriginAndSchemeFailBeforeCredentialRead]' passed (0.001 seconds).
Test Case '-[RightClickCLITests.AuthorityConfigurationCLITests testSetStatusDeleteRoundTripNeverDisclosesCredential]' started.
Test Case '-[RightClickCLITests.AuthorityConfigurationCLITests testSetStatusDeleteRoundTripNeverDisclosesCredential]' passed (0.015 seconds).
Test Case '-[RightClickCLITests.AuthorityConfigurationCLITests testStatusIsBoundToExactOriginAndScheme]' started.
Test Case '-[RightClickCLITests.AuthorityConfigurationCLITests testStatusIsBoundToExactOriginAndScheme]' passed (0.012 seconds).
Test Suite 'AuthorityConfigurationCLITests' passed at 2026-10-07 20:45:20.592.
	 Executed 4 tests, with 0 failures (0 unexpected) in 0.037 (0.038) seconds
Test Suite 'BonjourGRPCSourceTests' started at 2026-10-07 20:45:20.592.
Test Case '-[RightClickCoreTests.BonjourGRPCSourceTests testMalformedSchemeAbstainsWithoutReflection]' started.
Test Case '-[RightClickCoreTests.BonjourGRPCSourceTests testMalformedSchemeAbstainsWithoutReflection]' passed (0.001 seconds).
Test Case '-[RightClickCoreTests.BonjourGRPCSourceTests testResolvedAdvertisementCreatesAndRemovesGRPCReflector]' started.
Test Case '-[RightClickCoreTests.BonjourGRPCSourceTests testResolvedAdvertisementCreatesAndRemovesGRPCReflector]' passed (0.008 seconds).
Test Case '-[RightClickCoreTests.BonjourGRPCSourceTests testUnsupportedAuthorityAdvertisementFailsClosedBeforeReflection]' started.
Test Case '-[RightClickCoreTests.BonjourGRPCSourceTests testUnsupportedAuthorityAdvertisementFailsClosedBeforeReflection]' passed (0.000 seconds).
Test Suite 'BonjourGRPCSourceTests' passed at 2026-10-07 20:45:20.602.
	 Executed 3 tests, with 0 failures (0 unexpected) in 0.009 (0.010) seconds
Test Suite 'BonjourOpenAPISourceTests' started at 2026-10-07 20:45:20.602.
Test Case '-[RightClickCoreTests.BonjourOpenAPISourceTests testAbsoluteBonjourDNSNameCanonicalizesTerminalRootDot]' started.
Test Case '-[RightClickCoreTests.BonjourOpenAPISourceTests testAbsoluteBonjourDNSNameCanonicalizesTerminalRootDot]' passed (0.002 seconds).
Test Case '-[RightClickCoreTests.BonjourOpenAPISourceTests testEndpointReplacementChangesCapabilityIdentity]' started.
Test Case '-[RightClickCoreTests.BonjourOpenAPISourceTests testEndpointReplacementChangesCapabilityIdentity]' passed (0.002 seconds).
Test Case '-[RightClickCoreTests.BonjourOpenAPISourceTests testMalformedMetadataAbstainsWithoutFetching]' started.
Test Case '-[RightClickCoreTests.BonjourOpenAPISourceTests testMalformedMetadataAbstainsWithoutFetching]' passed (0.000 seconds).
Test Case '-[RightClickCoreTests.BonjourOpenAPISourceTests testMultipleTerminalRootDotsAreRejected]' started.
Test Case '-[RightClickCoreTests.BonjourOpenAPISourceTests testMultipleTerminalRootDotsAreRejected]' passed (0.000 seconds).
Test Case '-[RightClickCoreTests.BonjourOpenAPISourceTests testRemovalMakesStaleCapabilityUnavailable]' started.
Test Case '-[RightClickCoreTests.BonjourOpenAPISourceTests testRemovalMakesStaleCapabilityUnavailable]' passed (0.001 seconds).
Test Case '-[RightClickCoreTests.BonjourOpenAPISourceTests testResolvedAdvertisementCreatesDynamicOpenAPIReflector]' started.
Test Case '-[RightClickCoreTests.BonjourOpenAPISourceTests testResolvedAdvertisementCreatesDynamicOpenAPIReflector]' passed (0.001 seconds).
Test Case '-[RightClickCoreTests.BonjourOpenAPISourceTests testTXTMetadataCannotRedirectToExternalHost]' started.
Test Case '-[RightClickCoreTests.BonjourOpenAPISourceTests testTXTMetadataCannotRedirectToExternalHost]' passed (0.000 seconds).
Test Suite 'BonjourOpenAPISourceTests' passed at 2026-10-07 20:45:20.608.
	 Executed 7 tests, with 0 failures (0 unexpected) in 0.006 (0.007) seconds
Test Suite 'BonjourRealLifecycleAcceptanceTests' started at 2026-10-07 20:45:20.608.
Test Case '-[RightClickCoreTests.BonjourRealLifecycleAcceptanceTests testRealDNSServiceDiscoveryLifecycle]' started.
/private/tmp/rightclick-wit-typed-20261007/Tests/RightClickCoreTests/BonjourRealLifecycleAcceptanceTests.swift:30: -[RightClickCoreTests.BonjourRealLifecycleAcceptanceTests testRealDNSServiceDiscoveryLifecycle] : Test skipped - NS005_REAL_DNSSD=1 is required.
Test Case '-[RightClickCoreTests.BonjourRealLifecycleAcceptanceTests testRealDNSServiceDiscoveryLifecycle]' skipped (0.001 seconds).
Test Suite 'BonjourRealLifecycleAcceptanceTests' passed at 2026-10-07 20:45:20.609.
	 Executed 1 test, with 1 test skipped and 0 failures (0 unexpected) in 0.001 (0.001) seconds
Test Suite 'BoundedCapabilityProcessDiagnosticTests' started at 2026-10-07 20:45:20.609.
Test Case '-[RightClickCoreTests.BoundedCapabilityProcessDiagnosticTests testDeniedStartReportsNoLaunchAndProducesNoRealEffect]' started.
Test Case '-[RightClickCoreTests.BoundedCapabilityProcessDiagnosticTests testDeniedStartReportsNoLaunchAndProducesNoRealEffect]' passed (0.001 seconds).
Test Case '-[RightClickCoreTests.BoundedCapabilityProcessDiagnosticTests testDiagnosticSeparatesRealDeadlineExitAndInvalidInputWithoutChangingErrors]' started.
Test Case '-[RightClickCoreTests.BoundedCapabilityProcessDiagnosticTests testDiagnosticSeparatesRealDeadlineExitAndInvalidInputWithoutChangingErrors]' passed (0.175 seconds).
Test Case '-[RightClickCoreTests.BoundedCapabilityProcessDiagnosticTests testTerminalMeasurementsContainNoArgumentsInputOutputOrErrorBytes]' started.
Test Case '-[RightClickCoreTests.BoundedCapabilityProcessDiagnosticTests testTerminalMeasurementsContainNoArgumentsInputOutputOrErrorBytes]' passed (0.102 seconds).
Test Suite 'BoundedCapabilityProcessDiagnosticTests' passed at 2026-10-07 20:45:20.887.
	 Executed 3 tests, with 0 failures (0 unexpected) in 0.278 (0.278) seconds
Test Suite 'BridgeRuntimeTests' started at 2026-10-07 20:45:20.887.
Test Case '-[RightClickCLITests.BridgeRuntimeTests testBundledCandidateTracksStableHomebrewPrefix]' started.
Test Case '-[RightClickCLITests.BridgeRuntimeTests testBundledCandidateTracksStableHomebrewPrefix]' passed (0.001 seconds).
Test Case '-[RightClickCLITests.BridgeRuntimeTests testBundledTunnelClientIsPreferredOverStoredRuntime]' started.
Test Case '-[RightClickCLITests.BridgeRuntimeTests testBundledTunnelClientIsPreferredOverStoredRuntime]' passed (0.003 seconds).
Test Case '-[RightClickCLITests.BridgeRuntimeTests testChildConfigurationKeepsSecretOutOfArguments]' started.
Test Case '-[RightClickCLITests.BridgeRuntimeTests testChildConfigurationKeepsSecretOutOfArguments]' passed (0.000 seconds).
Test Case '-[RightClickCLITests.BridgeRuntimeTests testForwardTerminationStopsRunningChild]' started.
Test Case '-[RightClickCLITests.BridgeRuntimeTests testForwardTerminationStopsRunningChild]' passed (0.065 seconds).
Test Case '-[RightClickCLITests.BridgeRuntimeTests testRuntimeAPIKeyValidation]' started.
Test Case '-[RightClickCLITests.BridgeRuntimeTests testRuntimeAPIKeyValidation]' passed (0.000 seconds).
Test Case '-[RightClickCLITests.BridgeRuntimeTests testTunnelClientResolutionDoesNotAcceptNonExecutableFile]' started.
Test Case '-[RightClickCLITests.BridgeRuntimeTests testTunnelClientResolutionDoesNotAcceptNonExecutableFile]' passed (0.003 seconds).
Test Case '-[RightClickCLITests.BridgeRuntimeTests testTunnelClientResolutionPrefersExplicitOverride]' started.
Test Case '-[RightClickCLITests.BridgeRuntimeTests testTunnelClientResolutionPrefersExplicitOverride]' passed (0.001 seconds).
Test Suite 'BridgeRuntimeTests' passed at 2026-10-07 20:45:20.962.
	 Executed 7 tests, with 0 failures (0 unexpected) in 0.073 (0.074) seconds
Test Suite 'CapabilityABIAdapterTests' started at 2026-10-07 20:45:20.962.
Test Case '-[RightClickCoreTests.CapabilityABIAdapterTests testChangesInAuthorityOrPolicyMetadataChangeFingerprint]' started.
Test Case '-[RightClickCoreTests.CapabilityABIAdapterTests testChangesInAuthorityOrPolicyMetadataChangeFingerprint]' passed (0.001 seconds).
Test Case '-[RightClickCoreTests.CapabilityABIAdapterTests testGenericAdapterPreservesDeclarationsAndDoesNotMutateCapability]' started.
Test Case '-[RightClickCoreTests.CapabilityABIAdapterTests testGenericAdapterPreservesDeclarationsAndDoesNotMutateCapability]' passed (0.001 seconds).
Test Case '-[RightClickCoreTests.CapabilityABIAdapterTests testSHA256MatchesCanonicalBytesAndHasNoSignatureSemantics]' started.
Test Case '-[RightClickCoreTests.CapabilityABIAdapterTests testSHA256MatchesCanonicalBytesAndHasNoSignatureSemantics]' passed (0.001 seconds).
Test Case '-[RightClickCoreTests.CapabilityABIAdapterTests testUnownedCapabilitiesCannotAcquireAnABIIdentity]' started.
Test Case '-[RightClickCoreTests.CapabilityABIAdapterTests testUnownedCapabilitiesCannotAcquireAnABIIdentity]' passed (0.000 seconds).
Test Suite 'CapabilityABIAdapterTests' passed at 2026-10-07 20:45:20.965.
	 Executed 4 tests, with 0 failures (0 unexpected) in 0.003 (0.003) seconds
Test Suite 'CapabilityABIBoundaryTests' started at 2026-10-07 20:45:20.965.
Test Case '-[RightClickCoreTests.CapabilityABIBoundaryTests testDeterministicGeneratedRoundTrips]' started.
Test Case '-[RightClickCoreTests.CapabilityABIBoundaryTests testDeterministicGeneratedRoundTrips]' passed (0.016 seconds).
Test Case '-[RightClickCoreTests.CapabilityABIBoundaryTests testLimitsCannotBeRaisedAboveReviewedCeilings]' started.
Test Case '-[RightClickCoreTests.CapabilityABIBoundaryTests testLimitsCannotBeRaisedAboveReviewedCeilings]' passed (0.000 seconds).
Test Case '-[RightClickCoreTests.CapabilityABIBoundaryTests testNestedCodableWrapperCannotBypassValueValidation]' started.
Test Case '-[RightClickCoreTests.CapabilityABIBoundaryTests testNestedCodableWrapperCannotBypassValueValidation]' passed (0.002 seconds).
Test Case '-[RightClickCoreTests.CapabilityABIBoundaryTests testResultSchemaIsBoundIntoContract]' started.
Test Case '-[RightClickCoreTests.CapabilityABIBoundaryTests testResultSchemaIsBoundIntoContract]' passed (0.000 seconds).
Test Case '-[RightClickCoreTests.CapabilityABIBoundaryTests testSchemaDoesNotAcceptUnicodeEquivalentButDifferentKeyBytes]' started.
Test Case '-[RightClickCoreTests.CapabilityABIBoundaryTests testSchemaDoesNotAcceptUnicodeEquivalentButDifferentKeyBytes]' passed (0.000 seconds).
Test Case '-[RightClickCoreTests.CapabilityABIBoundaryTests testSchemaRequiredKeysMustMatchExactUTF8]' started.
Test Case '-[RightClickCoreTests.CapabilityABIBoundaryTests testSchemaRequiredKeysMustMatchExactUTF8]' passed (0.000 seconds).
Test Case '-[RightClickCoreTests.CapabilityABIBoundaryTests testVeryDeepSchemaAndVeryWideValuesReject]' started.
Test Case '-[RightClickCoreTests.CapabilityABIBoundaryTests testVeryDeepSchemaAndVeryWideValuesReject]' passed (0.002 seconds).
Test Suite 'CapabilityABIBoundaryTests' passed at 2026-10-07 20:45:20.986.
	 Executed 7 tests, with 0 failures (0 unexpected) in 0.021 (0.021) seconds
Test Suite 'CapabilityABITests' started at 2026-10-07 20:45:20.986.
Test Case '-[RightClickCoreTests.CapabilityABITests testAllValueKindsRoundTripWithoutCoercion]' started.
Test Case '-[RightClickCoreTests.CapabilityABITests testAllValueKindsRoundTripWithoutCoercion]' passed (0.001 seconds).
Test Case '-[RightClickCoreTests.CapabilityABITests testArrayOrderAndOriginalUTF8Matter]' started.
Test Case '-[RightClickCoreTests.CapabilityABITests testArrayOrderAndOriginalUTF8Matter]' passed (0.000 seconds).
Test Case '-[RightClickCoreTests.CapabilityABITests testCanonicalByteLimitIncludesHeaderAndFraming]' started.
Test Case '-[RightClickCoreTests.CapabilityABITests testCanonicalByteLimitIncludesHeaderAndFraming]' passed (0.000 seconds).
Test Case '-[RightClickCoreTests.CapabilityABITests testCanonicalGoldenVectors]' started.
Test Case '-[RightClickCoreTests.CapabilityABITests testCanonicalGoldenVectors]' passed (0.000 seconds).
Test Case '-[RightClickCoreTests.CapabilityABITests testClosedObjectSchemaValidatesNestedValues]' started.
Test Case '-[RightClickCoreTests.CapabilityABITests testClosedObjectSchemaValidatesNestedValues]' passed (0.000 seconds).
Test Case '-[RightClickCoreTests.CapabilityABITests testClosedSchemaRejectsUnknownMissingAndWrongTypes]' started.
Test Case '-[RightClickCoreTests.CapabilityABITests testClosedSchemaRejectsUnknownMissingAndWrongTypes]' passed (0.000 seconds).
Test Case '-[RightClickCoreTests.CapabilityABITests testContractAndValueCanonicalDomainsAreDifferent]' started.
Test Case '-[RightClickCoreTests.CapabilityABITests testContractAndValueCanonicalDomainsAreDifferent]' passed (0.000 seconds).
Test Case '-[RightClickCoreTests.CapabilityABITests testContractBindsIdentitySchemaAndDeclaration]' started.
Test Case '-[RightClickCoreTests.CapabilityABITests testContractBindsIdentitySchemaAndDeclaration]' passed (0.000 seconds).
Test Case '-[RightClickCoreTests.CapabilityABITests testDepthLimitIsExact]' started.
Test Case '-[RightClickCoreTests.CapabilityABITests testDepthLimitIsExact]' passed (0.001 seconds).
Test Case '-[RightClickCoreTests.CapabilityABITests testDuplicateObjectKeysRejectedRatherThanOverwritten]' started.
Test Case '-[RightClickCoreTests.CapabilityABITests testDuplicateObjectKeysRejectedRatherThanOverwritten]' passed (0.000 seconds).
Test Case '-[RightClickCoreTests.CapabilityABITests testEnumsAndInvalidSchemaDeclarationsFailClosed]' started.
Test Case '-[RightClickCoreTests.CapabilityABITests testEnumsAndInvalidSchemaDeclarationsFailClosed]' passed (0.000 seconds).
Test Case '-[RightClickCoreTests.CapabilityABITests testInvalidContractIdentityRejected]' started.
Test Case '-[RightClickCoreTests.CapabilityABITests testInvalidContractIdentityRejected]' passed (0.000 seconds).
Test Case '-[RightClickCoreTests.CapabilityABITests testInvalidLimitsFailClosed]' started.
Test Case '-[RightClickCoreTests.CapabilityABITests testInvalidLimitsFailClosed]' passed (0.000 seconds).
Test Case '-[RightClickCoreTests.CapabilityABITests testLargeIntegerWireDoesNotUseFloatingPoint]' started.
Test Case '-[RightClickCoreTests.CapabilityABITests testLargeIntegerWireDoesNotUseFloatingPoint]' passed (0.000 seconds).
Test Case '-[RightClickCoreTests.CapabilityABITests testLegacyAdapterNeverStringifiesRicherValues]' started.
Test Case '-[RightClickCoreTests.CapabilityABITests testLegacyAdapterNeverStringifiesRicherValues]' passed (0.000 seconds).
Test Case '-[RightClickCoreTests.CapabilityABITests testLegacyStringsRoundTripAndNilIsPreserved]' started.
Test Case '-[RightClickCoreTests.CapabilityABITests testLegacyStringsRoundTripAndNilIsPreserved]' passed (0.000 seconds).
Test Case '-[RightClickCoreTests.CapabilityABITests testLengthFramingPreventsConcatenationAmbiguity]' started.
Test Case '-[RightClickCoreTests.CapabilityABITests testLengthFramingPreventsConcatenationAmbiguity]' passed (0.000 seconds).
Test Case '-[RightClickCoreTests.CapabilityABITests testNodeLimitCountsKeysAndValues]' started.
Test Case '-[RightClickCoreTests.CapabilityABITests testNodeLimitCountsKeysAndValues]' passed (0.000 seconds).
Test Case '-[RightClickCoreTests.CapabilityABITests testNonfiniteNumbersRejectedEverywhere]' started.
Test Case '-[RightClickCoreTests.CapabilityABITests testNonfiniteNumbersRejectedEverywhere]' passed (0.000 seconds).
Test Case '-[RightClickCoreTests.CapabilityABITests testNullableAndOptionalAreDifferent]' started.
Test Case '-[RightClickCoreTests.CapabilityABITests testNullableAndOptionalAreDifferent]' passed (0.000 seconds).
Test Case '-[RightClickCoreTests.CapabilityABITests testObjectInsertionOrderDoesNotMatter]' started.
Test Case '-[RightClickCoreTests.CapabilityABITests testObjectInsertionOrderDoesNotMatter]' passed (0.000 seconds).
Test Case '-[RightClickCoreTests.CapabilityABITests testSchemaSetOrderIsCanonical]' started.
Test Case '-[RightClickCoreTests.CapabilityABITests testSchemaSetOrderIsCanonical]' passed (0.000 seconds).
Test Case '-[RightClickCoreTests.CapabilityABITests testStrictWireRejectsUnknownTrailingOrMalformedValues]' started.
Test Case '-[RightClickCoreTests.CapabilityABITests testStrictWireRejectsUnknownTrailingOrMalformedValues]' passed (0.000 seconds).
Test Case '-[RightClickCoreTests.CapabilityABITests testTypesAndSignedZeroHaveDifferentCanonicalBytes]' started.
Test Case '-[RightClickCoreTests.CapabilityABITests testTypesAndSignedZeroHaveDifferentCanonicalBytes]' passed (0.000 seconds).
Test Case '-[RightClickCoreTests.CapabilityABITests testUnknownArgumentSchemaIsNotUnrestricted]' started.
Test Case '-[RightClickCoreTests.CapabilityABITests testUnknownArgumentSchemaIsNotUnrestricted]' passed (0.000 seconds).
Test Case '-[RightClickCoreTests.CapabilityABITests testWireByteLimitIsCheckedBeforeParsing]' started.
Test Case '-[RightClickCoreTests.CapabilityABITests testWireByteLimitIsCheckedBeforeParsing]' passed (0.000 seconds).
Test Suite 'CapabilityABITests' passed at 2026-10-07 20:45:20.996.
	 Executed 26 tests, with 0 failures (0 unexpected) in 0.007 (0.010) seconds
Test Suite 'CapabilityAcquisitionLifecycleTests' started at 2026-10-07 20:45:20.996.
Test Case '-[RightClickCoreTests.CapabilityAcquisitionLifecycleTests testRealProviderWithdrawalAndChangedReappearanceWithUnchangedConfiguration]' started.
Test Case '-[RightClickCoreTests.CapabilityAcquisitionLifecycleTests testRealProviderWithdrawalAndChangedReappearanceWithUnchangedConfiguration]' passed (10.537 seconds).
Test Case '-[RightClickCoreTests.CapabilityAcquisitionLifecycleTests testUnchangedConfigurationDoesNotRetainWithdrawnProviderForever]' started.
Test Case '-[RightClickCoreTests.CapabilityAcquisitionLifecycleTests testUnchangedConfigurationDoesNotRetainWithdrawnProviderForever]' passed (5.105 seconds).
Test Suite 'CapabilityAcquisitionLifecycleTests' passed at 2026-10-07 20:45:36.638.
	 Executed 2 tests, with 0 failures (0 unexpected) in 15.642 (15.642) seconds
Test Suite 'CapabilityArtifactResolverTests' started at 2026-10-07 20:45:36.638.
Test Case '-[RightClickCoreTests.CapabilityArtifactResolverTests testConfiguredSourceCachesResolvedSnapshotWithinRefreshWindow]' started.
Test Case '-[RightClickCoreTests.CapabilityArtifactResolverTests testConfiguredSourceCachesResolvedSnapshotWithinRefreshWindow]' passed (0.000 seconds).
Test Case '-[RightClickCoreTests.CapabilityArtifactResolverTests testConfiguredSourceComposesDifferentSubstratesIntoOneEngine]' started.
Test Case '-[RightClickCoreTests.CapabilityArtifactResolverTests testConfiguredSourceComposesDifferentSubstratesIntoOneEngine]' passed (0.001 seconds).
Test Case '-[RightClickCoreTests.CapabilityArtifactResolverTests testConfiguredSourceDropsAmbiguousDuplicateReflectorIdentity]' started.
Test Case '-[RightClickCoreTests.CapabilityArtifactResolverTests testConfiguredSourceDropsAmbiguousDuplicateReflectorIdentity]' passed (0.000 seconds).
Test Case '-[RightClickCoreTests.CapabilityArtifactResolverTests testDefaultRegistryAdvertisesGenericSubstrates]' started.
Test Case '-[RightClickCoreTests.CapabilityArtifactResolverTests testDefaultRegistryAdvertisesGenericSubstrates]' passed (0.004 seconds).
Test Case '-[RightClickCoreTests.CapabilityArtifactResolverTests testDuplicateConfiguredDescriptorIDsFailClosed]' started.
Test Case '-[RightClickCoreTests.CapabilityArtifactResolverTests testDuplicateConfiguredDescriptorIDsFailClosed]' passed (0.000 seconds).
Test Case '-[RightClickCoreTests.CapabilityArtifactResolverTests testDuplicateResolverKindFailsClosed]' started.
Test Case '-[RightClickCoreTests.CapabilityArtifactResolverTests testDuplicateResolverKindFailsClosed]' passed (0.000 seconds).
Test Case '-[RightClickCoreTests.CapabilityArtifactResolverTests testPlainGRPCIsLoopbackOnly]' started.
Test Case '-[RightClickCoreTests.CapabilityArtifactResolverTests testPlainGRPCIsLoopbackOnly]' passed (0.000 seconds).
Test Case '-[RightClickCoreTests.CapabilityArtifactResolverTests testPlainHTTPIsLoopbackOnly]' started.
Test Case '-[RightClickCoreTests.CapabilityArtifactResolverTests testPlainHTTPIsLoopbackOnly]' passed (0.000 seconds).
Test Case '-[RightClickCoreTests.CapabilityArtifactResolverTests testRegistryAcceptsOpaqueARDURNIdentity]' started.
Test Case '-[RightClickCoreTests.CapabilityArtifactResolverTests testRegistryAcceptsOpaqueARDURNIdentity]' passed (0.000 seconds).
Test Case '-[RightClickCoreTests.CapabilityArtifactResolverTests testRegistryRoutesByNormalizedKind]' started.
Test Case '-[RightClickCoreTests.CapabilityArtifactResolverTests testRegistryRoutesByNormalizedKind]' passed (0.000 seconds).
Test Suite 'CapabilityArtifactResolverTests' passed at 2026-10-07 20:45:36.645.
	 Executed 10 tests, with 0 failures (0 unexpected) in 0.007 (0.007) seconds
Test Suite 'CapabilityExecutableSnapshotPoolTests' started at 2026-10-07 20:45:36.645.
Test Case '-[RightClickCoreTests.CapabilityExecutableSnapshotPoolTests testEntryByteAndAbsoluteRetentionBudgetsDoNotGrowOnReuse]' started.
Test Case '-[RightClickCoreTests.CapabilityExecutableSnapshotPoolTests testEntryByteAndAbsoluteRetentionBudgetsDoNotGrowOnReuse]' passed (0.005 seconds).
Test Case '-[RightClickCoreTests.CapabilityExecutableSnapshotPoolTests testIdleRetentionCleanupReleasesOnlyThePoolReference]' started.
Test Case '-[RightClickCoreTests.CapabilityExecutableSnapshotPoolTests testIdleRetentionCleanupReleasesOnlyThePoolReference]' passed (0.024 seconds).
Test Case '-[RightClickCoreTests.CapabilityExecutableSnapshotPoolTests testNonExecutableSecretReferenceAndPermissionWithdrawalFailClosed]' started.
Test Case '-[RightClickCoreTests.CapabilityExecutableSnapshotPoolTests testNonExecutableSecretReferenceAndPermissionWithdrawalFailClosed]' passed (0.001 seconds).
Test Case '-[RightClickCoreTests.CapabilityExecutableSnapshotPoolTests testPooledExecutableReplacementAtFinalRCIRGateBlocksActualChildEffect]' started.
Test Case '-[RightClickCoreTests.CapabilityExecutableSnapshotPoolTests testPooledExecutableReplacementAtFinalRCIRGateBlocksActualChildEffect]' passed (0.541 seconds).
Test Case '-[RightClickCoreTests.CapabilityExecutableSnapshotPoolTests testReturnRaceRechecksWholeBytesAndDoesNotEvictConcurrentNewIncarnation]' started.
Test Case '-[RightClickCoreTests.CapabilityExecutableSnapshotPoolTests testReturnRaceRechecksWholeBytesAndDoesNotEvictConcurrentNewIncarnation]' passed (0.003 seconds).
Test Case '-[RightClickCoreTests.CapabilityExecutableSnapshotPoolTests testReusesExactPrivateIncarnationWhileReadingCurrentByteIdentity]' started.
Test Case '-[RightClickCoreTests.CapabilityExecutableSnapshotPoolTests testReusesExactPrivateIncarnationWhileReadingCurrentByteIdentity]' passed (0.003 seconds).
Test Case '-[RightClickCoreTests.CapabilityExecutableSnapshotPoolTests testSourceWithdrawalAndRestorationCannotReturnWithdrawnCacheEntry]' started.
Test Case '-[RightClickCoreTests.CapabilityExecutableSnapshotPoolTests testSourceWithdrawalAndRestorationCannotReturnWithdrawnCacheEntry]' passed (0.002 seconds).
Test Suite 'CapabilityExecutableSnapshotPoolTests' passed at 2026-10-07 20:45:37.226.
	 Executed 7 tests, with 0 failures (0 unexpected) in 0.580 (0.581) seconds
Test Suite 'CapabilityExperienceLedgerTests' started at 2026-10-07 20:45:37.226.
Test Case '-[RightClickCoreTests.CapabilityExperienceLedgerTests testAcceptanceRemainsUnverified]' started.
Test Case '-[RightClickCoreTests.CapabilityExperienceLedgerTests testAcceptanceRemainsUnverified]' passed (0.001 seconds).
Test Case '-[RightClickCoreTests.CapabilityExperienceLedgerTests testCapacityEvictsOldestAndPreservesNewest]' started.
Test Case '-[RightClickCoreTests.CapabilityExperienceLedgerTests testCapacityEvictsOldestAndPreservesNewest]' passed (0.001 seconds).
Test Case '-[RightClickCoreTests.CapabilityExperienceLedgerTests testCorruptDataIsRejectedNotSilentlyOverwritten]' started.
Test Case '-[RightClickCoreTests.CapabilityExperienceLedgerTests testCorruptDataIsRejectedNotSilentlyOverwritten]' passed (0.002 seconds).
Test Case '-[RightClickCoreTests.CapabilityExperienceLedgerTests testDuplicateExecutionIsNotDoubleCounted]' started.
Test Case '-[RightClickCoreTests.CapabilityExperienceLedgerTests testDuplicateExecutionIsNotDoubleCounted]' passed (0.000 seconds).
Test Case '-[RightClickCoreTests.CapabilityExperienceLedgerTests testEmptyLedgerHasNoLearnedEvidence]' started.
Test Case '-[RightClickCoreTests.CapabilityExperienceLedgerTests testEmptyLedgerHasNoLearnedEvidence]' passed (0.000 seconds).
Test Case '-[RightClickCoreTests.CapabilityExperienceLedgerTests testExecutionCannotBeReboundToChangedContract]' started.
Test Case '-[RightClickCoreTests.CapabilityExperienceLedgerTests testExecutionCannotBeReboundToChangedContract]' passed (0.000 seconds).
Test Case '-[RightClickCoreTests.CapabilityExperienceLedgerTests testExpiryDoesNotRefreshOnReadOrRepeatedCallback]' started.
Test Case '-[RightClickCoreTests.CapabilityExperienceLedgerTests testExpiryDoesNotRefreshOnReadOrRepeatedCallback]' passed (0.000 seconds).
Test Case '-[RightClickCoreTests.CapabilityExperienceLedgerTests testForgetAllPersists]' started.
Test Case '-[RightClickCoreTests.CapabilityExperienceLedgerTests testForgetAllPersists]' passed (0.004 seconds).
Test Case '-[RightClickCoreTests.CapabilityExperienceLedgerTests testFutureDatedEvidenceIsNotReusedAfterClockRollback]' started.
Test Case '-[RightClickCoreTests.CapabilityExperienceLedgerTests testFutureDatedEvidenceIsNotReusedAfterClockRollback]' passed (0.000 seconds).
Test Case '-[RightClickCoreTests.CapabilityExperienceLedgerTests testHardLinkedFileIsRejected]' started.
Test Case '-[RightClickCoreTests.CapabilityExperienceLedgerTests testHardLinkedFileIsRejected]' passed (0.002 seconds).
Test Case '-[RightClickCoreTests.CapabilityExperienceLedgerTests testHeldProcessLockFailsPromptlyInsteadOfHanging]' started.
Test Case '-[RightClickCoreTests.CapabilityExperienceLedgerTests testHeldProcessLockFailsPromptlyInsteadOfHanging]' passed (0.001 seconds).
Test Case '-[RightClickCoreTests.CapabilityExperienceLedgerTests testInvalidKeysAndBoundsAreRejected]' started.
Test Case '-[RightClickCoreTests.CapabilityExperienceLedgerTests testInvalidKeysAndBoundsAreRejected]' passed (0.000 seconds).
Test Case '-[RightClickCoreTests.CapabilityExperienceLedgerTests testLateAcceptanceDoesNotEraseFailure]' started.
Test Case '-[RightClickCoreTests.CapabilityExperienceLedgerTests testLateAcceptanceDoesNotEraseFailure]' passed (0.000 seconds).
Test Case '-[RightClickCoreTests.CapabilityExperienceLedgerTests testLateAcceptanceDoesNotEraseVerification]' started.
Test Case '-[RightClickCoreTests.CapabilityExperienceLedgerTests testLateAcceptanceDoesNotEraseVerification]' passed (0.000 seconds).
Test Case '-[RightClickCoreTests.CapabilityExperienceLedgerTests testOversizedDataIsRejected]' started.
Test Case '-[RightClickCoreTests.CapabilityExperienceLedgerTests testOversizedDataIsRejected]' passed (0.001 seconds).
Test Case '-[RightClickCoreTests.CapabilityExperienceLedgerTests testPersistedSchemaHasOnlyAllowlistedFields]' started.
Test Case '-[RightClickCoreTests.CapabilityExperienceLedgerTests testPersistedSchemaHasOnlyAllowlistedFields]' passed (0.001 seconds).
Test Case '-[RightClickCoreTests.CapabilityExperienceLedgerTests testPersistenceSurvivesNewInstance]' started.
Test Case '-[RightClickCoreTests.CapabilityExperienceLedgerTests testPersistenceSurvivesNewInstance]' passed (0.002 seconds).
Test Case '-[RightClickCoreTests.CapabilityExperienceLedgerTests testPrivateFilePermissions]' started.
Test Case '-[RightClickCoreTests.CapabilityExperienceLedgerTests testPrivateFilePermissions]' passed (0.001 seconds).
Test Case '-[RightClickCoreTests.CapabilityExperienceLedgerTests testSymlinkDataAndLockFilesAreRejectedWithoutChangingTarget]' started.
Test Case '-[RightClickCoreTests.CapabilityExperienceLedgerTests testSymlinkDataAndLockFilesAreRejectedWithoutChangingTarget]' passed (0.002 seconds).
Test Case '-[RightClickCoreTests.CapabilityExperienceLedgerTests testSymlinkDirectoryIsRejected]' started.
Test Case '-[RightClickCoreTests.CapabilityExperienceLedgerTests testSymlinkDirectoryIsRejected]' passed (0.001 seconds).
Test Case '-[RightClickCoreTests.CapabilityExperienceLedgerTests testTwoInstancesDoNotOverwriteEachOthersEvidence]' started.
Test Case '-[RightClickCoreTests.CapabilityExperienceLedgerTests testTwoInstancesDoNotOverwriteEachOthersEvidence]' passed (0.003 seconds).
Test Case '-[RightClickCoreTests.CapabilityExperienceLedgerTests testUnknownVersionAndDuplicateExecutionIDsAreRejected]' started.
Test Case '-[RightClickCoreTests.CapabilityExperienceLedgerTests testUnknownVersionAndDuplicateExecutionIDsAreRejected]' passed (0.003 seconds).
Test Case '-[RightClickCoreTests.CapabilityExperienceLedgerTests testUnsafeDirectoryPermissionsAreRejected]' started.
Test Case '-[RightClickCoreTests.CapabilityExperienceLedgerTests testUnsafeDirectoryPermissionsAreRejected]' passed (0.001 seconds).
Test Case '-[RightClickCoreTests.CapabilityExperienceLedgerTests testVerificationReplacesAcceptanceRatherThanAddingSuccess]' started.
Test Case '-[RightClickCoreTests.CapabilityExperienceLedgerTests testVerificationReplacesAcceptanceRatherThanAddingSuccess]' passed (0.000 seconds).
Test Suite 'CapabilityExperienceLedgerTests' passed at 2026-10-07 20:45:37.254.
	 Executed 24 tests, with 0 failures (0 unexpected) in 0.026 (0.028) seconds
Test Suite 'CapabilityExperienceTests' started at 2026-10-07 20:45:37.254.
Test Case '-[RightClickCoreTests.CapabilityExperienceTests testContractKeyChangesWithAuthoritySchemaRouteAndPolicy]' started.
Test Case '-[RightClickCoreTests.CapabilityExperienceTests testContractKeyChangesWithAuthoritySchemaRouteAndPolicy]' passed (0.001 seconds).
Test Case '-[RightClickCoreTests.CapabilityExperienceTests testDisabledExperienceDoesNotAddHints]' started.
Test Case '-[RightClickCoreTests.CapabilityExperienceTests testDisabledExperienceDoesNotAddHints]' passed (0.001 seconds).
Test Case '-[RightClickCoreTests.CapabilityExperienceTests testEmptyFailedOrUnevaluatedPredicatesNeverTeachVerifiedSuccess]' started.
Test Case '-[RightClickCoreTests.CapabilityExperienceTests testEmptyFailedOrUnevaluatedPredicatesNeverTeachVerifiedSuccess]' passed (0.000 seconds).
Test Case '-[RightClickCoreTests.CapabilityExperienceTests testGatedAndMismatchedResultsAreNotRecorded]' started.
Test Case '-[RightClickCoreTests.CapabilityExperienceTests testGatedAndMismatchedResultsAreNotRecorded]' passed (0.000 seconds).
Test Case '-[RightClickCoreTests.CapabilityExperienceTests testNamespaceSeparatesExperience]' started.
Test Case '-[RightClickCoreTests.CapabilityExperienceTests testNamespaceSeparatesExperience]' passed (0.000 seconds).
Test Case '-[RightClickCoreTests.CapabilityExperienceTests testNoCapabilitiesAreResurrectedByRecall]' started.
Test Case '-[RightClickCoreTests.CapabilityExperienceTests testNoCapabilitiesAreResurrectedByRecall]' passed (0.000 seconds).
Test Case '-[RightClickCoreTests.CapabilityExperienceTests testOnlyFingerprintsAndOutcomesPersistNotUserData]' started.
Test Case '-[RightClickCoreTests.CapabilityExperienceTests testOnlyFingerprintsAndOutcomesPersistNotUserData]' passed (0.001 seconds).
Test Case '-[RightClickCoreTests.CapabilityExperienceTests testProviderCannotForgeExperienceMetadata]' started.
Test Case '-[RightClickCoreTests.CapabilityExperienceTests testProviderCannotForgeExperienceMetadata]' passed (0.000 seconds).
Test Case '-[RightClickCoreTests.CapabilityExperienceTests testProviderExperienceKeysCannotBlockFreshDispatchOrForgeHints]' started.
Test Case '-[RightClickCoreTests.CapabilityExperienceTests testProviderExperienceKeysCannotBlockFreshDispatchOrForgeHints]' passed (0.001 seconds).
Test Case '-[RightClickCoreTests.CapabilityExperienceTests testRemovalSchemaDriftAndRevokedAuthorityRemainEnforced]' started.
Test Case '-[RightClickCoreTests.CapabilityExperienceTests testRemovalSchemaDriftAndRevokedAuthorityRemainEnforced]' passed (0.001 seconds).
Test Case '-[RightClickCoreTests.CapabilityExperienceTests testRepeatedRunAndBeginRemainUsableWithAdvisoryHistory]' started.
Test Case '-[RightClickCoreTests.CapabilityExperienceTests testRepeatedRunAndBeginRemainUsableWithAdvisoryHistory]' passed (0.003 seconds).
Test Case '-[RightClickCoreTests.CapabilityExperienceTests testRuntimeBeginLearnsVerifiedPredicatesButNextRunIsNotVerifiedByHistory]' started.
Test Case '-[RightClickCoreTests.CapabilityExperienceTests testRuntimeBeginLearnsVerifiedPredicatesButNextRunIsNotVerifiedByHistory]' passed (0.001 seconds).
Test Case '-[RightClickCoreTests.CapabilityExperienceTests testRuntimeRunLearnsAcceptanceWithoutSkippingConfirmation]' started.
Test Case '-[RightClickCoreTests.CapabilityExperienceTests testRuntimeRunLearnsAcceptanceWithoutSkippingConfirmation]' passed (0.001 seconds).
Test Case '-[RightClickCoreTests.CapabilityExperienceTests testRuntimeRunLearnsGenericVerification]' started.
Test Case '-[RightClickCoreTests.CapabilityExperienceTests testRuntimeRunLearnsGenericVerification]' passed (0.001 seconds).
Test Case '-[RightClickCoreTests.CapabilityExperienceTests testVerifiedBooleanAloneNeverTeachesVerifiedSuccess]' started.
Test Case '-[RightClickCoreTests.CapabilityExperienceTests testVerifiedBooleanAloneNeverTeachesVerifiedSuccess]' passed (0.000 seconds).
Test Suite 'CapabilityExperienceTests' passed at 2026-10-07 20:45:37.269.
	 Executed 15 tests, with 0 failures (0 unexpected) in 0.013 (0.015) seconds
Test Suite 'CapabilityIntegerRangeTests' started at 2026-10-07 20:45:37.269.
Test Case '-[RightClickCoreTests.CapabilityIntegerRangeTests testInclusiveNarrowRangeRejectsOverflowAndOtherValueKinds]' started.
Test Case '-[RightClickCoreTests.CapabilityIntegerRangeTests testInclusiveNarrowRangeRejectsOverflowAndOtherValueKinds]' passed (0.001 seconds).
Test Case '-[RightClickCoreTests.CapabilityIntegerRangeTests testRangeIsPartOfCanonicalContractAndExistingIntegerBytesRemainStable]' started.
Test Case '-[RightClickCoreTests.CapabilityIntegerRangeTests testRangeIsPartOfCanonicalContractAndExistingIntegerBytesRemainStable]' passed (0.000 seconds).
Test Suite 'CapabilityIntegerRangeTests' passed at 2026-10-07 20:45:37.270.
	 Executed 2 tests, with 0 failures (0 unexpected) in 0.001 (0.001) seconds
Test Suite 'CapabilityInterfaceTests' started at 2026-10-07 20:45:37.270.
Test Case '-[RightClickCoreTests.CapabilityInterfaceTests testAcquiredDeclarationAndSelectedArgumentEncodingAreReadableWithoutCanonicalByteDecoding]' started.
Test Case '-[RightClickCoreTests.CapabilityInterfaceTests testAcquiredDeclarationAndSelectedArgumentEncodingAreReadableWithoutCanonicalByteDecoding]' passed (0.001 seconds).
Test Case '-[RightClickCoreTests.CapabilityInterfaceTests testBoundedExecutorAbstainsForOfflineTool]' started.
Test Case '-[RightClickCoreTests.CapabilityInterfaceTests testBoundedExecutorAbstainsForOfflineTool]' passed (0.000 seconds).
Test Case '-[RightClickCoreTests.CapabilityInterfaceTests testBoundedExecutorRejectsInvalidLimitsAndEnforcesMonotonicDeadline]' started.
Test Case '-[RightClickCoreTests.CapabilityInterfaceTests testBoundedExecutorRejectsInvalidLimitsAndEnforcesMonotonicDeadline]' passed (0.137 seconds).
Test Case '-[RightClickCoreTests.CapabilityInterfaceTests testBoundedExecutorUsesBoundedStdinWithoutShellInterpolation]' started.
Test Case '-[RightClickCoreTests.CapabilityInterfaceTests testBoundedExecutorUsesBoundedStdinWithoutShellInterpolation]' passed (0.138 seconds).
Test Case '-[RightClickCoreTests.CapabilityInterfaceTests testCompilerSelectedObserverReachesDefaultSharedHostAndCannotIgnoreCallerConstraint]' started.
Test Case '-[RightClickCoreTests.CapabilityInterfaceTests testCompilerSelectedObserverReachesDefaultSharedHostAndCannotIgnoreCallerConstraint]' passed (0.003 seconds).
Test Case '-[RightClickCoreTests.CapabilityInterfaceTests testDuplicateInterfaceNamesFailClosed]' started.
Test Case '-[RightClickCoreTests.CapabilityInterfaceTests testDuplicateInterfaceNamesFailClosed]' passed (0.000 seconds).
Test Case '-[RightClickCoreTests.CapabilityInterfaceTests testImporterPreservesTypedResultAndDoesNotCoerceLegacyStrings]' started.
Test Case '-[RightClickCoreTests.CapabilityInterfaceTests testImporterPreservesTypedResultAndDoesNotCoerceLegacyStrings]' passed (0.001 seconds).
Test Case '-[RightClickCoreTests.CapabilityInterfaceTests testImporterRejectsUnsupportedConstraintsAndOpenObjects]' started.
Test Case '-[RightClickCoreTests.CapabilityInterfaceTests testImporterRejectsUnsupportedConstraintsAndOpenObjects]' passed (0.000 seconds).
Test Case '-[RightClickCoreTests.CapabilityInterfaceTests testOversizedWireDeclarationRejectsAcquisitionInsteadOfOmittingDisclosure]' started.
Test Case '-[RightClickCoreTests.CapabilityInterfaceTests testOversizedWireDeclarationRejectsAcquisitionInsteadOfOmittingDisclosure]' passed (0.010 seconds).
Test Case '-[RightClickCoreTests.CapabilityInterfaceTests testPreflightReturnCannotClaimConsumedLeaseOrSemanticSuccess]' started.
Test Case '-[RightClickCoreTests.CapabilityInterfaceTests testPreflightReturnCannotClaimConsumedLeaseOrSemanticSuccess]' passed (0.002 seconds).
Test Case '-[RightClickCoreTests.CapabilityInterfaceTests testPrivateSnapshotDoesNotFollowSourceReplacementAndWithdrawsStaleIdentity]' started.
Test Case '-[RightClickCoreTests.CapabilityInterfaceTests testPrivateSnapshotDoesNotFollowSourceReplacementAndWithdrawsStaleIdentity]' passed (0.003 seconds).
Test Case '-[RightClickCoreTests.CapabilityInterfaceTests testProtectedReferenceRejectsReadableAndSymlinkedCredentialFiles]' started.
Test Case '-[RightClickCoreTests.CapabilityInterfaceTests testProtectedReferenceRejectsReadableAndSymlinkedCredentialFiles]' passed (0.001 seconds).
Test Case '-[RightClickCoreTests.CapabilityInterfaceTests testRealWASMComponentWhenProvisioned]' started.
Test Case '-[RightClickCoreTests.CapabilityInterfaceTests testRealWASMComponentWhenProvisioned]' passed (3.580 seconds).
Test Case '-[RightClickCoreTests.CapabilityInterfaceTests testSharedHostPreservesAcceptedVersusVerifiedAndExactPolicyDenial]' started.
Test Case '-[RightClickCoreTests.CapabilityInterfaceTests testSharedHostPreservesAcceptedVersusVerifiedAndExactPolicyDenial]' passed (0.005 seconds).
Test Case '-[RightClickCoreTests.CapabilityInterfaceTests testTypedBridgeRejectsOutOfRangeIntegersAndDeepValues]' started.
Test Case '-[RightClickCoreTests.CapabilityInterfaceTests testTypedBridgeRejectsOutOfRangeIntegersAndDeepValues]' passed (0.001 seconds).
Test Case '-[RightClickCoreTests.CapabilityInterfaceTests testWASMSourceReplacementCannotExecuteNewBytesUnderOldCapability]' started.
Test Case '-[RightClickCoreTests.CapabilityInterfaceTests testWASMSourceReplacementCannotExecuteNewBytesUnderOldCapability]' passed (1.179 seconds).
Test Suite 'CapabilityInterfaceTests' passed at 2026-10-07 20:45:42.334.
	 Executed 16 tests, with 0 failures (0 unexpected) in 5.062 (5.064) seconds
Test Suite 'CapabilityReflectorSourceTests' started at 2026-10-07 20:45:42.334.
Test Case '-[RightClickCoreTests.CapabilityReflectorSourceTests testDynamicSourceStillUsesReflectorOwnershipForExecution]' started.
Test Case '-[RightClickCoreTests.CapabilityReflectorSourceTests testDynamicSourceStillUsesReflectorOwnershipForExecution]' passed (0.003 seconds).
Test Case '-[RightClickCoreTests.CapabilityReflectorSourceTests testDynamicSourceUsesExistingGenericVerifier]' started.
Test Case '-[RightClickCoreTests.CapabilityReflectorSourceTests testDynamicSourceUsesExistingGenericVerifier]' passed (0.001 seconds).
Test Case '-[RightClickCoreTests.CapabilityReflectorSourceTests testSameEngineGainsAndLosesDynamicReflector]' started.
Test Case '-[RightClickCoreTests.CapabilityReflectorSourceTests testSameEngineGainsAndLosesDynamicReflector]' passed (0.001 seconds).
Test Suite 'CapabilityReflectorSourceTests' passed at 2026-10-07 20:45:42.340.
	 Executed 3 tests, with 0 failures (0 unexpected) in 0.006 (0.006) seconds
Test Suite 'CapabilityRuntimeDefaultsTests' started at 2026-10-07 20:45:42.341.
Test Case '-[RightClickCoreTests.CapabilityRuntimeDefaultsTests testDefaultSourceRegistryContainsDynamicProtocolSources]' started.
Test Case '-[RightClickCoreTests.CapabilityRuntimeDefaultsTests testDefaultSourceRegistryContainsDynamicProtocolSources]' passed (0.002 seconds).
Test Case '-[RightClickCoreTests.CapabilityRuntimeDefaultsTests testRuntimeDefaultsConsumeLiveSuppliedSource]' started.
Test Case '-[RightClickCoreTests.CapabilityRuntimeDefaultsTests testRuntimeDefaultsConsumeLiveSuppliedSource]' passed (14.930 seconds).
Test Suite 'CapabilityRuntimeDefaultsTests' passed at 2026-10-07 20:45:57.273.
	 Executed 2 tests, with 0 failures (0 unexpected) in 14.932 (14.933) seconds
Test Suite 'CapabilitySnapshotBoundaryTests' started at 2026-10-07 20:45:57.273.
Test Case '-[RightClickCoreTests.CapabilitySnapshotBoundaryTests testConcurrentObserversShareOneAcquisition]' started.
Test Case '-[RightClickCoreTests.CapabilitySnapshotBoundaryTests testConcurrentObserversShareOneAcquisition]' passed (0.001 seconds).
Test Case '-[RightClickCoreTests.CapabilitySnapshotBoundaryTests testEngineRefreshInvalidatesGenericSourcesWithoutNewOperations]' started.
Test Case '-[RightClickCoreTests.CapabilitySnapshotBoundaryTests testEngineRefreshInvalidatesGenericSourcesWithoutNewOperations]' passed (0.001 seconds).
Test Case '-[RightClickCoreTests.CapabilitySnapshotBoundaryTests testExpiryWithdrawsProviderAndAllowsChangedReappearance]' started.
Test Case '-[RightClickCoreTests.CapabilitySnapshotBoundaryTests testExpiryWithdrawsProviderAndAllowsChangedReappearance]' passed (0.000 seconds).
Test Case '-[RightClickCoreTests.CapabilitySnapshotBoundaryTests testHostCannotRaiseSnapshotLifetimeAboveFiveMinutes]' started.
Test Case '-[RightClickCoreTests.CapabilitySnapshotBoundaryTests testHostCannotRaiseSnapshotLifetimeAboveFiveMinutes]' passed (0.000 seconds).
Test Case '-[RightClickCoreTests.CapabilitySnapshotBoundaryTests testInvalidationCannotBeOverwrittenByAnInFlightAcquisition]' started.
Test Case '-[RightClickCoreTests.CapabilitySnapshotBoundaryTests testInvalidationCannotBeOverwrittenByAnInFlightAcquisition]' passed (0.001 seconds).
Test Case '-[RightClickCoreTests.CapabilitySnapshotBoundaryTests testInvalidTimesAndLifetimesNeverCreateImmortalSnapshots]' started.
Test Case '-[RightClickCoreTests.CapabilitySnapshotBoundaryTests testInvalidTimesAndLifetimesNeverCreateImmortalSnapshots]' passed (0.000 seconds).
Test Case '-[RightClickCoreTests.CapabilitySnapshotBoundaryTests testRegressedClockCannotExtendOldSnapshot]' started.
Test Case '-[RightClickCoreTests.CapabilitySnapshotBoundaryTests testRegressedClockCannotExtendOldSnapshot]' passed (0.000 seconds).
Test Suite 'CapabilitySnapshotBoundaryTests' passed at 2026-10-07 20:45:57.278.
	 Executed 7 tests, with 0 failures (0 unexpected) in 0.004 (0.005) seconds
Test Suite 'CapabilityStringConstraintTests' started at 2026-10-07 20:45:57.278.
Test Case '-[RightClickCoreTests.CapabilityStringConstraintTests testActualChallengeDeclarationAcceptsExactBoundsAndCharacterSet]' started.
Test Case '-[RightClickCoreTests.CapabilityStringConstraintTests testActualChallengeDeclarationAcceptsExactBoundsAndCharacterSet]' passed (0.002 seconds).
Test Case '-[RightClickCoreTests.CapabilityStringConstraintTests testChangingBoundOrCharacterSetChangesContractIdentity]' started.
Test Case '-[RightClickCoreTests.CapabilityStringConstraintTests testChangingBoundOrCharacterSetChangesContractIdentity]' passed (0.002 seconds).
Test Case '-[RightClickCoreTests.CapabilityStringConstraintTests testEquivalentCharacterClassesAndEnumOrderHaveCanonicalIdentity]' started.
Test Case '-[RightClickCoreTests.CapabilityStringConstraintTests testEquivalentCharacterClassesAndEnumOrderHaveCanonicalIdentity]' passed (0.001 seconds).
Test Case '-[RightClickCoreTests.CapabilityStringConstraintTests testLengthUsesUnicodeScalarsRatherThanGraphemesOrBytes]' started.
Test Case '-[RightClickCoreTests.CapabilityStringConstraintTests testLengthUsesUnicodeScalarsRatherThanGraphemesOrBytes]' passed (0.000 seconds).
Test Case '-[RightClickCoreTests.CapabilityStringConstraintTests testMalformedLengthsAndEmptyIntersectionAbstain]' started.
Test Case '-[RightClickCoreTests.CapabilityStringConstraintTests testMalformedLengthsAndEmptyIntersectionAbstain]' passed (0.001 seconds).
Test Case '-[RightClickCoreTests.CapabilityStringConstraintTests testNestedImportKeepsRequiredClosedObjectAndStringConstraint]' started.
Test Case '-[RightClickCoreTests.CapabilityStringConstraintTests testNestedImportKeepsRequiredClosedObjectAndStringConstraint]' passed (0.001 seconds).
Test Case '-[RightClickCoreTests.CapabilityStringConstraintTests testOpenAPIOmitsUnsupportedPatternRatherThanErasingIt]' started.
Test Case '-[RightClickCoreTests.CapabilityStringConstraintTests testOpenAPIOmitsUnsupportedPatternRatherThanErasingIt]' passed (0.002 seconds).
Test Case '-[RightClickCoreTests.CapabilityStringConstraintTests testOpenAPIPreservesActualProviderPatternInDiscoveredContract]' started.
Test Case '-[RightClickCoreTests.CapabilityStringConstraintTests testOpenAPIPreservesActualProviderPatternInDiscoveredContract]' passed (0.001 seconds).
Test Case '-[RightClickCoreTests.CapabilityStringConstraintTests testOpenAPIRejectsInvalidValueBeforeTransport]' started.
Test Case '-[RightClickCoreTests.CapabilityStringConstraintTests testOpenAPIRejectsInvalidValueBeforeTransport]' passed (0.004 seconds).
Test Case '-[RightClickCoreTests.CapabilityStringConstraintTests testPatternLengthAndEnumAreIntersectedWithoutWidening]' started.
Test Case '-[RightClickCoreTests.CapabilityStringConstraintTests testPatternLengthAndEnumAreIntersectedWithoutWidening]' passed (0.001 seconds).
Test Case '-[RightClickCoreTests.CapabilityStringConstraintTests testUnsupportedRegexGrammarAndUnboundedRepetitionAbstain]' started.
Test Case '-[RightClickCoreTests.CapabilityStringConstraintTests testUnsupportedRegexGrammarAndUnboundedRepetitionAbstain]' passed (0.000 seconds).
Test Case '-[RightClickCoreTests.CapabilityStringConstraintTests testZeroAndExactQuantifierRemainExact]' started.
Test Case '-[RightClickCoreTests.CapabilityStringConstraintTests testZeroAndExactQuantifierRemainExact]' passed (0.001 seconds).
Test Suite 'CapabilityStringConstraintTests' passed at 2026-10-07 20:45:57.295.
	 Executed 12 tests, with 0 failures (0 unexpected) in 0.015 (0.017) seconds
Test Suite 'CapabilityTypedCoreBoundaryTests' started at 2026-10-07 20:45:57.295.
Test Case '-[RightClickCoreTests.CapabilityTypedCoreBoundaryTests testAdapterPreservesLiteralStringsAndExactIntegerBits]' started.
Test Case '-[RightClickCoreTests.CapabilityTypedCoreBoundaryTests testAdapterPreservesLiteralStringsAndExactIntegerBits]' passed (0.000 seconds).
Test Case '-[RightClickCoreTests.CapabilityTypedCoreBoundaryTests testAdapterRejectsCoercionUnknownFieldsWrongTagsAndInvalidNumbers]' started.
Test Case '-[RightClickCoreTests.CapabilityTypedCoreBoundaryTests testAdapterRejectsCoercionUnknownFieldsWrongTagsAndInvalidNumbers]' passed (0.000 seconds).
Test Case '-[RightClickCoreTests.CapabilityTypedCoreBoundaryTests testArrayRetainsTypedElementsAndRejectsDepthLimit]' started.
Test Case '-[RightClickCoreTests.CapabilityTypedCoreBoundaryTests testArrayRetainsTypedElementsAndRejectsDepthLimit]' passed (0.000 seconds).
Test Case '-[RightClickCoreTests.CapabilityTypedCoreBoundaryTests testDeclaredBooleanCanReachCommonHostWithExactTaggedCoreValue]' started.
Test Case '-[RightClickCoreTests.CapabilityTypedCoreBoundaryTests testDeclaredBooleanCanReachCommonHostWithExactTaggedCoreValue]' passed (0.002 seconds).
Test Suite 'CapabilityTypedCoreBoundaryTests' passed at 2026-10-07 20:45:57.299.
	 Executed 4 tests, with 0 failures (0 unexpected) in 0.003 (0.004) seconds
Test Suite 'ChatGPTBridgeInstallerTests' started at 2026-10-07 20:45:57.299.
Test Case '-[RightClickCLITests.ChatGPTBridgeInstallerTests testActivationFailsClosedWhenBootstrapFails]' started.
Test Case '-[RightClickCLITests.ChatGPTBridgeInstallerTests testActivationFailsClosedWhenBootstrapFails]' passed (0.003 seconds).
Test Case '-[RightClickCLITests.ChatGPTBridgeInstallerTests testActivationUsesExpectedLaunchctlSequence]' started.
Test Case '-[RightClickCLITests.ChatGPTBridgeInstallerTests testActivationUsesExpectedLaunchctlSequence]' passed (0.003 seconds).
Test Case '-[RightClickCLITests.ChatGPTBridgeInstallerTests testBridgeStatusReportsLoadedService]' started.
Test Case '-[RightClickCLITests.ChatGPTBridgeInstallerTests testBridgeStatusReportsLoadedService]' passed (0.000 seconds).
Test Case '-[RightClickCLITests.ChatGPTBridgeInstallerTests testBridgeStatusReportsStoppedService]' started.
Test Case '-[RightClickCLITests.ChatGPTBridgeInstallerTests testBridgeStatusReportsStoppedService]' passed (0.000 seconds).
Test Case '-[RightClickCLITests.ChatGPTBridgeInstallerTests testDeactivateBootsOutLoadedBridge]' started.
Test Case '-[RightClickCLITests.ChatGPTBridgeInstallerTests testDeactivateBootsOutLoadedBridge]' passed (0.002 seconds).
Test Case '-[RightClickCLITests.ChatGPTBridgeInstallerTests testPrepareRejectsOldTunnelClient]' started.
Test Case '-[RightClickCLITests.ChatGPTBridgeInstallerTests testPrepareRejectsOldTunnelClient]' passed (0.318 seconds).
Test Case '-[RightClickCLITests.ChatGPTBridgeInstallerTests testPrepareRequiresStoredRuntimeKey]' started.
Test Case '-[RightClickCLITests.ChatGPTBridgeInstallerTests testPrepareRequiresStoredRuntimeKey]' passed (0.256 seconds).
Test Case '-[RightClickCLITests.ChatGPTBridgeInstallerTests testPrepareWritesProfileLaunchAgentAndBridgeState]' started.
Test Case '-[RightClickCLITests.ChatGPTBridgeInstallerTests testPrepareWritesProfileLaunchAgentAndBridgeState]' passed (0.267 seconds).
Test Suite 'ChatGPTBridgeInstallerTests' passed at 2026-10-07 20:45:58.151.
	 Executed 8 tests, with 0 failures (0 unexpected) in 0.851 (0.852) seconds
Test Suite 'ChatGPTBridgeTests' started at 2026-10-07 20:45:58.151.
Test Case '-[RightClickCLITests.ChatGPTBridgeTests testBridgeFilesAreDeterministicAndPrivate]' started.
Test Case '-[RightClickCLITests.ChatGPTBridgeTests testBridgeFilesAreDeterministicAndPrivate]' passed (0.007 seconds).
Test Case '-[RightClickCLITests.ChatGPTBridgeTests testBridgeWritingCreatesRuntimeDirectories]' started.
Test Case '-[RightClickCLITests.ChatGPTBridgeTests testBridgeWritingCreatesRuntimeDirectories]' passed (0.004 seconds).
Test Case '-[RightClickCLITests.ChatGPTBridgeTests testInvalidTunnelIDsAreRejected]' started.
Test Case '-[RightClickCLITests.ChatGPTBridgeTests testInvalidTunnelIDsAreRejected]' passed (0.001 seconds).
Test Case '-[RightClickCLITests.ChatGPTBridgeTests testLaunchAgentUsesStableRightClickEntryPoint]' started.
Test Case '-[RightClickCLITests.ChatGPTBridgeTests testLaunchAgentUsesStableRightClickEntryPoint]' passed (0.000 seconds).
Test Case '-[RightClickCLITests.ChatGPTBridgeTests testProfileMatchesOpenAIStdioTunnelShape]' started.
Test Case '-[RightClickCLITests.ChatGPTBridgeTests testProfileMatchesOpenAIStdioTunnelShape]' passed (0.001 seconds).
Test Case '-[RightClickCLITests.ChatGPTBridgeTests testTunnelClientMinimumVersionGate]' started.
Test Case '-[RightClickCLITests.ChatGPTBridgeTests testTunnelClientMinimumVersionGate]' passed (0.000 seconds).
Test Suite 'ChatGPTBridgeTests' passed at 2026-10-07 20:45:58.165.
	 Executed 6 tests, with 0 failures (0 unexpected) in 0.013 (0.014) seconds
Test Suite 'ChatGPTLiveAttestationTests' started at 2026-10-07 20:45:58.165.
Test Case '-[RightClickCLITests.ChatGPTLiveAttestationTests testConflictingRightClickMCPChildFailsClosed]' started.
Test Case '-[RightClickCLITests.ChatGPTLiveAttestationTests testConflictingRightClickMCPChildFailsClosed]' passed (0.001 seconds).
Test Case '-[RightClickCLITests.ChatGPTLiveAttestationTests testExpectedMCPWithAuxiliaryCodexChildPasses]' started.
Test Case '-[RightClickCLITests.ChatGPTLiveAttestationTests testExpectedMCPWithAuxiliaryCodexChildPasses]' passed (0.000 seconds).
Test Case '-[RightClickCLITests.ChatGPTLiveAttestationTests testMissingExpectedRightClickMCPFailsClosed]' started.
Test Case '-[RightClickCLITests.ChatGPTLiveAttestationTests testMissingExpectedRightClickMCPFailsClosed]' passed (0.001 seconds).
Test Case '-[RightClickCLITests.ChatGPTLiveAttestationTests testNonRunningMCPHealthFails]' started.
Test Case '-[RightClickCLITests.ChatGPTLiveAttestationTests testNonRunningMCPHealthFails]' passed (0.002 seconds).
Test Case '-[RightClickCLITests.ChatGPTLiveAttestationTests testNotObservedMCPHealthWithRunningChildPasses]' started.
Test Case '-[RightClickCLITests.ChatGPTLiveAttestationTests testNotObservedMCPHealthWithRunningChildPasses]' passed (0.003 seconds).
Test Case '-[RightClickCLITests.ChatGPTLiveAttestationTests testNotReadyTunnelFailsHealthAttestation]' started.
Test Case '-[RightClickCLITests.ChatGPTLiveAttestationTests testNotReadyTunnelFailsHealthAttestation]' passed (0.003 seconds).
Test Suite 'ChatGPTLiveAttestationTests' passed at 2026-10-07 20:45:58.176.
	 Executed 6 tests, with 0 failures (0 unexpected) in 0.009 (0.010) seconds
Test Suite 'ChatGPTOnboardingTests' started at 2026-10-07 20:45:58.176.
Test Case '-[RightClickCLITests.ChatGPTOnboardingTests testDriftWithoutYesRequiresConsent]' started.
Test Case '-[RightClickCLITests.ChatGPTOnboardingTests testDriftWithoutYesRequiresConsent]' passed (0.326 seconds).
Test Case '-[RightClickCLITests.ChatGPTOnboardingTests testFullyAlignedPlanReportsAligned]' started.
Test Case '-[RightClickCLITests.ChatGPTOnboardingTests testFullyAlignedPlanReportsAligned]' passed (0.329 seconds).
Test Case '-[RightClickCLITests.ChatGPTOnboardingTests testLaunchAgentArgumentsParse]' started.
Test Case '-[RightClickCLITests.ChatGPTOnboardingTests testLaunchAgentArgumentsParse]' passed (0.003 seconds).
Test Case '-[RightClickCLITests.ChatGPTOnboardingTests testLaunchAgentDriftIsDetected]' started.
Test Case '-[RightClickCLITests.ChatGPTOnboardingTests testLaunchAgentDriftIsDetected]' passed (0.263 seconds).
Test Case '-[RightClickCLITests.ChatGPTOnboardingTests testMissingKeyIsReported]' started.
Test Case '-[RightClickCLITests.ChatGPTOnboardingTests testMissingKeyIsReported]' passed (0.008 seconds).
Test Case '-[RightClickCLITests.ChatGPTOnboardingTests testMissingStateRequiresPairing]' started.
Test Case '-[RightClickCLITests.ChatGPTOnboardingTests testMissingStateRequiresPairing]' passed (0.002 seconds).
Test Case '-[RightClickCLITests.ChatGPTOnboardingTests testNonDryRunDoesNotModifyAnything]' started.
Test Case '-[RightClickCLITests.ChatGPTOnboardingTests testNonDryRunDoesNotModifyAnything]' passed (0.263 seconds).
Test Case '-[RightClickCLITests.ChatGPTOnboardingTests testOptionsAcceptPreview]' started.
Test Case '-[RightClickCLITests.ChatGPTOnboardingTests testOptionsAcceptPreview]' passed (0.000 seconds).
Test Case '-[RightClickCLITests.ChatGPTOnboardingTests testProfileCommandParsesGeneratedProfile]' started.
Test Case '-[RightClickCLITests.ChatGPTOnboardingTests testProfileCommandParsesGeneratedProfile]' passed (0.003 seconds).
Test Case '-[RightClickCLITests.ChatGPTOnboardingTests testProfileDriftIsDetected]' started.
Test Case '-[RightClickCLITests.ChatGPTOnboardingTests testProfileDriftIsDetected]' passed (0.263 seconds).
Test Case '-[RightClickCLITests.ChatGPTOnboardingTests testStoppedBridgeIsNotAligned]' started.
Test Case '-[RightClickCLITests.ChatGPTOnboardingTests testStoppedBridgeIsNotAligned]' passed (0.260 seconds).
Test Case '-[RightClickCLITests.ChatGPTOnboardingTests testUnknownOptionFails]' started.
Test Case '-[RightClickCLITests.ChatGPTOnboardingTests testUnknownOptionFails]' passed (0.000 seconds).
Test Suite 'ChatGPTOnboardingTests' passed at 2026-10-07 20:45:59.898.
	 Executed 12 tests, with 0 failures (0 unexpected) in 1.721 (1.722) seconds
Test Suite 'ChatGPTOnboardingTransactionTests' started at 2026-10-07 20:45:59.898.
Test Case '-[RightClickCLITests.ChatGPTOnboardingTransactionTests testActivationFailureRestoresExactOwnedFiles]' started.
Test Case '-[RightClickCLITests.ChatGPTOnboardingTransactionTests testActivationFailureRestoresExactOwnedFiles]' passed (0.345 seconds).
Test Case '-[RightClickCLITests.ChatGPTOnboardingTransactionTests testAttestationFailureRestoresExactOwnedFiles]' started.
Test Case '-[RightClickCLITests.ChatGPTOnboardingTransactionTests testAttestationFailureRestoresExactOwnedFiles]' passed (5.186 seconds).
Test Case '-[RightClickCLITests.ChatGPTOnboardingTransactionTests testSuccessfulMigrationUpdatesAllOwnedFiles]' started.
Test Case '-[RightClickCLITests.ChatGPTOnboardingTransactionTests testSuccessfulMigrationUpdatesAllOwnedFiles]' passed (0.401 seconds).
Test Suite 'ChatGPTOnboardingTransactionTests' passed at 2026-10-07 20:46:05.830.
	 Executed 3 tests, with 0 failures (0 unexpected) in 5.932 (5.932) seconds
Test Suite 'ClaudeConfigDirTruthTests' started at 2026-10-07 20:46:05.830.
Test Case '-[RightClickCLITests.ClaudeConfigDirTruthTests testClaudeConfigurationSurfaceHonorsClaudeConfigDirOverride]' started.
Test Case '-[RightClickCLITests.ClaudeConfigDirTruthTests testClaudeConfigurationSurfaceHonorsClaudeConfigDirOverride]' passed (0.001 seconds).
Test Suite 'ClaudeConfigDirTruthTests' passed at 2026-10-07 20:46:05.832.
	 Executed 1 test, with 0 failures (0 unexpected) in 0.001 (0.001) seconds
Test Suite 'ClaudeOnboardingRedTests' started at 2026-10-07 20:46:05.832.
Test Case '-[RightClickCLITests.ClaudeOnboardingRedTests testClaudeConflictingRegistrationFailsClosed]' started.
Test Case '-[RightClickCLITests.ClaudeOnboardingRedTests testClaudeConflictingRegistrationFailsClosed]' passed (0.386 seconds).
Test Case '-[RightClickCLITests.ClaudeOnboardingRedTests testClaudeDisconnectRefusesConflictingRegistration]' started.
Test Case '-[RightClickCLITests.ClaudeOnboardingRedTests testClaudeDisconnectRefusesConflictingRegistration]' passed (0.386 seconds).
Test Case '-[RightClickCLITests.ClaudeOnboardingRedTests testClaudeDisconnectUsesNativeUserScopeRemove]' started.
Test Case '-[RightClickCLITests.ClaudeOnboardingRedTests testClaudeDisconnectUsesNativeUserScopeRemove]' passed (0.639 seconds).
Test Case '-[RightClickCLITests.ClaudeOnboardingRedTests testClaudeDryRunUsesNativeInspectionAndNeverMutates]' started.
Test Case '-[RightClickCLITests.ClaudeOnboardingRedTests testClaudeDryRunUsesNativeInspectionAndNeverMutates]' passed (0.384 seconds).
Test Case '-[RightClickCLITests.ClaudeOnboardingRedTests testClaudeExactExistingRegistrationIsIdempotent]' started.
Test Case '-[RightClickCLITests.ClaudeOnboardingRedTests testClaudeExactExistingRegistrationIsIdempotent]' passed (0.449 seconds).
Test Case '-[RightClickCLITests.ClaudeOnboardingRedTests testClaudeNonInteractiveRequiresConsentWithoutNativeMutation]' started.
Test Case '-[RightClickCLITests.ClaudeOnboardingRedTests testClaudeNonInteractiveRequiresConsentWithoutNativeMutation]' passed (0.385 seconds).
Test Case '-[RightClickCLITests.ClaudeOnboardingRedTests testClaudeYesUsesFrozenNativeUserScopeBackendAndVerifiesConnection]' started.
Test Case '-[RightClickCLITests.ClaudeOnboardingRedTests testClaudeYesUsesFrozenNativeUserScopeBackendAndVerifiesConnection]' passed (0.577 seconds).
Test Case '-[RightClickCLITests.ClaudeOnboardingRedTests testOptionsAcceptClaudeAsSecondClient]' started.
Test Case '-[RightClickCLITests.ClaudeOnboardingRedTests testOptionsAcceptClaudeAsSecondClient]' passed (0.000 seconds).
Test Suite 'ClaudeOnboardingRedTests' passed at 2026-10-07 20:46:09.040.
	 Executed 8 tests, with 0 failures (0 unexpected) in 3.207 (3.208) seconds
Test Suite 'ClientRegistryRedTests' started at 2026-10-07 20:46:09.040.
Test Case '-[RightClickCLITests.ClientRegistryRedTests testAdaptersOwnClientSpecificPresentationInsteadOfLocalRouter]' started.
Test Case '-[RightClickCLITests.ClientRegistryRedTests testAdaptersOwnClientSpecificPresentationInsteadOfLocalRouter]' passed (0.004 seconds).
Test Case '-[RightClickCLITests.ClientRegistryRedTests testAllCurrentlySupportedExplicitClientIDsRemainAccepted]' started.
Test Case '-[RightClickCLITests.ClientRegistryRedTests testAllCurrentlySupportedExplicitClientIDsRemainAccepted]' passed (0.000 seconds).
Test Case '-[RightClickCLITests.ClientRegistryRedTests testLocalOnboardingDelegatesClientCatalogAndRoutingToRegistry]' started.
Test Case '-[RightClickCLITests.ClientRegistryRedTests testLocalOnboardingDelegatesClientCatalogAndRoutingToRegistry]' passed (0.009 seconds).
Test Case '-[RightClickCLITests.ClientRegistryRedTests testRegistrySourceOwnsExistingAdaptersInStableOrder]' started.
Test Case '-[RightClickCLITests.ClientRegistryRedTests testRegistrySourceOwnsExistingAdaptersInStableOrder]' passed (0.001 seconds).
Test Case '-[RightClickCLITests.ClientRegistryRedTests testUnknownClientStillFailsClosed]' started.
Test Case '-[RightClickCLITests.ClientRegistryRedTests testUnknownClientStillFailsClosed]' passed (0.000 seconds).
Test Suite 'ClientRegistryRedTests' passed at 2026-10-07 20:46:09.056.
	 Executed 5 tests, with 0 failures (0 unexpected) in 0.015 (0.016) seconds
Test Suite 'CodexOnboardingRedTests' started at 2026-10-07 20:46:09.056.
Test Case '-[RightClickCLITests.CodexOnboardingRedTests testCodexConflictingCommandFailsClosedBeforeNativeAdd]' started.
Test Case '-[RightClickCLITests.CodexOnboardingRedTests testCodexConflictingCommandFailsClosedBeforeNativeAdd]' passed (0.388 seconds).
Test Case '-[RightClickCLITests.CodexOnboardingRedTests testCodexDisconnectRefusesConflictingRegistration]' started.
Test Case '-[RightClickCLITests.CodexOnboardingRedTests testCodexDisconnectRefusesConflictingRegistration]' passed (0.384 seconds).
Test Case '-[RightClickCLITests.CodexOnboardingRedTests testCodexDisconnectUsesNativeGlobalRemove]' started.
Test Case '-[RightClickCLITests.CodexOnboardingRedTests testCodexDisconnectUsesNativeGlobalRemove]' passed (0.574 seconds).
Test Case '-[RightClickCLITests.CodexOnboardingRedTests testCodexDryRunUsesNativeInspectionAndNeverMutates]' started.
Test Case '-[RightClickCLITests.CodexOnboardingRedTests testCodexDryRunUsesNativeInspectionAndNeverMutates]' passed (0.445 seconds).
Test Case '-[RightClickCLITests.CodexOnboardingRedTests testCodexExactExistingRegistrationIsIdempotent]' started.
Test Case '-[RightClickCLITests.CodexOnboardingRedTests testCodexExactExistingRegistrationIsIdempotent]' passed (0.383 seconds).
Test Case '-[RightClickCLITests.CodexOnboardingRedTests testCodexNonInteractiveRequiresConsentWithoutMutation]' started.
Test Case '-[RightClickCLITests.CodexOnboardingRedTests testCodexNonInteractiveRequiresConsentWithoutMutation]' passed (0.320 seconds).
Test Case '-[RightClickCLITests.CodexOnboardingRedTests testCodexSameCommandDifferentArgsAlsoFailsClosed]' started.
Test Case '-[RightClickCLITests.CodexOnboardingRedTests testCodexSameCommandDifferentArgsAlsoFailsClosed]' passed (0.384 seconds).
Test Case '-[RightClickCLITests.CodexOnboardingRedTests testCodexYesUsesNativeGlobalBackendWithoutFalseConnectionClaim]' started.
Test Case '-[RightClickCLITests.CodexOnboardingRedTests testCodexYesUsesNativeGlobalBackendWithoutFalseConnectionClaim]' passed (0.577 seconds).
Test Case '-[RightClickCLITests.CodexOnboardingRedTests testOptionsAcceptCodexAsThirdClient]' started.
Test Case '-[RightClickCLITests.CodexOnboardingRedTests testOptionsAcceptCodexAsThirdClient]' passed (0.000 seconds).
Test Suite 'CodexOnboardingRedTests' passed at 2026-10-07 20:46:12.514.
	 Executed 9 tests, with 0 failures (0 unexpected) in 3.456 (3.458) seconds
Test Suite 'ConfiguredOpenAPISourceTests' started at 2026-10-07 20:46:12.514.
Test Case '-[RightClickCoreTests.ConfiguredOpenAPISourceTests testCredentialLikeUnknownFieldFailsClosed]' started.
Test Case '-[RightClickCoreTests.ConfiguredOpenAPISourceTests testCredentialLikeUnknownFieldFailsClosed]' passed (0.002 seconds).
Test Case '-[RightClickCoreTests.ConfiguredOpenAPISourceTests testDuplicateProviderIDsFailClosed]' started.
Test Case '-[RightClickCoreTests.ConfiguredOpenAPISourceTests testDuplicateProviderIDsFailClosed]' passed (0.000 seconds).
Test Case '-[RightClickCoreTests.ConfiguredOpenAPISourceTests testLongLivedEngineObservesConfiguredAddReplaceAndRemove]' started.
Test Case '-[RightClickCoreTests.ConfiguredOpenAPISourceTests testLongLivedEngineObservesConfiguredAddReplaceAndRemove]' passed (0.005 seconds).
Test Case '-[RightClickCoreTests.ConfiguredOpenAPISourceTests testMalformedConfigurationRemovesPreviouslyVisibleReflector]' started.
Test Case '-[RightClickCoreTests.ConfiguredOpenAPISourceTests testMalformedConfigurationRemovesPreviouslyVisibleReflector]' passed (0.002 seconds).
Test Case '-[RightClickCoreTests.ConfiguredOpenAPISourceTests testRegistryRejectsNonHTTPSAndCredentialBearingURLs]' started.
Test Case '-[RightClickCoreTests.ConfiguredOpenAPISourceTests testRegistryRejectsNonHTTPSAndCredentialBearingURLs]' passed (0.000 seconds).
Test Case '-[RightClickCoreTests.ConfiguredOpenAPISourceTests testRegistryWriteIsDeterministicAndPrivate]' started.
Test Case '-[RightClickCoreTests.ConfiguredOpenAPISourceTests testRegistryWriteIsDeterministicAndPrivate]' passed (0.002 seconds).
Test Case '-[RightClickCoreTests.ConfiguredOpenAPISourceTests testUnchangedConfigurationDoesNotRefetchSpecification]' started.
Test Case '-[RightClickCoreTests.ConfiguredOpenAPISourceTests testUnchangedConfigurationDoesNotRefetchSpecification]' passed (0.002 seconds).
Test Suite 'ConfiguredOpenAPISourceTests' passed at 2026-10-07 20:46:12.529.
	 Executed 7 tests, with 0 failures (0 unexpected) in 0.014 (0.015) seconds
Test Suite 'DBusRuntimeTests' started at 2026-10-07 20:46:12.529.
Test Case '-[RightClickCoreTests.DBusRuntimeTests testBusRestartCannotReuseAnOldUniqueOwnerAndDeclaration]' started.
Test Case '-[RightClickCoreTests.DBusRuntimeTests testBusRestartCannotReuseAnOldUniqueOwnerAndDeclaration]' passed (0.006 seconds).
Test Case '-[RightClickCoreTests.DBusRuntimeTests testNativeIntrospectionPreservesBooleanArrayOrderAndUnit]' started.
Test Case '-[RightClickCoreTests.DBusRuntimeTests testNativeIntrospectionPreservesBooleanArrayOrderAndUnit]' passed (0.001 seconds).
Test Case '-[RightClickCoreTests.DBusRuntimeTests testNativeUnitCompletionIsAcceptedAndNeverInventsJSONNullOutput]' started.
Test Case '-[RightClickCoreTests.DBusRuntimeTests testNativeUnitCompletionIsAcceptedAndNeverInventsJSONNullOutput]' passed (0.003 seconds).
Test Case '-[RightClickCoreTests.DBusRuntimeTests testTrustedMarkerIsHiddenAndReplacedOnlyByAdmittedTaskIdentity]' started.
Test Case '-[RightClickCoreTests.DBusRuntimeTests testTrustedMarkerIsHiddenAndReplacedOnlyByAdmittedTaskIdentity]' passed (0.003 seconds).
Test Case '-[RightClickCoreTests.DBusRuntimeTests testUnknownNativeTypesAndNoReplyAnnotationsAbstain]' started.
Test Case '-[RightClickCoreTests.DBusRuntimeTests testUnknownNativeTypesAndNoReplyAnnotationsAbstain]' passed (0.000 seconds).
Test Case '-[RightClickCoreTests.DBusRuntimeTests testWithdrawalReplacementAndChangedTypedMetadataInvalidateOldReflector]' started.
Test Case '-[RightClickCoreTests.DBusRuntimeTests testWithdrawalReplacementAndChangedTypedMetadataInvalidateOldReflector]' passed (0.001 seconds).
Test Case '-[RightClickCoreTests.DBusRuntimeTests testXMLRejectsEntitiesMalformedNamesDuplicateMethodsAndDeepTrees]' started.
Test Case '-[RightClickCoreTests.DBusRuntimeTests testXMLRejectsEntitiesMalformedNamesDuplicateMethodsAndDeepTrees]' passed (0.000 seconds).
Test Suite 'DBusRuntimeTests' passed at 2026-10-07 20:46:12.544.
	 Executed 7 tests, with 0 failures (0 unexpected) in 0.015 (0.015) seconds
Test Suite 'DispatchContractBindingTests' started at 2026-10-07 20:46:12.544.
Test Case '-[RightClickCoreTests.DispatchContractBindingTests testChangedAuthorityOriginIsNotDispatched]' started.
Test Case '-[RightClickCoreTests.DispatchContractBindingTests testChangedAuthorityOriginIsNotDispatched]' passed (0.001 seconds).
Test Case '-[RightClickCoreTests.DispatchContractBindingTests testChangedEndpointIsNotDispatched]' started.
Test Case '-[RightClickCoreTests.DispatchContractBindingTests testChangedEndpointIsNotDispatched]' passed (0.001 seconds).
Test Case '-[RightClickCoreTests.DispatchContractBindingTests testChangedInvocationOrProviderIsNotDispatched]' started.
Test Case '-[RightClickCoreTests.DispatchContractBindingTests testChangedInvocationOrProviderIsNotDispatched]' passed (0.001 seconds).
Test Case '-[RightClickCoreTests.DispatchContractBindingTests testChangedSchemaOrMethodIsNotDispatched]' started.
Test Case '-[RightClickCoreTests.DispatchContractBindingTests testChangedSchemaOrMethodIsNotDispatched]' passed (0.002 seconds).
Test Case '-[RightClickCoreTests.DispatchContractBindingTests testConfirmationStillStopsBeforeRevalidationOrDispatch]' started.
Test Case '-[RightClickCoreTests.DispatchContractBindingTests testConfirmationStillStopsBeforeRevalidationOrDispatch]' passed (0.001 seconds).
Test Case '-[RightClickCoreTests.DispatchContractBindingTests testConflictingDuplicateCannotHideBehindFirstMatch]' started.
Test Case '-[RightClickCoreTests.DispatchContractBindingTests testConflictingDuplicateCannotHideBehindFirstMatch]' passed (0.002 seconds).
Test Case '-[RightClickCoreTests.DispatchContractBindingTests testDelegatedVerificationCannotBypassBinding]' started.
Test Case '-[RightClickCoreTests.DispatchContractBindingTests testDelegatedVerificationCannotBypassBinding]' passed (0.002 seconds).
Test Case '-[RightClickCoreTests.DispatchContractBindingTests testDistinctUnicodeAuthorityBytesAreNotConflated]' started.
Test Case '-[RightClickCoreTests.DispatchContractBindingTests testDistinctUnicodeAuthorityBytesAreNotConflated]' passed (0.001 seconds).
Test Case '-[RightClickCoreTests.DispatchContractBindingTests testEngineAssignedOwnershipStillWinsOverProviderMetadata]' started.
Test Case '-[RightClickCoreTests.DispatchContractBindingTests testEngineAssignedOwnershipStillWinsOverProviderMetadata]' passed (0.001 seconds).
Test Case '-[RightClickCoreTests.DispatchContractBindingTests testEquivalentRecreatedReflectorRemainsUsable]' started.
Test Case '-[RightClickCoreTests.DispatchContractBindingTests testEquivalentRecreatedReflectorRemainsUsable]' passed (0.001 seconds).
Test Case '-[RightClickCoreTests.DispatchContractBindingTests testFailedRevalidationIsNotDispatched]' started.
Test Case '-[RightClickCoreTests.DispatchContractBindingTests testFailedRevalidationIsNotDispatched]' passed (0.001 seconds).
Test Case '-[RightClickCoreTests.DispatchContractBindingTests testIdenticalDuplicateDoesNotBreakExistingProviders]' started.
Test Case '-[RightClickCoreTests.DispatchContractBindingTests testIdenticalDuplicateDoesNotBreakExistingProviders]' passed (0.001 seconds).
Test Case '-[RightClickCoreTests.DispatchContractBindingTests testMetadataKeyOrderDoesNotInvalidateContract]' started.
Test Case '-[RightClickCoreTests.DispatchContractBindingTests testMetadataKeyOrderDoesNotInvalidateContract]' passed (0.001 seconds).
Test Case '-[RightClickCoreTests.DispatchContractBindingTests testSafetyEscalationCannotInheritUnconfirmedRead]' started.
Test Case '-[RightClickCoreTests.DispatchContractBindingTests testSafetyEscalationCannotInheritUnconfirmedRead]' passed (0.001 seconds).
Test Case '-[RightClickCoreTests.DispatchContractBindingTests testWithdrawnCapabilityIsNotDispatched]' started.
Test Case '-[RightClickCoreTests.DispatchContractBindingTests testWithdrawnCapabilityIsNotDispatched]' passed (0.001 seconds).
Test Suite 'DispatchContractBindingTests' passed at 2026-10-07 20:46:12.563.
	 Executed 15 tests, with 0 failures (0 unexpected) in 0.017 (0.018) seconds
Test Suite 'EngineTests' started at 2026-10-07 20:46:12.563.
Test Case '-[RightClickCoreTests.EngineTests testAcceptedServiceInvocationDoesNotEstablishSemanticSuccess]' started.
Test Case '-[RightClickCoreTests.EngineTests testAcceptedServiceInvocationDoesNotEstablishSemanticSuccess]' passed (5.975 seconds).
Test Case '-[RightClickCoreTests.EngineTests testExplicitReturnedTextPostconditionVerifiesOnlyReturnedText]' started.
Test Case '-[RightClickCoreTests.EngineTests testExplicitReturnedTextPostconditionVerifiesOnlyReturnedText]' passed (5.952 seconds).
Test Case '-[RightClickCoreTests.EngineTests testExternalShareIsGated]' started.
Test Case '-[RightClickCoreTests.EngineTests testExternalShareIsGated]' passed (4.299 seconds).
Test Case '-[RightClickCoreTests.EngineTests testFixturesDifferentiateSharingAndQuickActions]' started.
Test Case '-[RightClickCoreTests.EngineTests testFixturesDifferentiateSharingAndQuickActions]' passed (18.648 seconds).
Test Case '-[RightClickCoreTests.EngineTests testFullWidthServiceRoundTrip]' started.
Test Case '-[RightClickCoreTests.EngineTests testFullWidthServiceRoundTrip]' passed (5.924 seconds).
Test Case '-[RightClickCoreTests.EngineTests testMarkupIsDiscoveredButNotInvokable]' started.
Test Case '-[RightClickCoreTests.EngineTests testMarkupIsDiscoveredButNotInvokable]' passed (3.927 seconds).
Test Suite 'EngineTests' passed at 2026-10-07 20:46:57.288.
	 Executed 6 tests, with 0 failures (0 unexpected) in 44.725 (44.726) seconds
Test Suite 'ExecutionCapacityAdmissionTests' started at 2026-10-07 20:46:57.289.
Test Case '-[RightClickCoreTests.ExecutionCapacityAdmissionTests testFullActiveHistoryRefusesBothEngineEntryPointsBeforeProviderStart]' started.
Test Case '-[RightClickCoreTests.ExecutionCapacityAdmissionTests testFullActiveHistoryRefusesBothEngineEntryPointsBeforeProviderStart]' passed (1.267 seconds).
Test Case '-[RightClickCoreTests.ExecutionCapacityAdmissionTests testThrowingBeginReleasesReservationForBothEngineEntryPoints]' started.
Test Case '-[RightClickCoreTests.ExecutionCapacityAdmissionTests testThrowingBeginReleasesReservationForBothEngineEntryPoints]' passed (0.015 seconds).
Test Suite 'ExecutionCapacityAdmissionTests' passed at 2026-10-07 20:46:58.571.
	 Executed 2 tests, with 0 failures (0 unexpected) in 1.282 (1.282) seconds
Test Suite 'ExecutionRetentionTests' started at 2026-10-07 20:46:58.571.
Test Case '-[RightClickCoreTests.ExecutionRetentionTests testActualLargeEvidenceAndRecordFloodRespectIndependentBounds]' started.
Test Case '-[RightClickCoreTests.ExecutionRetentionTests testActualLargeEvidenceAndRecordFloodRespectIndependentBounds]' passed (0.049 seconds).
Test Case '-[RightClickCoreTests.ExecutionRetentionTests testByteCapacityRefusalPreservesEveryExistingActiveReservation]' started.
Test Case '-[RightClickCoreTests.ExecutionRetentionTests testByteCapacityRefusalPreservesEveryExistingActiveReservation]' passed (0.004 seconds).
Test Case '-[RightClickCoreTests.ExecutionRetentionTests testBytePressureEvictsOldestTerminalAndReadsNeverRefreshOrder]' started.
Test Case '-[RightClickCoreTests.ExecutionRetentionTests testBytePressureEvictsOldestTerminalAndReadsNeverRefreshOrder]' passed (0.001 seconds).
Test Case '-[RightClickCoreTests.ExecutionRetentionTests testCompactedRCIRAcceptedTaskRetainsPendingOwnershipUntilTerminalSnapshot]' started.
Test Case '-[RightClickCoreTests.ExecutionRetentionTests testCompactedRCIRAcceptedTaskRetainsPendingOwnershipUntilTerminalSnapshot]' passed (0.001 seconds).
Test Case '-[RightClickCoreTests.ExecutionRetentionTests testConcurrentUpdatesKeepSynchronizedAccountingAndActiveCallbacks]' started.
Test Case '-[RightClickCoreTests.ExecutionRetentionTests testConcurrentUpdatesKeepSynchronizedAccountingAndActiveCallbacks]' passed (0.117 seconds).
Test Case '-[RightClickCoreTests.ExecutionRetentionTests testLargeActualSignedReceiptCompactionRetainsDigestWithoutInventingReceipt]' started.
Test Case '-[RightClickCoreTests.ExecutionRetentionTests testLargeActualSignedReceiptCompactionRetainsDigestWithoutInventingReceipt]' passed (0.011 seconds).
Test Case '-[RightClickCoreTests.ExecutionRetentionTests testMonotonicExpiryIgnoresRegressionAndUpdatesReadsDoNotExtendTTL]' started.
Test Case '-[RightClickCoreTests.ExecutionRetentionTests testMonotonicExpiryIgnoresRegressionAndUpdatesReadsDoNotExtendTTL]' passed (0.001 seconds).
Test Case '-[RightClickCoreTests.ExecutionRetentionTests testStartedReservationsSurviveExpiryAndFloodThenReleaseAtTerminalCallback]' started.
Test Case '-[RightClickCoreTests.ExecutionRetentionTests testStartedReservationsSurviveExpiryAndFloodThenReleaseAtTerminalCallback]' passed (0.004 seconds).
Test Case '-[RightClickCoreTests.ExecutionRetentionTests testUnconfirmedAwaitingUserDoesNotReserveActiveCapacity]' started.
Test Case '-[RightClickCoreTests.ExecutionRetentionTests testUnconfirmedAwaitingUserDoesNotReserveActiveCapacity]' passed (0.000 seconds).
Test Case '-[RightClickCoreTests.ExecutionRetentionTests testUpdateReaccountsLargeAndShrinkingOutputsAndCannotMoveIdentity]' started.
Test Case '-[RightClickCoreTests.ExecutionRetentionTests testUpdateReaccountsLargeAndShrinkingOutputsAndCannotMoveIdentity]' passed (0.002 seconds).
Test Suite 'ExecutionRetentionTests' passed at 2026-10-07 20:46:58.762.
	 Executed 10 tests, with 0 failures (0 unexpected) in 0.190 (0.191) seconds
Test Suite 'FederationTests' started at 2026-10-07 20:46:58.762.
Test Case '-[RightClickMCPTests.FederationTests testExplicitVerificationRunsAtRemoteBoundary]' started.
Test Case '-[RightClickMCPTests.FederationTests testExplicitVerificationRunsAtRemoteBoundary]' passed (0.004 seconds).
Test Case '-[RightClickMCPTests.FederationTests testFederatedCapabilityAppearsAndDisappearsLive]' started.
Test Case '-[RightClickMCPTests.FederationTests testFederatedCapabilityAppearsAndDisappearsLive]' passed (0.001 seconds).
Test Case '-[RightClickMCPTests.FederationTests testFederationDoesNotReexportFederatedCapability]' started.
Test Case '-[RightClickMCPTests.FederationTests testFederationDoesNotReexportFederatedCapability]' passed (0.000 seconds).
Test Case '-[RightClickMCPTests.FederationTests testIncompleteRemoteVerificationIsDowngraded]' started.
Test Case '-[RightClickMCPTests.FederationTests testIncompleteRemoteVerificationIsDowngraded]' passed (0.002 seconds).
Test Case '-[RightClickMCPTests.FederationTests testLoopbackIPPeersCanonicalizeToLocalhostForTransport]' started.
Test Case '-[RightClickMCPTests.FederationTests testLoopbackIPPeersCanonicalizeToLocalhostForTransport]' passed (0.001 seconds).
Test Case '-[RightClickMCPTests.FederationTests testModelFacingToolSurfaceRemainsSevenGenericOperations]' started.
Test Case '-[RightClickMCPTests.FederationTests testModelFacingToolSurfaceRemainsSevenGenericOperations]' passed (0.000 seconds).
Test Case '-[RightClickMCPTests.FederationTests testNonRightClickPeerContributesNoCapabilities]' started.
Test Case '-[RightClickMCPTests.FederationTests testNonRightClickPeerContributesNoCapabilities]' passed (0.001 seconds).
Test Case '-[RightClickMCPTests.FederationTests testPeerConfigurationFailsClosedOutsideLoopback]' started.
Test Case '-[RightClickMCPTests.FederationTests testPeerConfigurationFailsClosedOutsideLoopback]' passed (0.001 seconds).
Test Suite 'FederationTests' passed at 2026-10-07 20:46:58.773.
	 Executed 8 tests, with 0 failures (0 unexpected) in 0.010 (0.011) seconds
Test Suite 'GRPCRealProviderAcceptanceTests' started at 2026-10-07 20:46:58.773.
Test Case '-[RightClickCoreTests.GRPCRealProviderAcceptanceTests testRealServerReflectionDiscoversProviderCapabilities]' started.
/private/tmp/rightclick-wit-typed-20261007/Tests/RightClickCoreTests/GRPCRealProviderAcceptanceTests.swift:21: -[RightClickCoreTests.GRPCRealProviderAcceptanceTests testRealServerReflectionDiscoversProviderCapabilities] : Test skipped - RIGHTCLICK_GRPC_REAL_HOST required for real gRPC reflection acceptance.
Test Case '-[RightClickCoreTests.GRPCRealProviderAcceptanceTests testRealServerReflectionDiscoversProviderCapabilities]' skipped (0.001 seconds).
Test Suite 'GRPCRealProviderAcceptanceTests' passed at 2026-10-07 20:46:58.774.
	 Executed 1 test, with 1 test skipped and 0 failures (0 unexpected) in 0.001 (0.001) seconds
Test Suite 'GRPCReflectionTransportTests' started at 2026-10-07 20:46:58.774.
Test Case '-[RightClickCoreTests.GRPCReflectionTransportTests testFileDescriptorResponseReturnsRawDescriptorBytes]' started.
Test Case '-[RightClickCoreTests.GRPCReflectionTransportTests testFileDescriptorResponseReturnsRawDescriptorBytes]' passed (0.000 seconds).
Test Case '-[RightClickCoreTests.GRPCReflectionTransportTests testListServicesResponseParsesStandardReflectionEnvelope]' started.
Test Case '-[RightClickCoreTests.GRPCReflectionTransportTests testListServicesResponseParsesStandardReflectionEnvelope]' passed (0.000 seconds).
Test Case '-[RightClickCoreTests.GRPCReflectionTransportTests testReflectionRequestsUseStandardWireFieldNumbers]' started.
Test Case '-[RightClickCoreTests.GRPCReflectionTransportTests testReflectionRequestsUseStandardWireFieldNumbers]' passed (0.000 seconds).
Test Suite 'GRPCReflectionTransportTests' passed at 2026-10-07 20:46:58.775.
	 Executed 3 tests, with 0 failures (0 unexpected) in 0.001 (0.001) seconds
Test Suite 'GRPCReflectorTests' started at 2026-10-07 20:46:58.775.
Test Case '-[RightClickCoreTests.GRPCReflectorTests testDescriptorReflectsUnaryAndStreamingMethodsWithoutGeneratedStubs]' started.
Test Case '-[RightClickCoreTests.GRPCReflectorTests testDescriptorReflectsUnaryAndStreamingMethodsWithoutGeneratedStubs]' passed (0.002 seconds).
Test Case '-[RightClickCoreTests.GRPCReflectorTests testStreamingMethodFailsClosedBeforeTransport]' started.
Test Case '-[RightClickCoreTests.GRPCReflectorTests testStreamingMethodFailsClosedBeforeTransport]' passed (0.002 seconds).
Test Case '-[RightClickCoreTests.GRPCReflectorTests testUnaryExecutionEncodesAndDecodesDynamicProtobuf]' started.
Test Case '-[RightClickCoreTests.GRPCReflectorTests testUnaryExecutionEncodesAndDecodesDynamicProtobuf]' passed (0.008 seconds).
Test Case '-[RightClickCoreTests.GRPCReflectorTests testUnknownArgumentFailsBeforeTransport]' started.
Test Case '-[RightClickCoreTests.GRPCReflectorTests testUnknownArgumentFailsBeforeTransport]' passed (0.004 seconds).
Test Suite 'GRPCReflectorTests' passed at 2026-10-07 20:46:58.791.
	 Executed 4 tests, with 0 failures (0 unexpected) in 0.015 (0.016) seconds
Test Suite 'GraphQLReflectorTests' started at 2026-10-07 20:46:58.791.
Test Case '-[RightClickCoreTests.GraphQLReflectorTests testExecutesMutationWithJSONEncodedInputObject]' started.
Test Case '-[RightClickCoreTests.GraphQLReflectorTests testExecutesMutationWithJSONEncodedInputObject]' passed (0.017 seconds).
Test Case '-[RightClickCoreTests.GraphQLReflectorTests testExecutesQueryWithVariablesAndSynthesizedSelection]' started.
Test Case '-[RightClickCoreTests.GraphQLReflectorTests testExecutesQueryWithVariablesAndSynthesizedSelection]' passed (0.008 seconds).
Test Case '-[RightClickCoreTests.GraphQLReflectorTests testGraphQLErrorsFailEvenWhenPartialDataExists]' started.
Test Case '-[RightClickCoreTests.GraphQLReflectorTests testGraphQLErrorsFailEvenWhenPartialDataExists]' passed (0.012 seconds).
Test Case '-[RightClickCoreTests.GraphQLReflectorTests testInvalidNestedEnumFailsBeforeTransport]' started.
Test Case '-[RightClickCoreTests.GraphQLReflectorTests testInvalidNestedEnumFailsBeforeTransport]' passed (0.007 seconds).
Test Case '-[RightClickCoreTests.GraphQLReflectorTests testMutationRequiresConfirmationBeforeTransport]' started.
Test Case '-[RightClickCoreTests.GraphQLReflectorTests testMutationRequiresConfirmationBeforeTransport]' passed (0.002 seconds).
Test Case '-[RightClickCoreTests.GraphQLReflectorTests testReflectsQueriesAndMutationsBehindGenericCapabilities]' started.
Test Case '-[RightClickCoreTests.GraphQLReflectorTests testReflectsQueriesAndMutationsBehindGenericCapabilities]' passed (0.001 seconds).
Test Suite 'GraphQLReflectorTests' passed at 2026-10-07 20:46:58.839.
	 Executed 6 tests, with 0 failures (0 unexpected) in 0.047 (0.048) seconds
Test Suite 'HostProtectedReferenceTests' started at 2026-10-07 20:46:58.839.
Test Case '-[RightClickCoreTests.HostProtectedReferenceTests testBroaderNativeReadAuthorityIsDenied]' started.
Test Case '-[RightClickCoreTests.HostProtectedReferenceTests testBroaderNativeReadAuthorityIsDenied]' passed (0.001 seconds).
Test Case '-[RightClickCoreTests.HostProtectedReferenceTests testConfiguredPolicySigningAndObserverReferencesUseOneProtectedBackend]' started.
Test Case '-[RightClickCoreTests.HostProtectedReferenceTests testConfiguredPolicySigningAndObserverReferencesUseOneProtectedBackend]' passed (0.006 seconds).
Test Case '-[RightClickCoreTests.HostProtectedReferenceTests testDirectoriesAndOversizedFilesNeverBecomeReferences]' started.
Test Case '-[RightClickCoreTests.HostProtectedReferenceTests testDirectoriesAndOversizedFilesNeverBecomeReferences]' passed (0.001 seconds).
Test Case '-[RightClickCoreTests.HostProtectedReferenceTests testPrivateSnapshotRetainsExactBytesWhenSelectedSourceChanges]' started.
Test Case '-[RightClickCoreTests.HostProtectedReferenceTests testPrivateSnapshotRetainsExactBytesWhenSelectedSourceChanges]' passed (0.002 seconds).
Test Suite 'HostProtectedReferenceTests' passed at 2026-10-07 20:46:58.850.
	 Executed 4 tests, with 0 failures (0 unexpected) in 0.010 (0.011) seconds
Test Suite 'InvocationBindingTests' started at 2026-10-07 20:46:58.850.
Test Case '-[RightClickCoreTests.InvocationBindingTests testFreshMarkersVerifyForBothTransports]' started.
Test Case '-[RightClickCoreTests.InvocationBindingTests testFreshMarkersVerifyForBothTransports]' passed (7.943 seconds).
Test Case '-[RightClickCoreTests.InvocationBindingTests testMatchingStaleKafkaRecordCannotVerifyCurrentAppend]' started.
Test Case '-[RightClickCoreTests.InvocationBindingTests testMatchingStaleKafkaRecordCannotVerifyCurrentAppend]' passed (4.552 seconds).
Test Case '-[RightClickCoreTests.InvocationBindingTests testMatchingStaleKubernetesResourceCannotVerifyCurrentCreate]' started.
Test Case '-[RightClickCoreTests.InvocationBindingTests testMatchingStaleKubernetesResourceCannotVerifyCurrentCreate]' passed (4.454 seconds).
Test Suite 'InvocationBindingTests' passed at 2026-10-07 20:47:15.799.
	 Executed 3 tests, with 0 failures (0 unexpected) in 16.949 (16.950) seconds
Test Suite 'KafkaAcquisitionStabilityTests' started at 2026-10-07 20:47:15.799.
Test Case '-[RightClickCoreTests.KafkaAcquisitionStabilityTests testRealMetadataReadinessAndByteBindingCostWithoutConcurrentLoad]' started.
/private/tmp/rightclick-wit-typed-20261007/Tests/RightClickCoreTests/KafkaAcquisitionStabilityTests.swift:40: -[RightClickCoreTests.KafkaAcquisitionStabilityTests testRealMetadataReadinessAndByteBindingCostWithoutConcurrentLoad] : Test skipped - Real scoped Kafka stability probe not provisioned; no stability GREEN claimed.
Test Case '-[RightClickCoreTests.KafkaAcquisitionStabilityTests testRealMetadataReadinessAndByteBindingCostWithoutConcurrentLoad]' skipped (0.000 seconds).
Test Case '-[RightClickCoreTests.KafkaAcquisitionStabilityTests testRealMetadataReadinessDuringBoundedConcurrentMetadataLoad]' started.
/private/tmp/rightclick-wit-typed-20261007/Tests/RightClickCoreTests/KafkaAcquisitionStabilityTests.swift:40: -[RightClickCoreTests.KafkaAcquisitionStabilityTests testRealMetadataReadinessDuringBoundedConcurrentMetadataLoad] : Test skipped - Real scoped Kafka stability probe not provisioned; no stability GREEN claimed.
Test Case '-[RightClickCoreTests.KafkaAcquisitionStabilityTests testRealMetadataReadinessDuringBoundedConcurrentMetadataLoad]' skipped (0.000 seconds).
Test Case '-[RightClickCoreTests.KafkaAcquisitionStabilityTests testRealReadinessDuringBoundedConcurrentFreshAcquisition]' started.
/private/tmp/rightclick-wit-typed-20261007/Tests/RightClickCoreTests/KafkaAcquisitionStabilityTests.swift:40: -[RightClickCoreTests.KafkaAcquisitionStabilityTests testRealReadinessDuringBoundedConcurrentFreshAcquisition] : Test skipped - Real scoped Kafka stability probe not provisioned; no stability GREEN claimed.
Test Case '-[RightClickCoreTests.KafkaAcquisitionStabilityTests testRealReadinessDuringBoundedConcurrentFreshAcquisition]' skipped (0.000 seconds).
Test Case '-[RightClickCoreTests.KafkaAcquisitionStabilityTests testRealReadinessDuringFiveFreshClients]' started.
/private/tmp/rightclick-wit-typed-20261007/Tests/RightClickCoreTests/KafkaAcquisitionStabilityTests.swift:40: -[RightClickCoreTests.KafkaAcquisitionStabilityTests testRealReadinessDuringFiveFreshClients] : Test skipped - Real scoped Kafka stability probe not provisioned; no stability GREEN claimed.
Test Case '-[RightClickCoreTests.KafkaAcquisitionStabilityTests testRealReadinessDuringFiveFreshClients]' skipped (0.000 seconds).
Test Suite 'KafkaAcquisitionStabilityTests' passed at 2026-10-07 20:47:15.801.
	 Executed 4 tests, with 4 tests skipped and 0 failures (0 unexpected) in 0.001 (0.002) seconds
Test Suite 'KafkaCapabilityTests' started at 2026-10-07 20:47:15.801.
Test Case '-[RightClickCoreTests.KafkaCapabilityTests testObserverCannotReuseWriterPrincipalAndCredentials]' started.
/private/tmp/rightclick-wit-typed-20261007/Tests/RightClickCoreTests/KafkaCapabilityTests.swift:19: -[RightClickCoreTests.KafkaCapabilityTests testObserverCannotReuseWriterPrincipalAndCredentials] : Test skipped - Genuine scoped Kafka broker not provisioned; no Kafka GREEN claimed.
Test Case '-[RightClickCoreTests.KafkaCapabilityTests testObserverCannotReuseWriterPrincipalAndCredentials]' skipped (0.000 seconds).
Test Case '-[RightClickCoreTests.KafkaCapabilityTests testRealScopedKafkaHasUnverifiedACKThenIndependentArgumentBoundConsumerReceipt]' started.
/private/tmp/rightclick-wit-typed-20261007/Tests/RightClickCoreTests/KafkaCapabilityTests.swift:19: -[RightClickCoreTests.KafkaCapabilityTests testRealScopedKafkaHasUnverifiedACKThenIndependentArgumentBoundConsumerReceipt] : Test skipped - Genuine scoped Kafka broker not provisioned; no Kafka GREEN claimed.
Test Case '-[RightClickCoreTests.KafkaCapabilityTests testRealScopedKafkaHasUnverifiedACKThenIndependentArgumentBoundConsumerReceipt]' skipped (0.000 seconds).
Test Suite 'KafkaCapabilityTests' passed at 2026-10-07 20:47:15.802.
	 Executed 2 tests, with 2 tests skipped and 0 failures (0 unexpected) in 0.001 (0.001) seconds
Test Suite 'KubernetesCapabilityArtifactTests' started at 2026-10-07 20:47:15.802.
Test Case '-[RightClickCoreTests.KubernetesCapabilityArtifactTests testCredentialPluginsAndTLSBypassAreRejectedBeforeAcquisition]' started.
Test Case '-[RightClickCoreTests.KubernetesCapabilityArtifactTests testCredentialPluginsAndTLSBypassAreRejectedBeforeAcquisition]' passed (0.006 seconds).
Test Case '-[RightClickCoreTests.KubernetesCapabilityArtifactTests testProviderDescriptorCannotSelectExecutableCredentialOrNamespace]' started.
Test Case '-[RightClickCoreTests.KubernetesCapabilityArtifactTests testProviderDescriptorCannotSelectExecutableCredentialOrNamespace]' passed (0.000 seconds).
Test Case '-[RightClickCoreTests.KubernetesCapabilityArtifactTests testRealNamespaceResourceIsVerifiedThroughIndependentGETIdentity]' started.
/private/tmp/rightclick-wit-typed-20261007/Tests/RightClickCoreTests/KubernetesCapabilityArtifactTests.swift:45: -[RightClickCoreTests.KubernetesCapabilityArtifactTests testRealNamespaceResourceIsVerifiedThroughIndependentGETIdentity] : Test skipped - Genuine scoped Kubernetes provider not provisioned; this skip is not substrate GREEN.
Test Case '-[RightClickCoreTests.KubernetesCapabilityArtifactTests testRealNamespaceResourceIsVerifiedThroughIndependentGETIdentity]' skipped (0.000 seconds).
Test Suite 'KubernetesCapabilityArtifactTests' passed at 2026-10-07 20:47:15.808.
	 Executed 3 tests, with 1 test skipped and 0 failures (0 unexpected) in 0.006 (0.007) seconds
Test Suite 'LocalOnboardingTests' started at 2026-10-07 20:47:15.808.
Test Case '-[RightClickCLITests.LocalOnboardingTests testAdditionalRightclickSettingsAreNotSilentlyDropped]' started.
Test Case '-[RightClickCLITests.LocalOnboardingTests testAdditionalRightclickSettingsAreNotSilentlyDropped]' passed (0.003 seconds).
Test Case '-[RightClickCLITests.LocalOnboardingTests testBridgeIsOnlyExplicitAndCannotMixModes]' started.
Test Case '-[RightClickCLITests.LocalOnboardingTests testBridgeIsOnlyExplicitAndCannotMixModes]' passed (0.000 seconds).
Test Case '-[RightClickCLITests.LocalOnboardingTests testChangesAfterPreviewAreNotOverwritten]' started.
Test Case '-[RightClickCLITests.LocalOnboardingTests testChangesAfterPreviewAreNotOverwritten]' passed (0.004 seconds).
Test Case '-[RightClickCLITests.LocalOnboardingTests testConcurrentInstallerLockPreventsWrite]' started.
Test Case '-[RightClickCLITests.LocalOnboardingTests testConcurrentInstallerLockPreventsWrite]' passed (0.003 seconds).
Test Case '-[RightClickCLITests.LocalOnboardingTests testCreateHasExpectedStdioEntryAndPrivatePermissions]' started.
Test Case '-[RightClickCLITests.LocalOnboardingTests testCreateHasExpectedStdioEntryAndPrivatePermissions]' passed (0.004 seconds).
Test Case '-[RightClickCLITests.LocalOnboardingTests testDanglingSymlinkIsRejected]' started.
Test Case '-[RightClickCLITests.LocalOnboardingTests testDanglingSymlinkIsRejected]' passed (0.001 seconds).
Test Case '-[RightClickCLITests.LocalOnboardingTests testDeclineAndEOFDoNotChangeConfig]' started.
Test Case '-[RightClickCLITests.LocalOnboardingTests testDeclineAndEOFDoNotChangeConfig]' passed (0.003 seconds).
Test Case '-[RightClickCLITests.LocalOnboardingTests testDetectsOnlySupportedClientLocations]' started.
Test Case '-[RightClickCLITests.LocalOnboardingTests testDetectsOnlySupportedClientLocations]' passed (0.001 seconds).
Test Case '-[RightClickCLITests.LocalOnboardingTests testDifferentRightclickEntryNeverOverwrittenOrRemoved]' started.
Test Case '-[RightClickCLITests.LocalOnboardingTests testDifferentRightclickEntryNeverOverwrittenOrRemoved]' passed (0.009 seconds).
Test Case '-[RightClickCLITests.LocalOnboardingTests testDirectoryAtConfigPathIsRejected]' started.
Test Case '-[RightClickCLITests.LocalOnboardingTests testDirectoryAtConfigPathIsRejected]' passed (0.002 seconds).
Test Case '-[RightClickCLITests.LocalOnboardingTests testDisconnectAbsentConfigIsNoOp]' started.
Test Case '-[RightClickCLITests.LocalOnboardingTests testDisconnectAbsentConfigIsNoOp]' passed (0.001 seconds).
Test Case '-[RightClickCLITests.LocalOnboardingTests testDisconnectRemovesOnlyMatchingEntryAndKeepsLaterEdits]' started.
Test Case '-[RightClickCLITests.LocalOnboardingTests testDisconnectRemovesOnlyMatchingEntryAndKeepsLaterEdits]' passed (0.009 seconds).
Test Case '-[RightClickCLITests.LocalOnboardingTests testDryRunDoesNotWritePromptOrProbe]' started.
Test Case '-[RightClickCLITests.LocalOnboardingTests testDryRunDoesNotWritePromptOrProbe]' passed (0.002 seconds).
Test Case '-[RightClickCLITests.LocalOnboardingTests testDuplicateJSONKeysAreRejectedWithoutLosingData]' started.
Test Case '-[RightClickCLITests.LocalOnboardingTests testDuplicateJSONKeysAreRejectedWithoutLosingData]' passed (0.006 seconds).
Test Case '-[RightClickCLITests.LocalOnboardingTests testEquivalentLegacyEntryIsPreservedByteForByte]' started.
Test Case '-[RightClickCLITests.LocalOnboardingTests testEquivalentLegacyEntryIsPreservedByteForByte]' passed (0.002 seconds).
Test Case '-[RightClickCLITests.LocalOnboardingTests testFileAppearingAfterPreviewIsNotOverwritten]' started.
Test Case '-[RightClickCLITests.LocalOnboardingTests testFileAppearingAfterPreviewIsNotOverwritten]' passed (0.002 seconds).
Test Case '-[RightClickCLITests.LocalOnboardingTests testHardLinkedConfigIsRejected]' started.
Test Case '-[RightClickCLITests.LocalOnboardingTests testHardLinkedConfigIsRejected]' passed (0.002 seconds).
Test Case '-[RightClickCLITests.LocalOnboardingTests testHelpNeverProbesOrWrites]' started.
Test Case '-[RightClickCLITests.LocalOnboardingTests testHelpNeverProbesOrWrites]' passed (0.001 seconds).
Test Case '-[RightClickCLITests.LocalOnboardingTests testInteractiveYesAppliesOnlyAfterPrompt]' started.
Test Case '-[RightClickCLITests.LocalOnboardingTests testInteractiveYesAppliesOnlyAfterPrompt]' passed (0.004 seconds).
Test Case '-[RightClickCLITests.LocalOnboardingTests testInvalidRootAndMalformedJSONArePreserved]' started.
Test Case '-[RightClickCLITests.LocalOnboardingTests testInvalidRootAndMalformedJSONArePreserved]' passed (0.008 seconds).
Test Case '-[RightClickCLITests.LocalOnboardingTests testInvalidServerContainersArePreserved]' started.
Test Case '-[RightClickCLITests.LocalOnboardingTests testInvalidServerContainersArePreserved]' passed (0.008 seconds).
Test Case '-[RightClickCLITests.LocalOnboardingTests testJSONNeverPromptsEvenWithTerminal]' started.
Test Case '-[RightClickCLITests.LocalOnboardingTests testJSONNeverPromptsEvenWithTerminal]' passed (0.002 seconds).
Test Case '-[RightClickCLITests.LocalOnboardingTests testLocalSetupIgnoresSavedBridgeAndOtherClientFiles]' started.
Test Case '-[RightClickCLITests.LocalOnboardingTests testLocalSetupIgnoresSavedBridgeAndOtherClientFiles]' passed (0.007 seconds).
Test Case '-[RightClickCLITests.LocalOnboardingTests testMergePreservesOtherServersAndRootFieldsWithPrivateExactBackup]' started.
Test Case '-[RightClickCLITests.LocalOnboardingTests testMergePreservesOtherServersAndRootFieldsWithPrivateExactBackup]' passed (0.006 seconds).
Test Case '-[RightClickCLITests.LocalOnboardingTests testNestedJSONEscapesAndArraysAreAccepted]' started.
Test Case '-[RightClickCLITests.LocalOnboardingTests testNestedJSONEscapesAndArraysAreAccepted]' passed (0.009 seconds).
Test Case '-[RightClickCLITests.LocalOnboardingTests testNewPlanDoesNotCreateDirectories]' started.
Test Case '-[RightClickCLITests.LocalOnboardingTests testNewPlanDoesNotCreateDirectories]' passed (0.002 seconds).
Test Case '-[RightClickCLITests.LocalOnboardingTests testNoClientAndMissingExecutableDoNotWrite]' started.
Test Case '-[RightClickCLITests.LocalOnboardingTests testNoClientAndMissingExecutableDoNotWrite]' passed (0.001 seconds).
Test Case '-[RightClickCLITests.LocalOnboardingTests testNonInteractiveNeedsExplicitConsent]' started.
Test Case '-[RightClickCLITests.LocalOnboardingTests testNonInteractiveNeedsExplicitConsent]' passed (0.002 seconds).
Test Case '-[RightClickCLITests.LocalOnboardingTests testOptionsAcceptExplicitLocalPlan]' started.
Test Case '-[RightClickCLITests.LocalOnboardingTests testOptionsAcceptExplicitLocalPlan]' passed (0.000 seconds).
Test Case '-[RightClickCLITests.LocalOnboardingTests testOptionsRejectUnknownOrIncompleteArguments]' started.
Test Case '-[RightClickCLITests.LocalOnboardingTests testOptionsRejectUnknownOrIncompleteArguments]' passed (0.000 seconds).
Test Case '-[RightClickCLITests.LocalOnboardingTests testOversizedConfigIsRejected]' started.
Test Case '-[RightClickCLITests.LocalOnboardingTests testOversizedConfigIsRejected]' passed (0.082 seconds).
Test Case '-[RightClickCLITests.LocalOnboardingTests testProbeFailurePreventsConfigWrite]' started.
Test Case '-[RightClickCLITests.LocalOnboardingTests testProbeFailurePreventsConfigWrite]' passed (0.001 seconds).
Test Case '-[RightClickCLITests.LocalOnboardingTests testRejectsUnsafeExecutablePaths]' started.
Test Case '-[RightClickCLITests.LocalOnboardingTests testRejectsUnsafeExecutablePaths]' passed (0.000 seconds).
Test Case '-[RightClickCLITests.LocalOnboardingTests testSecondRunIsByteIdenticalWithoutAnotherBackup]' started.
Test Case '-[RightClickCLITests.LocalOnboardingTests testSecondRunIsByteIdenticalWithoutAnotherBackup]' passed (0.007 seconds).
Test Case '-[RightClickCLITests.LocalOnboardingTests testSuccessDoesNotClaimClientConnectionOrOutcomeAndDoesNotLeakConfigSecrets]' started.
Test Case '-[RightClickCLITests.LocalOnboardingTests testSuccessDoesNotClaimClientConnectionOrOutcomeAndDoesNotLeakConfigSecrets]' passed (0.007 seconds).
Test Case '-[RightClickCLITests.LocalOnboardingTests testSymlinkDirectoryIsRejected]' started.
Test Case '-[RightClickCLITests.LocalOnboardingTests testSymlinkDirectoryIsRejected]' passed (0.001 seconds).
Test Case '-[RightClickCLITests.LocalOnboardingTests testSymlinkFileIsRejected]' started.
Test Case '-[RightClickCLITests.LocalOnboardingTests testSymlinkFileIsRejected]' passed (0.002 seconds).
Test Suite 'LocalOnboardingTests' passed at 2026-10-07 20:47:16.019.
	 Executed 37 tests, with 0 failures (0 unexpected) in 0.207 (0.210) seconds
Test Suite 'MCPInitializationCompatibilityTests' started at 2026-10-07 20:47:16.019.
Test Case '-[RightClickMCPTests.MCPInitializationCompatibilityTests testOtherMessagesAndMalformedCapabilityShapesAreNotRewritten]' started.
Test Case '-[RightClickMCPTests.MCPInitializationCompatibilityTests testOtherMessagesAndMalformedCapabilityShapesAreNotRewritten]' passed (0.001 seconds).
Test Case '-[RightClickMCPTests.MCPInitializationCompatibilityTests testRealClientObjectExtensionDoesNotPreventSupportedHandshake]' started.
Test Case '-[RightClickMCPTests.MCPInitializationCompatibilityTests testRealClientObjectExtensionDoesNotPreventSupportedHandshake]' passed (0.002 seconds).
Test Suite 'MCPInitializationCompatibilityTests' passed at 2026-10-07 20:47:16.022.
	 Executed 2 tests, with 0 failures (0 unexpected) in 0.003 (0.003) seconds
Test Suite 'MOAT004G1AcquisitionTests' started at 2026-10-07 20:47:16.022.
Test Case '-[RightClickCoreTests.MOAT004G1AcquisitionTests testExactFrozenGitHubSpecificationLoadsThroughOpenAPISpecificBound]' started.
/private/tmp/rightclick-wit-typed-20261007/Tests/RightClickCoreTests/MOAT004G1AcquisitionTests.swift:320: -[RightClickCoreTests.MOAT004G1AcquisitionTests testExactFrozenGitHubSpecificationLoadsThroughOpenAPISpecificBound] : Test skipped - MOAT004_G1_SPEC_URL and MOAT004_G1_SPEC_SHA256 required.
Test Case '-[RightClickCoreTests.MOAT004G1AcquisitionTests testExactFrozenGitHubSpecificationLoadsThroughOpenAPISpecificBound]' skipped (0.001 seconds).
Test Case '-[RightClickCoreTests.MOAT004G1AcquisitionTests testFrozenBoundsRemainExplicit]' started.
Test Case '-[RightClickCoreTests.MOAT004G1AcquisitionTests testFrozenBoundsRemainExplicit]' passed (0.000 seconds).
Test Case '-[RightClickCoreTests.MOAT004G1AcquisitionTests testGenericDefaultLoaderStillRejectsOneByteOverOneMiB]' started.
Test Case '-[RightClickCoreTests.MOAT004G1AcquisitionTests testGenericDefaultLoaderStillRejectsOneByteOverOneMiB]' passed (0.001 seconds).
Test Case '-[RightClickCoreTests.MOAT004G1AcquisitionTests testOpenAPISpecificationLoaderAcceptsFrozenGitHubSize]' started.
Test Case '-[RightClickCoreTests.MOAT004G1AcquisitionTests testOpenAPISpecificationLoaderAcceptsFrozenGitHubSize]' passed (0.004 seconds).
Test Case '-[RightClickCoreTests.MOAT004G1AcquisitionTests testOpenAPISpecificationLoaderRejectsOneByteOverSixteenMiB]' started.
Test Case '-[RightClickCoreTests.MOAT004G1AcquisitionTests testOpenAPISpecificationLoaderRejectsOneByteOverSixteenMiB]' passed (0.006 seconds).
Test Case '-[RightClickCoreTests.MOAT004G1AcquisitionTests testOpenAPISpecificationLoaderRejectsRedirectResponse]' started.
Test Case '-[RightClickCoreTests.MOAT004G1AcquisitionTests testOpenAPISpecificationLoaderRejectsRedirectResponse]' passed (0.001 seconds).
Test Suite 'MOAT004G1AcquisitionTests' passed at 2026-10-07 20:47:16.036.
	 Executed 6 tests, with 1 test skipped and 0 failures (0 unexpected) in 0.014 (0.015) seconds
Test Suite 'MOAT004G2SplitOriginTests' started at 2026-10-07 20:47:16.036.
Test Case '-[RightClickCoreTests.MOAT004G2SplitOriginTests testAbsoluteHTTPSModeLoadsSpecificationFromIndependentOriginAndReflectsBaseOrigin]' started.
Test Case '-[RightClickCoreTests.MOAT004G2SplitOriginTests testAbsoluteHTTPSModeLoadsSpecificationFromIndependentOriginAndReflectsBaseOrigin]' passed (0.002 seconds).
Test Case '-[RightClickCoreTests.MOAT004G2SplitOriginTests testAbsoluteModeRequiresBothSpecificationAndBaseURLs]' started.
Test Case '-[RightClickCoreTests.MOAT004G2SplitOriginTests testAbsoluteModeRequiresBothSpecificationAndBaseURLs]' passed (0.001 seconds).
Test Case '-[RightClickCoreTests.MOAT004G2SplitOriginTests testAbsoluteModeRequiresHTTPS]' started.
Test Case '-[RightClickCoreTests.MOAT004G2SplitOriginTests testAbsoluteModeRequiresHTTPS]' passed (0.000 seconds).
Test Case '-[RightClickCoreTests.MOAT004G2SplitOriginTests testDeclaredLiteralServerMustMatchAdvertisedExecutionBase]' started.
Test Case '-[RightClickCoreTests.MOAT004G2SplitOriginTests testDeclaredLiteralServerMustMatchAdvertisedExecutionBase]' passed (0.000 seconds).
Test Case '-[RightClickCoreTests.MOAT004G2SplitOriginTests testExactFrozenGitHubContractAcceptsSplitOriginButTargetRemainsOutsideG2]' started.
/private/tmp/rightclick-wit-typed-20261007/Tests/RightClickCoreTests/MOAT004G2SplitOriginTests.swift:646: -[RightClickCoreTests.MOAT004G2SplitOriginTests testExactFrozenGitHubContractAcceptsSplitOriginButTargetRemainsOutsideG2] : Test skipped - MOAT004_G2_SPEC_PATH and MOAT004_G2_SPEC_URL required.
Test Case '-[RightClickCoreTests.MOAT004G2SplitOriginTests testExactFrozenGitHubContractAcceptsSplitOriginButTargetRemainsOutsideG2]' skipped (0.000 seconds).
Test Case '-[RightClickCoreTests.MOAT004G2SplitOriginTests testLegacyRelativeAdvertisementModeRemainsSupported]' started.
Test Case '-[RightClickCoreTests.MOAT004G2SplitOriginTests testLegacyRelativeAdvertisementModeRemainsSupported]' passed (0.001 seconds).
Test Case '-[RightClickCoreTests.MOAT004G2SplitOriginTests testLiteralServerAndExecutionBaseCanonicalizeBeforeComparison]' started.
Test Case '-[RightClickCoreTests.MOAT004G2SplitOriginTests testLiteralServerAndExecutionBaseCanonicalizeBeforeComparison]' passed (0.001 seconds).
Test Case '-[RightClickCoreTests.MOAT004G2SplitOriginTests testMixedLegacyAndAbsoluteAdvertisementModesAreRejected]' started.
Test Case '-[RightClickCoreTests.MOAT004G2SplitOriginTests testMixedLegacyAndAbsoluteAdvertisementModesAreRejected]' passed (0.000 seconds).
Test Case '-[RightClickCoreTests.MOAT004G2SplitOriginTests testServerVariablesRemainUnsupported]' started.
Test Case '-[RightClickCoreTests.MOAT004G2SplitOriginTests testServerVariablesRemainUnsupported]' passed (0.000 seconds).
Test Suite 'MOAT004G2SplitOriginTests' passed at 2026-10-07 20:47:16.043.
	 Executed 9 tests, with 1 test skipped and 0 failures (0 unexpected) in 0.006 (0.007) seconds
Test Suite 'MOAT004G3ZeroArgumentGETTests' started at 2026-10-07 20:47:16.043.
Test Case '-[RightClickCoreTests.MOAT004G3ZeroArgumentGETTests testAbsentOperationParametersReflectsZeroArgumentGETWithoutArgumentsSchema]' started.
Test Case '-[RightClickCoreTests.MOAT004G3ZeroArgumentGETTests testAbsentOperationParametersReflectsZeroArgumentGETWithoutArgumentsSchema]' passed (0.001 seconds).
Test Case '-[RightClickCoreTests.MOAT004G3ZeroArgumentGETTests testExistingRequiredStringPathGETRemainsSupported]' started.
Test Case '-[RightClickCoreTests.MOAT004G3ZeroArgumentGETTests testExistingRequiredStringPathGETRemainsSupported]' passed (0.001 seconds).
Test Case '-[RightClickCoreTests.MOAT004G3ZeroArgumentGETTests testExplicitEmptyOperationParametersAlsoReflectZeroArgumentGET]' started.
Test Case '-[RightClickCoreTests.MOAT004G3ZeroArgumentGETTests testExplicitEmptyOperationParametersAlsoReflectZeroArgumentGET]' passed (0.001 seconds).
Test Case '-[RightClickCoreTests.MOAT004G3ZeroArgumentGETTests testFrozenGitHubAuthenticatedUserStillDoesNotReflectUntilG4]' started.
/private/tmp/rightclick-wit-typed-20261007/Tests/RightClickCoreTests/MOAT004G3ZeroArgumentGETTests.swift:704: -[RightClickCoreTests.MOAT004G3ZeroArgumentGETTests testFrozenGitHubAuthenticatedUserStillDoesNotReflectUntilG4] : Test skipped - MOAT004_G3_SPEC_PATH required.
Test Case '-[RightClickCoreTests.MOAT004G3ZeroArgumentGETTests testFrozenGitHubAuthenticatedUserStillDoesNotReflectUntilG4]' skipped (0.000 seconds).
Test Case '-[RightClickCoreTests.MOAT004G3ZeroArgumentGETTests testGETWithRequestBodyDoesNotBecomeZeroArgumentGET]' started.
Test Case '-[RightClickCoreTests.MOAT004G3ZeroArgumentGETTests testGETWithRequestBodyDoesNotBecomeZeroArgumentGET]' passed (0.001 seconds).
Test Case '-[RightClickCoreTests.MOAT004G3ZeroArgumentGETTests testPathLevelParametersDoNotBecomeZeroArgumentGET]' started.
Test Case '-[RightClickCoreTests.MOAT004G3ZeroArgumentGETTests testPathLevelParametersDoNotBecomeZeroArgumentGET]' passed (0.001 seconds).
Test Case '-[RightClickCoreTests.MOAT004G3ZeroArgumentGETTests testQueryParameterGETDoesNotBecomeZeroArgumentGET]' started.
Test Case '-[RightClickCoreTests.MOAT004G3ZeroArgumentGETTests testQueryParameterGETDoesNotBecomeZeroArgumentGET]' passed (0.001 seconds).
Test Case '-[RightClickCoreTests.MOAT004G3ZeroArgumentGETTests testZeroArgumentGETExecutesWithoutBodyOrContentType]' started.
Test Case '-[RightClickCoreTests.MOAT004G3ZeroArgumentGETTests testZeroArgumentGETExecutesWithoutBodyOrContentType]' passed (0.007 seconds).
Test Case '-[RightClickCoreTests.MOAT004G3ZeroArgumentGETTests testZeroArgumentGETRejectsUnexpectedArgumentsBeforeTransport]' started.
Test Case '-[RightClickCoreTests.MOAT004G3ZeroArgumentGETTests testZeroArgumentGETRejectsUnexpectedArgumentsBeforeTransport]' passed (0.003 seconds).
Test Suite 'MOAT004G3ZeroArgumentGETTests' passed at 2026-10-07 20:47:16.059.
	 Executed 9 tests, with 1 test skipped and 0 failures (0 unexpected) in 0.016 (0.016) seconds
Test Suite 'MOAT004G4JSONSyntaxFallbackTests' started at 2026-10-07 20:47:16.059.
Test Case '-[RightClickCoreTests.MOAT004G4JSONSyntaxFallbackTests testFrozenGitHubUserReflectsForFirstTimeButHasNoExternalAuthorityYet]' started.
/private/tmp/rightclick-wit-typed-20261007/Tests/RightClickCoreTests/MOAT004G4JSONSyntaxFallbackTests.swift:749: -[RightClickCoreTests.MOAT004G4JSONSyntaxFallbackTests testFrozenGitHubUserReflectsForFirstTimeButHasNoExternalAuthorityYet] : Test skipped - MOAT004_G4_SPEC_PATH required.
Test Case '-[RightClickCoreTests.MOAT004G4JSONSyntaxFallbackTests testFrozenGitHubUserReflectsForFirstTimeButHasNoExternalAuthorityYet]' skipped (0.002 seconds).
Test Case '-[RightClickCoreTests.MOAT004G4JSONSyntaxFallbackTests testGETWithoutDeclaredJSONSchemaStillAbstains]' started.
Test Case '-[RightClickCoreTests.MOAT004G4JSONSyntaxFallbackTests testGETWithoutDeclaredJSONSchemaStillAbstains]' passed (0.001 seconds).
Test Case '-[RightClickCoreTests.MOAT004G4JSONSyntaxFallbackTests testMutatingOperationWithUnsupportedJSONResponseUsesSyntaxOnlyMetadata]' started.
Test Case '-[RightClickCoreTests.MOAT004G4JSONSyntaxFallbackTests testMutatingOperationWithUnsupportedJSONResponseUsesSyntaxOnlyMetadata]' passed (0.001 seconds).
Test Case '-[RightClickCoreTests.MOAT004G4JSONSyntaxFallbackTests testStrongClosedResponseSchemaRemainsPreferred]' started.
Test Case '-[RightClickCoreTests.MOAT004G4JSONSyntaxFallbackTests testStrongClosedResponseSchemaRemainsPreferred]' passed (0.001 seconds).
Test Case '-[RightClickCoreTests.MOAT004G4JSONSyntaxFallbackTests testSyntaxOnlyGETAcceptsAndCanonicalizesValidJSON]' started.
Test Case '-[RightClickCoreTests.MOAT004G4JSONSyntaxFallbackTests testSyntaxOnlyGETAcceptsAndCanonicalizesValidJSON]' passed (0.005 seconds).
Test Case '-[RightClickCoreTests.MOAT004G4JSONSyntaxFallbackTests testSyntaxOnlyGETRejectsInvalidJSON]' started.
Test Case '-[RightClickCoreTests.MOAT004G4JSONSyntaxFallbackTests testSyntaxOnlyGETRejectsInvalidJSON]' passed (0.005 seconds).
Test Case '-[RightClickCoreTests.MOAT004G4JSONSyntaxFallbackTests testSyntaxOnlyGETStillRequiresApplicationJSONContentType]' started.
Test Case '-[RightClickCoreTests.MOAT004G4JSONSyntaxFallbackTests testSyntaxOnlyGETStillRequiresApplicationJSONContentType]' passed (0.005 seconds).
Test Case '-[RightClickCoreTests.MOAT004G4JSONSyntaxFallbackTests testUnsupportedDeclaredJSONSchemaReflectsGETWithSyntaxOnlyMetadata]' started.
Test Case '-[RightClickCoreTests.MOAT004G4JSONSyntaxFallbackTests testUnsupportedDeclaredJSONSchemaReflectsGETWithSyntaxOnlyMetadata]' passed (0.001 seconds).
Test Suite 'MOAT004G4JSONSyntaxFallbackTests' passed at 2026-10-07 20:47:16.080.
	 Executed 8 tests, with 1 test skipped and 0 failures (0 unexpected) in 0.020 (0.021) seconds
Test Suite 'MOAT004G5ExternalBearerAuthorityTests' started at 2026-10-07 20:47:16.080.
Test Case '-[RightClickCoreTests.MOAT004G5ExternalBearerAuthorityTests testChangingExternalAuthoritySchemeChangesCapabilityIdentity]' started.
/private/tmp/rightclick-wit-typed-20261007/Tests/RightClickCoreTests/MOAT004G5ExternalBearerAuthorityTests.swift:73: -[RightClickCoreTests.MOAT004G5ExternalBearerAuthorityTests testChangingExternalAuthoritySchemeChangesCapabilityIdentity] : Test skipped - MOAT004_G5_FIXTURE_PORT required.
Test Case '-[RightClickCoreTests.MOAT004G5ExternalBearerAuthorityTests testChangingExternalAuthoritySchemeChangesCapabilityIdentity]' skipped (0.001 seconds).
Test Case '-[RightClickCoreTests.MOAT004G5ExternalBearerAuthorityTests testContractDeclaredBearerTakesPrecedenceOverExternalFallback]' started.
/private/tmp/rightclick-wit-typed-20261007/Tests/RightClickCoreTests/MOAT004G5ExternalBearerAuthorityTests.swift:73: -[RightClickCoreTests.MOAT004G5ExternalBearerAuthorityTests testContractDeclaredBearerTakesPrecedenceOverExternalFallback] : Test skipped - MOAT004_G5_FIXTURE_PORT required.
Test Case '-[RightClickCoreTests.MOAT004G5ExternalBearerAuthorityTests testContractDeclaredBearerTakesPrecedenceOverExternalFallback]' skipped (0.000 seconds).
Test Case '-[RightClickCoreTests.MOAT004G5ExternalBearerAuthorityTests testCredentialForDifferentOriginIsNotUsed]' started.
/private/tmp/rightclick-wit-typed-20261007/Tests/RightClickCoreTests/MOAT004G5ExternalBearerAuthorityTests.swift:73: -[RightClickCoreTests.MOAT004G5ExternalBearerAuthorityTests testCredentialForDifferentOriginIsNotUsed] : Test skipped - MOAT004_G5_FIXTURE_PORT required.
Test Case '-[RightClickCoreTests.MOAT004G5ExternalBearerAuthorityTests testCredentialForDifferentOriginIsNotUsed]' skipped (0.000 seconds).
Test Case '-[RightClickCoreTests.MOAT004G5ExternalBearerAuthorityTests testExplicitEmptyOperationSecurityRemainsPublic]' started.
/private/tmp/rightclick-wit-typed-20261007/Tests/RightClickCoreTests/MOAT004G5ExternalBearerAuthorityTests.swift:73: -[RightClickCoreTests.MOAT004G5ExternalBearerAuthorityTests testExplicitEmptyOperationSecurityRemainsPublic] : Test skipped - MOAT004_G5_FIXTURE_PORT required.
Test Case '-[RightClickCoreTests.MOAT004G5ExternalBearerAuthorityTests testExplicitEmptyOperationSecurityRemainsPublic]' skipped (0.000 seconds).
Test Case '-[RightClickCoreTests.MOAT004G5ExternalBearerAuthorityTests testExplicitEmptyRootSecurityRemainsPublic]' started.
/private/tmp/rightclick-wit-typed-20261007/Tests/RightClickCoreTests/MOAT004G5ExternalBearerAuthorityTests.swift:73: -[RightClickCoreTests.MOAT004G5ExternalBearerAuthorityTests testExplicitEmptyRootSecurityRemainsPublic] : Test skipped - MOAT004_G5_FIXTURE_PORT required.
Test Case '-[RightClickCoreTests.MOAT004G5ExternalBearerAuthorityTests testExplicitEmptyRootSecurityRemainsPublic]' skipped (0.000 seconds).
Test Case '-[RightClickCoreTests.MOAT004G5ExternalBearerAuthorityTests testExternalBearerMetadataBindsToExecutionOriginWithoutSecret]' started.
/private/tmp/rightclick-wit-typed-20261007/Tests/RightClickCoreTests/MOAT004G5ExternalBearerAuthorityTests.swift:73: -[RightClickCoreTests.MOAT004G5ExternalBearerAuthorityTests testExternalBearerMetadataBindsToExecutionOriginWithoutSecret] : Test skipped - MOAT004_G5_FIXTURE_PORT required.
Test Case '-[RightClickCoreTests.MOAT004G5ExternalBearerAuthorityTests testExternalBearerMetadataBindsToExecutionOriginWithoutSecret]' skipped (0.000 seconds).
Test Case '-[RightClickCoreTests.MOAT004G5ExternalBearerAuthorityTests testExternalBearerUsesExistingOriginBoundKeychainStore]' started.
/private/tmp/rightclick-wit-typed-20261007/Tests/RightClickCoreTests/MOAT004G5ExternalBearerAuthorityTests.swift:73: -[RightClickCoreTests.MOAT004G5ExternalBearerAuthorityTests testExternalBearerUsesExistingOriginBoundKeychainStore] : Test skipped - MOAT004_G5_FIXTURE_PORT required.
Test Case '-[RightClickCoreTests.MOAT004G5ExternalBearerAuthorityTests testExternalBearerUsesExistingOriginBoundKeychainStore]' skipped (0.000 seconds).
Test Case '-[RightClickCoreTests.MOAT004G5ExternalBearerAuthorityTests testFrozenGitHubUserCarriesGenericExternalBearerAuthority]' started.
/private/tmp/rightclick-wit-typed-20261007/Tests/RightClickCoreTests/MOAT004G5ExternalBearerAuthorityTests.swift:956: -[RightClickCoreTests.MOAT004G5ExternalBearerAuthorityTests testFrozenGitHubUserCarriesGenericExternalBearerAuthority] : Test skipped - MOAT004_G5_SPEC_PATH required.
Test Case '-[RightClickCoreTests.MOAT004G5ExternalBearerAuthorityTests testFrozenGitHubUserCarriesGenericExternalBearerAuthority]' skipped (0.000 seconds).
Test Case '-[RightClickCoreTests.MOAT004G5ExternalBearerAuthorityTests testInvalidExternalAuthoritySchemeMetadataIsRejectedBeforeFetch]' started.
/private/tmp/rightclick-wit-typed-20261007/Tests/RightClickCoreTests/MOAT004G5ExternalBearerAuthorityTests.swift:73: -[RightClickCoreTests.MOAT004G5ExternalBearerAuthorityTests testInvalidExternalAuthoritySchemeMetadataIsRejectedBeforeFetch] : Test skipped - MOAT004_G5_FIXTURE_PORT required.
Test Case '-[RightClickCoreTests.MOAT004G5ExternalBearerAuthorityTests testInvalidExternalAuthoritySchemeMetadataIsRejectedBeforeFetch]' skipped (0.000 seconds).
Test Case '-[RightClickCoreTests.MOAT004G5ExternalBearerAuthorityTests testMissingExternalBearerFailsBeforeProviderTransport]' started.
/private/tmp/rightclick-wit-typed-20261007/Tests/RightClickCoreTests/MOAT004G5ExternalBearerAuthorityTests.swift:73: -[RightClickCoreTests.MOAT004G5ExternalBearerAuthorityTests testMissingExternalBearerFailsBeforeProviderTransport] : Test skipped - MOAT004_G5_FIXTURE_PORT required.
Test Case '-[RightClickCoreTests.MOAT004G5ExternalBearerAuthorityTests testMissingExternalBearerFailsBeforeProviderTransport]' skipped (0.000 seconds).
Test Case '-[RightClickCoreTests.MOAT004G5ExternalBearerAuthorityTests testUnsupportedDeclaredSecurityStillAbstains]' started.
/private/tmp/rightclick-wit-typed-20261007/Tests/RightClickCoreTests/MOAT004G5ExternalBearerAuthorityTests.swift:73: -[RightClickCoreTests.MOAT004G5ExternalBearerAuthorityTests testUnsupportedDeclaredSecurityStillAbstains] : Test skipped - MOAT004_G5_FIXTURE_PORT required.
Test Case '-[RightClickCoreTests.MOAT004G5ExternalBearerAuthorityTests testUnsupportedDeclaredSecurityStillAbstains]' skipped (0.000 seconds).
Test Suite 'MOAT004G5ExternalBearerAuthorityTests' passed at 2026-10-07 20:47:16.084.
	 Executed 11 tests, with 11 tests skipped and 0 failures (0 unexpected) in 0.003 (0.004) seconds
Test Suite 'MOAT004G6RealGitHubAuthenticatedCompatibilityTests' started at 2026-10-07 20:47:16.084.
Test Case '-[RightClickCoreTests.MOAT004G6RealGitHubAuthenticatedCompatibilityTests testFrozenOfficialContractDiscoversExactAuthenticatedUserCapability]' started.
/private/tmp/rightclick-wit-typed-20261007/Tests/RightClickCoreTests/MOAT004G6RealGitHubAuthenticatedCompatibilityTests.swift:21: -[RightClickCoreTests.MOAT004G6RealGitHubAuthenticatedCompatibilityTests testFrozenOfficialContractDiscoversExactAuthenticatedUserCapability] : Test skipped - MOAT004_G6_SPEC_URL required.
Test Case '-[RightClickCoreTests.MOAT004G6RealGitHubAuthenticatedCompatibilityTests testFrozenOfficialContractDiscoversExactAuthenticatedUserCapability]' skipped (0.000 seconds).
Test Case '-[RightClickCoreTests.MOAT004G6RealGitHubAuthenticatedCompatibilityTests testRealAuthenticatedGitHubUserMatchesIndependentControl]' started.
/private/tmp/rightclick-wit-typed-20261007/Tests/RightClickCoreTests/MOAT004G6RealGitHubAuthenticatedCompatibilityTests.swift:21: -[RightClickCoreTests.MOAT004G6RealGitHubAuthenticatedCompatibilityTests testRealAuthenticatedGitHubUserMatchesIndependentControl] : Test skipped - MOAT004_G6_EXPECTED_LOGIN required.
Test Case '-[RightClickCoreTests.MOAT004G6RealGitHubAuthenticatedCompatibilityTests testRealAuthenticatedGitHubUserMatchesIndependentControl]' skipped (0.000 seconds).
Test Suite 'MOAT004G6RealGitHubAuthenticatedCompatibilityTests' passed at 2026-10-07 20:47:16.085.
	 Executed 2 tests, with 2 tests skipped and 0 failures (0 unexpected) in 0.001 (0.001) seconds
Test Suite 'MOAT005G1PathAndJSONBodyTests' started at 2026-10-07 20:47:16.085.
Test Case '-[RightClickCoreTests.MOAT005G1PathAndJSONBodyTests testCombinedContractRejectsUnknownArgumentBeforeTransport]' started.
Test Case '-[RightClickCoreTests.MOAT005G1PathAndJSONBodyTests testCombinedContractRejectsUnknownArgumentBeforeTransport]' passed (0.004 seconds).
Test Case '-[RightClickCoreTests.MOAT005G1PathAndJSONBodyTests testPathAndBodyNameCollisionAbstains]' started.
Test Case '-[RightClickCoreTests.MOAT005G1PathAndJSONBodyTests testPathAndBodyNameCollisionAbstains]' passed (0.001 seconds).
Test Case '-[RightClickCoreTests.MOAT005G1PathAndJSONBodyTests testPathAndJSONBodyPartitionsArgumentsBeforeTransport]' started.
Test Case '-[RightClickCoreTests.MOAT005G1PathAndJSONBodyTests testPathAndJSONBodyPartitionsArgumentsBeforeTransport]' passed (0.008 seconds).
Test Case '-[RightClickCoreTests.MOAT005G1PathAndJSONBodyTests testPathAndJSONBodyReflectOneCombinedClosedArgumentSchema]' started.
Test Case '-[RightClickCoreTests.MOAT005G1PathAndJSONBodyTests testPathAndJSONBodyReflectOneCombinedClosedArgumentSchema]' passed (0.001 seconds).
Test Suite 'MOAT005G1PathAndJSONBodyTests' passed at 2026-10-07 20:47:16.100.
	 Executed 4 tests, with 0 failures (0 unexpected) in 0.014 (0.015) seconds
Test Suite 'MOAT005G2MultiplePathArgumentsTests' started at 2026-10-07 20:47:16.100.
Test Case '-[RightClickCoreTests.MOAT005G2MultiplePathArgumentsTests testDuplicatePathParameterNamesAbstain]' started.
Test Case '-[RightClickCoreTests.MOAT005G2MultiplePathArgumentsTests testDuplicatePathParameterNamesAbstain]' passed (0.001 seconds).
Test Case '-[RightClickCoreTests.MOAT005G2MultiplePathArgumentsTests testMissingOneRequiredPathArgumentFailsBeforeTransport]' started.
Test Case '-[RightClickCoreTests.MOAT005G2MultiplePathArgumentsTests testMissingOneRequiredPathArgumentFailsBeforeTransport]' passed (0.003 seconds).
Test Case '-[RightClickCoreTests.MOAT005G2MultiplePathArgumentsTests testMultiplePathArgumentsReflectInCombinedSchema]' started.
Test Case '-[RightClickCoreTests.MOAT005G2MultiplePathArgumentsTests testMultiplePathArgumentsReflectInCombinedSchema]' passed (0.001 seconds).
Test Case '-[RightClickCoreTests.MOAT005G2MultiplePathArgumentsTests testMultiplePathArgumentsSubstituteAndPartition]' started.
Test Case '-[RightClickCoreTests.MOAT005G2MultiplePathArgumentsTests testMultiplePathArgumentsSubstituteAndPartition]' passed (0.007 seconds).
Test Suite 'MOAT005G2MultiplePathArgumentsTests' passed at 2026-10-07 20:47:16.112.
	 Executed 4 tests, with 0 failures (0 unexpected) in 0.012 (0.013) seconds
Test Suite 'MOAT005G3GitHubRequestSchemaTests' started at 2026-10-07 20:47:16.112.
Test Case '-[RightClickCoreTests.MOAT005G3GitHubRequestSchemaTests testFrozenGitHubRequestSchemaReflectsThroughSafeNarrowing]' started.
Test Case '-[RightClickCoreTests.MOAT005G3GitHubRequestSchemaTests testFrozenGitHubRequestSchemaReflectsThroughSafeNarrowing]' passed (0.002 seconds).
Test Case '-[RightClickCoreTests.MOAT005G3GitHubRequestSchemaTests testNarrowedSchemaRetainsRequiredTitleAndOptionalBody]' started.
Test Case '-[RightClickCoreTests.MOAT005G3GitHubRequestSchemaTests testNarrowedSchemaRetainsRequiredTitleAndOptionalBody]' passed (0.001 seconds).
Test Case '-[RightClickCoreTests.MOAT005G3GitHubRequestSchemaTests testTitleOneOfIsSafelyNarrowedToString]' started.
Test Case '-[RightClickCoreTests.MOAT005G3GitHubRequestSchemaTests testTitleOneOfIsSafelyNarrowedToString]' passed (0.001 seconds).
Test Case '-[RightClickCoreTests.MOAT005G3GitHubRequestSchemaTests testUnsupportedOptionalProviderFieldIsRejectedBeforeTransport]' started.
Test Case '-[RightClickCoreTests.MOAT005G3GitHubRequestSchemaTests testUnsupportedOptionalProviderFieldIsRejectedBeforeTransport]' passed (0.004 seconds).
Test Suite 'MOAT005G3GitHubRequestSchemaTests' passed at 2026-10-07 20:47:16.121.
	 Executed 4 tests, with 0 failures (0 unexpected) in 0.008 (0.009) seconds
Test Suite 'MOAT005G4MutationJSONResponseFallbackTests' started at 2026-10-07 20:47:16.121.
Test Case '-[RightClickCoreTests.MOAT005G4MutationJSONResponseFallbackTests testMalformed201JSONFailsProviderContract]' started.
Test Case '-[RightClickCoreTests.MOAT005G4MutationJSONResponseFallbackTests testMalformed201JSONFailsProviderContract]' passed (0.008 seconds).
Test Case '-[RightClickCoreTests.MOAT005G4MutationJSONResponseFallbackTests testRealMutationResponseReflectsWithJSONSyntaxFallback]' started.
Test Case '-[RightClickCoreTests.MOAT005G4MutationJSONResponseFallbackTests testRealMutationResponseReflectsWithJSONSyntaxFallback]' passed (0.001 seconds).
Test Case '-[RightClickCoreTests.MOAT005G4MutationJSONResponseFallbackTests testValidRealStyle201JSONIsAcceptedButUnverified]' started.
Test Case '-[RightClickCoreTests.MOAT005G4MutationJSONResponseFallbackTests testValidRealStyle201JSONIsAcceptedButUnverified]' passed (0.008 seconds).
Test Suite 'MOAT005G4MutationJSONResponseFallbackTests' passed at 2026-10-07 20:47:16.139.
	 Executed 3 tests, with 0 failures (0 unexpected) in 0.017 (0.018) seconds
Test Suite 'MOAT005G5FullFrozenGitHubContractTests' started at 2026-10-07 20:47:16.139.
Test Case '-[RightClickCoreTests.MOAT005G5FullFrozenGitHubContractTests testFullContractExposesExactClosedArguments]' started.
Test Case '-[RightClickCoreTests.MOAT005G5FullFrozenGitHubContractTests testFullContractExposesExactClosedArguments]' passed (0.643 seconds).
Test Case '-[RightClickCoreTests.MOAT005G5FullFrozenGitHubContractTests testFullContractUsesOriginBoundExternalAuthority]' started.
Test Case '-[RightClickCoreTests.MOAT005G5FullFrozenGitHubContractTests testFullContractUsesOriginBoundExternalAuthority]' passed (0.607 seconds).
Test Case '-[RightClickCoreTests.MOAT005G5FullFrozenGitHubContractTests testFullContractUsesUnverifiedJSONSyntaxResponseFallback]' started.
Test Case '-[RightClickCoreTests.MOAT005G5FullFrozenGitHubContractTests testFullContractUsesUnverifiedJSONSyntaxResponseFallback]' passed (0.817 seconds).
Test Case '-[RightClickCoreTests.MOAT005G5FullFrozenGitHubContractTests testFullFrozenOfficialContractDiscoversIssuesCreate]' started.
Test Case '-[RightClickCoreTests.MOAT005G5FullFrozenGitHubContractTests testFullFrozenOfficialContractDiscoversIssuesCreate]' passed (0.636 seconds).
Test Suite 'MOAT005G5FullFrozenGitHubContractTests' passed at 2026-10-07 20:47:18.843.
	 Executed 4 tests, with 0 failures (0 unexpected) in 2.704 (2.704) seconds
Test Suite 'MOAT005G6MultiSegmentPathTests' started at 2026-10-07 20:47:18.843.
Test Case '-[RightClickCoreTests.MOAT005G6MultiSegmentPathTests testDeclaredMultiSegmentPathPreservesHierarchyButOrdinaryArgumentsDoNot]' started.
Test Case '-[RightClickCoreTests.MOAT005G6MultiSegmentPathTests testDeclaredMultiSegmentPathPreservesHierarchyButOrdinaryArgumentsDoNot]' passed (0.010 seconds).
Test Case '-[RightClickCoreTests.MOAT005G6MultiSegmentPathTests testDeclaredMultiSegmentPathReflectsAsOrdinaryClosedStringArgument]' started.
Test Case '-[RightClickCoreTests.MOAT005G6MultiSegmentPathTests testDeclaredMultiSegmentPathReflectsAsOrdinaryClosedStringArgument]' passed (0.002 seconds).
Test Case '-[RightClickCoreTests.MOAT005G6MultiSegmentPathTests testFullFrozenGitHubContractDiscoversCreateOrUpdateContents]' started.
Test Case '-[RightClickCoreTests.MOAT005G6MultiSegmentPathTests testFullFrozenGitHubContractDiscoversCreateOrUpdateContents]' passed (0.682 seconds).
Test Case '-[RightClickCoreTests.MOAT005G6MultiSegmentPathTests testMalformedMultiSegmentExtensionAbstains]' started.
Test Case '-[RightClickCoreTests.MOAT005G6MultiSegmentPathTests testMalformedMultiSegmentExtensionAbstains]' passed (0.002 seconds).
Test Case '-[RightClickCoreTests.MOAT005G6MultiSegmentPathTests testMultiSegmentPathTraversalAndEmptySegmentsFailBeforeTransport]' started.
Test Case '-[RightClickCoreTests.MOAT005G6MultiSegmentPathTests testMultiSegmentPathTraversalAndEmptySegmentsFailBeforeTransport]' passed (0.021 seconds).
Test Case '-[RightClickCoreTests.MOAT005G6MultiSegmentPathTests testUndeclaredMultiSegmentPathKeepsSlashEncodedAsData]' started.
Test Case '-[RightClickCoreTests.MOAT005G6MultiSegmentPathTests testUndeclaredMultiSegmentPathKeepsSlashEncodedAsData]' passed (0.012 seconds).
Test Suite 'MOAT005G6MultiSegmentPathTests' passed at 2026-10-07 20:47:19.571.
	 Executed 6 tests, with 0 failures (0 unexpected) in 0.727 (0.728) seconds
Test Suite 'NativeBoundedHTTPTests' started at 2026-10-07 20:47:19.571.
Test Case '-[RightClickCoreTests.NativeBoundedHTTPTests testDeadlineCancelsNativeExchangeWithinBound]' started.
Test Case '-[RightClickCoreTests.NativeBoundedHTTPTests testDeadlineCancelsNativeExchangeWithinBound]' passed (0.376 seconds).
Test Case '-[RightClickCoreTests.NativeBoundedHTTPTests testDeclaredAndChunkedOversizeNeverReturnAnAdmittedPrefix]' started.
Test Case '-[RightClickCoreTests.NativeBoundedHTTPTests testDeclaredAndChunkedOversizeNeverReturnAnAdmittedPrefix]' passed (0.204 seconds).
Test Case '-[RightClickCoreTests.NativeBoundedHTTPTests testNativeCompletionReleasesWaiterAndReturnsExactCap]' started.
/private/tmp/rightclick-wit-typed-20261007/Tests/RightClickCoreTests/NativeBoundedHTTPTests.swift:35: error: -[RightClickCoreTests.NativeBoundedHTTPTests testNativeCompletionReleasesWaiterAndReturnsExactCap] : XCTAssertEqual failed: threw error "Error Domain=NSURLErrorDomain Code=-1004 "Could not connect to the server." UserInfo={_kCFStreamErrorCodeKey=61, NSUnderlyingError=0xb1004c930 {Error Domain=kCFErrorDomainCFNetwork Code=-1004 "(null)" UserInfo={_NSURLErrorNWPathKey=satisfied (Path is satisfied), viable, interface: lo0, _kCFStreamErrorCodeKey=61, _kCFStreamErrorDomainKey=1}}, _NSURLErrorFailingURLSessionTaskErrorKey=LocalDataTask <9D530D80-6AB0-4BCB-9F55-C56419E66641>.<1>, _NSURLErrorRelatedURLSessionTaskErrorKey=(
    "LocalDataTask <9D530D80-6AB0-4BCB-9F55-C56419E66641>.<1>"
), NSLocalizedDescription=Could not connect to the server., NSErrorFailingURLStringKey=http://127.0.0.1:/ok, NSErrorFailingURLKey=http://127.0.0.1:/ok, _kCFStreamErrorDomainKey=1}"
/private/tmp/rightclick-wit-typed-20261007/Tests/RightClickCoreTests/NativeBoundedHTTPTests.swift:35: error: -[RightClickCoreTests.NativeBoundedHTTPTests testNativeCompletionReleasesWaiterAndReturnsExactCap] : XCTAssertEqual failed: threw error "Error Domain=NSURLErrorDomain Code=-1004 "Could not connect to the server." UserInfo={_kCFStreamErrorCodeKey=61, NSUnderlyingError=0xb1004ce70 {Error Domain=kCFErrorDomainCFNetwork Code=-1004 "(null)" UserInfo={_NSURLErrorNWPathKey=satisfied (Path is satisfied), viable, interface: lo0, _kCFStreamErrorCodeKey=61, _kCFStreamErrorDomainKey=1}}, _NSURLErrorFailingURLSessionTaskErrorKey=LocalDataTask <5299DBE8-625C-45F5-B0D0-95577A7B5DA0>.<1>, _NSURLErrorRelatedURLSessionTaskErrorKey=(
    "LocalDataTask <5299DBE8-625C-45F5-B0D0-95577A7B5DA0>.<1>"
), NSLocalizedDescription=Could not connect to the server., NSErrorFailingURLStringKey=http://127.0.0.1:/ok, NSErrorFailingURLKey=http://127.0.0.1:/ok, _kCFStreamErrorDomainKey=1}"
/private/tmp/rightclick-wit-typed-20261007/Tests/RightClickCoreTests/NativeBoundedHTTPTests.swift:35: error: -[RightClickCoreTests.NativeBoundedHTTPTests testNativeCompletionReleasesWaiterAndReturnsExactCap] : XCTAssertEqual failed: threw error "Error Domain=NSURLErrorDomain Code=-1004 "Could not connect to the server." UserInfo={_kCFStreamErrorCodeKey=61, NSUnderlyingError=0xb1094a460 {Error Domain=kCFErrorDomainCFNetwork Code=-1004 "(null)" UserInfo={_NSURLErrorNWPathKey=satisfied (Path is satisfied), viable, interface: lo0, _kCFStreamErrorCodeKey=61, _kCFStreamErrorDomainKey=1}}, _NSURLErrorFailingURLSessionTaskErrorKey=LocalDataTask <98FEC9F0-DA58-4B98-9A78-FCD6ECF9166C>.<1>, _NSURLErrorRelatedURLSessionTaskErrorKey=(
    "LocalDataTask <98FEC9F0-DA58-4B98-9A78-FCD6ECF9166C>.<1>"
), NSLocalizedDescription=Could not connect to the server., NSErrorFailingURLStringKey=http://127.0.0.1:/ok, NSErrorFailingURLKey=http://127.0.0.1:/ok, _kCFStreamErrorDomainKey=1}"
/private/tmp/rightclick-wit-typed-20261007/Tests/RightClickCoreTests/NativeBoundedHTTPTests.swift:36: error: -[RightClickCoreTests.NativeBoundedHTTPTests testNativeCompletionReleasesWaiterAndReturnsExactCap] : failed: caught error: "Error Domain=NSCocoaErrorDomain Code=260 "The file “requests.log” couldn’t be opened because there is no such file." UserInfo={NSFilePath=/var/folders/tz/y04t4d0900xdbmz96jp608180000gn/T/native-bounded-http-52A2A91C-CE7F-427E-817E-5C17B27CB0A9/requests.log, NSURL=file:///var/folders/tz/y04t4d0900xdbmz96jp608180000gn/T/native-bounded-http-52A2A91C-CE7F-427E-817E-5C17B27CB0A9/requests.log, NSUnderlyingError=0xb10948e70 {Error Domain=NSPOSIXErrorDomain Code=2 "No such file or directory"}}"
Test Case '-[RightClickCoreTests.NativeBoundedHTTPTests testNativeCompletionReleasesWaiterAndReturnsExactCap]' failed (2.199 seconds).
Test Case '-[RightClickCoreTests.NativeBoundedHTTPTests testNativeErrorAndPrematureConnectionCloseRemainFailures]' started.
Test Case '-[RightClickCoreTests.NativeBoundedHTTPTests testNativeErrorAndPrematureConnectionCloseRemainFailures]' passed (0.275 seconds).
Test Case '-[RightClickCoreTests.NativeBoundedHTTPTests testRedirectNeverReachesNewTarget]' started.
Test Case '-[RightClickCoreTests.NativeBoundedHTTPTests testRedirectNeverReachesNewTarget]' passed (0.305 seconds).
Test Suite 'NativeBoundedHTTPTests' failed at 2026-10-07 20:47:22.930.
	 Executed 5 tests, with 4 failures (4 unexpected) in 3.358 (3.359) seconds
Test Suite 'NativeMutationLeaseRedTests' started at 2026-10-07 20:47:22.930.
Test Case '-[RightClickCLITests.NativeMutationLeaseRedTests testConfigureFailsClosedIfAbsentPlanDriftsToConflictBeforeApply]' started.
Test Case '-[RightClickCLITests.NativeMutationLeaseRedTests testConfigureFailsClosedIfAbsentPlanDriftsToConflictBeforeApply]' passed (0.449 seconds).
Test Case '-[RightClickCLITests.NativeMutationLeaseRedTests testConfigureFreshlyInspectsImmediatelyBeforeNativeAdd]' started.
Test Case '-[RightClickCLITests.NativeMutationLeaseRedTests testConfigureFreshlyInspectsImmediatelyBeforeNativeAdd]' passed (0.641 seconds).
Test Case '-[RightClickCLITests.NativeMutationLeaseRedTests testDisconnectFailsClosedIfExactPlanDriftsToConflictBeforeApply]' started.
Test Case '-[RightClickCLITests.NativeMutationLeaseRedTests testDisconnectFailsClosedIfExactPlanDriftsToConflictBeforeApply]' passed (0.640 seconds).
Test Case '-[RightClickCLITests.NativeMutationLeaseRedTests testDisconnectFreshlyInspectsImmediatelyBeforeNativeRemove]' started.
Test Case '-[RightClickCLITests.NativeMutationLeaseRedTests testDisconnectFreshlyInspectsImmediatelyBeforeNativeRemove]' passed (0.641 seconds).
Test Suite 'NativeMutationLeaseRedTests' passed at 2026-10-07 20:47:25.302.
	 Executed 4 tests, with 0 failures (0 unexpected) in 2.371 (2.372) seconds
Test Suite 'NetworkOriginAuthorityTests' started at 2026-10-07 20:47:25.302.
Test Case '-[RightClickCoreTests.NetworkOriginAuthorityTests testInvocationRedirectCannotEscapeDiscoveredOrigin]' started.
/private/tmp/rightclick-wit-typed-20261007/Tests/RightClickCoreTests/NetworkOriginAuthorityTests.swift:33: -[RightClickCoreTests.NetworkOriginAuthorityTests testInvocationRedirectCannotEscapeDiscoveredOrigin] : Test skipped - NS007_SOURCE_PORT and NS007_SINK_PORT required.
Test Case '-[RightClickCoreTests.NetworkOriginAuthorityTests testInvocationRedirectCannotEscapeDiscoveredOrigin]' skipped (0.001 seconds).
Test Case '-[RightClickCoreTests.NetworkOriginAuthorityTests testSpecificationRedirectCannotEscapeDiscoveredOrigin]' started.
/private/tmp/rightclick-wit-typed-20261007/Tests/RightClickCoreTests/NetworkOriginAuthorityTests.swift:33: -[RightClickCoreTests.NetworkOriginAuthorityTests testSpecificationRedirectCannotEscapeDiscoveredOrigin] : Test skipped - NS007_SOURCE_PORT and NS007_SINK_PORT required.
Test Case '-[RightClickCoreTests.NetworkOriginAuthorityTests testSpecificationRedirectCannotEscapeDiscoveredOrigin]' skipped (0.000 seconds).
Test Suite 'NetworkOriginAuthorityTests' passed at 2026-10-07 20:47:25.304.
	 Executed 2 tests, with 2 tests skipped and 0 failures (0 unexpected) in 0.002 (0.002) seconds
Test Suite 'OAuthOIDCAuthorityTests' started at 2026-10-07 20:47:25.304.
Test Case '-[RightClickCoreTests.OAuthOIDCAuthorityTests testAuthorizationURLUsesPKCES256AndNeverVerifier]' started.
Test Case '-[RightClickCoreTests.OAuthOIDCAuthorityTests testAuthorizationURLUsesPKCES256AndNeverVerifier]' passed (0.006 seconds).
Test Case '-[RightClickCoreTests.OAuthOIDCAuthorityTests testBindingIsExactAcrossIssuerResourceClientAndScopes]' started.
Test Case '-[RightClickCoreTests.OAuthOIDCAuthorityTests testBindingIsExactAcrossIssuerResourceClientAndScopes]' passed (0.001 seconds).
Test Case '-[RightClickCoreTests.OAuthOIDCAuthorityTests testKeychainRoundTripIsBoundToExactAuthorityLease]' started.
Test Case '-[RightClickCoreTests.OAuthOIDCAuthorityTests testKeychainRoundTripIsBoundToExactAuthorityLease]' passed (0.052 seconds).
Test Case '-[RightClickCoreTests.OAuthOIDCAuthorityTests testLoopbackRedirectAndSecretValidationFailClosed]' started.
Test Case '-[RightClickCoreTests.OAuthOIDCAuthorityTests testLoopbackRedirectAndSecretValidationFailClosed]' passed (0.001 seconds).
Test Case '-[RightClickCoreTests.OAuthOIDCAuthorityTests testMetadataDiscoveryURLsPreserveIssuerPathSemantics]' started.
Test Case '-[RightClickCoreTests.OAuthOIDCAuthorityTests testMetadataDiscoveryURLsPreserveIssuerPathSemantics]' passed (0.000 seconds).
Test Case '-[RightClickCoreTests.OAuthOIDCAuthorityTests testMetadataRequiresExactIssuerHTTPSAndS256]' started.
Test Case '-[RightClickCoreTests.OAuthOIDCAuthorityTests testMetadataRequiresExactIssuerHTTPSAndS256]' passed (0.001 seconds).
Test Case '-[RightClickCoreTests.OAuthOIDCAuthorityTests testRFC7636S256Vector]' started.
Test Case '-[RightClickCoreTests.OAuthOIDCAuthorityTests testRFC7636S256Vector]' passed (0.000 seconds).
Test Case '-[RightClickCoreTests.OAuthOIDCAuthorityTests testTokenBundleScopeAndExpiryLease]' started.
Test Case '-[RightClickCoreTests.OAuthOIDCAuthorityTests testTokenBundleScopeAndExpiryLease]' passed (0.000 seconds).
Test Suite 'OAuthOIDCAuthorityTests' passed at 2026-10-07 20:47:25.367.
	 Executed 8 tests, with 0 failures (0 unexpected) in 0.062 (0.063) seconds
Test Suite 'OnboardingEngineTests' started at 2026-10-07 20:47:25.367.
Test Case '-[RightClickCLITests.OnboardingEngineTests testClientStateVocabularySeparatesConfigurationConnectionAndAttestation]' started.
Test Case '-[RightClickCLITests.OnboardingEngineTests testClientStateVocabularySeparatesConfigurationConnectionAndAttestation]' passed (0.000 seconds).
Test Case '-[RightClickCLITests.OnboardingEngineTests testDisconnectRemovesOnlyOwnedEntryAfterIndependentEdits]' started.
Test Case '-[RightClickCLITests.OnboardingEngineTests testDisconnectRemovesOnlyOwnedEntryAfterIndependentEdits]' passed (0.015 seconds).
Test Case '-[RightClickCLITests.OnboardingEngineTests testGenericEngineFailsClosedOnConflictingOwnedEntry]' started.
Test Case '-[RightClickCLITests.OnboardingEngineTests testGenericEngineFailsClosedOnConflictingOwnedEntry]' passed (0.004 seconds).
Test Case '-[RightClickCLITests.OnboardingEngineTests testGenericEngineUsesAdapterAndPreservesUnrelatedConfiguration]' started.
Test Case '-[RightClickCLITests.OnboardingEngineTests testGenericEngineUsesAdapterAndPreservesUnrelatedConfiguration]' passed (0.009 seconds).
Test Case '-[RightClickCLITests.OnboardingEngineTests testPostWriteFailureRemovesConfigurationCreatedFromNothing]' started.
Test Case '-[RightClickCLITests.OnboardingEngineTests testPostWriteFailureRemovesConfigurationCreatedFromNothing]' passed (0.008 seconds).
Test Case '-[RightClickCLITests.OnboardingEngineTests testPostWriteVerificationFailureRestoresExactOriginal]' started.
Test Case '-[RightClickCLITests.OnboardingEngineTests testPostWriteVerificationFailureRestoresExactOriginal]' passed (0.010 seconds).
Test Suite 'OnboardingEngineTests' passed at 2026-10-07 20:47:25.414.
	 Executed 6 tests, with 0 failures (0 unexpected) in 0.046 (0.047) seconds
Test Suite 'OpenAPIAcknowledgementTests' started at 2026-10-07 20:47:25.414.
Test Case '-[RightClickCoreTests.OpenAPIAcknowledgementTests testAcknowledgementCannotSatisfyCallerReturnedValuePostcondition]' started.
Test Case '-[RightClickCoreTests.OpenAPIAcknowledgementTests testAcknowledgementCannotSatisfyCallerReturnedValuePostcondition]' passed (0.433 seconds).
Test Case '-[RightClickCoreTests.OpenAPIAcknowledgementTests testAcknowledgementHasNoTypedOutputAndRemainsUnverified]' started.
Test Case '-[RightClickCoreTests.OpenAPIAcknowledgementTests testAcknowledgementHasNoTypedOutputAndRemainsUnverified]' passed (0.440 seconds).
Test Case '-[RightClickCoreTests.OpenAPIAcknowledgementTests testConfirmationAndCurrentHostPolicyStopAcknowledgementMutation]' started.
Test Case '-[RightClickCoreTests.OpenAPIAcknowledgementTests testConfirmationAndCurrentHostPolicyStopAcknowledgementMutation]' passed (0.572 seconds).
Test Case '-[RightClickCoreTests.OpenAPIAcknowledgementTests testIndependentStructuredObservationVerifiesActualEffectAndSignsReceipt]' started.
Test Case '-[RightClickCoreTests.OpenAPIAcknowledgementTests testIndependentStructuredObservationVerifiesActualEffectAndSignsReceipt]' passed (0.392 seconds).
Test Case '-[RightClickCoreTests.OpenAPIAcknowledgementTests testUndeclared2xxStatusRemainsUnknownDespiteActualEffect]' started.
Test Case '-[RightClickCoreTests.OpenAPIAcknowledgementTests testUndeclared2xxStatusRemainsUnknownDespiteActualEffect]' passed (0.412 seconds).
Test Case '-[RightClickCoreTests.OpenAPIAcknowledgementTests testWrongOrMissingExternalEffectNeverBecomesSuccess]' started.
Test Case '-[RightClickCoreTests.OpenAPIAcknowledgementTests testWrongOrMissingExternalEffectNeverBecomesSuccess]' passed (0.426 seconds).
Test Suite 'OpenAPIAcknowledgementTests' passed at 2026-10-07 20:47:28.089.
	 Executed 6 tests, with 0 failures (0 unexpected) in 2.674 (2.675) seconds
Test Suite 'OpenAPIAcquisitionBoundsTests' started at 2026-10-07 20:47:28.089.
Test Case '-[RightClickCoreTests.OpenAPIAcquisitionBoundsTests testSmallSpecificationIsAccepted]' started.
/private/tmp/rightclick-wit-typed-20261007/Tests/RightClickCoreTests/OpenAPIAcquisitionBoundsTests.swift:27: -[RightClickCoreTests.OpenAPIAcquisitionBoundsTests testSmallSpecificationIsAccepted] : Test skipped - NS008_FIXTURE_PORT required.
Test Case '-[RightClickCoreTests.OpenAPIAcquisitionBoundsTests testSmallSpecificationIsAccepted]' skipped (0.001 seconds).
Test Case '-[RightClickCoreTests.OpenAPIAcquisitionBoundsTests testSpecificationAcquisitionHasFiveSecondDeadline]' started.
/private/tmp/rightclick-wit-typed-20261007/Tests/RightClickCoreTests/OpenAPIAcquisitionBoundsTests.swift:27: -[RightClickCoreTests.OpenAPIAcquisitionBoundsTests testSpecificationAcquisitionHasFiveSecondDeadline] : Test skipped - NS008_FIXTURE_PORT required.
Test Case '-[RightClickCoreTests.OpenAPIAcquisitionBoundsTests testSpecificationAcquisitionHasFiveSecondDeadline]' skipped (0.000 seconds).
Test Case '-[RightClickCoreTests.OpenAPIAcquisitionBoundsTests testSpecificationExactlyAtByteLimitIsAccepted]' started.
/private/tmp/rightclick-wit-typed-20261007/Tests/RightClickCoreTests/OpenAPIAcquisitionBoundsTests.swift:27: -[RightClickCoreTests.OpenAPIAcquisitionBoundsTests testSpecificationExactlyAtByteLimitIsAccepted] : Test skipped - NS008_FIXTURE_PORT required.
Test Case '-[RightClickCoreTests.OpenAPIAcquisitionBoundsTests testSpecificationExactlyAtByteLimitIsAccepted]' skipped (0.000 seconds).
Test Case '-[RightClickCoreTests.OpenAPIAcquisitionBoundsTests testSpecificationOneByteOverLegacyGenericLimitIsAcceptedByOpenAPISource]' started.
/private/tmp/rightclick-wit-typed-20261007/Tests/RightClickCoreTests/OpenAPIAcquisitionBoundsTests.swift:27: -[RightClickCoreTests.OpenAPIAcquisitionBoundsTests testSpecificationOneByteOverLegacyGenericLimitIsAcceptedByOpenAPISource] : Test skipped - NS008_FIXTURE_PORT required.
Test Case '-[RightClickCoreTests.OpenAPIAcquisitionBoundsTests testSpecificationOneByteOverLegacyGenericLimitIsAcceptedByOpenAPISource]' skipped (0.000 seconds).
Test Suite 'OpenAPIAcquisitionBoundsTests' passed at 2026-10-07 20:47:28.091.
	 Executed 4 tests, with 4 tests skipped and 0 failures (0 unexpected) in 0.002 (0.002) seconds
Test Suite 'OpenAPIAuthorityManagementTests' started at 2026-10-07 20:47:28.091.
Test Case '-[RightClickCoreTests.OpenAPIAuthorityManagementTests testAuthorityDeleteIsScopedToExactOriginAndScheme]' started.
Test Case '-[RightClickCoreTests.OpenAPIAuthorityManagementTests testAuthorityDeleteIsScopedToExactOriginAndScheme]' passed (0.030 seconds).
Test Case '-[RightClickCoreTests.OpenAPIAuthorityManagementTests testAuthorityManagementRequiresCredentialFreeHTTPSOrigin]' started.
Test Case '-[RightClickCoreTests.OpenAPIAuthorityManagementTests testAuthorityManagementRequiresCredentialFreeHTTPSOrigin]' passed (0.001 seconds).
Test Case '-[RightClickCoreTests.OpenAPIAuthorityManagementTests testManagementStoreWritesTheExactAccountExecutionReads]' started.
Test Case '-[RightClickCoreTests.OpenAPIAuthorityManagementTests testManagementStoreWritesTheExactAccountExecutionReads]' passed (0.018 seconds).
Test Suite 'OpenAPIAuthorityManagementTests' passed at 2026-10-07 20:47:28.141.
	 Executed 3 tests, with 0 failures (0 unexpected) in 0.049 (0.050) seconds
Test Suite 'OpenAPIAuthorityTests' started at 2026-10-07 20:47:28.141.
Test Case '-[RightClickCoreTests.OpenAPIAuthorityTests testBearerAuthorityDoesNotCrossOrigin]' started.
Test Case '-[RightClickCoreTests.OpenAPIAuthorityTests testBearerAuthorityDoesNotCrossOrigin]' passed (0.019 seconds).
Test Case '-[RightClickCoreTests.OpenAPIAuthorityTests testBearerAuthorityIsInjectedFromOriginBoundKeychainWithoutSecretDisclosure]' started.
Test Case '-[RightClickCoreTests.OpenAPIAuthorityTests testBearerAuthorityIsInjectedFromOriginBoundKeychainWithoutSecretDisclosure]' passed (0.031 seconds).
Test Case '-[RightClickCoreTests.OpenAPIAuthorityTests testBearerSecurityRequirementReflectsGenericAuthorityMetadataWithoutSecret]' started.
Test Case '-[RightClickCoreTests.OpenAPIAuthorityTests testBearerSecurityRequirementReflectsGenericAuthorityMetadataWithoutSecret]' passed (0.002 seconds).
Test Case '-[RightClickCoreTests.OpenAPIAuthorityTests testExplicitEmptyOperationSecurityOverridesRootSecurityAsPublic]' started.
Test Case '-[RightClickCoreTests.OpenAPIAuthorityTests testExplicitEmptyOperationSecurityOverridesRootSecurityAsPublic]' passed (0.009 seconds).
Test Case '-[RightClickCoreTests.OpenAPIAuthorityTests testMissingBearerAuthorityFailsBeforeTransport]' started.
Test Case '-[RightClickCoreTests.OpenAPIAuthorityTests testMissingBearerAuthorityFailsBeforeTransport]' passed (0.005 seconds).
Test Case '-[RightClickCoreTests.OpenAPIAuthorityTests testRootLevelSecurityIsNotSilentlyIgnored]' started.
Test Case '-[RightClickCoreTests.OpenAPIAuthorityTests testRootLevelSecurityIsNotSilentlyIgnored]' passed (0.005 seconds).
Test Case '-[RightClickCoreTests.OpenAPIAuthorityTests testUnsupportedSecurityRequirementsAbstainRatherThanGuessing]' started.
Test Case '-[RightClickCoreTests.OpenAPIAuthorityTests testUnsupportedSecurityRequirementsAbstainRatherThanGuessing]' passed (0.005 seconds).
Test Suite 'OpenAPIAuthorityTests' passed at 2026-10-07 20:47:28.218.
	 Executed 7 tests, with 0 failures (0 unexpected) in 0.076 (0.077) seconds
Test Suite 'OpenAPIRealProviderAcceptanceTests' started at 2026-10-07 20:47:28.218.
Test Case '-[RightClickCoreTests.OpenAPIRealProviderAcceptanceTests testRealLocalhostProviderThroughUniversalRuntime]' started.
/private/tmp/rightclick-wit-typed-20261007/Tests/RightClickCoreTests/OpenAPIRealProviderAcceptanceTests.swift:62: -[RightClickCoreTests.OpenAPIRealProviderAcceptanceTests testRealLocalhostProviderThroughUniversalRuntime] : Test skipped - NS004_OPENAPI_BASE_URL is required for the real-provider gate.
Test Case '-[RightClickCoreTests.OpenAPIRealProviderAcceptanceTests testRealLocalhostProviderThroughUniversalRuntime]' skipped (0.001 seconds).
Test Suite 'OpenAPIRealProviderAcceptanceTests' passed at 2026-10-07 20:47:28.219.
	 Executed 1 test, with 1 test skipped and 0 failures (0 unexpected) in 0.001 (0.001) seconds
Test Suite 'OpenAPIReflectorTests' started at 2026-10-07 20:47:28.219.
Test Case '-[RightClickCoreTests.OpenAPIReflectorTests testCapabilityIdentityBindsEndpointAndSpecification]' started.
Test Case '-[RightClickCoreTests.OpenAPIReflectorTests testCapabilityIdentityBindsEndpointAndSpecification]' passed (0.003 seconds).
Test Case '-[RightClickCoreTests.OpenAPIReflectorTests testExistingVerifierCanVerifyOpenAPIResult]' started.
Test Case '-[RightClickCoreTests.OpenAPIReflectorTests testExistingVerifierCanVerifyOpenAPIResult]' passed (0.008 seconds).
Test Case '-[RightClickCoreTests.OpenAPIReflectorTests testExistingVerifierRejectsWrongOpenAPIResult]' started.
Test Case '-[RightClickCoreTests.OpenAPIReflectorTests testExistingVerifierRejectsWrongOpenAPIResult]' passed (0.009 seconds).
Test Case '-[RightClickCoreTests.OpenAPIReflectorTests testGETPathParameterArgumentsFailClosedBeforeTransport]' started.
Test Case '-[RightClickCoreTests.OpenAPIReflectorTests testGETPathParameterArgumentsFailClosedBeforeTransport]' passed (0.010 seconds).
Test Case '-[RightClickCoreTests.OpenAPIReflectorTests testGETPathParameterUsesGenericArgumentsPercentEncodesAndSendsNoBody]' started.
Test Case '-[RightClickCoreTests.OpenAPIReflectorTests testGETPathParameterUsesGenericArgumentsPercentEncodesAndSendsNoBody]' passed (0.010 seconds).
Test Case '-[RightClickCoreTests.OpenAPIReflectorTests testGETUnsupportedParameterShapesAbstainRatherThanGuessing]' started.
Test Case '-[RightClickCoreTests.OpenAPIReflectorTests testGETUnsupportedParameterShapesAbstainRatherThanGuessing]' passed (0.002 seconds).
Test Case '-[RightClickCoreTests.OpenAPIReflectorTests testGETWithRequiredStringPathParameterReflectsGenericArgumentSchema]' started.
Test Case '-[RightClickCoreTests.OpenAPIReflectorTests testGETWithRequiredStringPathParameterReflectsGenericArgumentSchema]' passed (0.001 seconds).
Test Case '-[RightClickCoreTests.OpenAPIReflectorTests testHTTPAcceptanceIsNotSemanticSuccess]' started.
Test Case '-[RightClickCoreTests.OpenAPIReflectorTests testHTTPAcceptanceIsNotSemanticSuccess]' passed (0.008 seconds).
Test Case '-[RightClickCoreTests.OpenAPIReflectorTests testMissingOperationIDAbstains]' started.
Test Case '-[RightClickCoreTests.OpenAPIReflectorTests testMissingOperationIDAbstains]' passed (0.001 seconds).
Test Case '-[RightClickCoreTests.OpenAPIReflectorTests testStructuredJSONObjectArgumentsFailClosedBeforeTransport]' started.
Test Case '-[RightClickCoreTests.OpenAPIReflectorTests testStructuredJSONObjectArgumentsFailClosedBeforeTransport]' passed (0.010 seconds).
Test Case '-[RightClickCoreTests.OpenAPIReflectorTests testStructuredJSONObjectOperationUsesGenericArgumentsAndReturnsCanonicalJSON]' started.
Test Case '-[RightClickCoreTests.OpenAPIReflectorTests testStructuredJSONObjectOperationUsesGenericArgumentsAndReturnsCanonicalJSON]' passed (0.010 seconds).
Test Case '-[RightClickCoreTests.OpenAPIReflectorTests testSupportedStructuredJSONObjectOperationReflectsGenericArgumentSchema]' started.
Test Case '-[RightClickCoreTests.OpenAPIReflectorTests testSupportedStructuredJSONObjectOperationReflectsGenericArgumentSchema]' passed (0.001 seconds).
Test Case '-[RightClickCoreTests.OpenAPIReflectorTests testUnknownOpenAPISpecReflectsTextOperation]' started.
Test Case '-[RightClickCoreTests.OpenAPIReflectorTests testUnknownOpenAPISpecReflectsTextOperation]' passed (0.002 seconds).
Test Case '-[RightClickCoreTests.OpenAPIReflectorTests testUnsupportedSchemaAbstainsRatherThanGuessing]' started.
Test Case '-[RightClickCoreTests.OpenAPIReflectorTests testUnsupportedSchemaAbstainsRatherThanGuessing]' passed (0.001 seconds).
Test Suite 'OpenAPIReflectorTests' passed at 2026-10-07 20:47:28.298.
	 Executed 14 tests, with 0 failures (0 unexpected) in 0.077 (0.079) seconds
Test Suite 'OutcomeVerifierTests' started at 2026-10-07 20:47:28.298.
Test Case '-[RightClickCoreTests.OutcomeVerifierTests testAnyFalseRequiredPredicateMakesWholeOutcomeFail]' started.
Test Case '-[RightClickCoreTests.OutcomeVerifierTests testAnyFalseRequiredPredicateMakesWholeOutcomeFail]' passed (0.004 seconds).
Test Case '-[RightClickCoreTests.OutcomeVerifierTests testExactReturnedTextCanVerifySuccess]' started.
Test Case '-[RightClickCoreTests.OutcomeVerifierTests testExactReturnedTextCanVerifySuccess]' passed (0.000 seconds).
Test Case '-[RightClickCoreTests.OutcomeVerifierTests testMetadataValueStillPresentIsVerifiedFailure]' started.
Test Case '-[RightClickCoreTests.OutcomeVerifierTests testMetadataValueStillPresentIsVerifiedFailure]' passed (0.008 seconds).
Test Case '-[RightClickCoreTests.OutcomeVerifierTests testNoPostconditionsCannotBecomeSuccess]' started.
Test Case '-[RightClickCoreTests.OutcomeVerifierTests testNoPostconditionsCannotBecomeSuccess]' passed (0.000 seconds).
Test Case '-[RightClickCoreTests.OutcomeVerifierTests testVerificationSpecRoundTripsThroughJSON]' started.
Test Case '-[RightClickCoreTests.OutcomeVerifierTests testVerificationSpecRoundTripsThroughJSON]' passed (0.001 seconds).
Test Case '-[RightClickCoreTests.OutcomeVerifierTests testXattrRemovalAndUnchangedBytesVerifySuccess]' started.
Test Case '-[RightClickCoreTests.OutcomeVerifierTests testXattrRemovalAndUnchangedBytesVerifySuccess]' passed (0.134 seconds).
Test Suite 'OutcomeVerifierTests' passed at 2026-10-07 20:47:28.447.
	 Executed 6 tests, with 0 failures (0 unexpected) in 0.148 (0.149) seconds
Test Suite 'PolicyTests' started at 2026-10-07 20:47:28.447.
Test Case '-[RightClickCoreTests.PolicyTests testActionExtensionIsNotInvokable]' started.
Test Case '-[RightClickCoreTests.PolicyTests testActionExtensionIsNotInvokable]' passed (0.000 seconds).
Test Case '-[RightClickCoreTests.PolicyTests testCodeExecutionRequiresConfirmationEvenWithTextOutput]' started.
Test Case '-[RightClickCoreTests.PolicyTests testCodeExecutionRequiresConfirmationEvenWithTextOutput]' passed (0.000 seconds).
Test Case '-[RightClickCoreTests.PolicyTests testContentClassification]' started.
Test Case '-[RightClickCoreTests.PolicyTests testContentClassification]' passed (0.000 seconds).
Test Case '-[RightClickCoreTests.PolicyTests testDedupeKeepsFirstIdentifier]' started.
Test Case '-[RightClickCoreTests.PolicyTests testDedupeKeepsFirstIdentifier]' passed (0.000 seconds).
Test Case '-[RightClickCoreTests.PolicyTests testDestructiveRequiresConfirmation]' started.
Test Case '-[RightClickCoreTests.PolicyTests testDestructiveRequiresConfirmation]' passed (0.000 seconds).
Test Case '-[RightClickCoreTests.PolicyTests testExternalShareRequiresConfirmation]' started.
Test Case '-[RightClickCoreTests.PolicyTests testExternalShareRequiresConfirmation]' passed (0.000 seconds).
Test Case '-[RightClickCoreTests.PolicyTests testSecurityChangeRequiresConfirmationEvenWithTextOutput]' started.
Test Case '-[RightClickCoreTests.PolicyTests testSecurityChangeRequiresConfirmationEvenWithTextOutput]' passed (0.000 seconds).
Test Case '-[RightClickCoreTests.PolicyTests testServiceIdentifierPrefersMessage]' started.
Test Case '-[RightClickCoreTests.PolicyTests testServiceIdentifierPrefersMessage]' passed (0.000 seconds).
Test Case '-[RightClickCoreTests.PolicyTests testSharingIdentifierFallsBackToTitleSlug]' started.
Test Case '-[RightClickCoreTests.PolicyTests testSharingIdentifierFallsBackToTitleSlug]' passed (0.000 seconds).
Test Case '-[RightClickCoreTests.PolicyTests testSharingIdentifierUsesPublicName]' started.
Test Case '-[RightClickCoreTests.PolicyTests testSharingIdentifierUsesPublicName]' passed (0.000 seconds).
Test Case '-[RightClickCoreTests.PolicyTests testTextTransformContractStillRequiresConfirmation]' started.
Test Case '-[RightClickCoreTests.PolicyTests testTextTransformContractStillRequiresConfirmation]' passed (0.000 seconds).
Test Case '-[RightClickCoreTests.PolicyTests testUntrustedTextReturnContractCannotGrantReadOnlyPermission]' started.
Test Case '-[RightClickCoreTests.PolicyTests testUntrustedTextReturnContractCannotGrantReadOnlyPermission]' passed (0.000 seconds).
Test Suite 'PolicyTests' passed at 2026-10-07 20:47:28.451.
	 Executed 12 tests, with 0 failures (0 unexpected) in 0.003 (0.004) seconds
Test Suite 'PortableRuntimeTests' started at 2026-10-07 20:47:28.451.
Test Case '-[RightClickCoreTests.PortableRuntimeTests testFilesAndUnknownExtensionsAreConservative]' started.
Test Case '-[RightClickCoreTests.PortableRuntimeTests testFilesAndUnknownExtensionsAreConservative]' passed (0.002 seconds).
Test Case '-[RightClickCoreTests.PortableRuntimeTests testHostStorageDoesNotAcceptRelativeEnvironmentPaths]' started.
Test Case '-[RightClickCoreTests.PortableRuntimeTests testHostStorageDoesNotAcceptRelativeEnvironmentPaths]' passed (0.000 seconds).
Test Case '-[RightClickCoreTests.PortableRuntimeTests testNativeCatalogIsAbsentOnOtherHosts]' started.
Test Case '-[RightClickCoreTests.PortableRuntimeTests testNativeCatalogIsAbsentOnOtherHosts]' passed (0.000 seconds).
Test Case '-[RightClickCoreTests.PortableRuntimeTests testNativeJSONBooleanIdentityCannotBecomeNumericLength]' started.
Test Case '-[RightClickCoreTests.PortableRuntimeTests testNativeJSONBooleanIdentityCannotBecomeNumericLength]' passed (0.001 seconds).
Test Case '-[RightClickCoreTests.PortableRuntimeTests testPKCEUsesPortableCryptographicRandomness]' started.
Test Case '-[RightClickCoreTests.PortableRuntimeTests testPKCEUsesPortableCryptographicRandomness]' passed (0.000 seconds).
Test Case '-[RightClickCoreTests.PortableRuntimeTests testStableTextAndURLClassification]' started.
Test Case '-[RightClickCoreTests.PortableRuntimeTests testStableTextAndURLClassification]' passed (0.000 seconds).
Test Case '-[RightClickCoreTests.PortableRuntimeTests testUnavailableSecureStorageAbstains]' started.
Test Case '-[RightClickCoreTests.PortableRuntimeTests testUnavailableSecureStorageAbstains]' passed (0.000 seconds).
Test Suite 'PortableRuntimeTests' passed at 2026-10-07 20:47:28.457.
	 Executed 7 tests, with 0 failures (0 unexpected) in 0.005 (0.006) seconds
Test Suite 'ProductSurfaceRuntimeTests' started at 2026-10-07 20:47:28.457.
Test Case '-[RightClickCoreTests.ProductSurfaceRuntimeTests testRuntimeIdentityReportsExactExecutableBytes]' started.
Test Case '-[RightClickCoreTests.ProductSurfaceRuntimeTests testRuntimeIdentityReportsExactExecutableBytes]' passed (0.001 seconds).
Test Suite 'ProductSurfaceRuntimeTests' passed at 2026-10-07 20:47:28.458.
	 Executed 1 test, with 0 failures (0 unexpected) in 0.001 (0.002) seconds
Test Suite 'ProviderConfigurationCLITests' started at 2026-10-07 20:47:28.458.
Test Case '-[RightClickCLITests.ProviderConfigurationCLITests testProviderAddListAndRemoveRoundTrip]' started.
Test Case '-[RightClickCLITests.ProviderConfigurationCLITests testProviderAddListAndRemoveRoundTrip]' passed (0.004 seconds).
Test Case '-[RightClickCLITests.ProviderConfigurationCLITests testProviderCLIRejectsCredentialOptionAndHTTPURL]' started.
Test Case '-[RightClickCLITests.ProviderConfigurationCLITests testProviderCLIRejectsCredentialOptionAndHTTPURL]' passed (0.001 seconds).
Test Suite 'ProviderConfigurationCLITests' passed at 2026-10-07 20:47:28.464.
	 Executed 2 tests, with 0 failures (0 unexpected) in 0.005 (0.005) seconds
Test Suite 'RCIRAuthorityDispatchTests' started at 2026-10-07 20:47:28.464.
Test Case '-[RightClickCoreTests.RCIRAuthorityDispatchTests testAncestorRevocationAtFinalGateProducesZeroActualHTTPRequests]' started.
Test Case '-[RightClickCoreTests.RCIRAuthorityDispatchTests testAncestorRevocationAtFinalGateProducesZeroActualHTTPRequests]' passed (0.250 seconds).
Test Case '-[RightClickCoreTests.RCIRAuthorityDispatchTests testAuthenticatedContextErrorsCannotLeakCredentialMaterial]' started.
Test Case '-[RightClickCoreTests.RCIRAuthorityDispatchTests testAuthenticatedContextErrorsCannotLeakCredentialMaterial]' passed (0.203 seconds).
Test Case '-[RightClickCoreTests.RCIRAuthorityDispatchTests testCredentialScopeWithdrawalAtFinalGateProducesZeroActualHTTPRequests]' started.
Test Case '-[RightClickCoreTests.RCIRAuthorityDispatchTests testCredentialScopeWithdrawalAtFinalGateProducesZeroActualHTTPRequests]' passed (0.202 seconds).
Test Case '-[RightClickCoreTests.RCIRAuthorityDispatchTests testLegalChildProducesIndependentlyObservedSignedEffect]' started.
Test Case '-[RightClickCoreTests.RCIRAuthorityDispatchTests testLegalChildProducesIndependentlyObservedSignedEffect]' passed (0.201 seconds).
Test Case '-[RightClickCoreTests.RCIRAuthorityDispatchTests testPolicyRevocationAtFinalGateProducesZeroActualHTTPRequests]' started.
Test Case '-[RightClickCoreTests.RCIRAuthorityDispatchTests testPolicyRevocationAtFinalGateProducesZeroActualHTTPRequests]' passed (0.181 seconds).
Test Case '-[RightClickCoreTests.RCIRAuthorityDispatchTests testRevocationAfterEffectWithholdsObservationAndSuccess]' started.
Test Case '-[RightClickCoreTests.RCIRAuthorityDispatchTests testRevocationAfterEffectWithholdsObservationAndSuccess]' passed (0.185 seconds).
Test Case '-[RightClickCoreTests.RCIRAuthorityDispatchTests testSiblingAndParentCannotExceedSharedBudget]' started.
Test Case '-[RightClickCoreTests.RCIRAuthorityDispatchTests testSiblingAndParentCannotExceedSharedBudget]' passed (0.192 seconds).
Test Case '-[RightClickCoreTests.RCIRAuthorityDispatchTests testWrongAudienceAtFinalGateProducesZeroActualHTTPRequests]' started.
Test Case '-[RightClickCoreTests.RCIRAuthorityDispatchTests testWrongAudienceAtFinalGateProducesZeroActualHTTPRequests]' passed (0.271 seconds).
Test Case '-[RightClickCoreTests.RCIRAuthorityDispatchTests testWrongSubjectAtFinalGateProducesZeroActualHTTPRequests]' started.
Test Case '-[RightClickCoreTests.RCIRAuthorityDispatchTests testWrongSubjectAtFinalGateProducesZeroActualHTTPRequests]' passed (0.292 seconds).
Test Suite 'RCIRAuthorityDispatchTests' passed at 2026-10-07 20:47:30.443.
	 Executed 9 tests, with 0 failures (0 unexpected) in 1.978 (1.979) seconds
Test Suite 'RCIRAuthorityTests' started at 2026-10-07 20:47:30.443.
Test Case '-[RightClickCoreTests.RCIRAuthorityTests testAudienceScopesEffectsAndTaskShapesCannotWiden]' started.
Test Case '-[RightClickCoreTests.RCIRAuthorityTests testAudienceScopesEffectsAndTaskShapesCannotWiden]' passed (0.002 seconds).
Test Case '-[RightClickCoreTests.RCIRAuthorityTests testAuthorityAggregateByteBudgetFailsClosedAndExpiredRecordsReap]' started.
Test Case '-[RightClickCoreTests.RCIRAuthorityTests testAuthorityAggregateByteBudgetFailsClosedAndExpiredRecordsReap]' passed (0.453 seconds).
Test Case '-[RightClickCoreTests.RCIRAuthorityTests testChildAndAncestorRevocationRejectPreparedLease]' started.
Test Case '-[RightClickCoreTests.RCIRAuthorityTests testChildAndAncestorRevocationRejectPreparedLease]' passed (0.002 seconds).
Test Case '-[RightClickCoreTests.RCIRAuthorityTests testChildrenAndParentShareInvocationBudget]' started.
Test Case '-[RightClickCoreTests.RCIRAuthorityTests testChildrenAndParentShareInvocationBudget]' passed (0.002 seconds).
Test Case '-[RightClickCoreTests.RCIRAuthorityTests testChildRevocationDoesNotRevokeSibling]' started.
Test Case '-[RightClickCoreTests.RCIRAuthorityTests testChildRevocationDoesNotRevokeSibling]' passed (0.001 seconds).
Test Case '-[RightClickCoreTests.RCIRAuthorityTests testClockRollbackAndInvalidLimitsFailClosed]' started.
Test Case '-[RightClickCoreTests.RCIRAuthorityTests testClockRollbackAndInvalidLimitsFailClosed]' passed (0.001 seconds).
Test Case '-[RightClickCoreTests.RCIRAuthorityTests testConcurrentFreshChildLeasesStartOnlyOnce]' started.
Test Case '-[RightClickCoreTests.RCIRAuthorityTests testConcurrentFreshChildLeasesStartOnlyOnce]' passed (0.008 seconds).
Test Case '-[RightClickCoreTests.RCIRAuthorityTests testCopiedLeaseWrongSubjectDoesNotStart]' started.
Test Case '-[RightClickCoreTests.RCIRAuthorityTests testCopiedLeaseWrongSubjectDoesNotStart]' passed (0.001 seconds).
Test Case '-[RightClickCoreTests.RCIRAuthorityTests testCredentialReferenceAggregateBudgetAndRevocationReleaseSpace]' started.
Test Case '-[RightClickCoreTests.RCIRAuthorityTests testCredentialReferenceAggregateBudgetAndRevocationReleaseSpace]' passed (0.090 seconds).
Test Case '-[RightClickCoreTests.RCIRAuthorityTests testCredentialReferencesAreHandlesAndCannotWiden]' started.
Test Case '-[RightClickCoreTests.RCIRAuthorityTests testCredentialReferencesAreHandlesAndCannotWiden]' passed (0.001 seconds).
Test Case '-[RightClickCoreTests.RCIRAuthorityTests testExactUTF8IdentitiesAndScopes]' started.
Test Case '-[RightClickCoreTests.RCIRAuthorityTests testExactUTF8IdentitiesAndScopes]' passed (0.000 seconds).
Test Case '-[RightClickCoreTests.RCIRAuthorityTests testExpiryInvocationCountAndDownstreamDepthCannotWiden]' started.
Test Case '-[RightClickCoreTests.RCIRAuthorityTests testExpiryInvocationCountAndDownstreamDepthCannotWiden]' passed (0.001 seconds).
Test Case '-[RightClickCoreTests.RCIRAuthorityTests testGrantSubstitutionAndCrossLedgerHandleRejected]' started.
Test Case '-[RightClickCoreTests.RCIRAuthorityTests testGrantSubstitutionAndCrossLedgerHandleRejected]' passed (0.002 seconds).
Test Case '-[RightClickCoreTests.RCIRAuthorityTests testLegacyScopeEntryPointCannotConsumeGrantLease]' started.
Test Case '-[RightClickCoreTests.RCIRAuthorityTests testLegacyScopeEntryPointCannotConsumeGrantLease]' passed (0.001 seconds).
Test Case '-[RightClickCoreTests.RCIRAuthorityTests testOneUseLeaseReplayRejected]' started.
Test Case '-[RightClickCoreTests.RCIRAuthorityTests testOneUseLeaseReplayRejected]' passed (0.001 seconds).
Test Case '-[RightClickCoreTests.RCIRAuthorityTests testOnlyAuthenticatedParentMayAttenuate]' started.
Test Case '-[RightClickCoreTests.RCIRAuthorityTests testOnlyAuthenticatedParentMayAttenuate]' passed (0.001 seconds).
Test Case '-[RightClickCoreTests.RCIRAuthorityTests testOutstandingLeaseByteBudgetFailsClosedAndExpiredRecordsReap]' started.
Test Case '-[RightClickCoreTests.RCIRAuthorityTests testOutstandingLeaseByteBudgetFailsClosedAndExpiredRecordsReap]' passed (1.778 seconds).
Test Case '-[RightClickCoreTests.RCIRAuthorityTests testPolicyDenialDoesNotConsumeAuthority]' started.
Test Case '-[RightClickCoreTests.RCIRAuthorityTests testPolicyDenialDoesNotConsumeAuthority]' passed (0.002 seconds).
Test Case '-[RightClickCoreTests.RCIRAuthorityTests testProviderAndCapabilityCannotWiden]' started.
Test Case '-[RightClickCoreTests.RCIRAuthorityTests testProviderAndCapabilityCannotWiden]' passed (0.001 seconds).
Test Case '-[RightClickCoreTests.RCIRAuthorityTests testProviderDescriptionCannotGrantAuthorityOrCredentialReferences]' started.
Test Case '-[RightClickCoreTests.RCIRAuthorityTests testProviderDescriptionCannotGrantAuthorityOrCredentialReferences]' passed (0.001 seconds).
Test Case '-[RightClickCoreTests.RCIRAuthorityTests testProviderRemovalAndRestorationRequireNewGrant]' started.
Test Case '-[RightClickCoreTests.RCIRAuthorityTests testProviderRemovalAndRestorationRequireNewGrant]' passed (0.002 seconds).
Test Case '-[RightClickCoreTests.RCIRAuthorityTests testReceiptRequestBindsCompleteAuthorityAncestry]' started.
Test Case '-[RightClickCoreTests.RCIRAuthorityTests testReceiptRequestBindsCompleteAuthorityAncestry]' passed (0.002 seconds).
Test Case '-[RightClickCoreTests.RCIRAuthorityTests testResourceAndEffectMustMatchAtIssue]' started.
Test Case '-[RightClickCoreTests.RCIRAuthorityTests testResourceAndEffectMustMatchAtIssue]' passed (0.002 seconds).
Test Case '-[RightClickCoreTests.RCIRAuthorityTests testRevokedCredentialReferenceRejectsPreparedGrantLease]' started.
Test Case '-[RightClickCoreTests.RCIRAuthorityTests testRevokedCredentialReferenceRejectsPreparedGrantLease]' passed (0.001 seconds).
Test Case '-[RightClickCoreTests.RCIRAuthorityTests testRootAndChildExpiryBoundEveryLease]' started.
Test Case '-[RightClickCoreTests.RCIRAuthorityTests testRootAndChildExpiryBoundEveryLease]' passed (0.001 seconds).
Test Case '-[RightClickCoreTests.RCIRAuthorityTests testUnicodeEquivalentSubjectAndAudienceDoNotAuthenticate]' started.
Test Case '-[RightClickCoreTests.RCIRAuthorityTests testUnicodeEquivalentSubjectAndAudienceDoNotAuthenticate]' passed (0.001 seconds).
Test Case '-[RightClickCoreTests.RCIRAuthorityTests testWrongArgumentConstraintCannotBeIssuedOrWidened]' started.
Test Case '-[RightClickCoreTests.RCIRAuthorityTests testWrongArgumentConstraintCannotBeIssuedOrWidened]' passed (0.001 seconds).
Test Case '-[RightClickCoreTests.RCIRAuthorityTests testWrongArgumentsAtConsumeDoNotDebitBudget]' started.
Test Case '-[RightClickCoreTests.RCIRAuthorityTests testWrongArgumentsAtConsumeDoNotDebitBudget]' passed (0.001 seconds).
Test Case '-[RightClickCoreTests.RCIRAuthorityTests testWrongAudienceDoesNotStart]' started.
Test Case '-[RightClickCoreTests.RCIRAuthorityTests testWrongAudienceDoesNotStart]' passed (0.001 seconds).
Test Suite 'RCIRAuthorityTests' passed at 2026-10-07 20:47:32.808.
	 Executed 29 tests, with 0 failures (0 unexpected) in 2.362 (2.366) seconds
Test Suite 'RCIRBoundaryTests' started at 2026-10-07 20:47:32.808.
Test Case '-[RightClickCoreTests.RCIRBoundaryTests testConcurrentConsumptionHasOneWinner]' started.
Test Case '-[RightClickCoreTests.RCIRBoundaryTests testConcurrentConsumptionHasOneWinner]' passed (0.002 seconds).
Test Case '-[RightClickCoreTests.RCIRBoundaryTests testFailedProviderResultStillDoesNotVerifyAnExternalFailure]' started.
Test Case '-[RightClickCoreTests.RCIRBoundaryTests testFailedProviderResultStillDoesNotVerifyAnExternalFailure]' passed (0.001 seconds).
Test Case '-[RightClickCoreTests.RCIRBoundaryTests testInvalidObservationCannotSetSemanticSuccess]' started.
Test Case '-[RightClickCoreTests.RCIRBoundaryTests testInvalidObservationCannotSetSemanticSuccess]' passed (0.001 seconds).
Test Case '-[RightClickCoreTests.RCIRBoundaryTests testRejectedArgumentsDoNotSpendAnOtherwiseValidLease]' started.
Test Case '-[RightClickCoreTests.RCIRBoundaryTests testRejectedArgumentsDoNotSpendAnOtherwiseValidLease]' passed (0.001 seconds).
Test Case '-[RightClickCoreTests.RCIRBoundaryTests testTaskCannotPredateLease]' started.
Test Case '-[RightClickCoreTests.RCIRBoundaryTests testTaskCannotPredateLease]' passed (0.001 seconds).
Test Suite 'RCIRBoundaryTests' passed at 2026-10-07 20:47:32.815.
	 Executed 5 tests, with 0 failures (0 unexpected) in 0.006 (0.006) seconds
Test Suite 'RCIRDeferredCapacityTests' started at 2026-10-07 20:47:32.815.
Test Case '-[RightClickCoreTests.RCIRDeferredCapacityTests testExpiredPendingTasksAreReceiptedAndReapedBeforeNewAdmission]' started.
Test Case '-[RightClickCoreTests.RCIRDeferredCapacityTests testExpiredPendingTasksAreReceiptedAndReapedBeforeNewAdmission]' passed (0.586 seconds).
Test Case '-[RightClickCoreTests.RCIRDeferredCapacityTests testInFlightReservationsCannotOverrunTheBoundedSessionCapacity]' started.
Test Case '-[RightClickCoreTests.RCIRDeferredCapacityTests testInFlightReservationsCannotOverrunTheBoundedSessionCapacity]' passed (0.344 seconds).
Test Suite 'RCIRDeferredCapacityTests' passed at 2026-10-07 20:47:33.746.
	 Executed 2 tests, with 0 failures (0 unexpected) in 0.931 (0.931) seconds
Test Suite 'RCIRDeferredProductionTests' started at 2026-10-07 20:47:33.746.
Test Case '-[RightClickCoreTests.RCIRDeferredProductionTests testAcceptedRemoteTaskRemainsPendingUntilLaterObservation]' started.
Test Case '-[RightClickCoreTests.RCIRDeferredProductionTests testAcceptedRemoteTaskRemainsPendingUntilLaterObservation]' passed (0.179 seconds).
Test Suite 'RCIRDeferredProductionTests' passed at 2026-10-07 20:47:33.925.
	 Executed 1 test, with 0 failures (0 unexpected) in 0.179 (0.179) seconds
Test Suite 'RCIRHTTPJSONCausalityTests' started at 2026-10-07 20:47:33.925.
Test Case '-[RightClickCoreTests.RCIRHTTPJSONCausalityTests testFreshIndependentMarkerMatchesHostTaskAndProducesSignedSuccess]' started.
Test Case '-[RightClickCoreTests.RCIRHTTPJSONCausalityTests testFreshIndependentMarkerMatchesHostTaskAndProducesSignedSuccess]' passed (0.346 seconds).
Test Case '-[RightClickCoreTests.RCIRHTTPJSONCausalityTests testInvalidCausalBindingPathsRejectBeforeActualMutation]' started.
Test Case '-[RightClickCoreTests.RCIRHTTPJSONCausalityTests testInvalidCausalBindingPathsRejectBeforeActualMutation]' passed (0.353 seconds).
Test Case '-[RightClickCoreTests.RCIRHTTPJSONCausalityTests testMissingIndependentMarkerRemainsSignedUnverified]' started.
Test Case '-[RightClickCoreTests.RCIRHTTPJSONCausalityTests testMissingIndependentMarkerRemainsSignedUnverified]' passed (0.379 seconds).
Test Case '-[RightClickCoreTests.RCIRHTTPJSONCausalityTests testNoOpAcknowledgementAndOldMatchingArtifactCannotVerifyCurrentMutation]' started.
Test Case '-[RightClickCoreTests.RCIRHTTPJSONCausalityTests testNoOpAcknowledgementAndOldMatchingArtifactCannotVerifyCurrentMutation]' passed (0.456 seconds).
Test Case '-[RightClickCoreTests.RCIRHTTPJSONCausalityTests testObserverCannotReflectProtectedCredentialIntoMetadataOrReceipt]' started.
Test Case '-[RightClickCoreTests.RCIRHTTPJSONCausalityTests testObserverCannotReflectProtectedCredentialIntoMetadataOrReceipt]' passed (0.535 seconds).
Test Case '-[RightClickCoreTests.RCIRHTTPJSONCausalityTests testStateOnlyPredicateDoesNotClaimCurrentMutationCausality]' started.
Test Case '-[RightClickCoreTests.RCIRHTTPJSONCausalityTests testStateOnlyPredicateDoesNotClaimCurrentMutationCausality]' passed (0.336 seconds).
Test Suite 'RCIRHTTPJSONCausalityTests' passed at 2026-10-07 20:47:36.332.
	 Executed 6 tests, with 0 failures (0 unexpected) in 2.405 (2.406) seconds
Test Suite 'RCIRHTTPJSONObservationTests' started at 2026-10-07 20:47:36.332.
Test Case '-[RightClickCoreTests.RCIRHTTPJSONObservationTests testAmbientCookiesCannotEnterObservationOrPersistResponseCookie]' started.
Test Case '-[RightClickCoreTests.RCIRHTTPJSONObservationTests testAmbientCookiesCannotEnterObservationOrPersistResponseCookie]' passed (0.530 seconds).
Test Case '-[RightClickCoreTests.RCIRHTTPJSONObservationTests testAmbiguousProjectionOrMissingCallerDigestFailsBeforeMutation]' started.
Test Case '-[RightClickCoreTests.RCIRHTTPJSONObservationTests testAmbiguousProjectionOrMissingCallerDigestFailsBeforeMutation]' passed (0.530 seconds).
Test Case '-[RightClickCoreTests.RCIRHTTPJSONObservationTests testDefaultCredentialStorageCannotSupplyObserverAuthority]' started.
Test Case '-[RightClickCoreTests.RCIRHTTPJSONObservationTests testDefaultCredentialStorageCannotSupplyObserverAuthority]' passed (0.577 seconds).
Test Case '-[RightClickCoreTests.RCIRHTTPJSONObservationTests testMismatchMissingAndUndeclaredObservationFieldsNeverSucceed]' started.
/private/tmp/rightclick-wit-typed-20261007/Tests/RightClickCoreTests/RCIRHTTPJSONObservationTests.swift:155: error: -[RightClickCoreTests.RCIRHTTPJSONObservationTests testMismatchMissingAndUndeclaredObservationFieldsNeverSucceed] : XCTAssertEqual failed: ("Optional("unknown")") is not equal to ("Optional("failed")")
/private/tmp/rightclick-wit-typed-20261007/Tests/RightClickCoreTests/RCIRHTTPJSONObservationTests.swift:156: error: -[RightClickCoreTests.RCIRHTTPJSONObservationTests testMismatchMissingAndUndeclaredObservationFieldsNeverSucceed] : XCTAssertEqual failed: ("Optional("unknown")") is not equal to ("Optional("unverified")")
/private/tmp/rightclick-wit-typed-20261007/Tests/RightClickCoreTests/RCIRHTTPJSONObservationTests.swift:157: error: -[RightClickCoreTests.RCIRHTTPJSONObservationTests testMismatchMissingAndUndeclaredObservationFieldsNeverSucceed] : XCTAssertEqual failed: ("Optional("unknown")") is not equal to ("Optional("unverified")")
Test Case '-[RightClickCoreTests.RCIRHTTPJSONObservationTests testMismatchMissingAndUndeclaredObservationFieldsNeverSucceed]' failed (0.604 seconds).
Test Case '-[RightClickCoreTests.RCIRHTTPJSONObservationTests testPinnedOriginAndRevokedReferenceAbstainWithoutObserverRead]' started.
Test Case '-[RightClickCoreTests.RCIRHTTPJSONObservationTests testPinnedOriginAndRevokedReferenceAbstainWithoutObserverRead]' passed (0.541 seconds).
Test Case '-[RightClickCoreTests.RCIRHTTPJSONObservationTests testPrintableJSONSegmentEncodesOnceWithoutTraversalOrAuthorityChange]' started.
Test Case '-[RightClickCoreTests.RCIRHTTPJSONObservationTests testPrintableJSONSegmentEncodesOnceWithoutTraversalOrAuthorityChange]' passed (0.576 seconds).
Test Case '-[RightClickCoreTests.RCIRHTTPJSONObservationTests testRealJSONObservationRetainsFullMetadataAndMatchesIndependentDigest]' started.
Test Case '-[RightClickCoreTests.RCIRHTTPJSONObservationTests testRealJSONObservationRetainsFullMetadataAndMatchesIndependentDigest]' passed (0.574 seconds).
Test Case '-[RightClickCoreTests.RCIRHTTPJSONObservationTests testRedirectNeverSendsObserverCredentialToAnotherOrigin]' started.
Test Case '-[RightClickCoreTests.RCIRHTTPJSONObservationTests testRedirectNeverSendsObserverCredentialToAnotherOrigin]' passed (0.555 seconds).
Test Case '-[RightClickCoreTests.RCIRHTTPJSONObservationTests testWriterCredentialCannotActAsReadonlyObserver]' started.
Test Case '-[RightClickCoreTests.RCIRHTTPJSONObservationTests testWriterCredentialCannotActAsReadonlyObserver]' passed (0.545 seconds).
Test Suite 'RCIRHTTPJSONObservationTests' failed at 2026-10-07 20:47:41.366.
	 Executed 9 tests, with 3 failures (0 unexpected) in 5.033 (5.034) seconds
Test Suite 'RCIRIntegrationTests' started at 2026-10-07 20:47:41.366.
Test Case '-[RightClickCoreTests.RCIRIntegrationTests testBackendSignatureRejectionIsNotIgnored]' started.
Test Case '-[RightClickCoreTests.RCIRIntegrationTests testBackendSignatureRejectionIsNotIgnored]' passed (0.001 seconds).
Test Case '-[RightClickCoreTests.RCIRIntegrationTests testEmbeddedKeyCannotEstablishTrust]' started.
Test Case '-[RightClickCoreTests.RCIRIntegrationTests testEmbeddedKeyCannotEstablishTrust]' passed (0.001 seconds).
Test Case '-[RightClickCoreTests.RCIRIntegrationTests testEmptyTerminalPageIsDistinguishableFromLiveIdle]' started.
Test Case '-[RightClickCoreTests.RCIRIntegrationTests testEmptyTerminalPageIsDistinguishableFromLiveIdle]' passed (0.001 seconds).
Test Case '-[RightClickCoreTests.RCIRIntegrationTests testEnvelopeRejectsNonReceiptPayload]' started.
Test Case '-[RightClickCoreTests.RCIRIntegrationTests testEnvelopeRejectsNonReceiptPayload]' passed (0.000 seconds).
Test Case '-[RightClickCoreTests.RCIRIntegrationTests testEnvelopeRejectsWrongSignatureAndKeyLengths]' started.
Test Case '-[RightClickCoreTests.RCIRIntegrationTests testEnvelopeRejectsWrongSignatureAndKeyLengths]' passed (0.001 seconds).
Test Case '-[RightClickCoreTests.RCIRIntegrationTests testEventPagesHaveBoundedStableCursors]' started.
Test Case '-[RightClickCoreTests.RCIRIntegrationTests testEventPagesHaveBoundedStableCursors]' passed (0.001 seconds).
Test Case '-[RightClickCoreTests.RCIRIntegrationTests testObserverReceivesExactArgumentsAndBinding]' started.
Test Case '-[RightClickCoreTests.RCIRIntegrationTests testObserverReceivesExactArgumentsAndBinding]' passed (0.001 seconds).
Test Case '-[RightClickCoreTests.RCIRIntegrationTests testPagesRejectInvalidCursorsAndLimits]' started.
Test Case '-[RightClickCoreTests.RCIRIntegrationTests testPagesRejectInvalidCursorsAndLimits]' passed (0.001 seconds).
Test Case '-[RightClickCoreTests.RCIRIntegrationTests testRealCryptoKitSignatureAndPinnedKey]' started.
Test Case '-[RightClickCoreTests.RCIRIntegrationTests testRealCryptoKitSignatureAndPinnedKey]' passed (0.001 seconds).
Test Case '-[RightClickCoreTests.RCIRIntegrationTests testRealCryptoKitSignatureDetectsPayloadTampering]' started.
Test Case '-[RightClickCoreTests.RCIRIntegrationTests testRealCryptoKitSignatureDetectsPayloadTampering]' passed (0.001 seconds).
Test Case '-[RightClickCoreTests.RCIRIntegrationTests testUnsignedFixtureIsExplicitlyNotCryptographicEvidence]' started.
Test Case '-[RightClickCoreTests.RCIRIntegrationTests testUnsignedFixtureIsExplicitlyNotCryptographicEvidence]' passed (0.001 seconds).
Test Case '-[RightClickCoreTests.RCIRIntegrationTests testWireTransportPreservesExactPayload]' started.
Test Case '-[RightClickCoreTests.RCIRIntegrationTests testWireTransportPreservesExactPayload]' passed (0.001 seconds).
Test Suite 'RCIRIntegrationTests' passed at 2026-10-07 20:47:41.377.
	 Executed 12 tests, with 0 failures (0 unexpected) in 0.010 (0.011) seconds
Test Suite 'RCIRInvocationBindingTests' started at 2026-10-07 20:47:41.377.
Test Case '-[RightClickCoreTests.RCIRInvocationBindingTests testInvocationBindingRejectsNoncanonicalIdentityAndUnboundedOrWildcardPaths]' started.
Test Case '-[RightClickCoreTests.RCIRInvocationBindingTests testInvocationBindingRejectsNoncanonicalIdentityAndUnboundedOrWildcardPaths]' passed (0.001 seconds).
Test Case '-[RightClickCoreTests.RCIRInvocationBindingTests testMatchingOldMarkerIsRetainedInSignedFailureInsteadOfVerifyingCurrentInvocation]' started.
Test Case '-[RightClickCoreTests.RCIRInvocationBindingTests testMatchingOldMarkerIsRetainedInSignedFailureInsteadOfVerifyingCurrentInvocation]' passed (0.001 seconds).
Test Case '-[RightClickCoreTests.RCIRInvocationBindingTests testOnlyHostTaskIdentityCanVerifyMatchingObservation]' started.
Test Case '-[RightClickCoreTests.RCIRInvocationBindingTests testOnlyHostTaskIdentityCanVerifyMatchingObservation]' passed (0.001 seconds).
Test Suite 'RCIRInvocationBindingTests' passed at 2026-10-07 20:47:41.380.
	 Executed 3 tests, with 0 failures (0 unexpected) in 0.003 (0.003) seconds
Test Suite 'RCIRInvocationIsolationTests' started at 2026-10-07 20:47:41.380.
Test Case '-[RightClickCoreTests.RCIRInvocationIsolationTests testCompilerCannotMixProviderIdentityOrArgumentTypes]' started.
Test Case '-[RightClickCoreTests.RCIRInvocationIsolationTests testCompilerCannotMixProviderIdentityOrArgumentTypes]' passed (0.001 seconds).
Test Case '-[RightClickCoreTests.RCIRInvocationIsolationTests testDiscoveryDriftInvalidatesOutstandingInvocation]' started.
Test Case '-[RightClickCoreTests.RCIRInvocationIsolationTests testDiscoveryDriftInvalidatesOutstandingInvocation]' passed (0.001 seconds).
Test Case '-[RightClickCoreTests.RCIRInvocationIsolationTests testEffectKindDriftInvalidatesOutstandingInvocation]' started.
Test Case '-[RightClickCoreTests.RCIRInvocationIsolationTests testEffectKindDriftInvalidatesOutstandingInvocation]' passed (0.001 seconds).
Test Case '-[RightClickCoreTests.RCIRInvocationIsolationTests testInvocationDoesNotTurnUnknownEffectsIntoAuthority]' started.
Test Case '-[RightClickCoreTests.RCIRInvocationIsolationTests testInvocationDoesNotTurnUnknownEffectsIntoAuthority]' passed (0.000 seconds).
Test Case '-[RightClickCoreTests.RCIRInvocationIsolationTests testPrincipalReplacementInvalidatesOutstandingInvocation]' started.
Test Case '-[RightClickCoreTests.RCIRInvocationIsolationTests testPrincipalReplacementInvalidatesOutstandingInvocation]' passed (0.001 seconds).
Test Case '-[RightClickCoreTests.RCIRInvocationIsolationTests testResourcesAndPostconditionsAreBoundToIndependentLeases]' started.
Test Case '-[RightClickCoreTests.RCIRInvocationIsolationTests testResourcesAndPostconditionsAreBoundToIndependentLeases]' passed (0.001 seconds).
Test Case '-[RightClickCoreTests.RCIRInvocationIsolationTests testTaskBudgetDriftInvalidatesOutstandingInvocation]' started.
Test Case '-[RightClickCoreTests.RCIRInvocationIsolationTests testTaskBudgetDriftInvalidatesOutstandingInvocation]' passed (0.001 seconds).
Test Case '-[RightClickCoreTests.RCIRInvocationIsolationTests testWithdrawalAndReappearanceCannotReviveOldLease]' started.
Test Case '-[RightClickCoreTests.RCIRInvocationIsolationTests testWithdrawalAndReappearanceCannotReviveOldLease]' passed (0.001 seconds).
Test Suite 'RCIRInvocationIsolationTests' passed at 2026-10-07 20:47:41.386.
	 Executed 8 tests, with 0 failures (0 unexpected) in 0.005 (0.006) seconds
Test Suite 'RCIRNoOutputTests' started at 2026-10-07 20:47:41.386.
Test Case '-[RightClickCoreTests.RCIRNoOutputTests testExactUnchangedWindowsDeclarationAcquiresAcknowledgementCapability]' started.
Test Case '-[RightClickCoreTests.RCIRNoOutputTests testExactUnchangedWindowsDeclarationAcquiresAcknowledgementCapability]' passed (0.002 seconds).
Test Case '-[RightClickCoreTests.RCIRNoOutputTests testInheritedSecurityUsesStrictSchemeResolutionAndOperationOverrides]' started.
Test Case '-[RightClickCoreTests.RCIRNoOutputTests testInheritedSecurityUsesStrictSchemeResolutionAndOperationOverrides]' passed (0.005 seconds).
Test Case '-[RightClickCoreTests.RCIRNoOutputTests testUnknownOrUndeclaredOutputCannotBeRecategorizedAsAcknowledgement]' started.
Test Case '-[RightClickCoreTests.RCIRNoOutputTests testUnknownOrUndeclaredOutputCannotBeRecategorizedAsAcknowledgement]' passed (0.002 seconds).
Test Suite 'RCIRNoOutputTests' passed at 2026-10-07 20:47:41.395.
	 Executed 3 tests, with 0 failures (0 unexpected) in 0.009 (0.009) seconds
Test Suite 'RCIRProductionDispatchTests' started at 2026-10-07 20:47:41.395.
Test Case '-[RightClickCoreTests.RCIRProductionDispatchTests testActualArtifactSchemaDriftRejectsOldInvocationAndReacquires]' started.
Test Case '-[RightClickCoreTests.RCIRProductionDispatchTests testActualArtifactSchemaDriftRejectsOldInvocationAndReacquires]' passed (0.204 seconds).
Test Case '-[RightClickCoreTests.RCIRProductionDispatchTests testActualContractDisappearanceDeniesEffectsAndRecoversNewLease]' started.
Test Case '-[RightClickCoreTests.RCIRProductionDispatchTests testActualContractDisappearanceDeniesEffectsAndRecoversNewLease]' passed (0.215 seconds).
Test Case '-[RightClickCoreTests.RCIRProductionDispatchTests testActualSchemaChangeAfterDispatchRemainsUnknownWithoutRetry]' started.
Test Case '-[RightClickCoreTests.RCIRProductionDispatchTests testActualSchemaChangeAfterDispatchRemainsUnknownWithoutRetry]' passed (0.222 seconds).
Test Case '-[RightClickCoreTests.RCIRProductionDispatchTests testBonjourReappearanceAfterDispatchPreservesUnknown]' started.
Test Case '-[RightClickCoreTests.RCIRProductionDispatchTests testBonjourReappearanceAfterDispatchPreservesUnknown]' passed (0.195 seconds).
Test Case '-[RightClickCoreTests.RCIRProductionDispatchTests testBonjourReappearanceCannotReviveLeaseWithoutIntermediateDiscovery]' started.
Test Case '-[RightClickCoreTests.RCIRProductionDispatchTests testBonjourReappearanceCannotReviveLeaseWithoutIntermediateDiscovery]' passed (0.202 seconds).
Test Case '-[RightClickCoreTests.RCIRProductionDispatchTests testBoundedLargeArgumentIsNotDuplicatedIntoContract]' started.
Test Case '-[RightClickCoreTests.RCIRProductionDispatchTests testBoundedLargeArgumentIsNotDuplicatedIntoContract]' passed (0.193 seconds).
Test Case '-[RightClickCoreTests.RCIRProductionDispatchTests testCallerPostconditionCannotBeSilentlyIgnoredByHostObserver]' started.
Test Case '-[RightClickCoreTests.RCIRProductionDispatchTests testCallerPostconditionCannotBeSilentlyIgnoredByHostObserver]' passed (0.164 seconds).
Test Case '-[RightClickCoreTests.RCIRProductionDispatchTests testChangedArgumentsCannotUseOriginalLease]' started.
Test Case '-[RightClickCoreTests.RCIRProductionDispatchTests testChangedArgumentsCannotUseOriginalLease]' passed (0.170 seconds).
Test Case '-[RightClickCoreTests.RCIRProductionDispatchTests testChangedEndpointBeforeDispatchProducesZeroProviderEffects]' started.
Test Case '-[RightClickCoreTests.RCIRProductionDispatchTests testChangedEndpointBeforeDispatchProducesZeroProviderEffects]' passed (0.344 seconds).
Test Case '-[RightClickCoreTests.RCIRProductionDispatchTests testCompetingConsumersStartAtMostOneRealRequest]' started.
Test Case '-[RightClickCoreTests.RCIRProductionDispatchTests testCompetingConsumersStartAtMostOneRealRequest]' passed (0.193 seconds).
Test Case '-[RightClickCoreTests.RCIRProductionDispatchTests testConfirmationDenialProducesZeroProviderEffects]' started.
Test Case '-[RightClickCoreTests.RCIRProductionDispatchTests testConfirmationDenialProducesZeroProviderEffects]' passed (0.164 seconds).
Test Case '-[RightClickCoreTests.RCIRProductionDispatchTests testCredentialFreeObserverCannotInheritInvocationCookie]' started.
Test Case '-[RightClickCoreTests.RCIRProductionDispatchTests testCredentialFreeObserverCannotInheritInvocationCookie]' passed (0.163 seconds).
Test Case '-[RightClickCoreTests.RCIRProductionDispatchTests testCrossOriginObserverBlocksBeforeAnyEffect]' started.
Test Case '-[RightClickCoreTests.RCIRProductionDispatchTests testCrossOriginObserverBlocksBeforeAnyEffect]' passed (0.145 seconds).
Test Case '-[RightClickCoreTests.RCIRProductionDispatchTests testCurrentPolicyRevocationProducesZeroProviderEffects]' started.
Test Case '-[RightClickCoreTests.RCIRProductionDispatchTests testCurrentPolicyRevocationProducesZeroProviderEffects]' passed (0.189 seconds).
Test Case '-[RightClickCoreTests.RCIRProductionDispatchTests testExpiredLeaseProducesZeroProviderEffects]' started.
Test Case '-[RightClickCoreTests.RCIRProductionDispatchTests testExpiredLeaseProducesZeroProviderEffects]' passed (0.167 seconds).
Test Case '-[RightClickCoreTests.RCIRProductionDispatchTests testIndependentInvocationsDoNotReplaceTheDiscoveredProviderGeneration]' started.
Test Case '-[RightClickCoreTests.RCIRProductionDispatchTests testIndependentInvocationsDoNotReplaceTheDiscoveredProviderGeneration]' passed (0.186 seconds).
Test Case '-[RightClickCoreTests.RCIRProductionDispatchTests testInvalidSignerBlocksBeforeAnyEffect]' started.
Test Case '-[RightClickCoreTests.RCIRProductionDispatchTests testInvalidSignerBlocksBeforeAnyEffect]' passed (0.167 seconds).
Test Case '-[RightClickCoreTests.RCIRProductionDispatchTests testLostResponseRetainsSignedUnknownAndDoesNotRetry]' started.
Test Case '-[RightClickCoreTests.RCIRProductionDispatchTests testLostResponseRetainsSignedUnknownAndDoesNotRetry]' passed (0.163 seconds).
Test Case '-[RightClickCoreTests.RCIRProductionDispatchTests testMissingExactOriginAuthorityProducesZeroProviderEffects]' started.
Test Case '-[RightClickCoreTests.RCIRProductionDispatchTests testMissingExactOriginAuthorityProducesZeroProviderEffects]' passed (0.177 seconds).
Test Case '-[RightClickCoreTests.RCIRProductionDispatchTests testNotYetValidLeaseProducesZeroProviderEffects]' started.
Test Case '-[RightClickCoreTests.RCIRProductionDispatchTests testNotYetValidLeaseProducesZeroProviderEffects]' passed (0.162 seconds).
Test Case '-[RightClickCoreTests.RCIRProductionDispatchTests testObserverTraversalAndDoubleEncodingCannotDispatch]' started.
Test Case '-[RightClickCoreTests.RCIRProductionDispatchTests testObserverTraversalAndDoubleEncodingCannotDispatch]' passed (0.185 seconds).
Test Case '-[RightClickCoreTests.RCIRProductionDispatchTests testPublicBeginConsumesOneLeaseAndRetainsTaskEvidence]' started.
Test Case '-[RightClickCoreTests.RCIRProductionDispatchTests testPublicBeginConsumesOneLeaseAndRetainsTaskEvidence]' passed (0.161 seconds).
Test Case '-[RightClickCoreTests.RCIRProductionDispatchTests testRemovalAfterDispatchPreservesUnknownWithoutRetry]' started.
Test Case '-[RightClickCoreTests.RCIRProductionDispatchTests testRemovalAfterDispatchPreservesUnknownWithoutRetry]' passed (0.161 seconds).
Test Case '-[RightClickCoreTests.RCIRProductionDispatchTests testRemovalAtTransportAdmissionProducesZeroProviderEffects]' started.
Test Case '-[RightClickCoreTests.RCIRProductionDispatchTests testRemovalAtTransportAdmissionProducesZeroProviderEffects]' passed (0.158 seconds).
Test Case '-[RightClickCoreTests.RCIRProductionDispatchTests testRemovalBeforeDispatchProducesZeroProviderEffects]' started.
Test Case '-[RightClickCoreTests.RCIRProductionDispatchTests testRemovalBeforeDispatchProducesZeroProviderEffects]' passed (0.158 seconds).
Test Case '-[RightClickCoreTests.RCIRProductionDispatchTests testRemovedInFlightBonjourAcquisitionCannotRestoreInvocation]' started.
Test Case '-[RightClickCoreTests.RCIRProductionDispatchTests testRemovedInFlightBonjourAcquisitionCannotRestoreInvocation]' passed (0.159 seconds).
Test Case '-[RightClickCoreTests.RCIRProductionDispatchTests testSameProviderReappearingCannotReviveOldGeneration]' started.
Test Case '-[RightClickCoreTests.RCIRProductionDispatchTests testSameProviderReappearingCannotReviveOldGeneration]' passed (0.178 seconds).
Test Case '-[RightClickCoreTests.RCIRProductionDispatchTests testSchemaDriftBeforeDispatchProducesZeroProviderEffects]' started.
Test Case '-[RightClickCoreTests.RCIRProductionDispatchTests testSchemaDriftBeforeDispatchProducesZeroProviderEffects]' passed (0.171 seconds).
Test Case '-[RightClickCoreTests.RCIRProductionDispatchTests testSeparateRepeatIssuesNewLeaseThroughBothEntryPoints]' started.
Test Case '-[RightClickCoreTests.RCIRProductionDispatchTests testSeparateRepeatIssuesNewLeaseThroughBothEntryPoints]' passed (0.170 seconds).
Test Case '-[RightClickCoreTests.RCIRProductionDispatchTests testSpentLeaseCannotDispatchAgain]' started.
Test Case '-[RightClickCoreTests.RCIRProductionDispatchTests testSpentLeaseCannotDispatchAgain]' passed (0.172 seconds).
Test Suite 'RCIRProductionDispatchTests' passed at 2026-10-07 20:47:46.857.
	 Executed 30 tests, with 0 failures (0 unexpected) in 5.458 (5.462) seconds
Test Suite 'RCIRProvisionedSignerTests' started at 2026-10-07 20:47:46.857.
Test Case '-[RightClickCoreTests.RCIRProvisionedSignerTests testWithdrawalAtPostSignatureBoundaryReturnsNoSignature]' started.
Test Case '-[RightClickCoreTests.RCIRProvisionedSignerTests testWithdrawalAtPostSignatureBoundaryReturnsNoSignature]' passed (0.002 seconds).
Test Suite 'RCIRProvisionedSignerTests' passed at 2026-10-07 20:47:46.859.
	 Executed 1 test, with 0 failures (0 unexpected) in 0.002 (0.002) seconds
Test Suite 'RCIRSigningLifecycleTests' started at 2026-10-07 20:47:46.859.
Test Case '-[RightClickCoreTests.RCIRSigningLifecycleTests testFreshInvocationAfterRotationUsesNewProvisionedKey]' started.
Test Case '-[RightClickCoreTests.RCIRSigningLifecycleTests testFreshInvocationAfterRotationUsesNewProvisionedKey]' passed (1.339 seconds).
Test Case '-[RightClickCoreTests.RCIRSigningLifecycleTests testKeyWithdrawalAtAdmissionBoundaryHasZeroProviderEffects]' started.
Test Case '-[RightClickCoreTests.RCIRSigningLifecycleTests testKeyWithdrawalAtAdmissionBoundaryHasZeroProviderEffects]' passed (0.301 seconds).
Test Case '-[RightClickCoreTests.RCIRSigningLifecycleTests testSamePathKeyRotationDoesNotSignWithRetainedOldKey]' started.
Test Case '-[RightClickCoreTests.RCIRSigningLifecycleTests testSamePathKeyRotationDoesNotSignWithRetainedOldKey]' passed (0.843 seconds).
Test Case '-[RightClickCoreTests.RCIRSigningLifecycleTests testSignerReferenceRotationPreservesUnknownEffectWithoutOldSignature]' started.
Test Case '-[RightClickCoreTests.RCIRSigningLifecycleTests testSignerReferenceRotationPreservesUnknownEffectWithoutOldSignature]' passed (0.816 seconds).
Test Case '-[RightClickCoreTests.RCIRSigningLifecycleTests testUnaryHTTPAfterKeyWithdrawalRetainsActualEffectAndUnsignedTruth]' started.
Test Case '-[RightClickCoreTests.RCIRSigningLifecycleTests testUnaryHTTPAfterKeyWithdrawalRetainsActualEffectAndUnsignedTruth]' passed (0.667 seconds).
Test Case '-[RightClickCoreTests.RCIRSigningLifecycleTests testUnchangedProvisionedSignerSignsGenuineEffect]' started.
Test Case '-[RightClickCoreTests.RCIRSigningLifecycleTests testUnchangedProvisionedSignerSignsGenuineEffect]' passed (1.160 seconds).
Test Case '-[RightClickCoreTests.RCIRSigningLifecycleTests testWithdrawnKeyAfterRealEffectAndProviderLossPreservesUnknown]' started.
Test Case '-[RightClickCoreTests.RCIRSigningLifecycleTests testWithdrawnKeyAfterRealEffectAndProviderLossPreservesUnknown]' passed (0.915 seconds).
Test Case '-[RightClickCoreTests.RCIRSigningLifecycleTests testWithdrawnKeyDoesNotSignAlreadyAdmittedVerifiedEffect]' started.
Test Case '-[RightClickCoreTests.RCIRSigningLifecycleTests testWithdrawnKeyDoesNotSignAlreadyAdmittedVerifiedEffect]' passed (0.800 seconds).
Test Suite 'RCIRSigningLifecycleTests' passed at 2026-10-07 20:47:53.704.
	 Executed 8 tests, with 0 failures (0 unexpected) in 6.843 (6.844) seconds
Test Suite 'RCIRStructuredObservationTests' started at 2026-10-07 20:47:53.704.
Test Case '-[RightClickCoreTests.RCIRStructuredObservationTests testArgumentBoundFieldsVerifyWhileAssignedMetadataRemainsInSignedBytes]' started.
Test Case '-[RightClickCoreTests.RCIRStructuredObservationTests testArgumentBoundFieldsVerifyWhileAssignedMetadataRemainsInSignedBytes]' passed (0.002 seconds).
Test Case '-[RightClickCoreTests.RCIRStructuredObservationTests testExistingUnaryEvidenceInitializerDoesNotRequireTaskEvents]' started.
Test Case '-[RightClickCoreTests.RCIRStructuredObservationTests testExistingUnaryEvidenceInitializerDoesNotRequireTaskEvents]' passed (0.000 seconds).
Test Case '-[RightClickCoreTests.RCIRStructuredObservationTests testFullObservationSchemaCannotBeDiscardedByProjection]' started.
Test Case '-[RightClickCoreTests.RCIRStructuredObservationTests testFullObservationSchemaCannotBeDiscardedByProjection]' passed (0.002 seconds).
Test Case '-[RightClickCoreTests.RCIRStructuredObservationTests testIndependentMismatchIsVerifiedFailure]' started.
Test Case '-[RightClickCoreTests.RCIRStructuredObservationTests testIndependentMismatchIsVerifiedFailure]' passed (0.001 seconds).
Test Case '-[RightClickCoreTests.RCIRStructuredObservationTests testObserverReceivesProviderCoordinatesAsUntrustedLocatorOnly]' started.
Test Case '-[RightClickCoreTests.RCIRStructuredObservationTests testObserverReceivesProviderCoordinatesAsUntrustedLocatorOnly]' passed (0.003 seconds).
Test Case '-[RightClickCoreTests.RCIRStructuredObservationTests testProjectionRejectsWildcardMissingAndUnboundedContracts]' started.
Test Case '-[RightClickCoreTests.RCIRStructuredObservationTests testProjectionRejectsWildcardMissingAndUnboundedContracts]' passed (0.001 seconds).
Test Suite 'RCIRStructuredObservationTests' passed at 2026-10-07 20:47:53.713.
	 Executed 6 tests, with 0 failures (0 unexpected) in 0.009 (0.009) seconds
Test Suite 'RCIRTests' started at 2026-10-07 20:47:53.713.
Test Case '-[RightClickCoreTests.RCIRTests testAcceptanceAndCompletionAreNotSemanticSuccess]' started.
Test Case '-[RightClickCoreTests.RCIRTests testAcceptanceAndCompletionAreNotSemanticSuccess]' passed (0.001 seconds).
Test Case '-[RightClickCoreTests.RCIRTests testArgumentTamperingRejected]' started.
Test Case '-[RightClickCoreTests.RCIRTests testArgumentTamperingRejected]' passed (0.001 seconds).
Test Case '-[RightClickCoreTests.RCIRTests testBufferOverflowNeverSilentlyDropsEvents]' started.
Test Case '-[RightClickCoreTests.RCIRTests testBufferOverflowNeverSilentlyDropsEvents]' passed (0.001 seconds).
Test Case '-[RightClickCoreTests.RCIRTests testByteBudgetEnforcedBeforeMutation]' started.
Test Case '-[RightClickCoreTests.RCIRTests testByteBudgetEnforcedBeforeMutation]' passed (0.001 seconds).
Test Case '-[RightClickCoreTests.RCIRTests testCancellationRequestIsNotAcknowledgement]' started.
Test Case '-[RightClickCoreTests.RCIRTests testCancellationRequestIsNotAcknowledgement]' passed (0.001 seconds).
Test Case '-[RightClickCoreTests.RCIRTests testCannotIssueFinalReceiptForRunningTask]' started.
Test Case '-[RightClickCoreTests.RCIRTests testCannotIssueFinalReceiptForRunningTask]' passed (0.001 seconds).
Test Case '-[RightClickCoreTests.RCIRTests testChangedContractInvalidatesLease]' started.
Test Case '-[RightClickCoreTests.RCIRTests testChangedContractInvalidatesLease]' passed (0.001 seconds).
Test Case '-[RightClickCoreTests.RCIRTests testClockRegressionRejected]' started.
Test Case '-[RightClickCoreTests.RCIRTests testClockRegressionRejected]' passed (0.001 seconds).
Test Case '-[RightClickCoreTests.RCIRTests testContractBindsEffects]' started.
Test Case '-[RightClickCoreTests.RCIRTests testContractBindsEffects]' passed (0.000 seconds).
Test Case '-[RightClickCoreTests.RCIRTests testContractBindsTaskShape]' started.
Test Case '-[RightClickCoreTests.RCIRTests testContractBindsTaskShape]' passed (0.000 seconds).
Test Case '-[RightClickCoreTests.RCIRTests testContractBindsVerification]' started.
Test Case '-[RightClickCoreTests.RCIRTests testContractBindsVerification]' passed (0.000 seconds).
Test Case '-[RightClickCoreTests.RCIRTests testContractRejectsUnboundedStream]' started.
Test Case '-[RightClickCoreTests.RCIRTests testContractRejectsUnboundedStream]' passed (0.000 seconds).
Test Case '-[RightClickCoreTests.RCIRTests testDeadlineProducesUnknownNotSuccessOrRetry]' started.
Test Case '-[RightClickCoreTests.RCIRTests testDeadlineProducesUnknownNotSuccessOrRetry]' passed (0.001 seconds).
Test Case '-[RightClickCoreTests.RCIRTests testExistingABIStillDistinguishesIntegerNumberAndString]' started.
Test Case '-[RightClickCoreTests.RCIRTests testExistingABIStillDistinguishesIntegerNumberAndString]' passed (0.000 seconds).
Test Case '-[RightClickCoreTests.RCIRTests testExternalMismatchIsSemanticFailure]' started.
Test Case '-[RightClickCoreTests.RCIRTests testExternalMismatchIsSemanticFailure]' passed (0.001 seconds).
Test Case '-[RightClickCoreTests.RCIRTests testIncorrectTypedArgumentsRejected]' started.
Test Case '-[RightClickCoreTests.RCIRTests testIncorrectTypedArgumentsRejected]' passed (0.001 seconds).
Test Case '-[RightClickCoreTests.RCIRTests testInvalidScopeFailsClosed]' started.
Test Case '-[RightClickCoreTests.RCIRTests testInvalidScopeFailsClosed]' passed (0.000 seconds).
Test Case '-[RightClickCoreTests.RCIRTests testLeaseCannotCrossAdmissionInstances]' started.
Test Case '-[RightClickCoreTests.RCIRTests testLeaseCannotCrossAdmissionInstances]' passed (0.001 seconds).
Test Case '-[RightClickCoreTests.RCIRTests testLeaseConsumesOnce]' started.
Test Case '-[RightClickCoreTests.RCIRTests testLeaseConsumesOnce]' passed (0.001 seconds).
Test Case '-[RightClickCoreTests.RCIRTests testLeaseExpiryBoundary]' started.
Test Case '-[RightClickCoreTests.RCIRTests testLeaseExpiryBoundary]' passed (0.000 seconds).
Test Case '-[RightClickCoreTests.RCIRTests testLeaseInvalidTimesAndTTLRejected]' started.
Test Case '-[RightClickCoreTests.RCIRTests testLeaseInvalidTimesAndTTLRejected]' passed (0.001 seconds).
Test Case '-[RightClickCoreTests.RCIRTests testLeastAuthorityIsExactRequiredSubset]' started.
Test Case '-[RightClickCoreTests.RCIRTests testLeastAuthorityIsExactRequiredSubset]' passed (0.000 seconds).
Test Case '-[RightClickCoreTests.RCIRTests testMissingAuthorityRejected]' started.
Test Case '-[RightClickCoreTests.RCIRTests testMissingAuthorityRejected]' passed (0.000 seconds).
Test Case '-[RightClickCoreTests.RCIRTests testMissingVerificationContractCannotSucceed]' started.
Test Case '-[RightClickCoreTests.RCIRTests testMissingVerificationContractCannotSucceed]' passed (0.000 seconds).
Test Case '-[RightClickCoreTests.RCIRTests testObserverTransportFailureDoesNotBecomeSuccess]' started.
Test Case '-[RightClickCoreTests.RCIRTests testObserverTransportFailureDoesNotBecomeSuccess]' passed (0.000 seconds).
Test Case '-[RightClickCoreTests.RCIRTests testOnlyBoundIndependentObserverCanVerify]' started.
Test Case '-[RightClickCoreTests.RCIRTests testOnlyBoundIndependentObserverCanVerify]' passed (0.000 seconds).
Test Case '-[RightClickCoreTests.RCIRTests testPolicyChangeAndAuthorityRevocationRejected]' started.
Test Case '-[RightClickCoreTests.RCIRTests testPolicyChangeAndAuthorityRevocationRejected]' passed (0.001 seconds).
Test Case '-[RightClickCoreTests.RCIRTests testPolicyDenyOverridesAuthority]' started.
Test Case '-[RightClickCoreTests.RCIRTests testPolicyDenyOverridesAuthority]' passed (0.001 seconds).
Test Case '-[RightClickCoreTests.RCIRTests testPrincipalBoundToSnapshot]' started.
Test Case '-[RightClickCoreTests.RCIRTests testPrincipalBoundToSnapshot]' passed (0.000 seconds).
Test Case '-[RightClickCoreTests.RCIRTests testProviderLossDuringWorkIsUnknown]' started.
Test Case '-[RightClickCoreTests.RCIRTests testProviderLossDuringWorkIsUnknown]' passed (0.000 seconds).
Test Case '-[RightClickCoreTests.RCIRTests testPureOperationNeedsNoAuthority]' started.
Test Case '-[RightClickCoreTests.RCIRTests testPureOperationNeedsNoAuthority]' passed (0.000 seconds).
Test Case '-[RightClickCoreTests.RCIRTests testReappearanceCannotResurrectOldLease]' started.
Test Case '-[RightClickCoreTests.RCIRTests testReappearanceCannotResurrectOldLease]' passed (0.001 seconds).
Test Case '-[RightClickCoreTests.RCIRTests testReceiptBindsObservedOutcomeAndHasDomainSeparator]' started.
Test Case '-[RightClickCoreTests.RCIRTests testReceiptBindsObservedOutcomeAndHasDomainSeparator]' passed (0.001 seconds).
Test Case '-[RightClickCoreTests.RCIRTests testRemovedProviderDisappearsAndOldBindingRejected]' started.
Test Case '-[RightClickCoreTests.RCIRTests testRemovedProviderDisappearsAndOldBindingRejected]' passed (0.000 seconds).
Test Case '-[RightClickCoreTests.RCIRTests testResultShapeCheckedWithoutPromotion]' started.
Test Case '-[RightClickCoreTests.RCIRTests testResultShapeCheckedWithoutPromotion]' passed (0.000 seconds).
Test Case '-[RightClickCoreTests.RCIRTests testSamePublicationDoesNotInvalidateBinding]' started.
Test Case '-[RightClickCoreTests.RCIRTests testSamePublicationDoesNotInvalidateBinding]' passed (0.001 seconds).
Test Case '-[RightClickCoreTests.RCIRTests testScopesUseExactUTF8]' started.
Test Case '-[RightClickCoreTests.RCIRTests testScopesUseExactUTF8]' passed (0.000 seconds).
Test Case '-[RightClickCoreTests.RCIRTests testStreamElementAndUnaryChunkValidation]' started.
Test Case '-[RightClickCoreTests.RCIRTests testStreamElementAndUnaryChunkValidation]' passed (0.001 seconds).
Test Case '-[RightClickCoreTests.RCIRTests testStreamSequenceReplayAndGapRejected]' started.
Test Case '-[RightClickCoreTests.RCIRTests testStreamSequenceReplayAndGapRejected]' passed (0.000 seconds).
Test Case '-[RightClickCoreTests.RCIRTests testTaskDeadlineMustBeFiniteAndForward]' started.
Test Case '-[RightClickCoreTests.RCIRTests testTaskDeadlineMustBeFiniteAndForward]' passed (0.000 seconds).
Test Case '-[RightClickCoreTests.RCIRTests testTerminalTaskCannotBeReopened]' started.
Test Case '-[RightClickCoreTests.RCIRTests testTerminalTaskCannotBeReopened]' passed (0.000 seconds).
Test Case '-[RightClickCoreTests.RCIRTests testUnknownArgumentSchemaRejected]' started.
Test Case '-[RightClickCoreTests.RCIRTests testUnknownArgumentSchemaRejected]' passed (0.000 seconds).
Test Case '-[RightClickCoreTests.RCIRTests testUnknownEffectsRejected]' started.
Test Case '-[RightClickCoreTests.RCIRTests testUnknownEffectsRejected]' passed (0.000 seconds).
Test Case '-[RightClickCoreTests.RCIRTests testUnsupportedCancellationRejected]' started.
Test Case '-[RightClickCoreTests.RCIRTests testUnsupportedCancellationRejected]' passed (0.000 seconds).
Test Case '-[RightClickCoreTests.RCIRTests testUnsupportedClientAndDuplexStreamsAbstain]' started.
Test Case '-[RightClickCoreTests.RCIRTests testUnsupportedClientAndDuplexStreamsAbstain]' passed (0.000 seconds).
Test Case '-[RightClickCoreTests.RCIRTests testVerifierCannotRunBeforeProviderCompletion]' started.
Test Case '-[RightClickCoreTests.RCIRTests testVerifierCannotRunBeforeProviderCompletion]' passed (0.000 seconds).
Test Suite 'RCIRTests' passed at 2026-10-07 20:47:53.739.
	 Executed 46 tests, with 0 failures (0 unexpected) in 0.023 (0.026) seconds
Test Suite 'RCIRUnaryAdmissionTests' started at 2026-10-07 20:47:53.739.
Test Case '-[RightClickCoreTests.RCIRUnaryAdmissionTests testAcceptedLegacyUnaryConsumesOneLeaseAndRetainsUnverifiedReceipt]' started.
Test Case '-[RightClickCoreTests.RCIRUnaryAdmissionTests testAcceptedLegacyUnaryConsumesOneLeaseAndRetainsUnverifiedReceipt]' passed (0.011 seconds).
Test Case '-[RightClickCoreTests.RCIRUnaryAdmissionTests testChangedArgumentsAtAdmissionStopLegacyUnaryTransport]' started.
Test Case '-[RightClickCoreTests.RCIRUnaryAdmissionTests testChangedArgumentsAtAdmissionStopLegacyUnaryTransport]' passed (0.004 seconds).
Test Case '-[RightClickCoreTests.RCIRUnaryAdmissionTests testCurrentHostPolicyDenialStopsLegacyUnaryTransport]' started.
Test Case '-[RightClickCoreTests.RCIRUnaryAdmissionTests testCurrentHostPolicyDenialStopsLegacyUnaryTransport]' passed (0.003 seconds).
Test Case '-[RightClickCoreTests.RCIRUnaryAdmissionTests testLostUnaryResponsePreservesUnknownWithoutReplay]' started.
Test Case '-[RightClickCoreTests.RCIRUnaryAdmissionTests testLostUnaryResponsePreservesUnknownWithoutReplay]' passed (0.005 seconds).
Test Suite 'RCIRUnaryAdmissionTests' passed at 2026-10-07 20:47:53.762.
	 Executed 4 tests, with 0 failures (0 unexpected) in 0.023 (0.023) seconds
Test Suite 'RCIRUnitCompletionTests' started at 2026-10-07 20:47:53.762.
Test Case '-[RightClickCoreTests.RCIRUnitCompletionTests testNoOutputCompletionCannotBypassDeclaredOrUnknownOutput]' started.
Test Case '-[RightClickCoreTests.RCIRUnitCompletionTests testNoOutputCompletionCannotBypassDeclaredOrUnknownOutput]' passed (0.001 seconds).
Test Case '-[RightClickCoreTests.RCIRUnitCompletionTests testNoOutputCompletionCarriesNoProviderValueAndRemainsUnverified]' started.
Test Case '-[RightClickCoreTests.RCIRUnitCompletionTests testNoOutputCompletionCarriesNoProviderValueAndRemainsUnverified]' passed (0.000 seconds).
Test Case '-[RightClickCoreTests.RCIRUnitCompletionTests testNoOutputHasCanonicalIdentityDistinctFromJSONNull]' started.
Test Case '-[RightClickCoreTests.RCIRUnitCompletionTests testNoOutputHasCanonicalIdentityDistinctFromJSONNull]' passed (0.000 seconds).
Test Case '-[RightClickCoreTests.RCIRUnitCompletionTests testOnlyIndependentObserverCanPromoteNoOutputOutcome]' started.
Test Case '-[RightClickCoreTests.RCIRUnitCompletionTests testOnlyIndependentObserverCanPromoteNoOutputOutcome]' passed (0.000 seconds).
Test Suite 'RCIRUnitCompletionTests' passed at 2026-10-07 20:47:53.764.
	 Executed 4 tests, with 0 failures (0 unexpected) in 0.002 (0.002) seconds
Test Suite 'RuntimeIdentityCompatibilityTests' started at 2026-10-07 20:47:53.764.
Test Case '-[RightClickCoreTests.RuntimeIdentityCompatibilityTests testActualInstalledCoreRuntimeIdentityRemainsDecodable]' started.
Test Case '-[RightClickCoreTests.RuntimeIdentityCompatibilityTests testActualInstalledCoreRuntimeIdentityRemainsDecodable]' passed (0.001 seconds).
Test Case '-[RightClickCoreTests.RuntimeIdentityCompatibilityTests testCurrentRuntimeAdvertisesOnlyTheExistingCoreProfile]' started.
Test Case '-[RightClickCoreTests.RuntimeIdentityCompatibilityTests testCurrentRuntimeAdvertisesOnlyTheExistingCoreProfile]' passed (0.001 seconds).
Test Suite 'RuntimeIdentityCompatibilityTests' passed at 2026-10-07 20:47:53.767.
	 Executed 2 tests, with 0 failures (0 unexpected) in 0.002 (0.002) seconds
Test Suite 'ServiceContextTests' started at 2026-10-07 20:47:53.767.
Test Case '-[RightClickCoreTests.ServiceContextTests testApplicationContextUsesActualHostAndDoesNotInventSelectionLanguage]' started.
Test Case '-[RightClickCoreTests.ServiceContextTests testApplicationContextUsesActualHostAndDoesNotInventSelectionLanguage]' passed (0.000 seconds).
Test Case '-[RightClickCoreTests.ServiceContextTests testBundlelessWorkflowPathsPreventSharedMessageIdentityCollision]' started.
Test Case '-[RightClickCoreTests.ServiceContextTests testBundlelessWorkflowPathsPreventSharedMessageIdentityCollision]' passed (0.001 seconds).
Test Case '-[RightClickCoreTests.ServiceContextTests testContextDictionariesAreANDAndArrayIsOR]' started.
Test Case '-[RightClickCoreTests.ServiceContextTests testContextDictionariesAreANDAndArrayIsOR]' passed (0.007 seconds).
Test Case '-[RightClickCoreTests.ServiceContextTests testDuplicateMenuNamesCannotChooseTheWrongProvider]' started.
Test Case '-[RightClickCoreTests.ServiceContextTests testDuplicateMenuNamesCannotChooseTheWrongProvider]' passed (0.000 seconds).
Test Case '-[RightClickCoreTests.ServiceContextTests testFilePathContextEncodesPathRatherThanReadingFileContents]' started.
Test Case '-[RightClickCoreTests.ServiceContextTests testFilePathContextEncodesPathRatherThanReadingFileContents]' passed (0.002 seconds).
Test Case '-[RightClickCoreTests.ServiceContextTests testFilePathRequirementDoesNotApplyToOrdinaryTextOrWebURL]' started.
Test Case '-[RightClickCoreTests.ServiceContextTests testFilePathRequirementDoesNotApplyToOrdinaryTextOrWebURL]' passed (0.000 seconds).
Test Case '-[RightClickCoreTests.ServiceContextTests testUndeclaredEncodingsCannotBecomeApplicableThroughSubstringMatching]' started.
Test Case '-[RightClickCoreTests.ServiceContextTests testUndeclaredEncodingsCannotBecomeApplicableThroughSubstringMatching]' passed (0.000 seconds).
Test Case '-[RightClickCoreTests.ServiceContextTests testUnknownAndMalformedContextAbstain]' started.
Test Case '-[RightClickCoreTests.ServiceContextTests testUnknownAndMalformedContextAbstain]' passed (0.000 seconds).
Test Suite 'ServiceContextTests' passed at 2026-10-07 20:47:53.779.
	 Executed 8 tests, with 0 failures (0 unexpected) in 0.011 (0.012) seconds
Test Suite 'ServiceOutcomeTests' started at 2026-10-07 20:47:53.779.
Test Case '-[RightClickCoreTests.ServiceOutcomeTests testChangedCounterWithoutDeclaredOutputIsNotVerification]' started.
Test Case '-[RightClickCoreTests.ServiceOutcomeTests testChangedCounterWithoutDeclaredOutputIsNotVerification]' passed (0.000 seconds).
Test Case '-[RightClickCoreTests.ServiceOutcomeTests testEchoedInputWithChangedCounterIsNotSemanticProof]' started.
Test Case '-[RightClickCoreTests.ServiceOutcomeTests testEchoedInputWithChangedCounterIsNotSemanticProof]' passed (0.000 seconds).
Test Case '-[RightClickCoreTests.ServiceOutcomeTests testExactPostconditionChecksEmptyUnicodeAndWhitespaceWithoutNormalization]' started.
Test Case '-[RightClickCoreTests.ServiceOutcomeTests testExactPostconditionChecksEmptyUnicodeAndWhitespaceWithoutNormalization]' passed (0.000 seconds).
Test Case '-[RightClickCoreTests.ServiceOutcomeTests testRejectionAndDeadlineCannotSucceedOrLeakEchoedInput]' started.
Test Case '-[RightClickCoreTests.ServiceOutcomeTests testRejectionAndDeadlineCannotSucceedOrLeakEchoedInput]' passed (0.000 seconds).
Test Case '-[RightClickCoreTests.ServiceOutcomeTests testReturnedOutputWithoutPostconditionIsNotSemanticSuccess]' started.
Test Case '-[RightClickCoreTests.ServiceOutcomeTests testReturnedOutputWithoutPostconditionIsNotSemanticSuccess]' passed (0.000 seconds).
Test Case '-[RightClickCoreTests.ServiceOutcomeTests testUnchangedInputIsNotReturnedOrVerified]' started.
Test Case '-[RightClickCoreTests.ServiceOutcomeTests testUnchangedInputIsNotReturnedOrVerified]' passed (0.000 seconds).
Test Suite 'ServiceOutcomeTests' passed at 2026-10-07 20:47:53.780.
	 Executed 6 tests, with 0 failures (0 unexpected) in 0.001 (0.001) seconds
Test Suite 'SetupAllTransactionRedTests' started at 2026-10-07 20:47:53.780.
Test Case '-[RightClickCLITests.SetupAllTransactionRedTests testSetupAllApplyFailureRollsBackEarlierClientsExactly]' started.
Test Case '-[RightClickCLITests.SetupAllTransactionRedTests testSetupAllApplyFailureRollsBackEarlierClientsExactly]' passed (1.094 seconds).
Test Case '-[RightClickCLITests.SetupAllTransactionRedTests testSetupAllConfiguresEveryDetectedClientAfterOneProbe]' started.
Test Case '-[RightClickCLITests.SetupAllTransactionRedTests testSetupAllConfiguresEveryDetectedClientAfterOneProbe]' passed (0.964 seconds).
Test Case '-[RightClickCLITests.SetupAllTransactionRedTests testSetupAllDryRunPreflightsEveryDetectedClientWithoutMutation]' started.
Test Case '-[RightClickCLITests.SetupAllTransactionRedTests testSetupAllDryRunPreflightsEveryDetectedClientWithoutMutation]' passed (0.639 seconds).
Test Case '-[RightClickCLITests.SetupAllTransactionRedTests testSetupAllOptionIsExplicitAndMutuallyExclusiveWithClient]' started.
Test Case '-[RightClickCLITests.SetupAllTransactionRedTests testSetupAllOptionIsExplicitAndMutuallyExclusiveWithClient]' passed (0.000 seconds).
Test Case '-[RightClickCLITests.SetupAllTransactionRedTests testSetupAllPreflightConflictMutatesNothing]' started.
Test Case '-[RightClickCLITests.SetupAllTransactionRedTests testSetupAllPreflightConflictMutatesNothing]' passed (0.893 seconds).
Test Case '-[RightClickCLITests.SetupAllTransactionRedTests testSetupAllRequiresOneConsentBeforeAnyMutation]' started.
Test Case '-[RightClickCLITests.SetupAllTransactionRedTests testSetupAllRequiresOneConsentBeforeAnyMutation]' passed (0.833 seconds).
Test Suite 'SetupAllTransactionRedTests' passed at 2026-10-07 20:47:58.204.
	 Executed 6 tests, with 0 failures (0 unexpected) in 4.424 (4.424) seconds
Test Suite 'SetupStateTests' started at 2026-10-07 20:47:58.204.
Test Case '-[RightClickCLITests.SetupStateTests testMalformedExistingStateIsNeverOverwritten]' started.
Test Case '-[RightClickCLITests.SetupStateTests testMalformedExistingStateIsNeverOverwritten]' passed (0.003 seconds).
Test Case '-[RightClickCLITests.SetupStateTests testMCPContractContainsCurrentSevenTools]' started.
Test Case '-[RightClickCLITests.SetupStateTests testMCPContractContainsCurrentSevenTools]' passed (0.003 seconds).
Test Case '-[RightClickCLITests.SetupStateTests testReconcilePreservesChatGPTBridgeIdentity]' started.
Test Case '-[RightClickCLITests.SetupStateTests testReconcilePreservesChatGPTBridgeIdentity]' passed (0.004 seconds).
Test Case '-[RightClickCLITests.SetupStateTests testSetupStateRoundTripsExactly]' started.
Test Case '-[RightClickCLITests.SetupStateTests testSetupStateRoundTripsExactly]' passed (0.002 seconds).
Test Case '-[RightClickCLITests.SetupStateTests testSetupStateWriteIsDeterministic]' started.
Test Case '-[RightClickCLITests.SetupStateTests testSetupStateWriteIsDeterministic]' passed (0.003 seconds).
Test Suite 'SetupStateTests' passed at 2026-10-07 20:47:58.221.
	 Executed 5 tests, with 0 failures (0 unexpected) in 0.016 (0.016) seconds
Test Suite 'SetupTests' started at 2026-10-07 20:47:58.221.
Test Case '-[RightClickCLITests.SetupTests testAbsentConfigurationIsCreated]' started.
Test Case '-[RightClickCLITests.SetupTests testAbsentConfigurationIsCreated]' passed (0.002 seconds).
Test Case '-[RightClickCLITests.SetupTests testEveryFailedStagePreventsSuccessfulExit]' started.
Test Case '-[RightClickCLITests.SetupTests testEveryFailedStagePreventsSuccessfulExit]' passed (0.000 seconds).
Test Case '-[RightClickCLITests.SetupTests testExplicitChatGPTTunnelIDIsSelected]' started.
Test Case '-[RightClickCLITests.SetupTests testExplicitChatGPTTunnelIDIsSelected]' passed (0.000 seconds).
Test Case '-[RightClickCLITests.SetupTests testExplicitServeTokenOverridesStoredToken]' started.
Test Case '-[RightClickCLITests.SetupTests testExplicitServeTokenOverridesStoredToken]' passed (0.000 seconds).
Test Case '-[RightClickCLITests.SetupTests testExplicitTunnelIDOverridesStoredIdentity]' started.
Test Case '-[RightClickCLITests.SetupTests testExplicitTunnelIDOverridesStoredIdentity]' passed (0.000 seconds).
Test Case '-[RightClickCLITests.SetupTests testInvalidRootAndMalformedJSONRemainByteIdentical]' started.
Test Case '-[RightClickCLITests.SetupTests testInvalidRootAndMalformedJSONRemainByteIdentical]' passed (0.006 seconds).
Test Case '-[RightClickCLITests.SetupTests testInvalidServerContainersRemainByteIdentical]' started.
Test Case '-[RightClickCLITests.SetupTests testInvalidServerContainersRemainByteIdentical]' passed (0.005 seconds).
Test Case '-[RightClickCLITests.SetupTests testLongVersionFlagIsAccepted]' started.
Test Case '-[RightClickCLITests.SetupTests testLongVersionFlagIsAccepted]' passed (0.001 seconds).
Test Case '-[RightClickCLITests.SetupTests testOpenAIPluginPreservesMarketplaceAndIsIdempotent]' started.
Test Case '-[RightClickCLITests.SetupTests testOpenAIPluginPreservesMarketplaceAndIsIdempotent]' passed (0.009 seconds).
Test Case '-[RightClickCLITests.SetupTests testOpenAIPluginUsesCurrentPersonalMarketplaceLayout]' started.
Test Case '-[RightClickCLITests.SetupTests testOpenAIPluginUsesCurrentPersonalMarketplaceLayout]' passed (0.005 seconds).
Test Case '-[RightClickCLITests.SetupTests testStoredChatGPTTunnelIDIsReused]' started.
Test Case '-[RightClickCLITests.SetupTests testStoredChatGPTTunnelIDIsReused]' passed (0.000 seconds).
Test Case '-[RightClickCLITests.SetupTests testUnrelatedValuesAndOnlyOwnedEntryArePreserved]' started.
Test Case '-[RightClickCLITests.SetupTests testUnrelatedValuesAndOnlyOwnedEntryArePreserved]' passed (0.003 seconds).
Test Case '-[RightClickCLITests.SetupTests testWriteFailureIsReported]' started.
Test Case '-[RightClickCLITests.SetupTests testWriteFailureIsReported]' passed (0.004 seconds).
Test Suite 'SetupTests' passed at 2026-10-07 20:47:58.258.
	 Executed 13 tests, with 0 failures (0 unexpected) in 0.036 (0.037) seconds
Test Suite 'SharingExecutionTests' started at 2026-10-07 20:47:58.258.
Test Case '-[RightClickCoreTests.SharingExecutionTests testDeadlineDoesNotOverrideATerminalCallback]' started.
Test Case '-[RightClickCoreTests.SharingExecutionTests testDeadlineDoesNotOverrideATerminalCallback]' passed (0.000 seconds).
Test Case '-[RightClickCoreTests.SharingExecutionTests testDeadlineWithoutCallbackIsUnknown]' started.
Test Case '-[RightClickCoreTests.SharingExecutionTests testDeadlineWithoutCallbackIsUnknown]' passed (0.000 seconds).
Test Case '-[RightClickCoreTests.SharingExecutionTests testDidFailToShareItemsFails]' started.
Test Case '-[RightClickCoreTests.SharingExecutionTests testDidFailToShareItemsFails]' passed (0.000 seconds).
Test Case '-[RightClickCoreTests.SharingExecutionTests testDidShareItemsReportsAcceptanceWithoutIndependentOutcome]' started.
Test Case '-[RightClickCoreTests.SharingExecutionTests testDidShareItemsReportsAcceptanceWithoutIndependentOutcome]' passed (0.000 seconds).
Test Case '-[RightClickCoreTests.SharingExecutionTests testPerformReturnWithoutCallbackStaysStarted]' started.
Test Case '-[RightClickCoreTests.SharingExecutionTests testPerformReturnWithoutCallbackStaysStarted]' passed (0.000 seconds).
Test Case '-[RightClickCoreTests.SharingExecutionTests testWillShareItemsDoesNotFailTheExecution]' started.
Test Case '-[RightClickCoreTests.SharingExecutionTests testWillShareItemsDoesNotFailTheExecution]' passed (0.000 seconds).
Test Suite 'SharingExecutionTests' passed at 2026-10-07 20:47:58.260.
	 Executed 6 tests, with 0 failures (0 unexpected) in 0.001 (0.002) seconds
Test Suite 'StableEntrypointTests' started at 2026-10-07 20:47:58.260.
Test Case '-[RightClickCLITests.StableEntrypointTests testCurrentCellarBinaryCollapsesToStableBin]' started.
Test Case '-[RightClickCLITests.StableEntrypointTests testCurrentCellarBinaryCollapsesToStableBin]' passed (0.003 seconds).
Test Case '-[RightClickCLITests.StableEntrypointTests testDevelopmentBuildIsRejected]' started.
Test Case '-[RightClickCLITests.StableEntrypointTests testDevelopmentBuildIsRejected]' passed (0.002 seconds).
Test Case '-[RightClickCLITests.StableEntrypointTests testStableBinResolvesToItself]' started.
Test Case '-[RightClickCLITests.StableEntrypointTests testStableBinResolvesToItself]' passed (0.002 seconds).
Test Case '-[RightClickCLITests.StableEntrypointTests testStableSHAChangesWhenHomebrewRetargetsSymlink]' started.
Test Case '-[RightClickCLITests.StableEntrypointTests testStableSHAChangesWhenHomebrewRetargetsSymlink]' passed (0.004 seconds).
Test Case '-[RightClickCLITests.StableEntrypointTests testStableSymlinkCannotPointOutsideCellar]' started.
Test Case '-[RightClickCLITests.StableEntrypointTests testStableSymlinkCannotPointOutsideCellar]' passed (0.002 seconds).
Test Case '-[RightClickCLITests.StableEntrypointTests testStaleCellarBinaryIsRejectedAfterUpgrade]' started.
Test Case '-[RightClickCLITests.StableEntrypointTests testStaleCellarBinaryIsRejectedAfterUpgrade]' passed (0.003 seconds).
Test Suite 'StableEntrypointTests' passed at 2026-10-07 20:47:58.278.
	 Executed 6 tests, with 0 failures (0 unexpected) in 0.017 (0.018) seconds
Test Suite 'StableProfileIntegrityTests' started at 2026-10-07 20:47:58.278.
Test Case '-[RightClickCLITests.StableProfileIntegrityTests testDevelopmentRedirectIsRejected]' started.
Test Case '-[RightClickCLITests.StableProfileIntegrityTests testDevelopmentRedirectIsRejected]' passed (0.004 seconds).
Test Case '-[RightClickCLITests.StableProfileIntegrityTests testMissingProfileCommandIsRejected]' started.
Test Case '-[RightClickCLITests.StableProfileIntegrityTests testMissingProfileCommandIsRejected]' passed (0.003 seconds).
Test Case '-[RightClickCLITests.StableProfileIntegrityTests testStableProfileCommandIsAccepted]' started.
Test Case '-[RightClickCLITests.StableProfileIntegrityTests testStableProfileCommandIsAccepted]' passed (0.004 seconds).
Test Suite 'StableProfileIntegrityTests' passed at 2026-10-07 20:47:58.289.
	 Executed 3 tests, with 0 failures (0 unexpected) in 0.011 (0.011) seconds
Test Suite 'StableUpgradeReconciliationTests' started at 2026-10-07 20:47:58.289.
Test Case '-[RightClickCLITests.StableUpgradeReconciliationTests testCurrentStateIsByteIdenticalNoOp]' started.
Test Case '-[RightClickCLITests.StableUpgradeReconciliationTests testCurrentStateIsByteIdenticalNoOp]' passed (0.004 seconds).
Test Case '-[RightClickCLITests.StableUpgradeReconciliationTests testForeignStateIsNeverHijacked]' started.
Test Case '-[RightClickCLITests.StableUpgradeReconciliationTests testForeignStateIsNeverHijacked]' passed (0.005 seconds).
Test Case '-[RightClickCLITests.StableUpgradeReconciliationTests testMissingStateIsNeverCreated]' started.
Test Case '-[RightClickCLITests.StableUpgradeReconciliationTests testMissingStateIsNeverCreated]' passed (0.002 seconds).
Test Case '-[RightClickCLITests.StableUpgradeReconciliationTests testUpgradeReconcilesSHAAndPreservesTunnelIdentity]' started.
Test Case '-[RightClickCLITests.StableUpgradeReconciliationTests testUpgradeReconcilesSHAAndPreservesTunnelIdentity]' passed (0.007 seconds).
Test Suite 'StableUpgradeReconciliationTests' passed at 2026-10-07 20:47:58.308.
	 Executed 4 tests, with 0 failures (0 unexpected) in 0.018 (0.019) seconds
Test Suite 'UniversalReflectorContractTests' started at 2026-10-07 20:47:58.308.
Test Case '-[RightClickCoreTests.UniversalReflectorContractTests testEngineRoutesByReflectorOwnershipNotCapabilitySource]' started.
Test Case '-[RightClickCoreTests.UniversalReflectorContractTests testEngineRoutesByReflectorOwnershipNotCapabilitySource]' passed (0.004 seconds).
Test Case '-[RightClickCoreTests.UniversalReflectorContractTests testGenericVerificationRemainsAboveReflectorBoundary]' started.
Test Case '-[RightClickCoreTests.UniversalReflectorContractTests testGenericVerificationRemainsAboveReflectorBoundary]' passed (0.002 seconds).
Test Case '-[RightClickCoreTests.UniversalReflectorContractTests testRemovingReflectorRemovesCapability]' started.
Test Case '-[RightClickCoreTests.UniversalReflectorContractTests testRemovingReflectorRemovesCapability]' passed (0.001 seconds).
Test Suite 'UniversalReflectorContractTests' passed at 2026-10-07 20:47:58.316.
	 Executed 3 tests, with 0 failures (0 unexpected) in 0.008 (0.008) seconds
Test Suite 'VerificationIntegrationTests' started at 2026-10-07 20:47:58.316.
Test Case '-[RightClickCoreTests.VerificationIntegrationTests testBeginStoresGenericVerificationInExecutionRecord]' started.
Test Case '-[RightClickCoreTests.VerificationIntegrationTests testBeginStoresGenericVerificationInExecutionRecord]' passed (5.280 seconds).
Test Case '-[RightClickCoreTests.VerificationIntegrationTests testNoVerificationSpecPreservesAcceptedUnverifiedBehaviour]' started.
Test Case '-[RightClickCoreTests.VerificationIntegrationTests testNoVerificationSpecPreservesAcceptedUnverifiedBehaviour]' passed (3.918 seconds).
Test Case '-[RightClickCoreTests.VerificationIntegrationTests testRunCanReportVerifiedSemanticFailureAfterAcceptedInvocation]' started.
Test Case '-[RightClickCoreTests.VerificationIntegrationTests testRunCanReportVerifiedSemanticFailureAfterAcceptedInvocation]' passed (4.537 seconds).
Test Case '-[RightClickCoreTests.VerificationIntegrationTests testRunPromotesAcceptedInvocationToVerifiedSuccess]' started.
Test Case '-[RightClickCoreTests.VerificationIntegrationTests testRunPromotesAcceptedInvocationToVerifiedSuccess]' passed (5.724 seconds).
Test Case '-[RightClickCoreTests.VerificationIntegrationTests testVerificationReceiptIsMachineReadableJSON]' started.
Test Case '-[RightClickCoreTests.VerificationIntegrationTests testVerificationReceiptIsMachineReadableJSON]' passed (7.545 seconds).
Test Case '-[RightClickCoreTests.VerificationIntegrationTests testVerificationSpecTimeoutRoundTripsThroughJSON]' started.
Test Case '-[RightClickCoreTests.VerificationIntegrationTests testVerificationSpecTimeoutRoundTripsThroughJSON]' passed (0.001 seconds).
Test Suite 'VerificationIntegrationTests' passed at 2026-10-07 20:48:25.322.
	 Executed 6 tests, with 0 failures (0 unexpected) in 27.005 (27.006) seconds
Test Suite 'WITComponentContractTests' started at 2026-10-07 20:48:25.322.
Test Case '-[RightClickCoreTests.WITComponentContractTests testActualTypedComponentWhenProvisioned]' started.
Test Case '-[RightClickCoreTests.WITComponentContractTests testActualTypedComponentWhenProvisioned]' passed (5.144 seconds).
Test Case '-[RightClickCoreTests.WITComponentContractTests testCyclesUnknownKindsOutOfRangeReferencesAndAmbiguousFieldsFailClosed]' started.
Test Case '-[RightClickCoreTests.WITComponentContractTests testCyclesUnknownKindsOutOfRangeReferencesAndAmbiguousFieldsFailClosed]' passed (0.003 seconds).
Test Case '-[RightClickCoreTests.WITComponentContractTests testDeclaredUnitRequiresExactUnitWriterFormAndCannotBecomeNullResult]' started.
Test Case '-[RightClickCoreTests.WITComponentContractTests testDeclaredUnitRequiresExactUnitWriterFormAndCannotBecomeNullResult]' passed (0.000 seconds).
Test Case '-[RightClickCoreTests.WITComponentContractTests testDepthAndExpandedDAGRemainBoundedBeforeBuildingSchemas]' started.
Test Case '-[RightClickCoreTests.WITComponentContractTests testDepthAndExpandedDAGRemainBoundedBeforeBuildingSchemas]' passed (0.066 seconds).
Test Case '-[RightClickCoreTests.WITComponentContractTests testExactWITIntegerWidthsRejectUnrepresentableDeclarationsAndWrongValues]' started.
Test Case '-[RightClickCoreTests.WITComponentContractTests testExactWITIntegerWidthsRejectUnrepresentableDeclarationsAndWrongValues]' passed (0.005 seconds).
Test Case '-[RightClickCoreTests.WITComponentContractTests testImportsAsyncAndMalformedComponentShapeAbstain]' started.
Test Case '-[RightClickCoreTests.WITComponentContractTests testImportsAsyncAndMalformedComponentShapeAbstain]' passed (0.000 seconds).
Test Case '-[RightClickCoreTests.WITComponentContractTests testQualifiedInterfaceVersionAndResolvedTypeCommitmentsAreExact]' started.
Test Case '-[RightClickCoreTests.WITComponentContractTests testQualifiedInterfaceVersionAndResolvedTypeCommitmentsAreExact]' passed (0.002 seconds).
Test Case '-[RightClickCoreTests.WITComponentContractTests testTypedRecordsListsAndBooleanDoNotCoerceOrDiscardFields]' started.
Test Case '-[RightClickCoreTests.WITComponentContractTests testTypedRecordsListsAndBooleanDoNotCoerceOrDiscardFields]' passed (0.001 seconds).
Test Case '-[RightClickCoreTests.WITComponentContractTests testWAVEStringEscapesPreserveExactUTF8IncludingNulAndUnicode]' started.
Test Case '-[RightClickCoreTests.WITComponentContractTests testWAVEStringEscapesPreserveExactUTF8IncludingNulAndUnicode]' passed (0.003 seconds).
Test Suite 'WITComponentContractTests' passed at 2026-10-07 20:48:30.548.
	 Executed 9 tests, with 0 failures (0 unexpected) in 5.225 (5.227) seconds
Test Suite 'rightclick-mcpPackageTests.xctest' failed at 2026-10-07 20:48:30.548.
	 Executed 802 tests, with 33 tests skipped and 7 failures (4 unexpected) in 196.276 (196.376) seconds
Test Suite 'All tests' failed at 2026-10-07 20:48:30.549.
	 Executed 802 tests, with 33 tests skipped and 7 failures (4 unexpected) in 196.276 (196.378) seconds
{"allAligned":"false","bridgeRunning":"true","client":"chatgpt","configurationChanged":"false","desiredExecutable":"\/var\/folders\/tz\/y04t4d0900xdbmz96jp608180000gn\/T\/rightclick-chatgpt-onboarding-C2BD0399-7A33-4679-A649-422B78A8653B\/bin\/rightclick","desiredExecutableSHA256":"306c6ca7407560340797866e077e053627ad409277d1b9da58106fce4cf717cb","desiredLaunchAgentTarget":"\/var\/folders\/tz\/y04t4d0900xdbmz96jp608180000gn\/T\/rightclick-chatgpt-onboarding-C2BD0399-7A33-4679-A649-422B78A8653B\/bin\/rightclick bridge run","desiredProfileTarget":"\/var\/folders\/tz\/y04t4d0900xdbmz96jp608180000gn\/T\/rightclick-chatgpt-onboarding-C2BD0399-7A33-4679-A649-422B78A8653B\/bin\/rightclick mcp","keychainCredentialStored":"true","launchAgent":"\/var\/folders\/tz\/y04t4d0900xdbmz96jp608180000gn\/T\/rightclick-chatgpt-onboarding-C2BD0399-7A33-4679-A649-422B78A8653B\/Library\/LaunchAgents\/ai.rightclick.chatgpt-bridge.plist","launchAgentAligned":"true","launchAgentTarget":"\/var\/folders\/tz\/y04t4d0900xdbmz96jp608180000gn\/T\/rightclick-chatgpt-onboarding-C2BD0399-7A33-4679-A649-422B78A8653B\/bin\/rightclick bridge run","mcpConnection":"NOT_ATTESTED_BY_THIS_PREVIEW","migrationRequired":"true","mode":"preview","next":"Review the migration plan, then run `rightclick setup chatgpt --yes`.","outcomeVerification":"NOT_RUN","profile":"\/var\/folders\/tz\/y04t4d0900xdbmz96jp608180000gn\/T\/rightclick-chatgpt-onboarding-C2BD0399-7A33-4679-A649-422B78A8653B\/.config\/tunnel-client\/rightclick.yaml","profileAligned":"false","profileTarget":"\/tmp\/stale-rightclick mcp","setupState":"\/var\/folders\/tz\/y04t4d0900xdbmz96jp608180000gn\/T\/rightclick-chatgpt-onboarding-C2BD0399-7A33-4679-A649-422B78A8653B\/Library\/Application Support\/RIGHTCLICK\/setup-state.json","stateAligned":"true","stateExecutable":"\/var\/folders\/tz\/y04t4d0900xdbmz96jp608180000gn\/T\/rightclick-chatgpt-onboarding-C2BD0399-7A33-4679-A649-422B78A8653B\/bin\/rightclick","stateExecutableSHA256":"306c6ca7407560340797866e077e053627ad409277d1b9da58106fce4cf717cb","status":"CONSENT_REQUIRED","tunnelClient":"\/var\/folders\/tz\/y04t4d0900xdbmz96jp608180000gn\/T\/rightclick-chatgpt-onboarding-C2BD0399-7A33-4679-A649-422B78A8653B\/bin\/tunnel-client","tunnelClientVersion":"0.0.15","tunnelIDPresent":"true"}
{"allAligned":"true","bridgeRunning":"true","client":"chatgpt","configurationChanged":"false","desiredExecutable":"\/var\/folders\/tz\/y04t4d0900xdbmz96jp608180000gn\/T\/rightclick-chatgpt-onboarding-843AC7A1-197A-45E7-B294-6C9A5EEA0098\/bin\/rightclick","desiredExecutableSHA256":"306c6ca7407560340797866e077e053627ad409277d1b9da58106fce4cf717cb","desiredLaunchAgentTarget":"\/var\/folders\/tz\/y04t4d0900xdbmz96jp608180000gn\/T\/rightclick-chatgpt-onboarding-843AC7A1-197A-45E7-B294-6C9A5EEA0098\/bin\/rightclick bridge run","desiredProfileTarget":"\/var\/folders\/tz\/y04t4d0900xdbmz96jp608180000gn\/T\/rightclick-chatgpt-onboarding-843AC7A1-197A-45E7-B294-6C9A5EEA0098\/bin\/rightclick mcp","keychainCredentialStored":"true","launchAgent":"\/var\/folders\/tz\/y04t4d0900xdbmz96jp608180000gn\/T\/rightclick-chatgpt-onboarding-843AC7A1-197A-45E7-B294-6C9A5EEA0098\/Library\/LaunchAgents\/ai.rightclick.chatgpt-bridge.plist","launchAgentAligned":"true","launchAgentTarget":"\/var\/folders\/tz\/y04t4d0900xdbmz96jp608180000gn\/T\/rightclick-chatgpt-onboarding-843AC7A1-197A-45E7-B294-6C9A5EEA0098\/bin\/rightclick bridge run","mcpConnection":"NOT_ATTESTED_BY_THIS_PREVIEW","migrationRequired":"false","mode":"preview","next":"No local ChatGPT bridge migration is required.","outcomeVerification":"NOT_RUN","profile":"\/var\/folders\/tz\/y04t4d0900xdbmz96jp608180000gn\/T\/rightclick-chatgpt-onboarding-843AC7A1-197A-45E7-B294-6C9A5EEA0098\/.config\/tunnel-client\/rightclick.yaml","profileAligned":"true","profileTarget":"\/var\/folders\/tz\/y04t4d0900xdbmz96jp608180000gn\/T\/rightclick-chatgpt-onboarding-843AC7A1-197A-45E7-B294-6C9A5EEA0098\/bin\/rightclick mcp","setupState":"\/var\/folders\/tz\/y04t4d0900xdbmz96jp608180000gn\/T\/rightclick-chatgpt-onboarding-843AC7A1-197A-45E7-B294-6C9A5EEA0098\/Library\/Application Support\/RIGHTCLICK\/setup-state.json","stateAligned":"true","stateExecutable":"\/var\/folders\/tz\/y04t4d0900xdbmz96jp608180000gn\/T\/rightclick-chatgpt-onboarding-843AC7A1-197A-45E7-B294-6C9A5EEA0098\/bin\/rightclick","stateExecutableSHA256":"306c6ca7407560340797866e077e053627ad409277d1b9da58106fce4cf717cb","status":"ALIGNED","tunnelClient":"\/var\/folders\/tz\/y04t4d0900xdbmz96jp608180000gn\/T\/rightclick-chatgpt-onboarding-843AC7A1-197A-45E7-B294-6C9A5EEA0098\/bin\/tunnel-client","tunnelClientVersion":"0.0.15","tunnelIDPresent":"true"}
0.2.2
◇ Test run started.
↳ Testing Library Version: 1902
↳ Target Platform: arm64e-apple-macos14.0
✔ Test run with 0 tests in 0 suites passed after 0.001 seconds.
